index,TEXT,LANG
15893,ti mꞌ dijab ky hadoo ta ha: —pꞌop haga do tꞌaah mado ba mamejo hahy pa takawareem dak paw —nang mah,Nadëb
4452,naꞌe amo tupan heko haw pe har upy uxiꞌam aꞌe kury zahytata uhuaꞌu maꞌe ukaz maꞌe uꞌar kwaw pa ywak wi aꞌe kury yrykaw pupe aꞌe kury ytyzuzamaw pupe aꞌe no iroahy haw aꞌe zahytata her romo aꞌe naꞌe yrykaw iaikwer iroahy kury teko teteaꞌu umano iꞌu re aꞌe wa taꞌe iroahy tuwe aꞌe xe,Guajajara
1899,nhum pre a me kam kaper ane hamri nhum poristi krahtum kramnhwyjaja kuma ne awjana ne ma akupym hkrahtum nhorkwyja wyr mra nhum ra jejus kam apenh xwynhta akupym ho mex nhum mex ne ri mra hamri nhum me akupym poj ne akupym mex a omu,Apinayé
12505,pemonkonyamiꞌ weiyuꞌmanen pe jesus wani miriri tipo jesusya pemonkonyamiꞌ yeurimaꞌpi iniꞌri —uuri wani non po tiikoꞌmansenon weiyuꞌmanen pe aniꞌ iipi ya uwenairi asari pepin ewaron ta tiweiyu eposaiꞌya yeꞌnen tiikoꞌmantoꞌ ton tiinen,Macushi
9653,oi vaꞌera pene paꞌu-my ambue mbue ndive ndogwerojojasei vaꞌe upeixa peteixa ndapejogwerekoi ramo ae ojekwaa ara voi raꞌe kivaꞌe pa oiko tekoha pora-my,Kaiwá
19445,entao pedro comecou a dizer-lhe: nos deixamos tudo para seguir-te,Portuguese
20561,iwaze sesus bytykarawatu tirita meteros niapykyryk iwaze sesus taekaratsa humo puruk puruk niy deus bo nipamykysoko,Rikbaktsa
14089,agoka watwat ijebit e'uat o'tujowat jesus kay ixexecap pe ixe ijebit e'uat o'tujowat ip jesus itaybit o'e cekay itabut ip iam imenpuye o'jekawen ijebit e'uat pe: — a'ocam cuy — io'e cebe — ikereat kuy oju'uk ewebewi tapu iboap ikereat kay gebum gu oce i'uk puje — io'e — pug em tak ka'uma — io'e- -jesus o'e ijebit e'uat pe,Mundurukú
22518,ina itaikopono po'i seti koeti ndemoniu itukoti xanepone yoko ainovo koati vahere yane inuxoti ina uruhikopova neko hoyeno yane yupihovo koepone vaherexea koepoku ne hoyeno yane inuxoti koeku yoko enomonemo koeneye xokoyoke ra vaherehiko xane apeti yara kaxehiko simokune uti vaherexeamo koepoku hunokokuke yane inuxotike —‍kixovokoxoane jesus,Terena
18400,deu-ra ni'a'aha: —deus ivani ijahaki i paoa haria ino'a'iki i — niha ada jesus vara nina naothinia bikanapitahataha'ihi va'ora ni'a'aha: —oimana hida pao pitahataha'iki fori hiki ida oimana avakadimoni a'onira oakava'ijoaja kaimoni vakahabakhia bana hida pao mahija oabini'ina-ra avakava'ihokiha'oadahavini,Paumarí
7108,a'ero simao'ga ei: —‍oroho jipe ore ypytunimo pira rehe ko oromogo'e ore norombo'ari reki ore emo kiro nde ei ore ve pembo'a ti pira javo nura po ti ji hoa'javi kiro imomboa nenhi'iga rupi nehe ei ga jesus'ga pe ombo'ehara'ga pe,Kagwahiva
17545,hatyaoseta haiyanae iraiti tyakekoterenae iraehetehena tyotya haiyaharenae haotita hetati iniyalahare tyomahitere tahi,Parecis
26774,nhym kam me paurkam myro kumex ne aben nhitepa o rorok ne ine kao paur kute mema kum —‍jakam dja gar akuni ajte ipumunh ket anhyrkam ne me kapri:re ne kam ka nhikwa dja'yr kot mo,kayapó
704,—arypyra tykase jezu —kurakara ytemuhmano zuaro exino nekuraka ropa ynororo yjamitunuru poe tykase jezu,Apalaí
6861,nigica anoyemaa modotaɡatigilo eletidi iolatedi ikani mokexaa itoataale oɡoa domige itoatadiɡida oko ane notaɡanaɡa pida leeditibige me dinali codaa leeditibige mini ane yeloɡodi ane diitigilo lotaɡa pida nige diɡica ane yeloɡodi anodaa diitigilo lotaɡa odaa leeditibige me notokotiniwace odaa leeditibige mepaa dinotaɡaneɡe iniaa aneotedoɡoji,Kadiwéu
21644,waku eweiꞌe eipyꞌa pe — uito areke teran pai areke teran an mekewat okenꞌypy yt iwato i rakat ewywuat pe areha­kye­raꞌat hap pueti hamo waku eweiꞌe at kaꞌap eipyꞌa pe are yt naku i — waku muki­ꞌite areke eweiꞌe hap ewy eweiꞌe are katu­pono meiuran ti aru iꞌatu kahato tuwe­hytꞌok teran atipy pe aikope tupana toineꞌen morekuat no hap kape wen maꞌato miꞌiria yt tuwe­hytꞌok kuap i katu­pono wehytꞌok hap motꞌi poityꞌi rakaria — muki­ꞌite waku areke saꞌa­wyꞌi iꞌatuꞌe pote e haria pote e yt kat i typy okenꞌypy atipy kape eweikat ro mekewat wetup yn okenꞌypy uiꞌywot kape hap e iesui tuwepiat,Sateré-Mawé
24427,chaypitam pedroman licalimula chaynutac chunca ishcayniyu yachapacunincunamanpis,Urubu-Kaapor
11546,jejeꞌewuꞌjag ekoete nipo ꞌga amu akou “pejemojewagukat ꞌga nupe eꞌi paulo ꞌga akou” ꞌjau futatee nipo ꞌga amu pe nupe naani nanarui je ako pe muꞌei aiꞌi maꞌeramu ꞌa ꞌga je rereko tyweretei aipo je ꞌe re amunipo ꞌa ꞌga naje rereko tyweri aipo je ꞌe re amunipo ꞌa ꞌga nimaraꞌnei je ꞌeawer are aꞌere ꞌga maraꞌneramu futat je ꞌeawer are “ꞌypeywar are kristu ꞌga manui janetywera moiawamu” ꞌeawer are afutat je iꞌme maꞌe ꞌga pojoꞌoga pe nui,Kayabí
23990,kɨɨ toho niika tɨ'ora nii pe'tira di'ta mari pe'tia wa'akara niiwa be'ro paulo barnabe naare werekara niiwa judeu masa niitira tiropɨ o'akɨhɨ tutuaro me'ra naa wee i'yo kusia'kere,Tukano
13048,yeyox te tikmu'un xohix yummug 'uxip yeyox komen yenoyanen tu' 'iha tikmu'un te' miy 'amuk xexka 'axet'ax noa'yen ha yeyox te hapxopma ka'ok xe'egnag punethok ya tikmu'un te' miy yummug 'ohnag tikmu'un te' penaha' hu' xohix kuxa mam ka'ok yeyox kopah,Maxakalí
16727,ha²­wxan³­txa³­ moi³­se²­ah³­lo²­nu¹­tain²­txi³­ i³­sa³­e²­ nu³­ka³­txu¹­ta²­kxai³­ a³­sa²­so¹­nu²­la²­ e³­ji²­ta²­ko³­xu¹­ta²­kxai³­ aun³­ta²­ a³­li³­xain¹­ta¹­hxai²­he¹­li¹­ i³­ye³­na²­ kain²­je³­na²­ he³­hen³­jau³­su¹­ ta¹­hxai²­he¹­li¹­ a²­nxe³­je³­nu¹­ta²­kxai³­ a²­yxo²­ha³­ti³­lhi³­ain¹­ka³­tu³­ ha³­lo²­ai²­li²­ a²­nu²­a²­ yxau³­ai¹­nxa³­ko³­xu¹­tai²­na²­ ho³­hain¹­ta¹­hxai²­he¹­li¹­ nxe³­tau³­u¹­tai²­nan²­tu³­ moi³­se²­ah³­lo²­nu¹­tai²­na²­ wa³­nxin¹­sxa³­ kai³­u¹­hain¹­to³­ta¹­hxai²­he¹­li¹­ ye³­ka³­lxa¹­txi³­ kwe³­ko³­nha²­kxai³­  nxe²­ kwe³­kon³­sxa³­ nxe²­ kai³­u¹­hain¹­to³­ta¹­hxai²­he¹­li¹­,Nambikuára
25442,imroto 'ra ha zezusi te te ihaiwa'utuze wasu'u tawamha ama ronomro o re te zezusi ha mo 'ri wa'oto u na'i na 'ri wa'oto nhisi u te mo isire 're inomro mono nori ha te isire ai'aba're da'aha na te dure isire ai'aba're ni,Xavánte
3439,ilapyryem jesus eaga idaypy modo wara odopadylymo xina eyda atoram xinaram jesus aguely: — aykylymo kula enra inuzeba lela mataunaze deus aga amyguehomoem ala iwea lelala yizepaom modo emaxi aduduoze ura autaunga inoro eagamo kydoxioda etaunga awakala iegamerim saindyly — kely,Bakairi
10160,tule biwehityhynanykre herodiao —waijoio tii rare judeu mahaduo wahe kristu dee dori kia iny obiti rare narciso heto ludu ityhydyyduo heka tule biwehityhynanykre warybe tamy,Karajá
5160,nhanderuete pe merami ikuai vaꞌeri ixupe “ipoꞌaka vaꞌeꞌy” heꞌi rive ꞌra ejepeꞌa ke haꞌe kuery gui voi,Guarani
2118,ipikanani napa atoko posio pesito inakori auitetxi txapekaua ininia perisi sipe perisi nirekari xoteoakori apokaerekatiniri iua ininia isini apisa isikakari paoro ininia paoro kaikotapanika kateia aki,Apurinã
8561,ag ty jesus tugrin eg to junh ke “carneiro vy venh jy nigan han ki kagtig nyti mig ty ag man sor nin ky carneiro ri ke ajag nyti ha ra sog ajag jegneg mu u ty mig ri ke ag to ky tope ha tog ajag jy nigan ke mu sir ha ky venh ki rir ha han ni pyn jykre han ni vajig ti ti pyn ti ky eg tog kanhmar ti ty he ri ke tu nigti pyn ri ke han ni ky sorag jykre han ni ge ju vanh pe ti ni nen u venhmy han tu ti ni ky sorag ri ke han ni ge,Kaigáng
