index,TEXT,LANG
12136,yewanmirisaꞌ tiꞌ wani ipatikari koꞌmannitoꞌ tiinen pe miriri imakuiꞌpi ayeserukon winipai amoꞌkasaiꞌyaꞌnikon yeꞌnen tamiꞌnawironkon imakuiꞌpi piapai epaꞌkati tamiꞌnawiron tiaronkon piꞌ imakuiꞌpi esenumenkatoꞌ pia pai epaꞌkati yenkuꞌtiton piapai seruꞌyeꞌ pe eꞌnitoꞌ yapai uyewanmakon pe tiaron eraꞌmatoꞌ piapai moropai tiaronkon winikii imakuiꞌpi eseurimantoꞌ miririkon piapai epaꞌkati,Macushi
2487,ininia pirato pimaari xesosi: —pitekani xoteoakori auite txataua —itxari xesosi —iuapitikarano nota —itxa xesosi,Apurinã
7442,a'ero ahe ei ga pe: —‍penhi'ipo'ru ti penduvihava'ga ganhi'iga rupi te ti pemono'ono'ogatu itambere'ia ahe hugwi ei ahe tape'ei ti ahe ve: “koji'i ti embuhu ji ve” a'ea ti tape'ei ei  batistava'ea ga pe,Kagwahiva
18442,vakadiania jesu-ra vavikha'aha sasidotxi vavaka'da'diva vanana'dohi'aha: —jesus haria nanamitha'a ivani cristo i deus ira nagathogatho'iki ijesus va'ora ni'aha: —cristo ohina-ra okahihi; hora avakajari'dahi a'onira onana'dohi'imidiahi; ni-kodina'dohi-ra avagathaniki,Paumarí
3610,tala pyla ola pypa modo maka kulelanro; anguy eni pebaom jesusla nheinwankylymo deus taendylyla nheinwankylymo wara deus aga aguepa nipyramo peto oday kopae alela deus taentoem nhekadylymo pypa aunlo modo mawanka jesus eynynonro modo nhekyly tala pyla ola pypa modo deus ize ato araba kula aini tohomaendyly kula ize atomo deus xuraem adaidyly keba niguepa wane deus xuraem ola igueypyem eagapa ietybyem awylygue aunlo modoma jesus einwanni modoram taensebamo,Bakairi
22117,akomaka yusika itukeovo inamati kutipoti jesus mara'inamo kapayasakeapa akuteamo kixokonoku ndeapu kapayasokopovo yanekoyoke kuti'inoke kopuhikopeati ituko'oviti nonekuke kuxokonoti kaxe ipihoponokonopemo konokotimaka itukeovo teyoneti xapakuke xane akoti itukapu kutipoti jesus maka hakone vekinoaku ndeapu ikorokea vahereke kuti'inoke mani hana'iti teyapana,Terena
20472,— o katukytsa taparaka amy ty batu imysapybara zuba tsikzihikiknaha anabo hi wasani mytsaty ahabyitsa tsikykaranaha “iwa tsimaha zeka ahakuretsa tsimaha ahape tu ahasopyk” mybarapetu tsikykaranaha ana kino batu imysapy iwatsahi batu ahaku iwa tsikzurukunaha ahasopyk meky watu tsimyzurukunaha ahasuk ibykta mysykbaik zeka typapykik kyze ahasuk ezytyk ty korobyk tsimaha atawahi ahasopyk batu imysapy tsimoewynaha mekywa tu tsimoziknaha ahasopykwy ezytyk sesus humo mytsaty tahaktsa sesus tuk tsimyzurukunaha ahasuk ezytyk ty korobyk tsimaha asa watsa tihi sesus sopykwy humo zuba tsimyzurukunahaktsa iwaze wasani my tsimykaranaha hawa tsimyzurukunaha kiristu wata tsimoziknaha iwa tsikahahyrinymyrykynaha hy — my,Rikbaktsa
12132,miriri yeꞌnen pedro moropai tiaron inenupaꞌpi witiꞌpi uuruwai pona saꞌniri toꞌ ekatumiꞌpi tiise tiaron inenupaꞌpi kaꞌneꞌ panpiꞌ eekaꞌtumiꞌpi pedro ekaꞌtumi yentai miriri yeꞌnen eerepamiꞌpi uuruwai pona pedro rawiri,Macushi
9586,ani peiko tei haꞌe kwery heko-rami erejerure eꞌy reheve ne remikoteve oikwaa-ma nhandejary nhande ru,Kaiwá
20390,zinymyrykynahatsa tsaraha eze tu: — batu aty tohi pihik tsiksukpe buruk zitaba iwaze ikia zuba deus tse babata ikia humo mykuretsa hy — niaha,Rikbaktsa
4999,pemumeꞌu zanezar rehe zeꞌeg purag heraha maxeton ywy rehe har wanupe kere ywy rehe har wanupe no aꞌe rupi aꞌe ywy rehe har ukwaw katu aꞌe wa teko ko ywy rehe har teteaꞌu ukwaw aꞌe wa no pezeꞌegatu peho peiko tupan rehe teko paw ukwaw pezeruzar haw aꞌe wa no aꞌe rupi nuruzeꞌeg kwaw pezeruzar haw rehe ure kury taꞌe teko paw ukwaw katu aꞌe wa xe,Guajajara
16810,ne³­ka²­sah¹­lxi³­wxi¹­ kxa³­nhxi¹­nu¹­tai²­kxai³­lu²­ e³­li²­ah³­lu¹­tai²­na²­ yxau³­hi¹­nu¹­tai²­kxai³­lu²­ ju³­te²­a²­ tu¹­ha²­ a²­wha³­te³­son³­ta¹­ka³­lxu³­nau³­xa²­ ya²­la³­tu³­ ka³­lxa¹­txi³­ yu³­ta¹­hxai²­he¹­li¹­ nxe³­ain¹­ta¹­ ye³­ha¹­li¹­ ka³­na³­ki¹­ ye³­kwe³­kon³­ta¹­hxai²­he¹­li¹­ ha³­lo²­a²­ whai²­na¹­ weh³­ha²­yau³­xa²­ a³­na¹­xa³­tau³­a²­ hai³­txi³­ ju³­te²­a²­ tu¹­ha³­ka³­lxa²­ ka³­lxa¹­kxan²­ti³­ hai³­txi³­ a³­non²­ta³­kxi²­te³­lhxa³­ sa²­si¹­ha³­u¹­hxa³­ha²­kxai³­ yxan¹­ta¹­ si³­to²­ko³­xa²­ sa³­repta³­thi³­nan¹­ta¹­ka³­lxa²­ a²­wha³­te³­son³­ta¹­ka³­lxai²­na²­ so¹­lxi¹­ a³­non²­ta³­kxi²­te³­lhxa³­ sa²­si¹­ha³­uh¹­ta¹­hxai²­he¹­li¹­,Nambikuára
3091,jesus eguepybyry tuhu imasedo tatagueim odaji nhetadadomobyry aituo myakawam jose arimateia donro pilatosram idaly agueze: — jesus nigueaki pyma kruz wagapa kayntaguyandyze ola ura tuhu imasedo tatagueim odaji kaenkanadoem tawala kayntaguyandyly — kely — tawala — pilatos keduo jose idaly myakawam jesus einwanni lelala myakawam jose anguyram negatuba ola-ro wara pymado tyntadylygue aituo myakawam jose jesus eguepybyry kruz wagapa nhytaguyandyly nhaleholy-ro wara nicodemos kopae jesus aga agueze idaypy jose aga idawam lapylamy toenzepa myakawam nicodemos aloes mirra wara nhadyly trinta e cinco kilos lela mara edunu tyanranguneim aguedy onwa tientoem inepa eguepybyry niwanzepa itoem,Bakairi
12428,maasa pra judeuyamiꞌ wani yewanmirisaꞌ pe miriri pikinsaꞌ judeuyamiꞌ pepin enaꞌpi paapa yonpa pe miriri tipo oꞌnon yeꞌka pe awani eꞌpainon inkamoro yapisi paapaya yai toꞌ wani eꞌpainon manniꞌ isaꞌmantaꞌsan eꞌmiꞌsaꞌka iniꞌri enen tiwanikonpa waranti,Macushi
12042,jesus pia teerepami pe maria esenumiꞌpi moropai taꞌpiiya: —uyepotori tari aweꞌsaꞌ ya piipiꞌ saꞌmantaꞌpi pepin eꞌpainon ikarawaꞌpi maria moropai judeuyamiꞌ maria yarakkironkon karau eraꞌma tiuya pe jesus esewankonoꞌmaꞌpi tewan ya kureꞌne eesewankonoꞌmaꞌpi,Macushi
19219,mas jesus disse: alguem tocou em mim; eu sei que de mim saiu poder,Portuguese
20098,anabo simao peduru nikozoze sesus okeryk taekaratsa humo puruk puruk niy sesus humo ispirikporeta hi iwatahi taekaratsa humo puruk puruk niy ipe niy: — o ikiakta eryktohitu ziktotykta uta kamysapybyita mykara — niy nipybybaiknaha piknutsa bo paikpa iktsa nikaranaha iwa kytsa kino niwatihi nipybybaiknaha piknutsa bo paikpa iktsa nikaranaha tsiaku itsy suao ahatsa sebedeu hyrytsa piknutsa estuba zubabyitsa humo nipybybaiknaha sesus ispe niy: — ahapyby byihu ja tapara zikzitsikpaparakanahaze piknutsa ziknasizokonaha abaka ikiahatsa katuk mektsa ty tysitsumuehinaha kytsa bo deus soho tynatsasokonaha ahaharere humo ka sizubaretsa deus harere bo hyy maha — niy,Rikbaktsa
23965,“nii pe'tise ɨhɨ pe'ti diha wa'arosa'” niisere tɨ'o ya'aro weesetisere du'u o'akɨhɨ ɨaro pe'e ayuro wee nu'kura mari wiogɨ a'tiatehere e'katise me'ra kɨɨre ko'tera kɨɨre maata a'ti dutira mari ayuro wee poo teota basioro ayuro weera kɨɨ a'tiri nɨmɨ niika nii pe'tise ɨ'mɨarokahase ɨhɨ pe'ti diharosa' nii pe'tise a'ti di'takahase ɨ'mɨaropɨkahase sipi pe'tirosa',Tukano
26949,—‍mramri ne ga gajbit amex myj me'o got kute apyrak gajbit ne ga amexo me kuni jakre nhym me abi abe mryki'atomti jabatanh ny prabe abi nhym kam metindjwynh arym aja benjadjwyr rax me nhym kam apynh me pyka djari kute o nekrex ama kumex ga aje ar o abama ga gajbit ano mex ne atyx gedja me amim ajaren ajo rax ne kajma akamen abenma araxo amirit ane nam a kadjy mranh djwynh kaben ane,kayapó
20621,tsiaku sudeutsa sesus tuktsa nanabyitaba napykyryknahatsa bo ziwatahaka uta tsiaku deus tsumuehitsa mypehakatsa sesus tuk tarabaja mykara iwatahi ikiahatsa bo piwatahaka ikiahatsa deus tyryktsa sudeutsa tapara baba dose ikiahatsa nanabyitaba nasiokty ahabo hi piwatahaka,Rikbaktsa
5393,mbaꞌeta mbaꞌemo peipota tei ndapejoui vy pejojukaxe mbaꞌemo re ndaꞌeveive peiko tei ndapejoui vy pejogueroꞌa rei haꞌe joe pepuꞌaa rupi pendekuai mbaꞌeve ndapejoui mbaꞌeta ndapejerurei,Guarani
638,typoetory to aropotopopyry jezu a makomo mame typoetory to tykohmase tyya me toto enyohtohme asasakoro roke tonyohse toto eya ynara tykase ynororo eya xine —joroko to itutanohpotatoko ropa ahno ae ritonopo omi poe,Apalaí
752,ynara tykase roropa ritonopo eya “oya sero nono tyrise apitoryme kapu roropa tyrise oya oemary ke tuisame oexiryke,Apalaí
6414,igaataɡa ǥoniotagodi ɡodimonya codaa meetedoɡowa ‘ee ɡadixomitio makaami macataɡa lokokena miditaɡa noiigi ane daɡa judeutedi jao me jakadi me ɡadibakeni amaleeɡaɡa ikeenitiogi inatawece ane noiigitigi niɡina iiɡo anodaaɡejigotiogi oko me jao me newiɡatace’”,Kadiwéu
19059,jesus lhes disse: e claro que voces me citarao este proverbio: ‘medico cura-te a ti mesmo ’ faze aqui em tua terra o que ouvimos que fizeste em cafarnaum,Portuguese
9768,upe rire upe kunha ave omano-ma ave,Kaiwá
19954,quando um espirito imundo sai de um homem passa por lugares aridos procurando descanso e nao o encontrando diz: ‘voltarei para a casa de onde sai’,Portuguese
16392,ja¹­nxe³­ju³­tai²­na²­ a²­nu²­a²­ ka³­na³­ku²­ te²­a²­ i³­sa²­yxau³­ain¹­ka³­tu³­ i³­ye³­ki³­ha¹­kxain¹­ta¹­hxai²­he¹­la²­ i³­ye³­ki³­ha¹­kxain¹­te³­nah¹­lxi¹­: — je³­su²­jah³­lai²­na²­ a²­wan³­txa²­ ain³­kxi²­si¹­na¹­he³­li¹­ nxe³­jau³­xa²­sa¹­: “txa²­wa¹­su³­na²­ sxi²­hai²­na²­ a²­nu²­a²­ hxi²­ka²­ to³­nain³­thi³­nai²­na²­ sa²­nai¹­a¹­tu¹­wi¹­ na¹­kxai²­nan²­tu³­ ye³­ha¹­li¹­ ka³­na³­ki¹­ a³­la²­ni²­sxa³­ sxi²­ha²­ a³­lxi³­thi³­na²­ txa²­hi³­na²­ sa²­ton³­ta³­lu²­na¹­tu¹­wi¹­ a²­nu²­a²­ hxi²­ka²­ sa²­to³­nai¹­nxa³­thi³­na²­ txai²­li²­ sa²­to³­na¹­tu¹­wi¹­” nxe³­na²­he³­li¹­ ta¹­hxai²­he¹­la²­,Nambikuára
24148,“yachayniyu cayal'a canan cayta tantiaycuy: anchish umacunaca anchish ulucunami cayan; chaychumi walmica tacuyan,Urubu-Kaapor
4296,zaneruwihawete umano ywyra kanetar rehe aꞌe zaneremiapo kwer ikatu ꞌym maꞌe hekuzaromo aꞌe aꞌe rupi zapuner ikatu ꞌym maꞌe iapo re zanepytuꞌu haw rehe kury zapuner ikatuahy maꞌe iapo haw rehe tuweharupi nehe zauxiapekwer umugaz zezuz aꞌe wa izuka ꞌym mehe aꞌe wa upuraraw maꞌerahy kwer aꞌe aꞌe rupi zanekatu tupan pe zane kury,Guajajara
13722,'ate 'a tu' pip ka'ok xop pu nom hom hak mun ya 'uyog topah ya 'uk-tok xop no'om,Maxakalí
25232,— tawamha aiba haiba amo ha ma dure iteme wi tawamha te sadanha: “a ha bete e niha tama iwa'aba'o ha zahadu rowa'ramimha” — “sa'u ha miu na ihaiba ha tridu re ha te tama iwa'aba'o ha” — ane te tama rowasu'u — tawamha te asa tama tinha: “ma'ape  na ama rob'ui'ere rowa'ramimha tama isomri da” — ane te tama ti'ru rob'mada'a'wa ha taha wa te te tama i'ru zarina ma aha pra na ama rob'ui'ere,Xavánte
18501,oniaroa deus ibavi kaija'arini hora nana'dohi'ihi: —niha inimanija iimahidakarahoki ogavahariki ida gamo ogavahariha ada tapo'ija gamo-ra vajadojadoki nahina vihina ira onava'isohiki bana ho nahina fori vihiki adani gamo tapo'ija khama nahina fori hiki jaboni ida 'da'di  hiki ipohini moroboi 'dakhaki  hiki ipohini tapo'ija bivahojaki,Paumarí
17139,hatyo hiyeta awaira atyo ximaxawaiyerehena atya exafityakahare kanohinae kataikakehenerenae kakoa xoanereya hoka xaokowiharetyoahena xisonae atyo atyakate kanohinai akereta taita maisa atyo xiso xini xaiyatelikijita atya tyahare atya tyahare atyo aiyatelikijita xiso,Parecis
10431,tahe ararekeki kristu dee araaomysydyymy arareke iny‑o rybewihikymy ararybekre tibo awityhyre reerykore tahe ixityre arohotiwydynanykeki kiamy heka rahotinyreri arakre kristuohyyle heka kristu‑o arakele awire tii heka awityhyre,Karajá
934,—arypyra tykase jezu eya —ynara tymerose ritonopo omiryme “wyi kure repe yrome wyi poko roke awahtao xine orihnoko matose mapyra ritonopo omipona awahtao xine ipunaka orihpyme exiko matose” ako ritonopo omiry tykase jezu eya,Apalaí
24206,am'a jesusninchicpa suma cachacunu-ari nacaycunachu nacaycuy cachacuman yayculul'a manam juc liccha lulaycunaman'a miticunchu ashwanpa mandaninpa munayllantam lulayta jicutaycun,Urubu-Kaapor
21928,miꞌi hawyi iesui tuwe­mo­herep tehay wo uwe sese toineꞌen hap mio ta e — uito araꞌapyk aru tupana koro po sese kai araꞌapyk aru wuatꞌi miitꞌin ykeꞌet no e miꞌi hap eꞌat pe tupana sese poꞌog poꞌog hesaika rakat mimo­typot sese wo araꞌapyk atipy pe e iesui tuwepiat,Sateré-Mawé
22412,koane itikopatine ne inamati ipevo enomone ne inamati kixeku itikivo ukeati xoko ituko'oviti enepone ixomoti iko'inamakopo iseneu ikeneke motovati yukoponi itikivo kuteatine kixoku itukeovo yane yukoponoteoxomo yexi ituko'oviti,Terena
20526,wasaniha ty mozihikik kyze imysopyksapy mykara hawa wasanibyikia ty batu ity tsihik iwatatu atsatu mynakara,Rikbaktsa
10386,tahe jesuisi dohodyyna hetowo‑o ralore tahe kia‑ribi aona aona‑di rohonymyhyre mahadu obradu mahadu diteonyde rierynanymyhyre tahe tamy rarybere: —raritidyyolemy aobo ryireri: —waheto koaoboka inatyhymy ixitoedyyna hetomy ryirakre idi kaiboho tewinytenyte wasidu hetowesele,Karajá
11244,eaeꞌema ꞌga pe rupi aruatau arawau jejui ꞌga eaeꞌema ꞌga resaka uꞌaa ypy we futat aipo ꞌga weaeꞌemamu uꞌaa rakue kaꞌaranuu renuina ꞌuina peyse pe ꞌga nupe,Kayabí
5433,canela heakua pora vaꞌe mbaꞌemo irura heakua pora vaꞌe oapy pyra moa jaikyty vaꞌe nunga balsamo vinho azeite trigo trigo raꞌyigue vaka vexaꞌi kavaju karoxa haꞌe escravo kuery avakue oikove vaꞌe ae,Guarani
24620,chay bernabewan saulo chay jerusalenchu ima lulaynintapis lluy camacalcalilnatacmi juanpa lisipacushan marcosta pushacalcalil antioquia malcata cashan cutipacula,Urubu-Kaapor
23553,yɨ'ɨ dutise a'tiro nii' yɨ'ɨ mɨsare ma'iro nohota a'meri ma'iya,Tukano
21513,karape aheput hap ete wato­ꞌoiaꞌag hap ewy uwe poꞌog ihyha hap kuap hamo waku hapyk kahato rakat morekuat piat ainapin hap ewy waku watunug yt miꞌi hap ewy i pote yt uwe i miꞌi poꞌog iꞌatuꞌe ahepe aihyha pytkai maꞌato iꞌe hap ewy wateput miꞌi pote miitꞌin mimo­typot no watoi­neꞌen miꞌi hap ewy ti waku watoi­neꞌen hapyk kahato imohey hap ete toꞌo­ꞌe­wywuat seput kahato haria ewy timoteu,Sateré-Mawé
15105,ti mꞌ pirato ky hadoo ta ha: —dooh maky gado ba mahapah ne he y hajaa y mejo ba om rabered hom hyb nꞌaa y hajaa na-aaj he y mejo ba om rabepeem dak —nang ma pirato,Nadëb
21507,maꞌato haꞌa­wyte eipe tawa ewesu piaria yt kurin i eweikuap tupana etiat katu­pono wetup ywania eipe saꞌa­wyꞌi sese ahaꞌa­seꞌi pot aparau emiari­ruꞌin yn tupana ywania tukup­teꞌen mekewat eꞌat pe mekewat weꞌahit sokpe tek haria miꞌiria yn saꞌa­wyꞌi tupana ehay kuap haria tukup­teꞌen maꞌato eipe wetup ywania eweikup­teꞌen saꞌa­wyꞌi yt aparau emiariru koꞌi hin i eipe nimo urupusu puo uruhetꞌok eipe ti yt weꞌahit sokpe tek haria i urutoꞌe katu­pono saꞌa­wy­ꞌite eipe yt tupana mohey haria ywania hin i eipe maꞌato wetup ywania eweikup­teꞌen miꞌi hap eꞌat pe yt kat hin i eweikuap tupana mipo­ꞌoro aipo­rekuat etiat katu­pono saꞌa­wyꞌi tupana tiꞌairo aparau emiari­ruꞌin koꞌi yn temiitꞌin no saꞌa­wyꞌi yt eiꞌairo hin i saꞌa­wyꞌi — aparau emiariru emiariru atiꞌa­tu­poi­tyro e tupana atunug esaꞌy­ruꞌin esaki­ꞌytꞌin uiꞌy­wania wo e maꞌato ehepe yt mio ta e hin i saꞌa­wyꞌi yt kat i tupana eipyꞌa pe saꞌa­wyꞌi miꞌi pote yt uwe i eipe — areineꞌen aru wuatꞌi eꞌat pe e haria are,Sateré-Mawé
15652,rakajaa ba mꞌ jesus ky hadoo sa ha: —pꞌop haga do ha be ky nꞌaa etsꞌee nesaa do hꞌyyb tatug mahanh beeh y be ered hom mahanh —nang mah,Nadëb
3087,corintoda paulo jesus waga aguehobyry ilapygueduo myani paulo atenasdaba idaly corintoram,Bakairi
1304,kop apu kot kam tanhma kaper to ne kam: —e apraaw kot kaj ixkaper piita ama ne hkot amnhi nhipex mex raha ho ri apa ha koja nhyrma akanreha akra ne atamnhwyjaja kep kri piita hkot meo pahihti anhyr o kam kaper ronhyx am kam a kaper anhyr kapry apraaw aa kot kaper piita hkot amnhi nhipex mex o pare ha kop apu a kam kaper anhyr ronhyx pre kuma ne tee ri amnhi kukama hamaxper ne hamaxper o: —kwa na ra ixte tirtum kot amnhi xam ta tanhma kot pa amnhi to ne kaper piita hkot amnhi nhipex mex raha ho ri ixpa kot paj tee ri inhma a amnhi nhipex anhyr o ixpa hpram kapry jakama koja nhyrma ixkanreha ixkra ne ixtamnhwyjaja kep me o pahi hket ne pa hexta waa ne koja tirtum ixte kaper kwym ri tanhma ixte amnhi tomnuj to ha ixpumu ne tanhma ixtomnuj to no meho kot we kaper piita hkot amnhi nhipex mex raha ho pa na amrakati kumrex anhyr o nhyx pre hamaxper,Apinayé
18533,jesus ni-va'ora vakaijokaki ovari va'ora ogaki adani ija'ari hahavi biogaki ida ija'ari hahavi vakadiva'ibodivarani ni-ija'aria vakaabokaki ida jesu-ra nava'isohivini hiki biogarikia biogahahavimani'ia ida ija'ari kava'ibodivarani afohanana,Paumarí
5027,haꞌe vaꞌe kuery ovaemba vy aipoeꞌi ixupe: — poromboꞌea ore roikuaa ndee anhete vaꞌea haꞌe ndereikuaa potai ꞌra mavaꞌe paa re mbaꞌeta neremaꞌei avakue yvatea re haꞌe anhete rupi renhomboꞌe nhanderuete oipota vaꞌe re haꞌevea rami ri ndaꞌu cesar pe nhameꞌe imposto repy tyra pa any haꞌeve tyra pa ndaꞌevei nhameꞌe agua,Guarani
7287,a'ero jesus'ga ei ga pe: —‍ji rui ko ima'eharamo ahe ve,Kagwahiva
13571,paot te tonot tu' xip tu yenomiy 'ihak mug yay tu nu'naha' tu pam koxip nuy ma' nuy yeyox ya yumug pupi' xok pekpaxeh ha paot mog putup haptup 'iha' hu ham'aktux tox tu 'amniy kote 'iha ham'aktux tu' kux 'ohnag ha kuyanam tat'ax punethok te miptut noy yimu' mog'ax kopa' pip hak mug yay tu nu'naha' ha tik xiptap 'ettik xip tu miptut tox yay yimu' mog'ax  kopa' xip tu yanen kox yimu' yum ha kumim tep-tex ha mo'yon paot yog ham'aktux tox hah ha ham tu' naha' tu' xok,Maxakalí
9254,“ne nheꞌe ae mante orohendu ramo oroiko meme-ma vaꞌera nhandejary ndive” heꞌi hesu-pe pedro upea nheꞌe ohendu ramo heta oi hemimboꞌe kwery vaꞌe ndojohu porai inheꞌe: —ipohyi voi upe vaꞌe nheꞌe ndikatui nhahendu kivaꞌe po ohendu-ta heꞌi ojoupe hikwai,Kaiwá
19629,e esta e a minha alianca com eles quando eu remover os seus pecados,Portuguese
11774,aꞌeramu pee pejejereko tywer awi pejejeaꞌgwau mamaꞌe esagea ete iapou mamaꞌe esage apoara ꞌga nokyjei oꞌwyriar awi mamaꞌe tywera apoara ꞌga te okyje oꞌwyriara ꞌga nui oꞌwyriara ꞌga wereko tywer awi mamaꞌe esagea etee iapo re pee pejekyjaweꞌem pejeꞌwyriara ꞌga nui mamaꞌe esagea pee iapo re nipo ꞌga ꞌi pe nupe: “mamaꞌe esagea etee peapo” ꞌjau nipo ꞌga pe nupe,Kayabí
18676,ija'ari pohimajaki varani hini hida hari jesu-ra vanana'dohi'aha: —jesus mahi nihaforija vani vanihimaki ida deu-ra khai ani'avini kagorani nihanikia bana aogaja ida thararani kamahini amaakarini,Paumarí
24917,caychu cashacamam caycunacta yachayalcachic,Urubu-Kaapor
6971,paulo yotaɡaneɡe aneotedoɡoji dipokoteloco efeesiotedi niɡijo maleeka jajipatibece moyalaɡatibigaɡajitiwaji meliodi manakatoni ǥoniotagodi jesus codaa memaani inatawece eledi anonakato ǥoniotagodi odaa aniɡica daɡa jamatini me iniotagodetalo aneotedoɡoji leeɡodi inoatawece aneote makaamitaɡatiwaji idioka limedi me jipokotaɡalocotiwaji niɡina me jotaɡaneɡe aneotedoɡoji iniaaɡiniwa noenoɡodi ǥoniotagodi jesus cristo codaa me eliodi ane daɡaxa me datale jipokotalo me yajigotedaɡawa liwigo meote ɡadixaketedi codaa me ikeetaɡawa anodaaɡeeteda aneotedoɡoji amaleeɡaɡa daɡaxatacice mowooɡoti jipokotalo aneotedoɡoji me yajigotedaɡawatiwaji ɡadowooɡotakaneɡeco macataɡa lokokena amaleeɡaɡa owooɡoti niɡica ɡonaɡajegi anicota me najigotedoɡowa leeɡodi meniditedoɡowa moko nepilidi eledi jipokotalo me yajigotedaɡawa ɡadowooɡotakaneɡegi amaleeɡaɡa owooɡotitiwaji niɡica ane yajigotediogi inatawece loiigi ane lionigipi niɡica ane yajigotediogi micoataɡa niɡinoa liicaɡajetecidi anowidi codaa me daɡaxa mele,Kadiwéu
22026,enepone yuhohiko koesayu'ixo xane kuti koe vahere arineti akoti oriko ukoponea muyokuke xane kuti'inoke ivokovoti yoko xapakuke ne xane kuteati aneko imineu yoko filetu,Terena
26597,gwaj baro'a ar babari ne ba ar ama ikaben ja jare,kayapó
10612,kia huotedu mahadu widee raryberenyre: —kia heka wedu aona aona tarasadu rare rikirubunykre tahe iaona aona inydeerenykre,Karajá
5334,haꞌe ramo xemaꞌenduꞌa senhor aipoeꞌiague re: “ ma anhete yy py nhomongarai haꞌe ra pee ma penemongaraia ꞌra nheꞌe kyꞌa eꞌy reve” heꞌiague re,Guarani
15611,hahyy da pꞌop haga do ky nꞌaa rod rerii bong paa ji ta hꞌyyb tatuk do ky nꞌaa: “sahonh he sa ha pꞌop haga do ma meteek da” ti hyb nꞌaa sahonh he ee ma meteek do maa newꞌee doo sa hꞌyyb go renam doo we yy da rabana ha yy da rahꞌyy kaꞌeeh,Nadëb
6198,jesus yowooɡodi modoletibige moige odaa jeɡeetediogi “jeɡejitaɡawatiwaji natigidawaanigi aɡaleeɡee madati pida nigidiaaɡidi icotace madati jowooɡodi me domaɡa agikanitecetiwaji niɡica anodaa diitigi niɡida igegi,Kadiwéu
9719,upei heꞌi hesu: —penohe vaꞌekwe-gwi pira eruve nhamokaꞌeve vaꞌera pira heꞌi gwemimboꞌe kwery-pe,Kaiwá
11418,peu ore rekoramu peuwara ee mu judeueꞌema ee mu ꞌua ojeꞌega jejui ꞌga upe: —ene ꞌa jarejuwarete kia remimurera kuꞌjyp ejemuaem iki je ree kuꞌjyp— ꞌjau ee ꞌua ꞌga upe —mamaꞌeukwaawa ꞌup jeraꞌyra kyna pir are ojeroꞌwu etee te kyna epeꞌa kyna wi jee kuꞌjyp— ꞌjau ee ꞌga upe auꞌjeteramu,Kayabí
25182,taha wa awe wi ma to so tihara za'ra tizazei'wa nori zo tawamha iteme sihutu wamha ma to pisutu za'ra  na ihaiba za'ra ha isire 're nomro mono da ma to oto sisi za'ra tizadawa wasu'u'wa na,Xavánte
7096,ymyahuva'ea ojiko hete tupana'ga rehe nhandejikoga gwaramo tupana'ga rehe nhande ei: nahanaha po ti tupana'ga imombyryvi nhande ve nehe ndihepiapavi ve tupana'ga remimombyryva nhande ve emo tupana'ga nopiriani gwembi'eagwera nura po ti nhande hepiapavi garemimombyryva nehe xa'e nhande ikwahaheteavo ndirojijyi nhande nhanenhi'iga heroviaheteavo,Kagwahiva
24935,natac ya'apita japanyasha walmicunaca mas cushisha canman manana yapaculmi caynu niycalic ya'apis chuya ispiritup munayninchu cayalmari,Urubu-Kaapor
876,—onokyh mokyro awaty anypohpo rohpa tykase toto eya toturupose,Apalaí
15559,ti mꞌ paw-ro ky hadoo enh: —ti hyb nꞌaa nayyw ne he y ky daheeh jesus mejuu do we ha naa ha y takasee ba nayyw he ka y baherꞌood kan jesus ky nꞌaa damas-ko ba habong do sa ha ta jawen jerusarenh ba habong do sa ha sahonh he judah haj nꞌaa ba habong do sa ha ka y maherꞌoot na-aaj he judah buuj nadoo do sa ha sa ha y herꞌoot nesaa do rabered hom hyb nꞌaa pꞌop haga do ha rahꞌyy kaꞌeeh hyb nꞌaa ka y herꞌoot sa ha baad rababok hyb nꞌaa baad ub ji bahapah hyb nꞌaa nesaa do rered hom doo pꞌop haga do ha rahꞌyy kae dak doo,Nadëb
4573,teko teteaꞌu tapuzuhu pe har uzeruzar hehe aꞌe wa kury — aze tuwihawete purupyro maꞌe ur aꞌe nehe aze ruꞌu uzapo putar purumupytuhegatu kar haw uhu weraꞌu maꞌe ko awa hemiapo kwer wi aꞌe nehe kury iꞌi uzeupeupe wa,Guajajara
10466,ibutu ratyre kia‑ribi nohoti losaomy ikonana txuu habu binahaky rybe binatyhy‑di kodoidenykre kia habu ota ota widyylemy rohotinymyhyre kiamy habu rarybekre tiubo jesuisi kristu nonana kanakre juhu inytybyreny ituereu wiji bededyynanau tiu naohyymyhyde ibutumy heka juhu bedeu ixi wese hyylemy bede roimyhyre,Karajá
26759,nam me a anhyro kumex nhym kam mebe pardjeume me krapti akan jejukot mo nhym kam mebe pardjeu jejuma —‍benjadjwyr gop akot ba djwynhma akaben ge anhikre ane,kayapó
13301,—‍'ug'apax komen yenoyanen yog tikmu'un 'axop te topa pupi ham'aktux xop punethok kix topa te komen ha nu' pok tik xop ha xate mikaxxap xexka tux ha' kix xokakkak tek-tok xanaha' nuy mo'tat yay kaka ha kaxiy 'ate komen yog tikmu'un xanaha' paya 'ugha 'anun putup 'ohnag,Maxakalí
7659,anhaga po javo ga piryiro okyhyjiheteavo,Kagwahiva
23088,toho wa'ase nɨmɨri numia nihi pakosa numiare toho niika po'ra mi'rira kɨorare bɨha weose nɨmɨri niirosa' naa ɨmɨyaro wa'a masisome a'ti di'tapɨre ɨpɨtɨ pi'etise niirosa' o'akɨhɨ masare ɨpɨtɨ waro bu'iri da'regɨsami apera a'me weheropɨ wehe no'orasama aperare nii pe'tise di'tapɨ bu'iri ye'e miaarasama ape di'takahara judeu masa niitira jerusalere mɨto dihorasama mɨto diho tii maka wiora saharasama o'akɨhɨ judeu masa niitirare “too ka'ro toho weerasama” nii'karo eha tu'aro toho weerasama niikɨ niiwi jesu,Tukano
18745,hari ahararana vahoja'iki adani  vihiki imakhinava kohana vaigamina adani aajojahikia bianakara'ihi ida kidigamo kidigamo-ra vaisaravini oadani abini'aha,Paumarí
8347,epra ke vy ty inh ni ha ra inh pi je epra ke jykre han ky venh jykre koreg han to vasan tiꞌ vasan mag sog ti ha ra inh pi je epra ke ag jykre han ky vasan muꞌ tope jykre tar en ha han ky sog ha to vasan ti ky tog soldado ty rara jafa ri ke ni tope jykre tar ti ty sog eg kato te mu ag venh pigju jafa mag en kokeg ti ha vy: isy u ty eg vi kato vasansan mu ag vi ty tuꞌ he mu he mu,Kaigáng
8368,rir inh je ni ter ja inh ni ha ra sog rir je ni ky sog ter man ke tu pe ni isy u my: “ter je a tog ke mu” hen ky tog ter ke mu isy u my: “ter ke tu a tog ni” hen ky tog ter ke tu ni ge ky tog veser jama venh ke tu ni ge” he tog,Kaigáng
21280,miꞌi tupono ahetup ewawi uipyꞌa pyi etunug no aika­ꞌiwat iesui motypot hamuat uipo­wyro o mesuwat uimietup ete miꞌi etunug mote uimo­wepit kahato katu­pono eheykeꞌet sese areineꞌen uito uheywyt en aika­ꞌiwat iesui mohey hap kaipyi pyno woro­mohey kahato en wiremu taꞌi arewa­netup turan ti etunug aru mesuwat uimietup ewy uimiwan miat ewy arewa­netup etunug poꞌog aru uimietup kai uikyꞌe epiat pote,Sateré-Mawé
8103,ha ra tog inh my ki krov ja tu ni ha ky sog katig ja tu ni ky inh my kanhir ky ajag my: “katig je sog ke mu” he ja niꞌ vo inh jykre pijeꞌ isy kanhir ky to ti en ti ky sog jykre regre han tu nigti ge un jykre regre ag ty: “hej” he mu ra ag tog han sor tu ni ge tu inh nigti tope ha ne on vanh niꞌ ha ra tog ki kanhro ni inh jykre pir ni ti,Kaigáng
2091,auapanika ninakasaaki niparikauatapitipo teoso sakire nisapiretini ininiakara erekari niparika kipa ninireka nota auapanika nininikani nipininikani nimarotari ninireekiti ninirekari auapanika ninini apaka ninirekari nipinini apiata ninirekari nipinini kristokata nauini ikapani ikara atoko apiaerekata,Apurinã
2276,ininia xesosi: —uai pina —itxari ininia petro katxaka ipotorika ianini ipoa nopini xesosimoni isini,Apurinã
6587,noɡoniniɡodi modita “anakatoni ǥoniotagodi jesus odaa aneotedoɡoji jeɡeote me ɡadewikitace akaami codaa miditawece ɡadoiigiwepodi” odaa joɡoyatematita lotaɡa ǥoniotagodi niɡijo nowienoɡodi niwiloɡonaɡaxi codaa me iditawece oko ane idei liɡeladi ijaaɡijo niɡijo enoale codaa me ajaaɡajo naɡajo lakata niɡijo ɡoneleegiwa ja yadeegi paulo ijaa silas me iwilegi elaciletedi odaa aɡica daɡa leegi joɡoilege niɡijo ɡoneleegiwa codaa me iditawece loiigiwepodi odaa niɡijo nowienoɡodi niwiloɡonaɡaxi ja yadeegi paulo ijaa silas digoida liɡeladi odaa ja ligiiwepodi me niodaɡa odaa niɡijo ɡoneleegiwa codaa me iditawece loiigiwepodi eliodi me ninitibigiwaji leeɡodi noɡonakato aneotedoɡoji,Kadiwéu
765,tuisamehxo exiko mana ritonopo mukuru imehxo exiketyme esehtoko imehno mana emero eseme tyripoko roropa kueseko ritonopo mana tytamuru tawi ehtopopyry sa exiko mana jako pakomotya tuisaryme roropa exiko mana jumame toto eseme exikehpyra mana tykase kapirieu eya,Apalaí
11179,ajepeja ꞌga nane ꞌa kaꞌarana kwasiaa ee rakue nu: “janeruwarete ꞌga iꞌakwaaw ekoete maꞌe ꞌga neaꞌara okwaap aꞌere niapoaꞌuweri aipoa ꞌga upe” ꞌjau ꞌga ikwasiaa rakue,Kayabí
2503,xotasi sirasi pakini kaikota iuaataa mapaoti eereka xesosi sakire auiakani takanapapiretana xesosi iokanatakinimoni ikanapiriinina ikapani —hisipiniikaua erekaxinire hinini —itxana iuaritika sirasi apokaerekatari iuaa ikaikotini paoro panapee pakini kaikotapanika atxiokia sitatxiti ninoa apanakinikata oerekari apiananiri sakire iua sakire auiakanimoni isapiretarina iua sakire isakire mimarotakanimoni apaka,Apurinã
25278,wamama ha we uptabi wa ama 're wawata u'asi za'ra wa'aba mono,Xavánte
16263,yxan¹­ta¹­ wa³­nxin¹­ta²­ si³­yxau³­ka³­ti³­nau³­xain²­txi³­ a²­sa³­wi³­ha³­lxi³­nau³­xain²­txi³­ je³­su²­jah³­lai²­na²­ i²­ain¹­tau³­ kain²­ i³­wxan¹­te³­nah¹­lxi¹­: — hi³­sa³­ka³­txa²­ i³­hxi²­ki¹­la³­kxi²­sxa³­ su²­lha³­txa²­si¹­nhe³­li¹­ hi³­sa³­ka³­txa²­ i³­hxi²­ki¹­la³­kxi²­sxa³­ su²­lha³­txa²­si¹­nhe³­li¹­ ain¹­to³­ta¹­hxai²­he¹­la²­ nxe³­nxa²­ha¹­te¹­ pi³­la²­jah³­lai²­na²­ wan³­txi³­kxai³­lu¹­: — wxai²­na²­ so¹­jah³­lxi³­sxa³­ hi³­sa³­ka³­txa²­ su²­lha³­jah¹­lxi³­he¹­li¹­ yxan¹­ta¹­ jah¹­lai²­li²­ ko³­nxe³­ti³­ kai³­ju³­ta²­ hai³­txi³­ i²­a¹­jah¹­lo²­sxa³­i¹­ wi¹­lhin¹­jah¹­lo²­sye¹­nxti³­na³­li¹­ ta¹­hxai²­he¹­la²­,Nambikuára
1178,am pahihti jejusja pix na pre me kurom ixkaga hket ne na pre ixto ixihtyx ne pa y ha me kam tanhma me pane kot amnhi nhipex to ha harenh pa nhum ijaew ket xwynh kot inhmar o hkri xwynhjaja ixujarenh mar o hkri nhum tirtum inhne tanhma me ho nhum me ixpir ket ne,Apinayé
26175,me kadjwynhbe me amim myjja'a karo djakam ne me amim axwe'a karo nhym arym me kurum apox me kute amim axwe'a karokam ne me kute me pro puro nar me mjen puroo akinh ne ro'a ikwaja'a amim karo ne pro djwynh nar mjen djwynh kupa'a kure'a amim karo ne kute me par'a amim karo ne kute mebe myjjao akinh'a amim karo ne kute myjjao atom runh'a amim karo ne kute meo bikenh'a amim karo ne mema 'ex ne kute me noo biknor'a amim karo ne kure ba'a amim karo ne te ta kute me urak pramje ngryk ne me'a kaben punu'a amim karo ne amijo amrati ne ben kati me kute amim axwe'a karo ne ja,kayapó
1510,ane nhum me kam: —ty to ker ka me mamri kam hkwy nhor o apa ha hkaro ne ha hixi tam kot hipex xwynh jakama o na no me kajaja na pre tirtum me anhipex nhum me ape o jakama kwa ker ka me kaper kot pix ma ri amnhi nhipex o ri apa ane nhum pre a me kam kaper ane nhum me piita mar o kuhe nhum me kot hex rom hkukjer xwynhjaja amnhi jaer pe a kaxpore jarenh anhyrja a kuma ne axpen ma: —kwa me paxex rom me pahte ha hkukjer ta nhum am hamri me pakuta me pama hare kwa tanhma kot puj wem hkukjer to nhum pahi sesti kaper kwym ri me pama memoj jare ane hamri ne tee ri tanhma hkukjer to hkukama hamaxper o kuhe,Apinayé
2406,teoso sakire auakiti iua sakire kipitakari teoso sikari apikomoni imaroretxi iuamoni txamari teoso sakire kenakotakari isakire makipitakati imarore xapiti iuamoni auakari makatxakaakako,Apurinã
14795,iba'ore cristo ebekit pe pug tag ma jewaguy am satanas ebekit eju iba'ore itabucat pe itabut'umat aguy dag jewaguy am,Mundurukú
25727,aimama za'ra wa'wa ha wa'ubure a nori wa'wa ha i'ra te 're anomro aba mo te te sima 're iwe mono zem na si te asima 're iwe za'ra wa'aba mo tama ama 're uwaimrami za'ra wa'aba mono da ta ha dapoto na'rata hawi dapari'wa te 're mo sadawa nhipese u'asi wa to sena te te dama 're rowasu'u mono o di tizadawa nhipese na ma to sana'rata simirosa'rata wasete u'asi wa sadawa nhipese u'asi di taha wa i'ra 're anomro aba mono wa inhimirowasu'u ha to sena nhere ama 're izaze za'ra wa'aba mono o di,Xavánte
13113,ha yeyox te' xupak hu: —‍tikmu'un hittup xop 'a' hehmen putup'ah 'ap notot xana'ah paya pakut xop mun te hehmen putup hu notot xanaha',Maxakalí
17861,xakore hoka jesus nexa: — hatya ekaokakisa hakahe nohiye hiyaiya nokehexa nohiyeti iyateliti hikoane — nexa,Parecis
25701,ihaiba na 're dasaihuri mono wamha dure iwapru da te 're ahuri mono wamha te za isire 're dahaimana u'asi za'ra wa ha wa za dure isire 're imori u'asi za'ra,Xavánte
16548,nxe³­ka³­tu³­ jo³­au²­ ba³­tis²­jah³­la²­ u³­nhe³­ki²­lho¹­nu²­la²­ a²­ne³­kai²­na²­ pra²­ta²­ka³­lo³­a²­ u³­yhe³­he²­ti³­sxa³­ wain²­ta¹­ka³­lxai²­na²­ u³­hu¹­ain¹­ta¹­hxai²­he¹­la²­ u³­hu¹­ain¹­ka³­tu³­ ta¹­ka³­lxai²­na²­ a²­hi²­sen³­kxai³­lu²­ a²­ha³­ka³­na²­ u³­hu¹­ta¹­hxai²­he¹­la²­,Nambikuára
13689,ha yot xix xinax ya topa pupi ham'aktux xe'e' tu' xape xop ka'ogaha',Maxakalí
1281,ne me kam: —pa ot pa me ape ijaew nho pahi nywreta pumunh kaxyw mo ham kator xwynhta me inho pika kama na pa prem kaxkwa hkrax rum kot ho amnhirit xa ha kanheti raxta pumu hamri ne nhyri pahi nywre pumunh ne kuta me ixkon kra ho ixtem ne ixkri ne kam mex o mex a harenh kaxyw netanh me inho kri rum haper o mo kwa me inhma hare nhyri na na pa me inhma omunh pram tyx kumrex anhyr o ha me hkukjer o mor jakama nhum me piita pahi nywja jarenh ma ne axpen ma harenh o hprot,Apinayé
19550,entao o anjo me disse: as aguas que voce viu onde esta sentada a prostituta sao povos multidoes nacoes e linguas,Portuguese
4386,zezuz umukatu kwarer tekwe ikatu ꞌym maꞌe hereko har aꞌe kury zezuz aꞌe aꞌe naꞌiruz hemimuꞌe aꞌe wa no uzewyr wa teko wapyr aꞌe wa kury naꞌe ur awa zezuz pyr aꞌe kury huwa rupi wapyk pa upenarag rehe aꞌe kury taꞌe ipurenoz wer maꞌe rehe izupe aꞌe xe,Guajajara
22493,kana'uti ango'oyea yako xepakuke itea ya isoneutike koyeane kuti ko'iyea ambeti xepakuke epo'oxo ngoyuho'inopitine inzoneunoa kuti'iyea ambeti ya: koati pahukovoti ne kixotineye ituke hara ngixopinoe ya ihake vunae jesus: enepo he'uxinapa ra koekuti kuti koetimakamo ambeti xepakuke koane apetimakamo xunako vunae jesus youkeke yane kepuhika xepakuke ne akoti ikativexa isoneuke ne vahere ituke kiri'akamaka satanae komohiyea muyo motovatimo eopea itukeovoxo koati pahukovoti koane koyuseopeovomo motovatimaka apepeamo xapakuke ne kasasa'iupo ituko'oviti yaneko kaxe aukapapu vunae,Terena
10449,kobe lahaxe kaiboho fariseu mahadu kaiboho deuxu dee tewahinymahatenyke uriono debowio ao tetatenywana heka sohoji tewahinymahatenyte tule aomydyynareny aoworuroludurenyo tewyteny wana tule tewahinymahatenyte kia awire biwahinymahabenyke urile tahe teerytenyohyymahatenyte deuxu luuna deuxu obitina biwahinymahabenyke heka deuxu dee aomydyynao tii tahe awire tule nohoti losarenyomyke luuna obitina,Karajá
9332,upe ramo hesu oporandu ixupe kwery: —pene manduꞌa vyteri pa moises amyri heꞌi vaꞌekwe-rehe pejapo hagwa heꞌi ixupe kwery,Kaiwá
26687,kum idjapenhkam ne ba kritu kukwakam myjja pumunh ket kumex nhipex kritu kukwakam ije myjja nhipexbit dja ba 'a amijare me bajtem kute kaben mar ne kot amijo ba kadjy ne ba mema kaben jare na bam mema kaben jaren kot myjja kwy nhipex nhym me arym omu omun arym kaben man kot ar amijo ba metindjwynh karo 'ityxkot ne ba myjja pumunh ket kwy nhipex ne me punuo mex nhym me karo punu meo ba ba me neje me ano nhym me arym mema ire na bam myjja pumunh ket kwy nhipex nhym me te kute marma kam no tyn kume:x ne arym metindjwynh raxma kato ba kam kaj be mema kritu'a ujarenh ny jarenho iba: djeruxarekam arenho iba:n amu apynh pykakam me ba djari kuni kot o iba:n o inhipok ne ne arenho iba:n arym pykabe irrij'yr arenho box,kayapó
23728,nee bokatikara niiwa toho weera kɨɨre a'mara jerusalepɨ mahami tohakara niiwa,Tukano
23050,toopɨ kari ape nɨmɨ pe'e surara dɨ'poka me'ra wa'a'kara toota mahami tohati a'titikara niiwa jerusalepɨ naa yaa wi'ipɨta taha cavaloa me'ra wa'a'kara di'akɨ paulo me'ra yɨ'rɨakara niiwa cesareiapɨre,Tukano
14688,wara'acat cuy epeyaoka gu warara'acat pubut tak cuy epetujupa'um gu wuyeipi kukat epeya'omutorok gu dak cuy warara'acat ekawen mukereren gu dak cuy imen eyeku buje bit cedag ma kuka warara'acat ipiat o'supi'ajoat eywebe eyju cristo ebekitkit puye aca ipiatpi'ajojom pima bit eysusun gu juy epesop — bay ocecokcok cica cristo ebekitkit puye ipiatpi'ajojom ma'gu oceju — i bit cuy epe'e deus pe,Mundurukú
11168,apeles ꞌga upe nane je tejeꞌega monou nu mamaꞌeay upe ꞌga wapyteratanamu opoireꞌema kristu ꞌga rerowiar awi aristaporu ꞌga pytuna ꞌga nupe nane je tejeꞌega monou,Kayabí
22499,pahukoane erodi oposikoponoati akone inixapanahiko yane epemo'ikoane erodi ne hundaruhiko koyonoati kixoku koeku ina pahukoa erodi koepekeokonohiko ikenepoke neko koekuti piho ne erodi sezareyake ukeati njudeya kali ye'a koe kaxe oveaya,Terena
17922,hatyaoseta nexa haxaotyakiraharenai hiye: — aliyo xityakekone tyaonita nexa xakore hoka hakaharetyoahitaha exahe mairahitaha xoaha hoka nexahitaha: — xoare halitini ala exe hoka one hoholati xoaha hiye irae hoka aokitere akereta tyaonaha nexaha,Parecis
3473,jesus tyiguely waga agueontobyry galileia eynyna xina adakobaday jesus xinaram agueondyly tyiguely waga: — ura uguondo kaynapa aetyby yizepaom modo emaxi azegameoze ura akaemo ise yaen-honri yigueduo azaga emedyly nota da ega idyly waga ola ise kuraem witondyly — kely jesus tyiguely waga aguely tindatuo toenzepa kehoem ani xina itynwandyly,Bakairi
8826,ky tog simao pedro ta jun mu ge ti pen kugpe je ha ra pedro tog ti my: a pi je inh pen kugpenh ke muꞌ” he mu,Kaigáng
14988,o'ju jesus ikabogatka dag ika'icatka dag tak o'ju agoka watwat mutaybitbin judeuyu deus eju kawenwenap'a be imutaybitbin o'e deus soat kukanap o'guwenuwen soat pe- -kawen idipat imen ma imutaybitbin ip oeku ibomaayu mu'ada'adam oeku: iwataxipipiayu ibaca'umayu dak- -soat mu'ada'adam oeku itabotaidabotbot ma iboka watwat kay jesus osunuy yaguybabi'um osodop puye ovelha buxim ip jekukat'um pima ip imenpuxim ika beacat ikukuk'ukat'umayu osodop ip ka'umgu ibuywatwat'ukat puye,Mundurukú
7363,—‍kiroki ga ndokopotari nhiremimbo'eharamo tajijukayme ti ga javo – ga po ti omano ogwovo hahyva'ea ruvihava pype nehe ei jesus'ga —‍kiroki ga ojipe'ga ga jukai ga jikoga gwaramo ji rehe – omanore po ti ga oho upa avuirama tupana'ga pyri nehe ei jesus'ga,Kagwahiva
17880,hoka  tahi atyo niraehena hoka nohinaehare terota atyo exahe hakita nokakoi kahinaetya maheta xiso hoka exe wihinaeharenai tyohenerenai exema atyo tyakekohatiyenai xaxikala exahe waiye aiminisahitaha cristo,Parecis
14541,obure cug ma kuka o'e owebe “kuyjobin cuy eguy wa'o kay” i'e am ewebe cristo kay wuyetabut puye — kuyjobin cuy eguy wa'o kay — i'umgu on pit e'em ewebe wuyewewekug wuykukpin puye — ekpiwan ma ecekuyjobin wa'o kay kuyjobit pin pima aca — i on pit e'em ewebeimen on e'em ewebe cristo a'obi ma'gu on daomunmunap'a be on gasu jesus cristo muwenuwen cuk adi ojekuku buye,Mundurukú
5987,haꞌe gui jesus aipoeꞌi guemimboꞌe kuery pe: — haꞌe nunga rupi xee aipoaꞌe pevy: pendepyꞌa eta rei eme pendekove re nei peꞌu vaꞌera haꞌe penderete re pemoi vaꞌera re guive mbaꞌeta penderekove ma tembiꞌu gui ovareve haꞌe penderete ma ao gui ovareve,Guarani
6442,jiɡidaaɡee ǥoniotagodi me iiɡe niɡina ane yatemati natematigo anele anoyalaɡatalo ǥoniotagodi niɡidi leeditibige modibatege anoyopotibige miditaɡa oko anoniiɡaxitiniwace,Kadiwéu
21980,karape wato­py­huꞌat iesui mohey haria wati­po­wyro kahato hary­poria yt wati­mohit i iꞌewyte aiwo­ꞌo­mo­typot hap yn pyno ti tupana tunug hary­poria ihainia eturu­ꞌokpy kawiat maꞌato iꞌewyte pywo kahato torania ihainiaꞌin tuwetem toty ymye pyi ainug hat sese maꞌato tupana sio aito hary­poria sio ihainia,Sateré-Mawé
3856,apa ezay asewanize mataymo inepa awientaunga itymo maungukehomo ese todopazeba itaunga,Bakairi
15597,ti hyb nꞌaa wakan haa takꞌep ta ha kamejuu do taah nado eer takꞌep mosees ky nꞌaa jawꞌyyk do mejuu do nado eer tahanang pe tii baad hawat do taah kamanejuu do nahoop do taah eer pꞌop haga do taah er hado dak ta ha er hꞌyy kaꞌeeh do hyb nꞌaa tahanang pe tii er tawen gadoo takꞌep er we taky enyym do hyb nꞌaa nesꞌaa ne paawa eer,Nadëb
14083,imenpit ijoceayu mutaybitbinap ekawen muwenuwen on cebe ip jeakag ip inaka ijojom gu ip wekawen pa'arem cexe ip wekawen cocom ma'gu ip — io'e jesus  beayu be,Mundurukú
17177,hatyaoseta jesus atyo waiyehena kaharehena atyo halitinai ehaliya makere hohisakoita hoka exehatyahalikisase hiye nexa: — isekohaliti masemakalahare mairaenehare hahikoahetehena exe xoimahaliti nonitata hoka waiyehenaira ehekota hehatyahalikihititene — nexa,Parecis
4950,aze awa umano eteaꞌi aꞌe nehe umumeꞌu putar umaꞌe hezar pyram aꞌe nehe wanam wanupe aꞌe nehe umuapyk kar wemimumeꞌu kwer pape rehe nehe xo imano re zo ianam upyhyk putar imaꞌe kwer aꞌe wa nehe — hemano re pepyhyk putar hemaꞌe nehe iꞌi putar wanupe nehe aꞌe rupi xo imano re zo upyhyk putar imaꞌe kwer wa nehe,Guajajara
1981,korma me kot ixpir ket ri na pa pre me kot amnhi tomnuj xwynhje kuta amnhi to htyx o ixpa amnhi to htyx ne ri ixpa kama ixtyk jakama nhum inhipeexa akupym ixto ixtir ne akupym amnhi wyr ixto api hamri ne amnhi nhihko ha me ho amnhiptar a hkri xa kama inhyr pa ixkri ho ixkri ne ihko ha me piita me ho amnhiptar o ixkri ta kot kaj me ato ixpyra ne ate amnhi tomnuj ne amnhi to htyx ne ne inhma hpram xa hkot pix ma amnhi nhipex raha ty ha kot paj amnhi pyra ne wa ixte me ato amnhiptar a ixkri xaja kama amnhi nhihko ha me akri ka me wa inhihko ha wa inhma me ho amnhiptar o akri,Apinayé
12720,tikoꞌman pe puꞌkuru pra tiikoꞌmami tipo miari attiꞌpi miikiri witiꞌpi galacia pata poro moropai frigia pata poro miriri yai tuuti pe innape jesus kuꞌnenan meruntitannipiꞌpiiya iniꞌ panpiꞌ,Macushi
16410,txa²­wa³­ta³­xai³­ txa²­wa¹­su³­na²­ yxo²­i²­i¹­nha²­kxai³­ ain³­kxi²­se¹­la²­ kris²­tu³­jah¹­la²­ a³­yu³­txi²­nyhu¹­sxa³­ yxau³­ki³­sa²­kxai³­ i³­nxu²­kwai³­lxu¹­se¹­la²­ nxe³­na¹­jutsu²­ u³­wha²­li¹­le¹­nxa²­ha¹­wa²­ wan³­txa²­ u³­wha²­li¹­la³­kxi¹­nxa²­ha¹­jau³­xai²­na²­ ain³­kxi²­san¹­jau³­nu³­su²­ yxo²­i²­nxa²­ha¹­wa²­ nxe³­kxa²­yu³­su²­ a²­la²­ kai²­non³­sxa³­ wetsa³­tu¹­xa¹­ nxa²­ha¹­nha²­wa²­,Nambikuára
8045,ha ky ajag tog venh kapugpov ky nyti ajag ty jagne to ju nytin ky ha ki ajag tog epra ke jykre han ti ha ki ajag tog ti ty jagre tu nyti ve ni,Kaigáng
