index,TEXT,LANG
20661,ahatukytsa humo pykyhytu tahaktsa kytsa asahi sesus humo tsikaeni zuba sispirikpotsa hi: — o deusbyita hyrikoso suknihita disahawy humo ka batu hauk zikaha ana sidisahawy ty hauk zeka batu wasani my — maha iwatsahi ikiahatsa siokzeka batu sidisahawy ty hauk zikaha tsipiboronaha zeka mysimyiwynaha iwa ahasopyksapybyi tsimaha ikiahatsa hi: — o katsa deusbyita wahoro bo zeka ana mydisahawy deusbyita bo nyny nikaranaha ana ty hi mymydisahanahaktsa deusbyita hyrikoso mahani iwatsahi tsipiboronaha iwaze atakta sesus kiristu humo tsikaeni zuba tispirikporeta ahabo iktsa myze atahi: “uta niwatihi ana disahawy pihauk zeka wasani my” — my atakta batu ihumo batu wasani my deusbyita hyrikoso zoknihita disahawy babaha mytsaty myze ihumo batu wasani pihauk ihumo deusbyita isopyk,Rikbaktsa
8232,pedro ty eg jyven vaha sog u ty jesus ki ge ky nyti ag to paꞌi ag jyven sor mu ha me ajag ri ke inh ni isy ty ajag kom u ty jesus ki ge ky nyti ag to paꞌi jen ky cristo jagtar ve ja inh ni ge ha ra ti venh ven man ke kura en ka sog ty un mag jenh ke mu ge,Kaigáng
11962,—mamaꞌe mu je amomeꞌu pe nupe pe muꞌjau pemotaꞌwa are— ꞌjau ꞌga oree —ꞌwyriara ꞌga amu nipo ꞌjau ojeupe oporowyky maꞌe ꞌga nupe: “peꞌje jeremiayuwa ꞌga nerua jee taje mepy ꞌga ꞌjau kwaiwete ako ꞌga jekaraema rerooi imepyaweꞌem aiꞌi aꞌeramu ꞌawamu pejewau ꞌga nerua je mepyawamu” ꞌjau ꞌga ojeupe oporowyky maꞌe ꞌga nupe— ꞌjau jejui ꞌga imomeꞌwau oree,Kayabí
25697,iwana isazei'wa nori ha iwe na te sipa za'ra o di ta nori si ma to tiwe na inhipa za'ra tane nhere ma to ipisutu zudezu'o nori ma te tama 're wasu'u za'ra mono da iwe ha sa'ete na cristuhu ma 're ihaimana mono ha dama ama 're isopru mono zeb da ha,Xavánte
7231,mbapavamo paulova'ea okwatija tessalonicapeva'ea pe nhandepojykaharete'ga onogatu ojiheve'ga py'a nura ore ei: ga tuhe ti tonogatu pepy'a jipi ite'varuhurame pe me ite'varuhue'ymame pe me ti ga tonogatu jitehe pepy'a jipi toko ti ga pe pavei nhaporemo oro'e ore kiro ji tuhe pauloramo ji ei ikwatija pe me pehepia ti nhirembikwatijara papel rehe naha ji ikwatijari jipoa pyvo inoga jirera papel rehe ikwatijarame ojipe'gape'ga pe naha ga ikwahavi paulo'ga tuhe ombuhu gwembi'ea nhande ve javo kiro ore ei: nhandepojykaharete'ga jesus cristo'ga ti tomombyry pe me nhaporemo,Kagwahiva
8783,epy ri ke ti ni ha me ta ty ti kri kute ky ga mran ky eg jakre tog mog ha han ti eg ty ga ha ki ti kran ti ky eg ty epy ha ri ke nytin ky eg ty tope my venh jykre ha han ky tog eg ve ha han mu tope ti epy u tog ha ra koreg ni ky sonh ha tog ki munmur ti vanh ti ke ge ky tog mogmog konan ti sir eg jakre ti eg ty epy koreg en ri ke nytin ky tope vy eg tovanh ke mu sir ky tog eg my vi konan han ke mu ky eg kejen pur ke mu kura en ka,Kaigáng
3856,apa ezay asewanize mataymo inepa awientaunga itymo maungukehomo ese todopazeba itaunga,Bakairi
25301,tawamha 'ri nho'omo ama danhib'apito pazapari'wa ha ma to dazadawa uwati ari'iwi dasi'ubumro da tawamha dawarota'a wapsi te oto dama roti ane: — epezu ama 're ai'ubumroi wa'aba mono nori iwapari pese za'ra wa'aba wa nori ha ame epezu ama 're iwasi'ubumroi mono ha di'ana ha iwaihu'upe 're isa mono ze ha wa wa te 're 'mada'a pese za'ra 'ri ha di'anaha haiba ne ete 'manhari ha haiwa hawi wateme we iwapta ha taha zama wa wa te 're 'mada'a za'ra ame,Xavánte
14065,yabugbug pima estevao o'jekawen jesus eju — okukukat jesus oje'u — io'e — ekay ojot — io'e,Mundurukú
9963,jaikove jevy vaꞌe rehegwa nheꞌe ha upei ou henda-py gwi saduceu kwery “ndoikovei-ma vaꞌera omano vaꞌekwe” heꞌi rei vaꞌe saduceu kwery ou oporandu hesu-pe: —mboꞌehary heꞌi ixupe hikwai —moises amyri omoi vaꞌekwe kwatia-rehe nhandejary remimbota ohai nhande-vy: “tykeꞌyry omano ramo oheja ramo gwembirekokwe naimemby jepei ramo tomenda katu tyvyry gwovajare-rehe upeixa ramo keꞌy raꞌy heꞌi moꞌa vaꞌera imemby ypy-rehe” upeixa voi moises amyri omoi vaꞌekwe nhande-vy kwatia-rehe heꞌi,Kaiwá
11878,saꞌa ae uꞌaga resaga weraweraw are aꞌere ꞌa ae ojesag ire awau ojepeꞌau jui aꞌeramu futat ꞌa ae ojemokaꞌjama nu nan ae jarejuwarete ꞌga porogyta renuwaiparamu enuwi futari numiamu aꞌere ꞌga nuerowiari te nuapoi ꞌga mamaꞌea ꞌga jeꞌeg imu naeaꞌaruꞌjawi ꞌga ꞌga porogytafer are,Kayabí
19810,nao sou mais digno de ser chamado teu filho; trata-me como um dos teus empregados’,Portuguese
4258,aze pezeamatyryꞌym nehe peho zo tuwihaw uzeruzar ꞌym maꞌe huwa rupi nehe peho zo pezemonoꞌogaw pe oho ꞌym maꞌe huwa rupi nehe,Guajajara
18306,honari ja'dini fori hiki hida ariabono akanakaidivakhamavini kodiva'ahi a'onira onakaidivaki ho hihida honari ja'dini hirihi hida a'onira okajirihivini hiki jesus varani hina-ra avakamithabiininivini vani avakapoari'ia hida honari 'bo'da oamani hida honari avakamitha'iki,Paumarí
4796,naꞌe zuaw aꞌe uzapo amo uzeꞌeg izupe aꞌe — nan iꞌi izupe — ihe ae aputar hemuzahazahakaw ihe iꞌi zuaw zezuz pe,Guajajara
23654,mɨsa nii pe'tira nere wɨaropɨ apeye uukusere tɨ'o masitimira uukuka jesu cristore eho peotira sahaa boosama naa saha ehara mɨsa uukusere masitira “maatihira weema” nii boosama,Tukano
13560,—‍hu' xuxya yog kamanat noy ha' xanaha' xix kamanat noy ha' xanaha' tu moktu xohix tu 'om te maxap pu ham'aktux hu: “hapxop xohix te xiy xate ta nemen yumug xuxya pu'” kaxiy,Maxakalí
6779,pida ejitacaɡawatiwaji inoatawece ɡoneleegiwadi leeditibige moyemaa lodawa digo anee mepaa dinemaa codaa inatawece iwaalepodi leeditibige me deemitetibige lodawa,Kadiwéu
5907,haꞌe gui kunhague pe anjo aipoeꞌi: — pekyje eme mbaꞌeta aikuaa pee kuery kuruxu re omoi mbyre jesus pekaa,Guarani
19175,mesmo que eu julgue as minhas decisoes sao verdadeiras porque nao estou sozinho eu estou com o pai que me enviou,Portuguese
23094,jesu naare yɨ'tikɨ niiwi: —mɨsa niiro nohota elia a'ti mɨ'tagɨsami kɨɨ nii pe'tisere apo mɨ'tagɨsami yɨ'ɨ pe'e a'tiro niigɨti elia a'ti tohakɨ niiwi kɨɨre masa i'ya masitikara niiwa naa kɨɨre no'o ɨaro wee si'risere weekara niiwa kɨɨre wee'karo nohota yɨ'ɨ o'akɨhɨ makɨ masɨ weero noho ɨpɨtigɨ ke'rare pi'etika weerasama niikɨ niiwi,Tukano
19987,semelhantemente a lingua e um pequeno orgao do corpo mas se vangloria de grandes coisas vejam como um grande bosque e incendiado por uma simples fagulha assim tambem a lingua e um fogo; e um mundo de iniquidade colocada entre os membros do nosso corpo contamina a pessoa por inteiro incendeia todo o curso de sua vida sendo ela mesma incendiada pelo inferno,Portuguese
952,—osenuruhkara ehtoko jomiry poko imeipo ma aorihtya to esemanoko ropa mana emero porehme jomiry totase exiryke eya xine tutako ropa ma toto okepypo to esae mokaro ma kurako ekepya isene exiko ropa mana jumame orihpynome exiko ropa ma toto morarame pohno esemakapoko roropa mana yrome apoto konoto htaka toto emapoko mana jumame roropa tykase jezu eya xine zae jezu ehtoh poko —jamoreme ase toto onypokonohpyra ritonopo omi poe roke toto apiakako ase morara exiryke zae roke ase jamoreme pyra jexiryke jenehpohpo omi poe roke morohne poko ase erohnoko,Apalaí
20167,— o kazo ikia hi anamy ty kabo nyny tsiky ba aty tohi taja itse ziky ikatahi zuba kazo zuba niwatihi ba aty tohi taja kazo ziky ikatahi atse babata zuba zany asa kino mysiwatawy tsihikik iwa hy — niy,Rikbaktsa
19312,ele nos deu este mandamento: quem ama a deus ame tambem seu irmao,Portuguese
13251,ha pet te: —‍'amhok 'ate koit 'okpa 'amutik 'ukxok paya 'ayummug hok 'ate ham'aktux 'ohnag kaxiy ha tik xop xohix te: —‍ya hamun kaxiy,Maxakalí
298,toitoine kytamuruko joroko to poko toehse ritonopo omipona pyra otuhtoh konoto tyrise eya xine tynyrityako epataka tosemeikase toto epataka ynara tymerose ritonopo omiryme pake moro poko “typorohse toto tynyritya epataka totuhse toto eukuru tose eya xine roropa mame towose ropa toto watohme” me tymerose mokaro sa pyra sehtone joroko to poko pyra sehtone ipunaka,Apalaí
15133,tii ba da pꞌaa henh be mahang y bawat ba takꞌep kristo jesus we be hꞌyy gadajang da hep y nꞌaa,Nadëb
5102,mbaꞌemo re jajerure agua re ijayvua povaꞌe ayvu pee kuery pe ambopara peikuaa agua pendere tekove mara eꞌy oia nhanderuete raꞌy rery rupi pejerovia vaꞌe re ae nhanderuete re jajerovia vy jaikuaa avi ixupe mbaꞌemo re jajerure ramo oendu ꞌraa haꞌe oipotaa rami ri jajerure ramo,Guarani
2423,aaui okanani aua uatxa aua katana ikatikata iotikaaka iuaritika teoso nikatari aaui ininia apiata inikatai hite ikamamakatapitikai poiaonoka hite auikari teoso sakire ikara xika maerekaxiniretinoka hitxa,Apurinã
21706,— pywo mana ekywyt irasaru toineꞌen i raꞌyn e,Sateré-Mawé
17152,pascoa xowakehena hoka pilatos aihikoahitita hatya berexoakota halitinai xaxane ximita hoka nikare irae hatyaoseta tyotya halitinai kawiyahenaha: — barrabas haihikoahetehena womana hoka hatyo haliti xaisaka haohena — nexaha,Parecis
21388,uhaki­ꞌytꞌin uhaꞌy­ruꞌin eiweꞌeg wo o wetup sehay pupi eiweꞌeg wo o eimaꞌat hap pupi waku nug haria waku pe tukup­teꞌen tupana wanetup hawe aikota aika­ꞌiwat toineꞌen waku pe tupana wanetup hawe hap ewy,Sateré-Mawé
1955,no me kot tirtum kaper o hex o me pa xwynhjaja ker ka me hkot ri apa hket ne ne me kaper mar ne ri me hkot axam hket ne na htem me kaper ma ne me hkot amnhi nhipex o pa ne kam tirtum kaper mar pram ket ne ne gaa ne te kep mar pumaj amnhi jamak pro pyrak o amnhi nhipex,Apinayé
1687,na ka htem me papytar xwynh pahihti jejus kris kot ri amnhi nhipex o apa ta ker ka me ari hkot amnhi nhipex mex raha ho ri apa ne hkot amnhi xunhwyr tyx ne ker ke amnhi ta me apumu ne memoj to me akuta nojaret ne krisja mex o mex ne hihtyx o hihtyx ta ker pu me kam mex o mex a man harenh raha ho ri papa ta am ja pix ixpe simaw petre na pa a me ama ja ha kaga ne me awyr menh ane,Apinayé
9559,upei omoi hesa ari opo: —xe reroviaha-rami pehexa pora katu heꞌi hesapyso eꞌy vaꞌe-pe upe ramo hesapyso pora-ma ha hesu ndohejai omombeꞌu ojehegwa: —erekwera hagwe anike eremombeꞌu mbeꞌu tei avave-pe heꞌi ixupe omanda pohyi-vy ha okwera vaꞌe katu ojoko ramo jepe ixupe ose joty oho-vy omosarambi raꞌe opa-rupi herakwa oho joty opa-rupi upe yvy-rupi osarambi joty raꞌe,Kaiwá
18142,irojia bihonariaha ada kidihonai abono tiago-ra naabinihavini  ka'aajo ada tiago oniaroa tarasara fori hikia iroji kahonaia bisaka'aha ada tiago abini'aha,Paumarí
17303,hatyaoseta nicodemos nexarexe makiya xane iraehenere jesus kakoa nehena ihiyeha: — wiyaotyakisakaho hiyeta atyo maisa haliti waberexotyare rota wasema hotohare atyo iniraene exahe etahi akiti hoka waberexowita — nexa,Parecis
16679,yxan¹­ta¹­ kxan³­ton³­tau³­a¹­ txai²­na²­ su³­na²­ a²­hxi²­kan¹­ta²­ si³­yxau³­tau³­lotsa²­jah¹­lo²­na¹­xai²­na²­ khauh³­lxa³­txi³­sa²­ju³­ta³­nu³­a²­ yu³­tu¹­wi¹­ a²­nu²­a²­ i³­sa³­e²­ hxi²­kan¹­txi³­su²­ te²­a²­ su³­na²­ sxi²­ha²­ wa³­nxin¹­te²­ si³­yxau³­tu³­ka³­txi³­su²­ te²­a²­ ha³­teh³­nxa³­nxa²­ a²­hoh³­lxi³­su²­ te²­a²­ nxe³­sxa³­ te²­nau³­xa²­ i³­yen²­ta³­kxi²­sai¹­nha²­kxai³­ i³­su²­lha³­si¹­sain¹­tu¹­wi¹­ nxe³­nu²­la²­ ha²­wxan³­txa³­ ye³­ha¹­li¹­ ka³­na³­ki¹­ a³­lan²­ka³­tu³­ ka³­ten³­su²­ i³­sa²­yxau³­xi²­na¹­tu¹­wi¹­ je³­su²­jah³­la²­ nxe³­ta¹­hxai²­he¹­la²­,Nambikuára
22028,yane hara kixoa ndeapu: —‍enepo itikapuxo koati kana'uti xe'exa ituko'oviti pehuka sa'iri'okopeovo paum ra mopoi,Terena
16756,wxa³­sxa³­ i³­ye³­ya³­te³­nah¹­lxi¹­: — je³­su²­jah³­lai²­na²­ wan³­txa²­ ain³­kxi²­si¹­na¹­he³­li¹­ nxe³­sxa³­ ain³­kxi²­si¹­na¹­te³­nah¹­lxi¹­: “hxi²­kan¹­txi³­ txa²­wa¹­su³­na²­ sxi²­ha²­ sa²­nai¹­a¹­kxai²­nan²­tu³­ ha²­wxan³­txa³­ ye³­ha¹­li¹­ ka³­na³­ki¹­ a³­lan²­tau³­a²­ u³­txo³­nxi²­na¹­tu¹­wi¹­” nxe³­jau³­xai²­li²­ ain³­kxi²­si¹­na¹­he³­li¹­ in³­txai²­li²­ nxe³­ya³­ta¹­hxai²­he¹­la²­,Nambikuára
4944,— eho zo katu pe nehe ehem zo tapuzuhu wi nehe ywy ipuku haw hagaw pa nehe taꞌe tupan aꞌuaꞌu wamuwete har wiko aꞌe pe aꞌe wa xe iꞌi ihewe — umumaw putar  zahy aꞌe pe wata pa wa nehe iꞌi ihewe,Guajajara
23108,mɨsa “yɨ'ɨ pakɨ tiropɨ wa'agɨ wee'” niika tɨ'o tohapɨ “be'ro yɨ'ɨ mɨsa me'ra niigɨ a'tigɨti taha” niika ke'rare tɨ'oapɨ yɨ'ɨ pakɨ yɨ'ɨ yɨ'rɨoro niimi mɨsa yɨ'ɨre kɨɨ tiropɨ wa'ase kitire tɨ'oapɨ teere tɨ'ora diakɨhɨta eho peora purika e'kati booapa,Tukano
26241,karo kute ar ajo bakam djam metindjwynh ar ajo o apenh kajgon kum ar akuren ar ajo ajke gar ama uma: ar aba kati karo kute ar ajo bakam metindjwynh arym ar ajo krakumrex gar ama ki:nhkumrex ne kam kum “djunwa” ane mebe idjaer kabenkot ne me kum “aba” ane nhym be me bakabenkot ne gwaj kum “djunwa” ane,kayapó
7868,pe nhaporemo ki a'e te pekwaha a'itituheva'ea cristo'ga mombe'ua a'ereki cristo'ga omondouka tupana'ga ra'uva pe pyri tokwaha ti ga javo,Kagwahiva
18775,hari vadanoki adani deus ibavi kaija'arini vakadibadani danoki jaboni vadanona biaradaki ida deus athi ka'ojomo'iva abono 'badara vadanona kaba'i deus ibavi kaija'arini deus viaha vahojana ni-va'ora vakanavaranihaki adani ija'ari vanokiariki nama vahojaki varani jaharikia ni-va'ora avanaathidanoarariki jaboni,Paumarí
7846,tupana'ga moiruamo ore ehetei pe me a'ero: tupana'ga pe aro hete imombyryva pe me peko hete ti gapyryva rehe pejikokatuavo a'ero tomombyryteheyme ti ga pe me,Kagwahiva
15859,tamawoob he kamarab tabaym do tii ba ti mꞌ takaren tagatseg so paawa marakate go sirija haj nꞌaa henh hahom doo go tagatseg so pooj je heen nꞌaa nyy dak judah buuj rano nꞌaa masoo do ha ti hyb nꞌaa tahyb nꞌaa newe dak tababaaj hom masedonija haj nꞌaa ba tabes doo me ta tyw nꞌaa,Nadëb
24939,natac jesuspa casha mananam imapis ucamanchicchu sinalachicusha utac mana sinalachicusha cashanchicpis; ashwanpa payman chalapacushallanchicmi puydin chayura chayta camalaycachishun juccunata cuyayninchicwan,Urubu-Kaapor
3098,cafarnaumda jesus xira modo aguely ata tadatadyguyho oday tienomedadylymo ume,Bakairi
23663,kɨɨ toho weeka be'ro naare niikɨ niiwi: “a'te dii me'ra o'akɨhɨ masare ‘toho weegɨti’ nii'kere masi no'o'” niikɨ niiwi apeyere moise o'akɨhɨ wi'ire a'tiro weekɨ niiwi nii pe'tise tii wi'i po'peapɨ o'akɨhɨre eho peora naa kɨosere dii me'ra weheste peokɨ niiwi tiitare o'akɨhɨ dutise a'tiro niikaro niiwɨ dii me'ra o'akɨhɨ wi'ipɨ niisere kɨɨ i'yoropɨ ayuse toha dutiro weheste peo no'okaro niiwɨ weheste peoya marika o'akɨhɨ masa ya'aro wee'kere akobohotikɨ niiwi dii me'ra di'akɨ o'akɨhɨ masa ya'aro weesere akoboho no'o',Tukano
11626,kwaiwete ꞌga ojekyita ꞌga newiri awau —siesak ꞌga jukaa ꞌjau— ꞌjau ꞌga ajaupe aꞌeramu ꞌga ojekyita ꞌga rewiri awau kujamera ꞌga nane awau jejui ꞌga rewiri awau ꞌga ajaaꞌwau ꞌga ree: —esage maꞌe kia janepytuna ako kia okatuꞌok aiꞌi aꞌere wa ꞌawamu kia rerooi ijukau— ꞌjau ꞌga ajaupe ajaaꞌwau ꞌga ree,Kayabí
26272,nhym be ar ba ne bar ije mema metindjwynh kaben jarenhkam mramri mema kaben jarenhkumrex me kute ar ikaben markumrexja gwaj arym me'a abenma —‍mramri kute metindjwynh markumrex ga kute metindjwynh kaben markumrexja pumu mramri kabenkumrex ane nhym be me kute ar ikaben mar ketja gwaj arym me'a abenma kum —‍kati kute metindjwynh mar ket ga kute metindjwynh kaben mar ketja pumu 'exnhikumrex ane gwaj a amim me kabio anen arym mema bajapox ne arym me kuma me kabenkumrex jabej nar me 'exnhi jabej arym mema bajapox ne me kuma,kayapó
21449,tupana miꞌairo uruto tehay moherep hamuat miꞌi pytkai yt karape i urutoꞌe — uruto poꞌog tupana uruꞌairo yt urutoꞌe i iꞌewyte — uruto poꞌog imohey haria iraniaꞌin kai pote tupana uruꞌairo hap yt urutoꞌe hin i yt miꞌi ta ahehay hin i katu­pono uruesaika hap tupana ehay moherep hamuat yt tut i uruesaika hap kaipyi maꞌato tupana urumoe­saika tesaika hap kaipyi tomi­ky­ꞌesat nug hamuat tupana paꞌau tum tesaika hap uruepe yt uruwe­kaipyi hin i tut uruesaika hap,Sateré-Mawé
12970,asakiꞌne miaꞌ pona tiimoꞌtaiꞌnikon menka toꞌya jesus naipontiꞌsan piikaꞌtinenan pe tikoꞌman pe puꞌkuru tiikoꞌmanse pra judeuyamiꞌ innape jesus kuꞌnenan ena koꞌmannipiꞌpi arinike tiaronkon waniꞌpi miriri yai grego maimu ta teeseurimasanon pe moropai tiaronkon waniꞌpi aramaico pe teeseurimasanon pe miriri yai inkamoro grego maimu ta teeseurimasanon esiyuꞌpiti piaꞌtiꞌpi maasa pra tonpakon inyo isaꞌmantaꞌsan piikaꞌti toꞌya pra awani toꞌ yekkari ton ke eraꞌma tiuyaꞌnikon wenai,Macushi
14462,— biopak kug ipi kotkon pima cekorepen puje ipi kocap wakenwaken'i kuka o'e — io'e jesus pit — imenpuxim etabut am ebu'u bima te'e ma kuka ece deus soat kukukan je'e iap ekawen muwenuwen'ukan — io'e jesus,Mundurukú
18062,ija'ari vaipohiki jesu-ra vavaipohiha'aha galileia kaaraboni kaija'arini judeia kaaraboni kaija'arini decapolis kaaraboni kaija'arini jerusalem sidaji kaija'arini vihiki jordao vaini banininiaja vahojaki jesu-ra vavaipohiha'iki jaboni,Paumarí
7306,jiruva'ga ombojikoge'ymame po ga ndojikogi ji rehe a'ero ga jikogame ji rehe po ti ji ga mbogweravi gamanoa hugwi jijivyra'javame nehe ei ga,Kagwahiva
13437,'ukxape xop 'ate xa ham'aktux xe'e': 'ugmog putup 'ahah ya 'amniy xohix hak mog putup pak mog 'ohnag 'ahak mog 'okpa 'ate' xak nuy kama 'amoga' homa 'ate' puknog xop mogaha' nom xop te yoneo yog tikmun'un ha' puknog topa yog putat ha' mogaha' ya kaxiy 'ate' xak nuy 'amoga kamah,Maxakalí
3451,jesus tadasenagazedyly waga aguehobyry jesus aguehobyry tindatuomo myani tonlo modo nhapaiguelymo: — adara kaise xypyry iwaguepa idyly xina nhutuly ady kaise taenseim deus ety adakalagueoho odaji itybyem awyly xutuhoem — kelymo,Bakairi
12688,moropai warayoꞌkon tinoꞌpi kenankon panamauya siriri anoꞌpikon saꞌnamati toꞌ ekoreꞌmatoꞌ ton tepose pra mori pe eꞌti toꞌ yarakkiri,Macushi
12072,jesus pemonkono pe levi ena miriri tipo jesus epaꞌkaꞌpi miriri cidaderi yapai moropai attiꞌpi iniꞌri galileia kuꞌpi kaꞌ miari arinikon pemonkonyamiꞌ witiꞌpi iipia moropai inkamoro yenupa piaꞌtiꞌpiiya,Macushi
20347,abaka pepykbaka sesus tazikwy ziwatawyky zinymyrykynahatsa izikwy bo iktsa nikaranaha izororohotsa bo iktsa nikaranaha anasoho ba ziwataha papeu humo sisoho ty batu tywataha,Rikbaktsa
8209,ha ra tog pir ni tope kuprig ti ti pir ni ra tog nen u e tag hyn han ti ky tog to eg tar han ti ti ha ne to jykren ky: “tag tar han je sog ke mu tag to jo sog u en tar han ke mu en to” he tiꞌ ky tog vyrmy u tar hanꞌ vyrmy u tar hanꞌ he ti sir,Kaigáng
21476,waku poꞌog wati­mo­typot tupana aipyꞌa pe miꞌi hawyi waku watikat sehay wakuat aiwa­netup hawe yne miitꞌin wesat hamuat hap karape putꞌokꞌe wetup ok ahowawi hawyi toꞌe ahepe — kat pote etimohey iesui miꞌi hawyi waku wati­mo­herep iꞌatuepe aimi­mohey iesui ahehay perupꞌi puo yt kat i — uito poꞌog eikai aiꞌe hap wywo maꞌato aikota paaꞌe haria ewy waku wati­ꞌa­tuekyi miitꞌin aimi­mohey iesui kape,Sateré-Mawé
23840,naa weero nohota sacerdotea wiora moise oha'kere bu'era toho niika judeu masa bɨkɨra kɨɨre buhika'wa naa basi a'meri a'tiro uukukara niiwa:,Tukano
11515,—aꞌeramu ꞌga ꞌjau ꞌwyriara ꞌga upe: “naani kui kwaiwete ꞌga maꞌea kui teis ꞌga maꞌe pytuna kui” ꞌjau ꞌga ꞌga upe,Kayabí
4967,ywy rehe urehem mehe uruexak tata aꞌe pe imunyk pyrer ipira tata rehe imihir pyrer no heta typyꞌak no,Guajajara
6902,pida ica enoale niɡijo anodiotibece ǥoniotagodi joɡoyexaɡatinigi saulo aca etacani eloodo odaa joɡonikatinece ijo lawimaɡajegi nibaloote naɡani nigotaɡa onikatinicogi we odaa joɡoiwoko judeutedi,Kadiwéu
4433,naꞌe tupan heko haw pe har upapar hemiruzeꞌeg aꞌe wa taꞌe ipurumuapyapyk wer waner rehe aꞌe wa xe wanehapyka rehe aꞌe wa xe umumeꞌu waneta haw ihewe —  waneta haw aꞌe wa iꞌi ihewe kwehe mehe izaew umuzag  waꞌyr aꞌe wa taꞌyr umuzag waꞌyr teteaꞌu aꞌe wa no aꞌe tupan heko haw pe har umuapyapyk her izaew taꞌyr wazuapyapyr wanehapyka rehe aꞌe wa umumeꞌu waneta haw ihewe wa zuta izuapyapyr wa hu izuapyapyr wa no kaz izuapyapyr wa no azer izuapyapyr wa no natari izuapyapyr wa no manaxe izuapyapyr wa no ximeaw izuapyapyr wa no erewi izuapyapyr wa no ixakar izuapyapyr wa no zepuru izuapyapyr wa no zuze izuapyapyr wa no mezami izuapyapyr wa no iꞌi ihewe,Guajajara
17844,iniyalahare nomaseharenae atyoite maisa xaneta enore nawenakala  corint galat efes coloss — hoka kaxonaseriyenae matawatyarenai iniyalahare awaiyetitereharenae haliti faharenae ohiroarexenae enatyalolonae haholitaharexenae enore metalahare maniya tyaonitereharenae maoseratyahatiyenae xoaha atyo ite kaxawatyaka irikati enxofre kakoare kiritere koni nikare ite hoka hatyo kakoita hinamaki wainiha,Parecis
3206,nepyramo ola aituo myakawam emetobyry arala xuize odopadylymo jerusalemram tuguanse myakawam nhuinlymo,Bakairi
18965,vahararana vahojaki adani ija'ari vakabajadiki ija'ari vakadiania avakara'o'aha adani bajadi vabodi'baraha'aha: —jesus ivani ka'da'di i deus kaisai i bajadia avigaki ada aihotahi abono deua bikarona'iki oniani ida vara vakhanijanarina jesus va'ora kaabanivini hija,Paumarí
9111,nhandejary remimbota a-rami ani pehayhu eꞌy tei pende reꞌyi kwery-pe pehayhu meme katu hesu reroviaha-pe gwive pee kwery cristo reꞌyi voi upea-gwi ani pejohayhu eꞌy tei pejohayhu rei ae katu peiko-vy,Kaiwá
14781,kapikpig eyekariwa beam pima kuyjobin cuy epesop ya'o kay soat em cuy kuyjobin epesop eyekariwa a'o kay- -ixeyu xipan eykug pima waremtag eykug pima dak- -ya'odidim eykug pima ya'opurug pima dak,Mundurukú
15367,tiir ba naa marakate bahom toremajida ba tanu dang ta tii ba aa begꞌaas jesus ha hꞌyy kaꞌeeh do sa we set adeb ba aa tabꞌees sa sii,Nadëb
12854,miari antioquia pona teerepansaꞌ pe barnabeya iꞌ kaiꞌma judeuyamiꞌ pepin piikaꞌtisaꞌ paapaya eraꞌmaꞌpi kureꞌne mori pe paapa eꞌtoꞌ piꞌ aatausinpaꞌpi miriri yeꞌnen iniꞌ panpiꞌ toꞌ panamaꞌpiiya yairi tewankon ke uyepotorikon yapuri piꞌ toꞌ koꞌmantoꞌpe kaiꞌma miikiri barnabe esaꞌ pe mori yekaton wanni waniꞌpi innape jesus kuꞌnen pe awaniꞌpi miriri yeꞌnen mori pe awaniꞌpi innape iteseru waniꞌpi miriri wenai tuꞌkankon eturumakaꞌpi uyepotorikon pia innape yapurikonpa,Macushi
22910,enepone uha koeti ko'iyeovoku ipuhokovotihiko ho'openo motova koexokeokono kuteati ho'openo oti ho'openo yoneati hura kuteati koexoe yoko ho'openo ihae une koati itone xane yara poke'e heu kixea koexokea kuteati,Terena
9274,“nde raꞌy kwery cristo nheꞌe-rupi oiko” heꞌi ramo xe-vy avyꞌa eterei voi xe upeixa ne mombeꞌu ramo ndaipori xe mbovyꞌave vaꞌera,Kaiwá
24322,cuyashacuna caynu diosninchic cuyayamaptinchic'a chaynumi ya'anchicpis cuyanacunanchic,Urubu-Kaapor
5925,haꞌe gui ma aipoeꞌi pave pe: — xerupive oikoxe vaꞌe taexarai ojegui ae koꞌe nhavo togueraa ojeupegua kuruxu haꞌe tou xerakykue mbaꞌeta nomanoxei ete vaꞌe ma omokanhy ꞌra guekove haꞌe ra xekauxa omano vaꞌe ma ogueraa jepe uka ꞌra guekove ,Guarani
25699,tawamha ane te wama nhari za'ra: — tebe ha asiwi i'mai'ari za'ra wa'wa ha we 'mai'ari aba,Xavánte
10595,tiiboho heka anatakre tohodyyna hetowo‑ribi kobe bede dyynana iohomy kadeakreu inyo anarubunykeki kia deuxudeewimy tuu konohotinykre tii deuxu wiohedyydu raremy ixi‑di konohotinykre,Karajá
2251,xesosi apakapapiretari: —kakiti tiretiniano ikamari nisakire iaoka niri tiretariko iua niri nota pakini apokako iuamoni iuakata aauako,Apurinã
22921,ina kixoa nati ne ahinoehiko: “ike'akinoe heve ra'a koane vo'u ina kirika xapa eno hahakuti ovokumo iyokexoti yoko ngarututukexoti oe vo'oku eno tiveko koeku” kixoane,Terena
14574,ibo o'jebapuk apen deus ekawen muwenuwen'ukat o'e iap tag- -apen  kuyje o'e iap tag,Mundurukú
6477,odaa meetediogi “enice digawini inatawece niiɡaxinaɡanadi anodiiɡaxinaɡatece lajoinaɡaneɡeco moises niɡina naɡa ikatece aneotedoɡoji me iiɡe laaleɡena ja liciagi niɡina eniodi anani lotetenaɡanaɡaxi aneyate niɡinoa nepilidi ane diniwaloe odaa yakadi me diba niɡina ane gela oɡoa domige niɡina baanaɡa oxiiɡodi me yajigotiogi lionigipi jiɡidaaɡee niɡijo niiɡaxinaɡanaɡa yakadi me diiɡaxinaɡatece niɡina niiɡaxinaɡaneɡegi gela codaa me niɡina oxiiɡodi niiɡaxinaɡaneɡegi”,Kadiwéu
2426,kakiti oerekiniari atao minakati teoso manirekakiniti potakikari iua ipikata iposo atoko pimaakataikari,Apurinã
10068,jiary heka aa jiary rare yy tule jiary rare tyyriti juhuu rare tyyriti konana rare jiary heka juhuludu rare ihewoludu tule jiary rare ibutumy wahe,Karajá
22250,koeku itukeovo emo'u ituko'oviti no uti xepakukenoe akonikopomea omotova kuxea uti keusokinovi nokone uti,Terena
11436,jejui ꞌga ree taetu nipo jarejeꞌaa paweuje etee futat ꞌga ree janeruwarete ꞌga ojeꞌeg yau mua janee ymawarera ꞌga nupe janeruwarete ꞌga ꞌjau rakue: “tejeꞌega renupara ꞌga etee je amogy tejemiayuwamu” ꞌjau ꞌga rakue “jejeꞌega renupareꞌema ꞌga ki wyra tueroo mainana ꞌga upe aꞌeramu ꞌga ijukau wy monykya wyra rapyaw are aꞌeramu ꞌga iapyau ꞌga tywera mepyau jee” ꞌjau ꞌga ꞌga nupe rakue aꞌere ꞌga ꞌawamu ojeꞌeg yau muri janee “jeraꞌyra ꞌga amanu petywera mepyau jee aꞌeramu je pe mogyau tejemiayuwamu tejaꞌyra ꞌga pee erowiaramu” ꞌjau ꞌga janee jejui ꞌga jukaaw ipe ꞌga ꞌga ry rekoꞌwoka janee aꞌe are janeruwarete ꞌga janetywera moia jane wi waꞌyra ꞌga rerowiaaramu yma kai ꞌga wewirera ꞌga jukau rakue apeu ꞌga jukau rakue aꞌeramu ꞌga ry jekoꞌwoka ywyu rakue aꞌe resaka janeruwarete ꞌga ꞌjau ojeupe: “wewirera ꞌga kai ꞌga ajuka aꞌeramu je kai ꞌga rerekou tywea ꞌga ree ꞌawamu” ꞌjau ꞌga ojeupe rakue aꞌere ꞌga waꞌyra ꞌga rereko tywerukari ꞌga nupe jane ree aꞌeramu ꞌga ꞌga jukaukaa ꞌga nupe janetywera mepyawamu “tejaꞌyra ꞌga je amono ywy pe ꞌga tywera mepyawamu aꞌeramu je ꞌga rerowiaara ꞌga nerekou tywereꞌem ꞌga tywer are” ꞌjau ꞌga rakue aꞌeramu jane ꞌjau jupe: “esage futat jarejuwarete ꞌga remiapoa” ꞌjau jane jupe,Kayabí
12507,—aꞌki imakuiꞌpi kupiya emapuꞌti ayenya ya miriri yaꞌtiki moropai aꞌpuya niri imakuiꞌpi kupiya emapuꞌti ya miriri yaꞌtiki moropai yenunki imakuiꞌpi kupiya namai mori pe awani maꞌtikiꞌ siꞌma enen aakoꞌmantoꞌ ton eporiya ya mori pe eꞌtoꞌ yawiri siꞌma apoꞌ yaꞌ ayenumi paapaya yentai manniꞌ apoꞌ iꞌ pensa eesiꞌnipi ton pepin yaꞌ moropai ayenuya imakuiꞌpi kupiya emapuꞌti ya miriri ayenu ratai moꞌkaki moropai miriri yenunki poro pona imakuiꞌpi kupiya namai maasa pra mori pe awani taiken ayenu tiise aakoꞌmantoꞌ ton eporiya ya saꞌniri tiise apoꞌ yaꞌ ayenumi paapaya yentai —taꞌpi jesusya,Macushi
25755,— dure apito na wa za aima ama simire'e za'ra wa'wa ate danhib'apito te za dama 're 'manhamra isib'a'uwe nori ha dasi'wape 'manhari'wa nori ha te aha na 're si'ubumro  miu na ihaiba za'ra ha tawamha ma to apito haiba amoi wasu'u wapa danhib'apito ha dasi'wape 'manhari'wa ha te we u aha uptabi na te te simro tinhib'a'uwe ha  miu na u ihaiba za'ra ha tawamha dazo wairebe o re te za a'a nhamra isib'a'uwe ha dazada siptete za'ra zo dazada isiptete za'ra o na te te waihu'u za'ra wamha te za tinhitob'ru nori u da'mazato te te tama 'mazadawa wasu'u da isib'apito za'ra ma isitob'ru nori ha zahadu romha re te za iteme da'mazato we dasihutu to da dasi'wape za'ra to da ane apito na te aima ama isimire'e za'ra wa'aba ze ha tane izazei'wa 're anomro aba mono da mari ha asima 're sawi za'ra wa'aba mono o di za aipe'e 're mari ha aipe'e 're asima 're sawi za'ra wa'aba mono wamha izazei'wa na te 're aiwaihu'u za'ra wa'aba mono o di za — ane ma to dama waihu'u zezusi ha,Xavánte
873,—wekyry tomo kuetatoko pahne ehxiropyra ase ynyrihpyry poko ynamorepatya poko enara mame juteu omiryae pauru otururu etaryke tyya xine tymynyhpase toh emero mame pauru toturuse ropa,Apalaí
8436,ha ky ag vi jeme sor tug ni,Kaigáng
6981,niɡijo noɡopitibeci niɡijoa liiɡexedi joao odaa jesus ja yalaɡate  batista meetediogi niɡidi noiigi “ijo me emiitiwaji midi nipodigi ane yadilo ane diɡica niɡeladimigipi amiijo anemii awinitiwaji domigemii mawini ɡoneleegiwa ane diɡica baɡa niiticogi ane liciagi niɡina naanyogo ane igike niocodi amiina anemii awinitiwaji domigemii awini ɡoneleegiwa anele me dinixo de jeloɡoditaɡawatiwaji niɡijo anele me dinixotibigiwaji ane diɡica ananiaditema ane diɡeladetigi diimaɡa libinienaɡa liɡeladi niɡinoa inionaɡa-eloodoli,Kadiwéu
20728,abaka mybarawy ezektsa watsa batu mytsaty tsimykaranaha mypetu mysopyk: — o atakta tsimysapyreta wata — tsimaha — o ustakta imysapybyita wata my — iwa mytsaty byitaha tapara kiristu soho nawa mytsaty tsikykaranaha abaka batu tsiziakbatanaha zuba zeka kiristu mymyhyrinymyryky sesus kiristu humo myspirikporetsa tuze kytsa ezytyk watsa tsimoziknaha,Rikbaktsa
24189,“chaynu niptinmi moises madian malcata ayicula jinalculmi chaychu yachala juc-ladu allpachu mana lisisha chaychu walmiculculmi ishcay chuliyu cala,Urubu-Kaapor
20031,wastuhu kytsa mysoho humo siharereziuretsa ustsaktsa batu mysoho humo batu siharereziu mymysapybyrikinaha mektsatu kytsa tihi: — o pauro tuktsa simysapyretsa — maha ustsa: — o pauro tuktsa batu mykparawy — maha iwa my katsaktsa wasani tsimykaranahaze batu isty myi amy ty wasanikia ty zuba tsimytsasokonaha iwaze kytsa mysoho — asaktsa sispihikbatakatsa — maha,Rikbaktsa
2197,—ikara inakari pimarotini ikapani iteene pimixinikariko kinirepa ikii setxi aua kotxi otanoxiratari setxi apaka aua oa sito topakanata iua otanoxiratari nopini,Apurinã
1821,jar me pahpiita me paxahpumunh tohtuj anhyr o pakaper jakama na pu htem korma tirtum kaper jarenh tohtuj anhyr o ri papa,Apinayé
6,tymokomokakara ma enahpyra amaro xine yrome okyna pyra ase amaro xine orihnoko ase,Apalaí
17460,jesus waini hatyaoseta totahikoahena hoka makalirohena hakakoare waikohekoa heko makaliro tyaona makakoa kijiya,Parecis
2081,sasetotxiakori auite apiatakari iroa teosonani auini pakitaataa ikinikanani iuasaaki anikari piratxi areka kristo ikamari ikara atoko atikatika kristo oxiketari iareka iua ninoa atoko inaakamako itokata imisiritaakamako itixi kamikosaakipekamako uatxa imapotokire oti takote iua apokapeka maerekati atikatika imakatxakini ikapani iuaka isikaua ipinini ikapani amaerekani ixipokini ikapani,Apurinã
25270,e tawamha ubure mari iwasede ha wazada 're ihaimana za'ra mono zeb zarina te za cristu te te 're iwa'azawi pese mono ze ha wawi 're si'utori za'ra mare di ubure mari na da te wama 're rob'manhari wasete za'ra mono da nhere ta ha te te 're iwa'azawi pese mono te za te te 're wa'apawapto cristuhu si wanhitob'ru nori ama wa te ama 're ai'ute pese za'ra mono da ubure mari ha wazada 're ihaimana za'ra mono zem hawi 're ihaimana u'asi mono ha tinhimizawi pese ze ha te te wawi 're i'azani mono da ha mare di ane na sena na wa to isina waihu'u wa ha wahaiba re re 're wahaimana za'ra mono wamha dure oto 're wada'a za'ra mono nhere tinhimizawi pese ze te te wawi 're azani mono o di za dure ihaiba'o nori ha isib'apito nori zama te te wawi 're sani waihu'u za'ra mono o di 're ihaimana u'asi mono te te 're iwa'azawi pese mono ze ha dure a bata na mari ha wazada 're haimana za'ra mono 'ru te te te wawi 're azani mono o di za tinhimizawi pese ze ha 're ihaimana u'asi mono ha dure niwamha ubure mari ha za wazada 're haimana za'ra mono 'ru te te te wawi 're i'azani mono da ha mare di za to ubure mari ha haiwa na 're isimasa mono ha dure ti'ai 'rowi 're ihaimana za'ra mono ha te te wawi 're sawi waihu'u za'ra mono o di za 're ihaimana u'asi mono nhimizawi pese ze ha ubure 're ihaimana u'asi mono te te i'apoto mono ha niwamha te te wawi 're sani waihu'u za'ra mono o di za to isimizawi pese ze ha robaba uptabi di wanhib'apito cristu zezusihi ama si 're wanomro mono wa te te 're wa'azawi pese uptabi 're ihaimana u'asi mono ha one u'asi,Xavánte
13036,ha paniye xop tep-tup nog xix hamyummug xop tep-tup nog kamah tu tik xop yikopit nom xop te yeyox mutik hapkumep xop hu: —‍tep tu 'axit nom tayumak pop xop mutik xix tik kummuk xop mutik xit kaxiy,Maxakalí
6967,odaa aneotedoɡoji eliodi me idiwe-eeniɡide le-eeɡodi managi adaliitiwa ano-oota ma-aami eliodo iniwa-aagodi,Kadiwéu
19511,ouvindo as suas palavras alguns dentre o povo disseram: certamente este homem e o profeta,Portuguese
16816,fa³­ri³­se²­a²­ nu³­ka³­txi³­su²­ te²­ i³­nxai²­na²­ wxa²­e¹­nau³­ai²­na²­ wain³­txi³­ ain³­nyhah¹­lxa³­nha²­kxai³­ ye³­han³­kxa²­ ya¹­yxah³­lxi¹­lxi¹­ a²­wi¹­lhi¹­na²­ txa²­nu²­ ka³­ne²­ke³­nai²­na²­ pra²­ta²­ka³­lo³­ai²­na²­ a²­e¹­nau³­ai²­na²­ wxa²­hi³­lxi³­sa²­nin¹­ka³­tu³­ a²­txai²­na¹­ a³­nhxan³­ka²­ti³­nu³­nhi³­nxna³­li¹­,Nambikuára
5789,penembyte ikuai teve imbaꞌeaxy vaꞌe toenoi haꞌvy igreja re opena vaꞌe kuery haꞌe vaꞌe kuery senhor rery rupi azeite oikyty reve ojerure agua,Guarani
24210,“chayura ama ‘imactala micusha imactala upyasha imawanla mudacusha’ nil llaquicuyalcaychu diosman mana chalapacucunallam chaynu wanupaculcan amcunapnatacmi icha janay pachachu ca tayta diosniqui ima pishipacushayquitapis yachayanna,Urubu-Kaapor
7992,akwaimbae'ga po nonhakagahovi hamo a'ereki tupana'ga oapo akwaimbae'ga oji'java'ero gandeaporogita tupana'ga reaporogita ja kunhangwera'ga ki a'e te gandeaporogita akwaimbae'ga ndeaporogita ja tupana'ga ndoapoi reki akwaimba'eva'ea kunhangwerava'ea ra'oa pyvo ga oapo kunhangwerava'ea akwaimba'eva'ea nharukaga pyvo hako na jitehe tupana'ga ndoapoi akwaimba'eva'ea kunhangwerava'ea pe ga oapo kunhangwerava'ea akwaimba'eva'ea pe topoko ti hea ga javo hako,Kagwahiva
24495,“ishcay cara fariseocuna pasaypi yachachicucuna ¡imala bidayqui can'a amcunam ulayta wichayta silup sapincamapis curricachapacunqui ima-nila atiniquicunactapis ashipacunayquipa chay talishayquicunata amcunapipis suma mas finunnin satanashpa chulinmanlami muyuchipacunqui,Urubu-Kaapor
10525,inyo aitxenadyyomy boibeke ityhydyydu atysyna nihiky juhuu kanakre idi tahe kia txu kanakre juhuu habu ibinatyhy kedexideosinykre heotybedeluduo tii rare tii ibutu deuxumy oludunadu rarekre deuxumy iny rininire mahadu wahe ibutumy alana aomydyynana riatykre deuxu dohodyyna hetowo‑o ralore tahe deuxu weselemy ronykre iximy rarybekre tii deuxu raremy,Karajá
13956,tu yay yog mutik hapkumep xop pu ham'aktux hu: —‍tikmu'un te 'og ham'aktux 'apak tu' yipkox pip puxik mun pu yipkox pip kamah yay putuk yinmun tikmu'un te 'ap-tup nog puxik mun putup nog kamah tikmu'un tek mun putup nog puxix topap-tup nog kamah nom tek mun nugkutnaha' ta tu' kux kaxiy,Maxakalí
3677,silas myani paulo induakely tagonroem axiguelymo irayna antioquiada jesus einwanni modo adakezemo myani deus aga xuramoem: — aunary egatuze asaemo idaly pyma eagamola ika xuahuzemo — kelymo myani aguepygueduomo myani paulo silas wara idaly siria einka cilicia einka wara myani sakadylymo tainka lelaba myani jesus einwanni modo nhomazeandylymo,Bakairi
16478,nxa²­ha¹­te¹­ sxi²­ha²­ au³­txi³­ si³­tah³­xan¹­thi³­nai²­na²­ sa²­kxai³­lu²­ a²­nu²­a²­ wa³­nxin¹­ti³­ i³­ye³­uh¹­jah¹­la²­ i²­li³­te²­a²­ hai³­txi³­ a³­wih¹­to³­ta¹­hxai²­nxa³­he¹­la²­ wa³­nxin¹­ta²­ hxi²­kan¹­jah¹­la²­ so¹­lxi³­ a³­lan²­ta²­ kwe³­kxa²­ ko³­ka³­na³­ka³­natsxa³­ a³­wih¹­to³­ta¹­hxai²­he¹­la²­ nxe²­ a³­wih¹­kxai²­nan²­tu³­ ka³­yxuh³­xa²­ a²­ti³­ha²­yau³­xa²­ hxi²­te³­nha²­nu²­la²­ txa²­wa¹­su³­na²­ u³­hu¹­ta¹­hxai²­he¹­la²­ a²­ko³­nxe³­ti³­ kai³­nha²­ju³­ta²­ sa²­wa²­su¹­si¹­jau³­sa²­ nxe³­nu²­la²­ u³­hu¹­ka³­tu³­ti¹­ a²­ti³­ha²­yau³­xa²­ nxuh¹­lxi³­ hxi²­te³­nha²­sxa³­ a³­wi²­xi²­ta¹­hxai²­he¹­la²­ nxe³­sxa³­ a²­nu²­a²­ nu³­ka³­txa²­ a²­yxo²­ha³­kxa¹­ ko³­nha²­nxa³­sxa³­ ko³­nxe³­ti³­ kai³­te²­li²­ sa²­wa²­sutsi¹­jau³­su²­ txa²­wa¹­su³­na²­ u³­hu¹­ta¹­hxai²­he¹­la²­ nxe³­te²­ju²­he³­la²­,Nambikuára
21642,miꞌi pote taꞌatu­pyhyp teran iesui wen maꞌato typyꞌi kahato miitꞌin iesui apypueri wo tukupteꞌen pote teꞌerokenꞌe neꞌi ipyhyp hamo — iesui ti tupana ehay moherep hat sese toineꞌen iꞌatuꞌe iꞌapy­pueri haria pote teꞌerokenꞌe miꞌiria mopyꞌahak hap pupi uito mateu atunug uimiwan mesuwe are,Sateré-Mawé
8706,ty ti ve ky tog jurun ke mu ti my tog e ti ti ty ti ven ky,Kaigáng
16546,nxe³­nxa²­ha¹­te¹­ i³­wa²­lu³­xain¹­te²­an¹­jau³­kxai³­lu¹­: — txa²­yu³­tai²­na²­ ju³­te²­a²­ nu³­ka³­txi³­na¹­xai²­na²­ a³­bra³­au²­ah³­lu¹­tai²­na²­ a²­ne³­tah²­nau³­su²­ nha¹­i¹­ hxi²­kan¹­nha¹­i¹­ nha¹­ha²­kxai³­ hai³­txi³­ a²­nu²­a²­ i²­li³­te²­su²­ te²­a²­ i³­kwa³­na³­sain¹­sin¹­ju³­ta²­ wa³­ka³­li³­lotsxa³­ yxau²­xai³­ti³­hexsi¹­nhxain²­nxa³­he³­li¹­ wa²­su¹­wa²­su¹­ yxau²­xai³­tu³­ka³­txi³­su²­ si¹­nhxai²­na¹­he³­li¹­ nha¹­ha²­kxai³­ ih¹­nxe³­kxa²­yan³­ti³­ta³­: “wa²­su¹­wa²­sun¹­yah³­lxin¹­tu¹­wi¹­” sa²­nhin¹­thi²­li¹­ ta¹­hxai²­he¹­la²­,Nambikuára
17763,xakore hoka maisaite hakase hekoti xisekase mitita maika heko xisaona nokoamaniye hiyaiya nikare atyoite xisaona hoka xikaiyakeheta — nexa,Parecis
10496,teramy ijirarenyomyke aomybo ararybekre deuxu dori tuu arybedyy‑o riwaijonymy tai heka rarybere itxyte wesele watximaharemy,Karajá
22402,kixoku ivokeovo ne etevaum kamone'e yuho etevaum neko tutihiko judeu yupihovo koeneoxo imaikinovahiko koane ngarututukexea oe,Terena
136,morarame mokyro eneryhtao ya toetyse exikety sa takye nexiase ritonopo poetory orihtopopyry poko toto etapatopopyry poko tyya enara jezu onurumekara toto exiryke totapase toto eya mame mokyro eneryke ya osenuruhkase ipunaka,Apalaí
26352,kute gwaj bama myjja nhorma arenhkam dja gar amikra ket ne amex arym ar aje tu amim metindjwynh markumrexkam dja gar amex amex ne ajte metindjwynh mar mexo amu amikamen mar rax ne metindjwynh mar rax ne ajte ajaxwe ket kadjy amijano dja ajaxwe ket kadjy amijano djan ajte metindjwynh kot ar amijo aba kot ar amijo aba'a adjukanga ket 'a adjukanga ket ne ajte mex kot amex mex kot amex ne ajte jeju kukwakam akamy arkam adjukapri arkam adjukapri kute me axikot apox abenkam ukapri pyrak arkam adjukaprin ajte ama me kuni jabe,kayapó
1016,nom nhum me pahkwyjaja kam ja mex ket jakama pa pre jar pahi maati sesti kot ixte kam amnhi jarenh a inhmar kaxyw amnhim hare ne man hwyr mo kot paj tanhma kam me pahkwyje ho ixkaper punuj to hket ne am ixte amnhi ta tanhma mar to hpix kaxyw na pa hwyr mo —ta pa amnhi wyr me awy ixte me ama amnhi jarenh kaxyw me pahkapri xwynhta me pahte korma kama pajamak o papa xwynh jejusta am ixte amnhi kaxyw hkot ijamaxper pix myrape na prem a kax o ixkaxpre ane ane,Apinayé
15391,an-tijoka sꞌee henh raheboo na do panyyg nꞌaa hahyyh ti mꞌ pap ba naa paw-ro rabatseg hom tamyyj dak ha peh-ke had nang doo henh pam-pirija haj nꞌaa ba ti mꞌ panang peh-ke had nang doo ba rakajaa ba jowaw maah-ko ered bong ma paw-ro beh-nabeh daheeh jerusarenh henh tababaaj hom hyb nꞌaa,Nadëb
26346,nhym amineje mema kum —‍me'o kute ijo mex ne ima “anhikwa dja kran amyn o te” anhyr kot ne ba arym inhikwa dja myn o te ane,kayapó
5035,ndaꞌevei pendererekoa oexaa py rive pembaꞌeapo pora agua avakue rive pendererovyꞌa eꞌy agua haꞌe rami ꞌrague py cristo rembiguai peiko vy pendepyꞌa py guive pejapo nhanderuete oipota vaꞌe,Guarani
9447,onhemity jave oime temity raꞌyi tape-rupi hoꞌa vaꞌe ha upei ou gwyra opa hoꞌu,Kaiwá
10661,iny rarosona sowemy ratximyhyrenyre tai tahe inyboho ruberuohyymyhyrenyre moisesi wesemy aoko rakatximyhyrenyke imahadu raykytxymy dori ryirenyre,Karajá
14838,koap pima: — waram pit ocewebumun gu cristo beam aca kapig on — i juk o'e ip ibu'u ip pima bit: — te'e ma “cristo beam aca kapig on” i juk ece — i je'e warara'acayu cebe ip,Mundurukú
26674,arym adjar kadjy ne ja jeju ty ty nhym kam amykry mex ne amykry mex nhym me arym no katon o myjja kupenho kumex pi'ok rarar djwynhram o myjja kupenho kumex nhym jodje arym box kriraxbe armatekam ne jodje abatanh dja nam me runh bikpronh djakam mekot rax nhym me kum kinh nam amiwyr metindjwynh kamnhix ne metindjwynh box ne me kadjy benjadjwyr ne kute ar meo bama ja ne amiwyr kamnhix ne jodje kum piratu pyma ket ne 'yr ten 'yr box ne jeju 'a kuma,kayapó
1646,ne na pa hte tanhma me ato tirtum wyr to ho ri ixpa ne kam: —pa tirtum kwa ker ka rom nho xwynhje ho mex ke me amnhi kaxyw akra hkot hamaxper mex o ri pa jao hkot hkinh ne hamaketkati ne ri axpen to pa ne ke akaro me ho me hihtyx o pa ke me amnhi kaxyw ama man hamaxper tyx raha ho ri pa ane,Apinayé
15993,ti mꞌ jesus asog dak ma paw tahꞌyyb na-aaj mah hy pong je taty dang ba mꞌ pꞌop haga do ha taky hadoo: —om tawꞌaats he ee manꞌoo dak aa ta manꞌoo dak aa waa —nang mah ti mꞌ paw tahꞌyyb na-aaj ne he taganebah bong mah tetsꞌee hom ma ta ma mateg sa ha rabetsꞌee hom hyb nꞌaa hajok do ha ka,Nadëb
