index,TEXT,LANG
10224,tahe dinodu mahaduo pedroboho ritamadyynyre ibutu kia mahadu koo tahe rityyraxinyre: —aorurudibo iny teteytedyynymahate monidibo kia tewinytenyte,Karajá
11433,aipo ꞌe are ꞌga ꞌga pyyg are afueweramu nu aꞌere ꞌga jepeꞌai ꞌga nui,Kayabí
4195,uzeꞌeg zezuz wanupe — aze mo ihe zutykaꞌi azeꞌegatu hezehe ihe teko nuzeruzar iwer mo herehe aꞌe wa heru wiko herehe uzeꞌegatu maꞌe romo aꞌe — ureru romo hekon aꞌe peze kwez izupe uzeꞌegatu iko herehe aꞌe hekagaw imumeꞌu pa purupe aꞌe,Guajajara
25566,dureiha iza'iza ha ma to ane na ama rob'ui'ere: “e 'wai ma wanhib'apito nhimirosa'rada ha waihu'u pese di e 'wa ha roti na tama iwa'rami'wa da ha te 're haimana robaba di” wahi'rata haiba amo ha ma to dure ane na ama rob'ui'ere zo na isisi ha: “'re ihaimana u'asi mono si roptede'wa 're haimana mono nhere e niha te za ni'wa ha mari ha tama tiso iwa'rami mari na te te tama iwa'aba da ha ane ha robaba uptabi di tama ha” ane ma to zo ha rob'ui'ere dureiha,Xavánte
18597,hari va'ora okavarajomiki adani jesu-ra vavakaijokaka'oaki bavi kaidivakia deus viaha jesus kaija'ari vaabono vanasohiha; hojai asohiriki-ra vakava'ipahinika'oaha; ija'ari bavi jahaki kaidivaki fori vihiha deua khai bini'aki ida ija'ari hojani hiki deua binofivini kamahini ida ija'ari kidibadani danoki bada ni'ani hija kaimoni binagathogathoki ida ija'ari hojai asohiriki-ra kava'ipahinika'oa'iki hojai jahakia kahojaini mani ida deua bianivini hija kidibadani danoki binamonahaja kaimoni jahaki ida ija'ari hojai jahakia kahojaiha'oadahani deu-ra naviahanokhavini kidibadani jahaki bada bini'aja kaimoni,Paumarí
14710,o'jekawen jebekitkit pe — eywebeam ade bubut epeguxipan gu juy epesop — jesus o'e — ijoce imuxipan gu juy ijoce kopi'i eybubut jo'o hi'ep eybubut iokok an e'em ibukurukat eyduk'a be om'om eybubut tujupa'um am — io'e,Mundurukú
18778,gamo deu-ra vakaijokahi hojai deua bivajahakia kahojaihi ija'ari-ra nofijahakihi va'ini bodini varani jahakihi jaboni oniani ida gamo 'banani kamahini deua bikajoamoravini hija,Paumarí
22257,nokone teyea uti ina kixovokoxopamaka jesus: —‍hakonoe pike xane ako kixovokuti pikoneti exeokono ko'oyene akotimo exakana kuteanemakamo ne he'ono koeti ko'oyene koyeanemo urapu'ipea enepone yunzo'inopinoe vainovone ako'o po'inu xane yokoyuhoanenoemo xapa xanehiko koane ne inzikaxeopike vainovone kehanakanemo keyuhopi motovati exea uha koeti xane hakonoe pike xane motovati koepekeopi vo'oku poehane kexe'u ito itea ako xunako iyonopeopi ipihoponovokutike hane tiya ituko'oviti enepone apeti xunako koepekea xane koane iyonopea ipihoponovokutike,Terena
5054,haꞌe rami tei ay ma mbaꞌemo tuvixa vaꞌe pejapo agua re pendeayvua rupi penhemboyvate rei haꞌe rami nhanhemboyvatea haꞌe javi ma teko vai,Guarani
22049,yane vaukone ne komititi hara koe yuho vaukea: —‍jesus amoripono ndavi yokoseananu —‍koene,Terena
26238,nam a enokidjwy amikajma'a metindjwynh maro anen kam tyk ket nam metindjwynh tu tin ra'ao wabi nhym me te noo abej apra nhym ketkumrex metindjwynh kute tu tino abirkam kute o abir ketri ne 'a mema kum —‍tamjakam ne ba ikinhkumrex ane nam a metindjwynh ane,kayapó
843,mame inaropohpyry tapoise tupito poko erohketomo a typipohse ynororo eya xine tynaroke pyra taropose ropa eya xine,Apalaí
19520,voces tem olhos mas nao veem tem ouvidos mas nao ouvem nao se lembram quando eu parti os cinco paes para os cinco mil quantos cestos cheios de pedacos voces recolheram  doze responderam eles,Portuguese
15067,tii da y karen be babok be hapah do hyb nꞌaa ny hadoo doo me be pꞌop haga do bedeeb wat be wahe maku hanaa be gadoo do daap ji bawat do mahanh ta sam hahanh doo me kꞌaats teg gabareeh doo me kꞌaats teg hawak doo me nado be tabedeeb wat be tabedeeb wat kristo majyyw me takꞌep baad hadoo kristo majyyw pꞌop haga do matym go bꞌee tꞌaah anyyw is do baad hadꞌop doo nesaa do kawug hom hyb nꞌaa judah buuj radahejꞌeep do hadoo ti kristo,Nadëb
23018,kɨɨ o'akɨhɨ wi'ipɨ da'rase nɨmɨri pe'tika be'ro kɨɨ yaa wi'ipɨ daha tohaakɨ niiwi,Tukano
6569,niɡijo noiigi noɡonadi niɡijo niciagi odaa joɡodoɡetetalo aneotedoɡoji leeɡodi me yajigotediogi niɡina oko loniciwaɡa monicilatiditiniwace eelotaginadi,Kadiwéu
10451,dohodyyna heto‑ribi rohonyreu ierydyyna tamy rarybere: —erydyydu beteheke inihe mana nihiky‑o hetohoky‑o,Karajá
3182,iamudo ilery iopiry ety tazekobyzegueho odayla kehoem tataze amaemo watay nhewentadaunda tazekobyzegueho odayla tawaneim kua kanhedylygue,Bakairi
19698,todos falavam bem dele e estavam admirados com as palavras de graca que saiam de seus labios mas perguntavam: nao e este o filho de jose,Portuguese
15371,nyy da be ha —nang mah —tawꞌaats he tadajep —nak ma ta wob sa kyyh,Nadëb
16438,je³­su²­jah³­la²­ a²­wa³­ta³­nau³­xa²­ e³­kxi²­nyhain¹­jau³­su²­ nxe³­nxa²­ha¹­te¹­ je³­su²­jah³­la²­ ka³­li³­le²­a²­ko³­xa²­ so¹­lxi³­ yxau²­xai³­to³­ta¹­hxai²­he¹­la²­ hai³­txi³­ ju³­te²­a²­ko³­nau³­a¹­ yxau²­xai³­ta¹­hxai²­nxa³­he¹­la²­ nxe³­ju³­ta²­ ju³­te²­a²­ nu³­ka³­txa²­ a³­nhai¹­tun³­te²­nau³­xai²­na²­ i³­su²­lha³­ti³­ten³­ta¹­hxai²­he¹­la²­ ja¹­nxe³­kxa²­yan³­ti³­su²­ ta¹­hxai²­he¹­la²­,Nambikuára
12976,tiise eꞌtarumaꞌti tanne upiikaꞌtiꞌpiyaꞌnikon miriri eraꞌmauya uwakiri,Macushi
22204,yoposikonutinoemo itea akonemo inixepananu koane ako omotova yeni xoko yonomboku,Terena
24089,lluypapis limapaycuynin amnatac icha allin yachachicuymannu yachaycachiy,Urubu-Kaapor
22486,koati iyuseoti akoyea itukapu anjuhiko huvo'oxopono ne xe'exa ituko'oviti itea itukeovo amosenopono abraum ne huvo'oxoponone,Terena
7379,—‍perojijyi ti pejeaporogita pejipohia ganemimbo'ete'varuhua hugwi ga mondovo pejihugwi po pe ndaperojijyi pejeaporogita a'ero ti kotihi ji ruri pe pyri jitavuka pe me nehe ereki pe balaaova'ea remimbo'ea rerovia nicolau'gareheve'ga nemimbo'ea rerovia no pe me nhaporemo ti ji tavukari haimbejovaiva'ea pyvo nehe – kiroki haimbejovaiva'ea ohe jijurua rupi ei jesus'ga —‍a'ea nhaporemo ti ere tupana'gareheve'ga pe cidade de pergamo pe ei jesus'ga nde ve ikwatijaruka ji ve,Kagwahiva
6274,idiaaɡiwo ica ɡoneleegiwa eelotaginaɡa joneɡeote  nicaaɡape me deelotika jesus naɡa naditedeloco niɡidi ɡoneleegiwa odaa ja yowooɡodi naɡa leegi midi me deelotika odaa ja ige jesus meeteta “emaani me ɡadicili”,Kadiwéu
3192,— “kaingonotyby igueduo kuraem ietonze ura eguepybyry niwanzepa itoem” kewandymy deus “ ‘koenda ise ura aga’ uguely akawandy daviram davi aga koenda watobyry ara ise agamo koenda wawyly xira auguehobyry ara aiese ura” kewandymy deus,Bakairi
21180,mio wyti aru yt uimohey i haria iꞌatu­py­ꞌahak kahato ehete maꞌato karape mesu­wa­ro­tiaria tukup­teꞌen haiwot rakaria ehete uhemiitꞌin eipe pote waku eiwa­tetup aikota saꞌa­wy­ꞌite uhete iꞌewyte iꞌatu­py­ꞌahak hap kape — aika­ꞌiwat ete iꞌatu­py­ꞌahak saꞌa­wy­ꞌi­tewuat ewy eweiꞌe yn o eiwo­ꞌope e,Sateré-Mawé
1138,nom ker ka me kam amnhi jarenh kukama tee ri ajamaxper o ri ama me uma hket ne akuhe ry me ajamaxper o: “hexta waa ne me kot ixkukjer a arigrota a tanhma kot pa we ri me kam amnhi jarenh to” anhyr o tee ri amnhi kukama ajamaxper ket ne koja tirtum karo tanhma me akra hto ka me y ha akatat kot tanhma me kam amnhi jarenh to,Apinayé
22978,kixoku itukeovo ne xane kuri'okovoti sasa'iti omixone ituko'oviti ko'oyene akonemo ipihapana ituko'oviti ne xane kuvovoti kristu jesus vo'oku ape po'i xunakoti enomone ne xunako sasa'iti omixone ituko'oviti porexoti xane inamapea koeku kuveovo kristu jesus koati enomone porexonu indeova xunako ne vahere kixovokuti mani kuti'inoke yonomboti ipihoponovokutike,Terena
16555,kris²­tu³­jah¹­la²­ hxi²­ka²­ tah²­lxi³­ yxau²­xai³­ki³­jau³­su²­ kxa³­nxai³­ta²­ ju³­te²­a²­ nu³­ka³­txi³­sxa³­te²­nau³­xa²­ ya¹­nxe²­ kai³­sxa³­ yxau²­hoh³­yah³­lxi³­ta¹­hi¹­nhe¹­la²­ yxan¹­ta¹­ te²­ya¹­nxe²­ kai³­xi²­yah³­lxi³­txa³­he¹­la²­ txa²­wa¹­hxi²­kan¹­ta²­ si³­yxau³­jah¹­la²­ wan³­txain²­txi³­ txa²­wan³­txain²­txi³­ nxe³­ya³­nxta¹­wa²­ a²­nxe³­tu³­ka³­txai²­na²­ a²­e¹­nan¹­jau³­xai²­na²­ ko³­nxe³­ti³­ ai³­nhain¹­te²­ju²­he³­la²­,Nambikuára
9585,yma vaꞌekwe petei mburuvixagwasu kunha vaꞌe arapopy-koty oiko vaꞌekwe oho mombyry vaꞌekwe mburuvixagwasu salomao renda-py onhemoꞌarandu uka-vy oho yvy apy gwive mombyry ete oho vaꞌekwe ohendu hagwa salomao nheꞌe ha koꞌa-rupi oime hiꞌaranduve vaꞌe salomao-gwi heꞌi ojehe hesu —upea-gwi upe ary-py opuꞌa jevy vaꞌera upe mburuvixa kunha nhandejary rovagwy-py pene mombeꞌu-vy pene rembiapokwe ndojohu porai vaꞌera heꞌi judeu ruvixa kwery-pe hesu,Kaiwá
21852,yꞌy pyꞌa­setpiat turan iesui toket kahato miꞌi turan ywytu kahato putꞌokꞌe yꞌy ete hyemyiꞌa wato pyꞌa­setpiat ikupteꞌen turan miꞌi hawyi ipoityꞌi kahato yara ete katu­pono yꞌy teke teke raꞌyn iꞌatue­ꞌyara pe — yt naku i iꞌatuꞌe minwa­toꞌe hamuat iꞌatuꞌe taꞌyn pai iꞌatuꞌe toꞌope ipoityꞌi kahato iꞌatuꞌe toꞌope toꞌope haty wo miꞌi hawyi teꞌe­ru­we­powat iesui kape — uruka­ꞌiwat uruka­ꞌiwat erehymut ro iꞌatuꞌe teꞌe­re­we­powat — wato­ꞌo­pyꞌat irane raꞌyn iꞌatuꞌe — yꞌy teke teke kahato aheꞌyara pe iꞌatuꞌe aiꞌauka irane yꞌy iꞌatuꞌe miꞌi hawyi iesui tuwe­hymut hawyi — wai neiꞌo ywytu are e ywytu uato pe — epoꞌinik to yꞌy e ihy wato pe hawyi ipoꞌinik taꞌyn yꞌy wato iꞌewyte ywytu uato ipohep taꞌyn taꞌi meremo ipoꞌinik taꞌyn iesui ehay upi iwepowat hawyi,Sateré-Mawé
4598,uzeꞌeg zezuz urewe — pekyze zo ihewi nehe ihe aiko zezuz romo ihe iꞌi urewe,Guajajara
8153,u tog kejen un si my nen u nim ti goj hen ri ke mun un si ty inh ki ra ni tugrin tog ti my nen u nim ti en my tog nen u ha tonh ke mu ge tope ti ti pi je to nen u ha venh ke tu niꞌ” he tog jesus ti,Kaigáng
5541,mbaꞌeta jajeroviaa re jaiko mbaꞌemo jaexa vaꞌe reꞌy,Guarani
24822,amatac chay waquinnincunanuy tayta diosninchicta jamuyayalcaychu chaynu jamuyapacuptinmi camacaycu anjilca lluy wanuchila,Urubu-Kaapor
20824,iwaze zinymyrynahatsa — aharere bo yhy tsimaha zeka tsihokdaharena iwatsahi katsa mysukza byizeka wasani my katsa zuba tsinapykyryknaha — niaha,Rikbaktsa
12055,miriri piꞌ jesusya taꞌpi: —ayenkuꞌtiuya pepin pemonkon esenpo eꞌpai awani esenponiꞌpi waranti moropai mori yekaton wanni yai esenpon niri asakiꞌne iteꞌka eesenpo pra awani ya paapa wani pepin itesaꞌ pe ipata yaꞌ eewomi pepin ipun pe eesenpoꞌpi wani ipun pe ri neken mori yekaton wanni yai eesenpoꞌpi wani yekaton awani pe iniꞌri eesenpo eꞌpai man tauya manniꞌ piꞌ teesewankonoꞌmai pra eꞌki,Macushi
14470,xipan eyekukuap xipat deus xe ibodi ma bit xipat eywebe xipan eyewewekuk am xipan jewewekug pima wara'at tagtagtag gu epekuku- -pug tag ma,Mundurukú
11559,poje ee ojeroꞌwau aꞌeramu ee amanumu aꞌeramu jejui ꞌga rerowiaara ꞌga ee reumera pireita iauwana taity pyu aꞌere ꞌga ee rerawau inuga ꞌog ywate pype,Kayabí
7521,kiro ikwava'ehara'ga nduvihava'ga ga repiagi guardas'ga pavei a'ero ga hapukajahivi javo: —‍ejukauka ga ei ga embovyruka ga yva rehe igwete pilatos'ga ei ga pe: —‍pe tuhe ti pembovy ga jukavo yva rehe ei ga ga pe ji ki a'e te a'e pe me: ga ndokote'varuhui'i'i ei ga ga pe,Kagwahiva
1766,—kot paj akupym kaxkwa hwyr api hamri ne me ato inhipeexa wy nhum inhma ne me awyr kot me ato ajuta xwynh maatita re nhum man me awyr wry ne me akaxwynh ma agje hamri ne me akot tanhma me ato ajuta hto ho pa raha ho pa wa ixkaro koja me awyr kure nhum me ama agje hamri ne hpri ha me ama tirtum kaper o amnhirit o me akot pa ka me apri ha mar mex ne no me kep tirtum kra hket xwynhjaja koja hpri ha wa ixkaro jarenh mar ket ne me kot wa ixkot amnhi xunhwyr ket jakama koja me hkaro ma gjex ket ne am me ate ixkot amnhi nhipex o apa xwynhje pix wyr koja wry ne me awyr agje ne me akama pa ho pa,Apinayé
16705,ja¹­nxe³­sxa³­ ha³­lo²­ai²­na²­ yxau³­na¹­hi¹­na¹­ txa²­wai³­na¹­ju³­ta²­ a²­nu²­a²­ yxo²­ha³­kxa¹­ i³­yau¹­u³­hai¹­nhxai²­na¹­he³­li¹­ yxan¹­ta¹­ ye³­jen¹­na²­ txa²­wi³­na²­ yxau³­tau³­a¹­ a³­nxi³­na¹­tu¹­wi¹­ na¹­ka³­tu³­ wxai²­na²­ sa²­kxai³­lu¹­ i²­sah¹­lxan³­tho³­li¹­ yxan¹­ta¹­ i³­na¹­kxa²­si³­yo³­na¹­ su³­na²­ yau³­ka³­jxah¹­lai²­na²­ sa²­kxai³­lu²­ ha³­lo²­ai²­na²­ a³­wxa³­sxa³­ wain³­txi³­ kai³­tu¹­wi¹­ wain³­txi³­ kai³­a¹­kxa²­ ya¹­nxe³­tu¹­wi¹­ nxe³­ha²­kxai³­ yuh³­xan¹­ta³­ko³­xan¹­tu³­ka³­txai²­na²­ txa²­wai³­na¹­ju³­ta²­ i³­yu²­kxain¹­tu¹­wi¹­,Nambikuára
13634,hapxop xohix nog'ax tu yayxaxoga'ax ha tikmu'un te' xat hok pu miy hok pa topa te' xat 'ohnag ya' xat'ax puknog te hamyummug putuk paya' hitop ha' xat pu pexkox yog nu'kutna'ax pu nu'xup nuy yay xax te kutuk paya' koit ya' hitop tu tikmu'un yog hape'paxex maxna 'ohnag tup-tup'ax kummuk pu hupma 'ohnag kamah,Maxakalí
25779,tawamha esitewa ha ma to dure tinhimirob'razaroto na tama ama uzusi za'ra ane: — ta nori ha wahi'rata nori ha ma to tinoire ha dama wede za'ra zuze na isisi ha ihaimanazem na te te siwi 're 'ruiwapari za'ra mono wa ma to dama wede za'ra taha wa i'uipra'wa nori ha ma to siwi saproni za'ra ezitu u tame danhimiwada'uri zarina si te te dama 're romhuri mono da pawa'aba ana tane nhere 're ihaimana u'asi mono ha ma to isire 're haimana u'asi taha wa te te irobzepata mono zeb sidapasi ma to nasi pawapto tiwi robzei'o to da tawamha apito para'oho ma sihai're wamha 're ihaimana u'asi mono ma to tiwaihu'u pe ha tama tiso ihaimana we zeb da ha taha wa apito para'o ha ma to wesa zuze ha taha zarina ma to tama pisutu ezitu ama roti'wa da oto isadawa para isibro ha dure isorowa zama te te tama 're 'mada'a mono da zama ma to dure pisutu,Xavánte
23690,mari akawerera marire ya'aro weeka a'tiro weero ɨa' niise nii' jesu were nemowi: —mɨ'ɨ akaweregɨ mɨ'ɨre ya'aro weeka mɨ'ɨ se'saro kɨɨ tiropɨ weregɨ wa'aya kɨɨ ya'aro wee'kere masika weeya kɨɨ “yɨ'ɨ ya'aro weeapɨ” nii tɨ'o ya'aka mɨsa opaturi a'meri uuku e'katirasa' taha,Tukano
20424,sesus nasare eze niapykyrykspyk kyze sesus nasare bo ziksizo anaeze itaypyk iwaze mybyrykywy eze sesus deus wahoro bo pororo ziknakara deus wahoro bo nitsuk niytahi ziknapamykysokota perytsa deus harere ty papeu ty sesus bo nyny niy iwaze kyik niy deus harere iwatahaha nitsasoko opykani haty nikara sizubaretsa ziwabykynaha tubabatu deus harere isaijas ziwatahaka isaijas deus sohokotsa sesus papeu ty zoksapare niy niytahi papeu zikaha iwatahaha:,Rikbaktsa
19802,antes quando voces nao conheciam a deus eram escravos daqueles que por natureza nao sao deuses,Portuguese
17876,nexa hoka jesus ekoaxatya enomana: — awa xiwatyalini kotare airaxero moka nohiye noxafityaki nahitata nikare mokita natyo maxiyehareharenai atyoite tyaoneta mene xinekoni hoka natyo atyoite maisa notyaoneta menita xinekoni — nexa jesus,Parecis
9081,cristo remimombeꞌu rendu eꞌyha gwive ojehesa rerova-ma nhandejary-gwi nomoiruvei-vy ixupe cristo remimombeꞌu renduhaty ojehesa rerova eꞌy reheve omoiru nhande ru-pe taꞌyry-pe omoiru ave oiko-vy,Kaiwá
16321,te²­ya¹­nxe³­sxa³­ yain³­ta³­lun²­ka³­tu³­ ha²­wxan³­txa³­ i³­na²­kxe¹­na²­ u³­hu¹­ain¹­te³­nah¹­lxi¹­: — i³­na²­xai³­jxah³­lxi³­he¹­li¹­ a²­nxe³­jau³­jau¹­xai²­na²­ txa²­ti³­ha²­yau³­xa²­ ya¹­nxna³­li¹­ wan³­txa²­ tah²­yau³­xa²­ i³­ye³­kxi¹­nxta¹­jau³­xai³­ ja¹­nxe²­ kai³­uh¹­nxta¹­jau³­nu³­ai²­la¹­wi¹­ a²­nu²­a²­ ko³­nxe³­ti³­ kai³­ju³­ta²­ a³­wa²­sutsi¹­ha¹­jau³­nu³­su²­ txa²­ti³­ha²­yau³­xa²­ ha³­li³­hxan³­sa³­tu¹­wi¹­,Nambikuára
8453,ha ra tope pi je eg my epra ke kuprig ty eg jagre hanꞌ tope kuprig ty tog eg my eg jagre han eg ty ti ty eg my nen nim mu ki kanhro nyti je ti ha vy eg kren han sor mu eg ty venh krenkren han ki kagtig ra ti ty eg my nen nim to ken ha ve,Kaigáng
12850,—moropai upataꞌseꞌkon ton ekaremekiiya apiꞌnikon kureꞌnan sala kawinan aasiri eekonekasaꞌ eraꞌmayaꞌnikon tamiꞌnawiron iꞌ ri yuꞌse awanikon ya moro awani aasiri moro entamoꞌkantoꞌ ton mikonekatii —taꞌpi jesusya,Macushi
18824,asia estevao vara va'ora ni'aha: —moises kabadarana  hiki ipohini egito kaija'arini vakadiania hojana oadani va'ora navanavanaha'aha adani kidija'ari hi'adani israel kaija'ari kidi'arahoda kohana kaija'ari vavijavaronisiagaki adani,Paumarí
4481,uzeꞌeg wi temetarer rehe aꞌe kury uzeꞌeg wiwi zezuz wemimuꞌe wanupe — awa nupuner kwaw mokoz awa hemiruzeꞌeg romo weko haw rehe aꞌe uzamutar katu putar uzarete aꞌe nehe naꞌiakatuwawahy kwaw inugwer rehe nehe weruzar putar uzar nehe nuzekaiw kwaw inugwer rehe nehe aze neremetarer nezar romo hekon nehe tupan nuiko kwaw nezar romo nehe aze tupan nezar romo hekon nehe neremetarer nuiko kwaw nezar romo nehe,Guajajara
2422,ininia erotxi akiritana ninoa ioriki imarotakani ninoanani imisakiretini ikapani ininia ipimaana: —mitxipitipanika kirisaakipa hitikataro oa ioriki —itxa ninoamoni ininia ninoa sapiretari,Apurinã
9359,cafarnaum teta-my ova rire onhepyru hesu nhandejary nheꞌe omombeꞌu-vy: —pene moꞌagwi-ma ou-vy nhandejary pende ruvixara upea-gwi pemboasy petei tei pene rembiapo vaikwe perova katu pende rekoha vaikwe heꞌi omombeꞌu-vy ixupe kwery,Kaiwá
21343,— uruto aika­ꞌiwat iesui eropat haria sese iꞌatuꞌe maꞌato uito poꞌog iꞌatukai are mio ta pote yt iweꞌeg i rakat miꞌiria wemo­wato haria ewywuat areineꞌen yt uiweꞌeg hin i maꞌato pywo pe areꞌe poꞌog aika­ꞌiwat emiit areineꞌen iꞌatukai uito poꞌog iꞌatukai uipotpap yt uwe i uhete putꞌokꞌe aika­ꞌiwat potpap nug hap ete yt uiweꞌeg hin i mio ta are maꞌato pywo pe areꞌe more­kuaria uipyhyp poꞌog miꞌiria kai uhehay iesui etiat pyhyp teran haype yt atikuap karania wo uiꞌahyk ahyk itote yt taꞌa­tu­ky­ꞌesat uhehay iesui etiat pote uiꞌatoiat uiku­ꞌuro turan karania wo,Sateré-Mawé
5030,iru mbaꞌemo re ojerure anho rei vaꞌe omombeꞌuague jesus aipoeꞌi avi: — amongue pee kuery vaꞌe regua pytu mbyte jave peneiru ovae ꞌra pendero py haꞌe vy aipoeꞌi ꞌra pevy: “xeiru eiporuka xevy mboapy mbojape mbaꞌeta petei xeiru oguataague gui ovae tei mbaꞌeve ndarekoi ixupe ameꞌe vaꞌera” heꞌi ꞌra,Guarani
17851,xala xamani atyo hahena hoka kabakatyakita atyo hatyoharenae atyo maiha ekahinaetyaketere xini enomanere terota atyo hatyoharenae,Parecis
2759,papakapiniari teoso sakire sapiretakari kotxi iua sapiretari teoso sakire ininia papakapari erekari teoso sikakiti iua apakapakiti iaoka papakapiniari atao inakari kamakari kotxi iua kamari atao inakari ininia papakapari erekari teoso sikakiti iua apakapakiti iaoka,Apurinã
25592,taha wa wanhib'apito 're ihaimana u'asi mono wi wa wa te 're rowaptere u'asi za'ra iwe na te te 're aipawaptob za'ra wa'aba mono da taha zarina 're idanomro mono zep tem na 're anomro we wa'aba mono da te te aima 're ipisutu za'ra wa'aba mono zeb zarina si wa dure wa te tiwi 're rowaptere za'ra asimirosa'rata we 'manhari'wai wa'wa ha tiwaihu'u pese na te te aima ama 're uwaimrami za'ra wa'aba mono da mari ha iwe si 're 'manhari za'ra wa'aba mono da 're sazei pese za'ra wa'aba mono wa tawamha wanhib'apito zezusihi ama te za 're dawata za'ra wanhib'apito 're ihaimana u'asi mono me te te 're i'aipawaptob za'ra wa'aba mono zem na ama 're aihaimana we za'ra wa'aba mono wa te za dure te te dama 're aiwasu'u we za'ra wa'wa wanhib'apito zezusi ha,Xavánte
4273,tuwe zanezar uzamutar katu kar wiwi teko peme aꞌe wa nehe tuwe aꞌe pepuruamutar haw uzeapo urepuruamutar katu haw zawegatete nehe no,Guajajara
15340,ti mꞌ ragadahewꞌees do haga nꞌaa dewats bꞌeeh tꞌop gadag ub doo go ti mꞌ bꞌaa go ji tsyym tyw nꞌaa ragegots padeek doo go tadabong sa tsyym,Nadëb
25624,— taha wa te apa mo romhuri'wa ha tinhib'apito ma te te sadawa wasu'u za'ra da te te wapari wamha ma to ab'rui pese isib'apito ha taha wa te ane tama tinha: “ai'aba're na dazo 're aimori 'ri nhi'riti na we danhimroi mono da isibrob'o nori ha dure imori we'o nori ha dure itob'a nori ha dure i'rateire nori ha” ane te tama rob'ru taha wa te ta nori zo si mo we te te simroi mono da,Xavánte
26352,kute gwaj bama myjja nhorma arenhkam dja gar amikra ket ne amex arym ar aje tu amim metindjwynh markumrexkam dja gar amex amex ne ajte metindjwynh mar mexo amu amikamen mar rax ne metindjwynh mar rax ne ajte ajaxwe ket kadjy amijano dja ajaxwe ket kadjy amijano djan ajte metindjwynh kot ar amijo aba kot ar amijo aba'a adjukanga ket 'a adjukanga ket ne ajte mex kot amex mex kot amex ne ajte jeju kukwakam akamy arkam adjukapri arkam adjukapri kute me axikot apox abenkam ukapri pyrak arkam adjukaprin ajte ama me kuni jabe,kayapó
12179,tiise amiriꞌnikon koreꞌta miriri waranti pra eꞌti aniꞌ ipikku pe panpiꞌ tiweꞌsen wani ya akoreꞌtaꞌnikon miikiri eꞌpai awani toꞌ maꞌre panpiꞌ moropai aniꞌ toꞌ yaipontinen ipikku pe tiweꞌsen wani ya miikiri eꞌpai awani toꞌ poitiri pe aniꞌ wani miriri ipikku pe tiweꞌsen waranti manniꞌ entamoꞌka ereutaꞌpi ou manniꞌ toꞌ entamoꞌkatoꞌ ton tiriiya manniꞌ inna ipikku pe tiweꞌsen mesa pona eereutasaꞌ manniꞌ tiise uuri wani manniꞌ toꞌ maꞌre tiwani yeꞌnen toꞌ yekkari ton tiinen waranti akoreꞌtaꞌnikon,Macushi
24160,“tayta diosnatacmari jinantin pachachu lluy nunacta suma-suma cuyal japallan cuyay chulinta cachamula payman chalapacucunaca juchanchu manana wanunanpa ashwanpa wina-winaypa allin cawsaycachuna cawsananpama,Urubu-Kaapor
15139,tiit sa sii aa mejuu na aa hyyj seeh hajoo nuu me aa mety dak tii baad tahꞌyyb hedo hadꞌyyt he ta wob tamasa hyb nꞌaa baad be ha tahꞌyyb ee dak do hyb nꞌaa takꞌep tahꞌyyb hedo dak dajeer be bataa do ha be tamasa hyb nꞌaa,Nadëb
20400,taparaka batu myhyrinymyry abaka myhyrinymyretsa aba timoteo abo piwatahaka iwaze zuba abo mynakozore tsihikik hawa my zeka aibani zuba abo mynakozore iwatahi papeu abo piwatahaka anapapeu humo iwatahaha tsipinyze hawa tsimyzuruku ana humo hi ahahyrinymyretsa tsimoziknaha deus tyryktsa mozumubanahaze deus wahoro hyrity wata maha wahoro harakurukwy wata tyrikto niy ba ziknatsihyrikpetok iwa deus tyryktsa iharere bo hyy mykaranaha iharakurukwy watsa sipunihikretsa moziknaha deus harere bo hyy mykaranahaze ituk tahawahi mynapykyryknaha batu simyiwy sipunihikretsa moziknaha,Rikbaktsa
11832,aꞌeramu fariseu ꞌga amu ꞌjau ꞌga upe: —najarejuwarete ꞌga rerowiaara ꞌga rui te aje raꞌe nuenuwi futari ꞌga moisesi ꞌga remikwasiarera raꞌe saꞌa ꞌga morowykyeꞌema rupi ꞌga mamaꞌeukara raꞌe enuw ire amunipo ꞌa ꞌga namamaꞌeukari ꞌga morowykyeꞌema rupi— ꞌjau ꞌga ajaupe ꞌupa aꞌere amumera ꞌga fariseu ꞌga ꞌi: —tee namamaꞌe tywera apoara rui ꞌga itywet maꞌeramu ae nuapoi futari nanuara— ꞌjau ꞌga ajaupe aꞌeramu ꞌga aipo ꞌeramu ajamueu ꞌga ree,Kayabí
23377,jesu yeekahase pe'e siape me'ra nemoro masi no'okaro niiwɨ toho weera pahara masa kɨɨ uukusere tɨ'oratira nerekara niiwa toho niika naa do'atisere yɨ'rɨoka ɨara kɨɨ tiro nerekara niiwa,Tukano
24664,allincapa uywayninnam cayanchic icha “camachicuypa maquinpi libraycul llaquipayniyu tayta diospa maquinchu cayal'a jina juchallactari lulayashun” nilchun niyashun ¡manama,Urubu-Kaapor
7638,a'ero jesus'ga ei ga pe: —‍ji erame nhiyhea marave'ga pe ji ei ei ga ji erame nhiiru'ga marave'ga pe ji ei kiro ji imombe'ukatui nde ve ei jesus'ga a'ero jesus'ga pova'egi gwemimbo'ehara'ga pe gwemimbo'ehara'ga mombe'gwovo ga ei: —‍pehepia ga pe ji ei nhiy'ga ga pe ji ei nhiiru'ga ei jesus'ga kiroki ga jiruva'ga nhi'ipo'ru yvagipeve'ga nhi'ipo'ru – ga pe ji ei nhiiru'ga a'e ji ga pe no nhirendyra'ga nhiy'ga a'e ji ga pe no ei jesus'ga,Kagwahiva
930,ana ehtopopyry poko sero moroto roropa toehse kunumiximano esety ana panueu exihpyry azee parypyry roropa kynexine ritonopo omiry ekaroneme roropa kynexine pytypome roropa ynororo apitoryme tyniotase yrome me jeimamyry toehse ahtao toorihse inio mame me ikonopory taropose eya ritonopo maro oturutoh onurumekara toehse saereme koko enara kure ritonopo tyrise eya amotyryae roke otuhnoko roropa kynexine totururuke ritonopo maro morarame toeporehkase ynororo moroto poeto tonese eya je maro —kure rukukuh na ritonopo tykase ynororo poeto poko toturuse roropa ynororo jerusarepoko pynanohne eraximanano netaryme,Apalaí
2926,hisapiretanako pirisira oitaniri akira pakini nixinikamanapitinina ninoa ninoa parikauatapeka kristo xesosi ikapani notakata,Apurinã
1952,kris kot me awyr me renh a me kot amnhi jarenh ta amnhi to hex ka prem ama ne am hamri me kot me ama harenh a me hkamnhix nom na pre krisja me awyr me renh ket ne ket pa na pre me awyr inhme,Apinayé
13224,hu: —‍'ate hapkummuk miy 'iha 'axop mogaha tik max xa tup-tex kaxiy ha: —‍patiy 'apu yay yog hapkummuk miy'ax tat kaxiy ha yot te tayumak ha putnu topa pet xexka kopah tu ta' mog tu yay may hiy tu' xok xe'e' ha 'amanex xexka xop te tayumak paha' tu: —‍'ap max'ah yumu yog xat'ax te' xat hok pu tayumak hom hok topa pu' ya nuhu tayumak tu tik putex yumu'atep-tep mun miy'ax kaxiy hu tayumak paha' tu 'onet yog ham xexka paha' puyi' xukpot miy pu tu' puknog xop no hapkot,Maxakalí
18890,judeia kaaraboni galileia kaaraboni hiki kahararakhamania hojaki ida samaria kaaraboni hari jesua binofiki ida hagihi samaria kaarabonia radahaki okhana samaria kaarabonia vaadaha'ina kaba'i adani jesus sicar sidaji 'dihania avakhano'aha sicar sidaji maakarinia hojaki ida arabo pitani jaco kohana kidisai jose kohana-ra no'a'bo'davini hi'iki arabo pitania hojaki ida paha aniani ibavini jaco kohana bikhori'iki hari safini sohirarina vani avakhano'aha adani jesus paha aniani ibavinia napaja vaadahana mani ida jesu-ra va'ora nafajafajaha'ia vithirari'aha ada jesus nami khorahaki kaja'diribaniki ihini vadinia,Paumarí
2114,iteene pimimarotakanisaakiri ati kamakiti kona pakiritapiri: “iua kamari maerekati” kona pitxape papoitapiri ati atao inakarinoka pinita atao pimarotini ikapani —itxa xesosi,Apurinã
11446,aiꞌiwetetewe ꞌwyriara ꞌga ojeꞌega jefaruu ꞌga amu nupe: —pekwap ꞌjau moromunepawa jara ꞌga upe: topoit ꞌga ꞌga nui ꞌjau— ꞌjau ꞌga jefaruu ꞌga nupe aꞌerauwe jefaruu ꞌga oi —“ere epoia ꞌga nui” eꞌi ꞌwyriara ꞌga enee ko— ꞌjau ꞌga moromunepawa jara ꞌga upe,Kayabí
5468,haꞌe gui xapyꞌa rei petei tuu ojeupe ae “xee ndareko kuaavei ma xerajy” heꞌi ꞌra xapyꞌa rei tajy iporaa oaxa ta haꞌe omenda agua haꞌeveve ramo kunha vaꞌe oipotaa rami ae tuu toguereko omomenda ri vy ndojejavyi ꞌra,Guarani
3016,jesus jerusalem ijidadary odaji saindyly saintybyem deus ety odaji egawandyly nhenuagaendyly enuagaenibyryem egasely betania anaxi odopadyly doze tynynonro modo aga iguandyly awylygue,Bakairi
3724,aituo jesus agueondyly: — uguondo modo awydymo kajimowadaunda mainmolymo watay eagonro pekodo aga tohoguinzeba itaunga eagonro aga mohoguinduomo deus izepa deus xuraem saguhola awydymo nhatano keba,Bakairi
8347,epra ke vy ty inh ni ha ra inh pi je epra ke jykre han ky venh jykre koreg han to vasan tiꞌ vasan mag sog ti ha ra inh pi je epra ke ag jykre han ky vasan muꞌ tope jykre tar en ha han ky sog ha to vasan ti ky tog soldado ty rara jafa ri ke ni tope jykre tar ti ty sog eg kato te mu ag venh pigju jafa mag en kokeg ti ha vy: isy u ty eg vi kato vasansan mu ag vi ty tuꞌ he mu he mu,Kaigáng
13411,ha hamyaxatamuk xohix nog 'iha hapxa'ax xuxya te minta 'op yog tayumak xak hu yay yog ham tu kamanat nu'kutnaha' tu nu'kutnaha' puyiy minta 'op yog tayumak pop ha' nun tu nuktu xupep paya tikmu'un xop te' kix kakixnag tu ya' hok mo'kutnaha yay pet hah ha nom xuxya te xe nu'kutnaha' tu kamanat noy nu'kutnaha' nuy tayumak pop ha' nun tu nuktu xupep paya tikmu'un xop te' kix kakixnag kamah tu' hupmaha' tu ya' hok mo'kutnaha yay pet hah,Maxakalí
14894,ixe ajem awap deus warara'acat o'gudot ijodi agokatkat ja'obi o'gudot  i ibutet osunuy,Mundurukú
6193,odaa noɡodibodiceta niɡida jesus aneote jiɡilaagiteloco iditawece nipodigi,Kadiwéu
23664,teere tɨ'ogɨ jesu kɨɨre a'tiro nii werekɨ niiwi: —ni'kɨ masɨ bose ba'agɨtigɨ pahara masare pihi dutisami,Tukano
1195,hamri nhum me hwyr hprot ne kumra ne kam: —kwa pahihti kot puj me jaraha pahtyk pa kwa tokyx kanhma nhy ne ri tanhma amnhi nhipex to wehe ane,Apinayé
20789,aibani zuba ziharawybabaka tsihokdaharena iwatsahi pykyhytutaha kaharere bo mytsatyziutaha sesus harazetu kytsa sinini mynakaranaha sesus tuktsa deus harere bo hyy mynakaranahaze tsihokdaharena mozik kytsa simysapybyitsa mykaranaha sihumo tsihokdaharena mozik kytsa asa zuba mynakaranaha sisorekanikitsa sisakimyijaretsa mykaranaha okyrysaro tsihitsa mozihikiknaha motsasokonaha — katsa zuba myhyrinymyretsa — mybarapetu mynakaranaha myhyrinymyretsa mytsaty ahabyitsa mynakaranaha siharerewabymybaretsa kytsa tahanamy ty harape bo nyny maha zeka: — o ikia tsimysapyreta ana humo hi mykuretsa — iwahaty batu harere tahazotsa harere bo batu ma zikaha deus harere humo batu wabyziu zikaha tatukytsa humo niwatihi tahasopyksapybyri mynakaranaha batu aty tohi humo simypokzitsiu kytsa sizubaretsa humo sisopyksapybyitsa mynakaranaha zikaharapeziunahabyitsa batu tahapetu sisopyk iwatsahi tahamysapybyrity mykaranaha batu tymoewy sizokdiretsa ziksihokyknahabyitsa situkytsa sisukyrytsitsa bo mysioktyhyryknaha mysibanaha bo simytsatyhybyitsa tu iwatsahi batu simysapy mynakaranaha motsasokonaha: — o uta zuba wasani uta myhyrizikwani — mykaranaha deus humo batu siakparawy iwatahi deus batu iaku asa zuba sakuretsa mynazihikiknaha ty zuba mykaranaha,Rikbaktsa
11174,—naje rui petywera momeꞌu kuꞌjywa ꞌga upe moisesi ꞌga te ꞌa petywera momeꞌu ꞌga upe— ꞌjau ꞌga ꞌga nupe —“moisesi ꞌga jeꞌegera ore aruenup aꞌeramu ꞌga ore momeꞌwau kuꞌjywa ꞌga upe” ꞌjau pee numiamu aꞌjea futat ꞌga pe momeꞌui kuꞌjywa ꞌga upe aꞌere ꞌga petywera tee imomeꞌui ꞌga upe— ꞌjau ꞌga ꞌga nupe —moisesi ꞌga remikwasiarera rerowiar ire amunipo ꞌa je nane je rerowiari pejepe nu moisesi ꞌga kaꞌarana okwasiat je ree futat rakue,Kayabí
17477,exahe kaiwahitaha mehotyahitaha wainiyaneneronai xiyehalo hoka teraharetyoaha aokowihenaha hoka waha tahi iraexatyahitaha hatyo hiyeta iniyalahare kaxomokakehenahere atyoite exahehare niyalahare — nexa,Parecis
10351,tahe taixiwotena‑ribi rirajuamyhyrenyre: —watxireny mana heka bedesede rynana‑ki rydu lau rekexiworenykemy budoeni riore debure lau tule deburena txu kyarana txu heka reare tamy mobo riijekre,Karajá
15531,ta ti jesus ta ky nꞌaa be ha y herꞌoot doo ti ne he pꞌop haga do anꞌoo ba edeb wat pꞌaa henh tagana wat jawen paa ba aa sahonh he aa bahapah ta ky nꞌaa aa wen maherꞌoot,Nadëb
4081,zezuz uzeꞌeg pet pe aꞌe kury wamaiꞌu re uzeꞌeg zezuz ximaw pet pe aꞌe kury — ne ximaw zuaw taꞌyr ne aipo heamutar katu pe amogwer heremimuꞌe wanuwi ne iꞌi izupe — hezar azeharomoete uruamutar katu ihe iꞌi izupe — arapuharan wazar uzekaiw katu weimaw wanehe aꞌe wa nezewegatete ezekaiw katu herehe uzeruzar romo maꞌe wanehe nehe no iꞌi izupe,Guajajara
7896,a'ero yvyakotyve'ga nhimimi okyhyjiavo ganduvihavuhu'ga no jukwahave'ga no imbateve'ga no soldados'ga nduvihavuhu'ga no ipopoakaheteve'ga no ojipe'ga no – kiroki ipiro'ye'yve'ga ga ga mboporavykyuka ga mbopohirukare'yma ojihugwi kiroki ga oporavyky ojive jate no ipiro'yve'ga – gaha nhaporemo onhimimba yvytyvytyruhua rupi itakwaruhua pype itaruvihava pyteri pe no,Kagwahiva
16533,a²­nu²­a²­nau³­xa²­ u²­lxan¹­ko³­xa²­ wxa³­ain¹­jau³­su²­ ja¹­nxe³­ju³­kxai³­lu²­ kxa³­nhxi¹­nu¹­tai²­na²­ e³­ro²­jah³­la²­ kain²­jah¹­la²­ ju³­te²­an¹­ko³­xa²­ a²­wa³­kxen³­yah³­la²­ yxau²­xai³­lhi¹­nu¹­tai²­na²­ je³­su²­jah³­la²­ a³­li³­lah¹­ta¹­hxai²­he¹­la²­ be³­le²­thi³­na²­ ju³­te²­a²­ko³­xan¹­thi³­na²­ a³­li³­lah¹­ta¹­hxai²­he¹­la²­ nxe³­tau³­an²­tu³­ a²­nu²­a²­ a²­hoh³­lxi³­khai¹­nu³­ka³­txa²­ ha³­lo²­a²­ u²­lyxau¹­ko³­xa²­ u³­je³­na²­ a³­li³­xi²­tau³­an¹­ko³­xa²­ a³­li³­xain¹­nu²­la²­ wxa³­ain¹­ta¹­hxai²­he¹­la²­ wxa³­ain¹­nu²­la²­ je³­ru³­sa³­le²­thi³­na²­ ju³­te²­a²­ ko³­xan¹­thi³­na²­ kain²­khaixnxe³­thi³­nan²­ta³­ a³­wi¹­hain¹­ta¹­hxai²­he¹­la²­ a³­wi¹­hain¹­sxa³­ e³­kxain¹­te³­nah¹­lxi¹­:,Nambikuára
20025,katsaktsa kiristu humo myspirikporetsa babatsa tsimaha zeka iharere bo zuba pykyhytu hyy tsimykaranaha ana humo kino ahahyrinymyretsa ana hi tsimyzihikiknaha,Rikbaktsa
26519,baygogo'a ujarenh ne kam akati tamkam ten arym imoti myrri nhy,kayapó
714,“zehnotoko mokaro” kara ehtoko toto poko oekyrykome mokaro tyritoko akorehmatohme oya xine yna omipona toto ehtohme ropa,Apalaí
2175,teoso sakire sapiretakari oerekarauatakasaaki erekari sito kenakotiniri apakata iuasaaki osakirauatini erekari opaxitiniri iua isakire okipitini ikapani nota auiritaro sito oerekinina kikiakori ikamakitina tikane opaniatinina erekari masakiretoka onini,Apurinã
19566,o carcereiro pediu luz entrou correndo e tremulo prostrou-se diante de paulo e silas,Portuguese
10349,kiamy heka ritina‑ki roimyhyre: —inyo rityhynytyhyhyyke heka teysamy ratxike tiu heka anabedewootyhy tatyhyna‑ki judeu mahadu dori judeukodu mahadu‑wana wiwesele rare ibutumy heka sohojihyyle iwedure inynyry wahe ibutu heka inydee riwahinymyhyre aomybo iny rexitoenymyhyre wahe iny rexitoeny‑wana inynyryni‑di tarasanamy tai iny‑o riwahinymyhyre,Karajá
368,wenikehpyra ehtoko ypyno oehtopopyryko poko oorypyryko irumekatoko ropa osemazuhme ypoko oehtopopyryko sa oehtohkome ropa oorypyryko onurumekara ro awahtao xine oehnoko ropa ase oya xine okyryryko syryhmase tosae naparina apony,Apalaí
17404,hoka hatya enekonihatareha mokotya kesekase kakoa sacerdotenai xekohasehare wakanehare hoka itinihe aikotya ifihini maniya,Parecis
10273,loo bededyynana tule iwesere tiiboho worana bedehesidile ryire tiiboho rityhynyotyhy urile hetomy riwinymyhyre oworumy riwinymyhyre aona‑di rohonymyhyre,Karajá
13775,tu maname pu' miy 'uxuxet'ax noy hu: “yop” xix paot pu' hu: “mekot” ham'aktux punethok hah,Maxakalí
19588,respondeu jesus: eu tambem lhes farei uma pergunta se voces me responderem eu lhes direi com que autoridade estou fazendo estas coisas de onde era o batismo de joao do ceu ou dos homens  eles discutiam entre si dizendo: se dissermos: ‘do ceu’ ele perguntara: ‘entao por que voces nao creram nele ’ mas se dissermos: ‘dos homens’ — temos medo do povo pois todos consideram  um profeta,Portuguese
26483,nhym me jejukam no tyn nhy nam tu me aerbe prine myjja ma nhym me jadjwy myjja jabej kukjero nhy nhym no mexkot katat mema myjja jarenho nhy kam ne me kam no tyn nhy,kayapó
6086,odaa iditawece niɡidi noiigitigi niɡina iiɡo ninitibigiwaji leeɡodi naɡa nigo niɡidiwa liotaka aneotedoɡoji codaa odinediatigi noɡetedi leeɡodi me ninitibigiwaji leeɡodi niɡidiwa liotaka aneotedoɡoji oditece niɡinoa notaɡa ane doɡoyemaateda mowajipatalo notaɡa anowo niɡidi noiigi me nawikodeeɡa,Kadiwéu
14841,— “apentak oce kariwa” i oce — “e'ay” io'e “damasco ka be juy eju” io'e “ibo ka be agokatkat apen deus ibikuy ewebe eku am iap guwen ewebe” io'e — paulo o'e,Mundurukú
8090,ky ag kato te sor tug ni tope ha vy ag vin ti paꞌi ag krin ky ky ag kato vasan tug ni u ty ag kato vasansan mu ag vog konan je ag tog ke mu paꞌi ag,Kaigáng
5590,haꞌe gui oia py oguerua kyrigue haꞌe kuery re opo omoi agua haꞌe ra hemimboꞌe kuery ma herua kuery pe ijayvu ete,Guarani
23325,toho weera yɨ'ɨ akawerera mari jesu cristore eho peora sara paramera nii turiara nii' da'ra ko'tego paramera meheta nii' sara makɨ kɨɨ pakɨ yeere ye'e'karo weero nohota mari o'akɨhɨ kɨɨ po'rare o'oatehere ye'erasa',Tukano
24502,ashwanpa lluy-lluy ima allinnin allin uycamashanchic'a janay pachachu acchicunata cama tayta diosninchicpimari shayamun pay'a jucman-jucman mana muyullalmi jinalla caycun pay'a  caycun: griego limaychu'a “mana jucman muyunchu ni muyulpis tutapanpischu” niyanmi,Urubu-Kaapor
313,toximose toto ahtao akapu towose oturuse ynara tykase ynororo eya xine ritonopo zuzenu poe —okyna pyra konopo oehpyra exiko mana tykyrysa ahtara exiko roropa mana emero pata to punero tomiryko ke roropa apotukehnoko ma toto etuarimako roropa toh mana tykase akapu toto a morarame kyrautiu seza kowenu tuisaryme toehse ahtao konopo toehkehse rahkene,Apalaí
17079,hatyaoseta jesus waiya hanityo inityo haliya tyaonita exaotyakirahare awaiyetiterene hoka jesus waiyene hoka nexa hanityo hiye: — hiyaiya exe atyo hityani — nexa hanityo hiye hatyaoseta haxaotyakirahare hiye nihitiya: — hiyaiya exe atyo hityo — nexa ihiye nexa ihiye hoka exaotyakirahare noloka jesus nityo hahanako xeta hoka tyaona ehaliya maheta,Parecis
18809,arabo hahavi kaija'arini vavaadahaki ida sidaji vagani kani arabo hahavi kaija'arini vakadika'da'di vavikhaki ida vakadinahina kaidivaki sidaji kania,Paumarí
8161,noe vy tope ki ra ky ni ja nigti ge ha ky tope vy ti my to ja ni ag kar ty kar ky ti jagy venh ke ti ha vy: ta kute he mu ky tog tope vi kri fi ky canoa mag en han mu ky tog han kan kar ky tog ki ra ky tog kren mu ti pru fi mre ti kre mre ke ge tope ki ra ky tog u ty tope kato vasansan mu ag mre tig man ja tu ni ha ky tope vy ti my un jykre kuryj ag ty nen venh ke en ven ti ty u ty ti ki ra ky nyti ag my nen ven ke en ti,Kaigáng
21408,piat ewy miꞌi hawyi iesui putꞌokꞌe i tawa ieriko pe temiitꞌin nywo miꞌi hawyi tuwe­noꞌe mekewat tawa pyi miitꞌin tok puo miꞌi hawyi tawa ekuekai muꞌap tote toineꞌen mehi patimeu apyk pe miꞌi ti yt iha pytig i wuatꞌi kaipywiat kat etup hat toineꞌen miꞌi ti timeu saꞌyru,Sateré-Mawé
1001,hamri nhum kam: —ma am hamri na ka akaper nom ixpe ijaew ket ta me kuxwar am ixto mex grire ket wehe ane,Apinayé
25543,zudezu nori ha cristuhu wasu'uwe ha ma to aha na te te siwi 're we'o za'ra taha wa te oto 're ihaimana u'asi mono nhitob'ru ne 're haimana za'ra taha wa'rami ma to ai'ama 're siwadi za'ra wa'wa asire zudezu'o nori ama ha tane nhere isib'a'uwe 're nomro mono da te te pisutu za'ra wa te ta nori ha te te 're azawi pese u'asi sima ta nori hi'rata ma te te sina iropisutu za'ra zeb zarina,Xavánte
6820,odaa ijotawece niɡijo noiigi niodaɡa codaa nitiminaɡa niɡidiaaɡidi niɡijo anodiotibece jesus joɡonioda niɡijoa liwailidi ane iiɡotedice liwai paontedi ijaaɡijoa noɡojedawaanaɡa odaa joɡonoleenaɡadi seete etacanitedi nelecoli ejime cwaatolo miili oko ane niodaɡa,Kadiwéu
9079,ha heꞌi ave hesu: —haꞌe-ta katu xe: onhemboasy vaꞌe-gwi omboyke voi-ma hembiapo vaikwe nhandejary ohendu voi inheꞌe ipyꞌa poti-vy oho jevy gwoga-py ha upe fariseu vaꞌe-gwi hembiapo vaikwe nomboyke moꞌai voi onhenohe porase moꞌa ixupe-gwi heꞌi hesu arandu nheꞌe oiporu-vy upei heꞌi jevy —anhete haꞌe-ta pee-my: onhemboeteseve vaꞌe-rehe avave nopenai ara ha onhemomiri vaꞌe-pe ae katu omboete vaꞌera heꞌi hesu omombeꞌu-vy,Kaiwá
3920,deus tainwanse tawylymogue myakawandy taseguebydaymo tuduery ton-honreim modo kehoem nhainlymo pymaem awylymo ume koenda lela myakawandy aguehobyry arala tainwanse awylymogue myakawandy deusram azemakeolymo leao itahuwanmomy,Bakairi
14633,eleazar ebay eliude osunuy mata ebay eleazar osunuy jaco ebay mata osunuy,Mundurukú
12623,miriri yeꞌnen penanan wei piꞌ teesenumenkai pra eꞌti tiise siriripan piꞌ neken esenumenkati maasa pra penanan weiyu yainon ton moro man moropai wei kaisari moro man miriri weiyu yainon ton miriri yeꞌnen eerepami rawiri kisenumenkati miriri piꞌ —taꞌpi jesusya,Macushi
26884,ne kam ajte kum “abe me kadjy metindjwynh mar djwynh ra'a ra'a ra'a ne merkixatek ne akajma'a metindjwynh mar djwynh ga kam merkixatek nhijuk'a gadjwy abe me kadjy metindjwynh mar djwynh” ane,kayapó
9839,ay katu aha-ta xe nde ereiko ha-py ndaiko moꞌavei-ma ko yvy ari ha xe remimboꞌe katu oiko joty vaꞌera ko yvy ari nde reko marangatu voi xe ru ne nheꞌe-rupi aikwaa uka-ma kuri ixupe kwery nde rekoha ay nde rery-py enhangareko pora katu hese ijoja meme oiko-vy hagwa peteixa nhande nhande jojaha-rami aipota ijoja ave onhondive hikwai,Kaiwá
21552,miꞌi pote iraniaꞌin akag koꞌi teꞌe­roꞌe iesui pe — pai ehay kahato ewete eremo­wato teran — uito poꞌog ereꞌe pote eeso kahato iꞌatuꞌe,Sateré-Mawé
13813,—‍ha 'iyaet yog tikmu'un xop xohix noy na' mog tu moktu xohix xexka' ha hamyaxatamuk xohix nog 'iha topa te yay yog ham'aktux xutigaha' tu ham xexka hom 'amanam mokputox pu' ha tik puknog noy xip 'eyit tu' nom te yoye yummug 'ohnag tu kokexmax putuk tu' gaynam tu yumug monayxop xuygaha' tu' xat 'ugay tu' hu: “'utut tek-tok pit put puya' nim haptopa' puyi' xok” kaxiy,Maxakalí
7850,po pe ei: “ambohete hete ji tupana'ga jipi” pe'ete'varuhurame ojipe'ga pe pe nhimoandyandyi a'ero a'ereki pe'ete'varuhua ipige'ymame pe tupana'ga mbohetetehei pejikovo a'ereki ndapyryvi tupana'ga pe ahe'ete'varuhua ojipe'ga pe ga ndopotari nanongara'ga nemimbohetea,Kagwahiva
