index,TEXT,LANG
8240,jesus ty kyru jagre koreg kutem a ky ag tog mu mu sir ky ag tog vaha jesus mre mu ti u ag ta junjun mu sir ky ag tog venh e veg mu ag penin ky tope vi to professor ag tog ag vi kato vi u han mu jesus mre mu ti ag my ky tog vaha venh e en ag my e ti ag ty ti ven ky ky ag tog ti to pete kamu mu sir ti my: “a my ha” he je,Kaigáng
6902,pida ica enoale niɡijo anodiotibece ǥoniotagodi joɡoyexaɡatinigi saulo aca etacani eloodo odaa joɡonikatinece ijo lawimaɡajegi nibaloote naɡani nigotaɡa onikatinicogi we odaa joɡoiwoko judeutedi,Kadiwéu
15156,pꞌop haga do y hꞌyy kahaꞌeeh doo kristo jesus hyb nꞌaa be ha da tabanoo sahonh he be we badoh doo be hꞌyyb go badoh do na-aaj he takꞌep hetsooh do ta we hanang do penh ne be ha dꞌ tabanoo,Nadëb
5876,xee haꞌe kuery re ai haꞌe ndee xere rei ramo haꞌe kuery voi petei rami ete ikuai agua ko yvy re ikuai vaꞌe oikuaa agua ndee xembouague haꞌe haꞌe kuery reayvua xerayvua rami avi,Guarani
3601,iweapa deus aguewanmy: “judeu keba modoram ytaumbyry egaturin-em aduakelymo esagon-ho kytaho nhesagon-ho ara ise ywaga mauntuen-honlymo yam idahomoem tainka lelaba ise adara tadasemaguely awyly waga amyguelymo” kewandymy deus — awylygue ise judeu keba modoram xina jesus waga aguely — kely myani paulo judeu domodoram,Bakairi
13129,'apu yay pu 'og hapkummuk mi'ax 'aktux nuy tu yay pupi ham'aktux puyiy topa 'ahittupma' puya' kuxa mam xop xohix yay xape xop pupi ham'aktux topa pu' ha topa te tikmu'un yog ham'aktux 'apak ha 'axape kuxa te topa xak puxix topa ham'aktux 'apax,Maxakalí
25574,asire 're asaihuri aba mono da 're asi'ra'oto aba mono wamha wanhib'apito ha wazada ida'azem na 're asipo're pu'u za'ra wa'aba mono zeb da tama ama 're uwaimrami za'ra wa'aba mono o di mari aimawi ha 're i'manhari za'ra wa'aba mono da si te 're asi'ra'oto aba mo siwa'ru aihini asiteme 're aihutu aba mono o re te za ni'wam nori si dawana tisa ha te te 're huri si'aba're na taha wa te za ni'wam nori ha tisa ha te te 're simini za'ra iwana 're dasihutu mono wa taha wa te za to iwana da te 're uprosi za'ra ni'wam nori ha te za dure 're 'ra idi'iti za'ra uwa 'rai wa'u ise ha sa'ete na te te 're ahuri mono wa,Xavánte
7308,jesus'ga pe ga heruri a'ero herovahema oapoa tapy'ynhapira i'arimova'ea ga heropori inoga ikupepytera rehe eho i'arimo javo jesus'ga pe a'ero ga hoi i'arimo kiro ta'yra ga rerohoi pea rupi ga rerohorame ga heroporopori opira i'arimova'ea pea rupi imbokatuavo pehea ga pe naha ga jesus'ga mbojiroviari ga rerua nhanderuvihavuhuhete'ga kiro u javo,Kagwahiva
18156,'dama kania vahojaki jaboni adani sorara vaimahidakaraho'aha oniani ida va'ora nathararaja varai'a'ina vaabiniki fori vihiki adani,Paumarí
21562,mio ta e tupana mesup miwan me — saꞌa­wyꞌi atihuruk taꞌyn yityꞌok mesuwat sinai e hap totiat maꞌato meiuran aru atihuruk taꞌyn mesuwat yi wato hap ok ta e maꞌato yt mesuwat yi yn i atihuruk maꞌato iꞌewyte at waikiru waty yne atihuruk e miwan me tupana,Sateré-Mawé
15471,ti hadoo ne he ji hꞌyy kaꞌeeh doo panyyg hanam do ji maa newee do ha tabana kristo kyyh ne he ti panyyg hanam doo,Nadëb
23115,maata jesu “yɨ'ɨ tutuaro me'ra ni'kore yɨ'rɨoasɨ” nii tɨ'o ya'akɨ niiwi mahami i'ya masare seri ya'akɨ niiwi: —noa yaro su'tirore da'ra ya'ati,Tukano
19333,em seguida tomou o calice deu gracas ofereceu-o aos discipulos e todos beberam e lhes disse: isto e o meu sangue da alianca que e derramado em favor de muitos,Portuguese
14344,felix o'tupcoco tupco buje felix o'jekawen paulo eju — ajo-eipi wat en — io'e — cilicia eipi wat on — io'e,Mundurukú
7450,—‍akwaimbae'ga upaharahea – akojahea nde erehepia – hehea ipopoaka yvyakotyve'ga nduvihavuhu'ga mondomondopavuka gwemimbotarimova'ea rupi okovo ganduvihavuhuro tuhe ei tupana'gapyrive'ga —‍dezva'ea yhyapypeva'ea ratia – akoja nde erehepia akoja ko yvyakotyve'ga nduvihavuhuro – gaha ti noarohetei akwaimbae'ga upaharahea nehe yhyapypeva'ea pavei nehe ei tupana'gapyrive'ga ji ve nura ti ga hea mbotegwetei heapopoakara mombiga heambatera pyhyga hea hugwi nehe tata pyvo ti ga hea mbokaipavi nehe cidadeuhua ji amombe'u hea mombe'urame ei tupana'gapyrive'ga imombe'gwovo ji ve naha ti ga cidade rerekoi imbokaipava nehe a'ereki nanongara tupana'ga opota gwemimbotarimova'ea arouka ga pe gandeaporogita mbojoyvyyvyre'ymuka naha ga ei: “tombojoyvyyvyryme ti yvyakotyve'ga nduvihavuhu'ga ojeaporogita yhyapypeva'ea pokoga okovo a'ea nhi'iga rupi nehe” ei tupana'ga naha ti tupana'ga ga nderekoi nehe toho ti nhinhi'iga apiavo javo ei tupana'gapyrive'ga imombe'gwovo ji ve,Kagwahiva
18778,gamo deu-ra vakaijokahi hojai deua bivajahakia kahojaihi ija'ari-ra nofijahakihi va'ini bodini varani jahakihi jaboni oniani ida gamo 'banani kamahini deua bikajoamoravini hija,Paumarí
6793,owidijedi notaɡa eɡinoateda owidi ane domaɡa ejitedaɡawatiwaji pida ajiditedini igaataɡa inibeotege me idalitaɡawatiwaji me eetawece me ɡadotaɡaneɡenitiwaji amaleeɡaɡa jakadi makaami inikawepodi lionigipi ɡanioxoa naɡajo ane ixipetedice aneotedoɡoji me nebi iditawece oyecoaditibigaɡaji odaa jiɡidaaɡee amem ,Kadiwéu
2232,teoso mereepekari kakiti imaerekani imakatxakini ikapani ininia nota miteenekari nimisiritiko teoso iokanapirena ninoa kenakotini ikapani imaerekanina kristo xesosi makatxakini ikapani atipirika teosokata auinina ikapani iuasaaki peerekari,Apurinã
26893,me'o nho myjja raxma jeju kute kaben jarenh nhym kam me krapti nhipokri ne me'o kaj be kum —‍benjadjwyr gop ikamyma are ge ima nekrex kwy nga ibam tyk kuta ne ar ima nekrex'a karo bar ije ar o ibama nhym ikamy box ne tu jam o amijakren utan ma o mo kute ima kwy nhor ketkumrex ane,kayapó
11540,—aꞌere ꞌa je ruri jua ꞌga rewiri nu je ꞌa tekou teojereꞌemamu tejemiꞌwaa jarejuwarete ꞌga upe teporogytau aꞌeramu ꞌga ꞌa “emiꞌuu ꞌa ꞌga raꞌe” ꞌjau etee jee nu “itywet maꞌe ꞌga jekotyꞌaawa ꞌga raꞌe ꞌwyriararete upe kaꞌaranuu pyykara ꞌga jekotyꞌaawa ꞌga raꞌe” ꞌjau etee ꞌga jee nu— ꞌjau ꞌga ꞌga nupe —kunumi ꞌjawe ꞌga jua ꞌga ree raꞌne ꞌga ꞌa oporomutareꞌemamu rakue ꞌawamu ꞌga ꞌa je ree nane oporomutareꞌemamu nu kunumi ꞌjawe ꞌa ꞌga jemogyi— ꞌjau ꞌga ꞌga nupe,Kayabí
1443,hamri nhum go hipok nho xwynhjaja me ixto mex rax neta pa me go hipoota kama ixpa ha mytwry axkrunepxi hamri nhum kok xaper tyxta hapex pa me axte inhnojaret ne ma mo par o kama hpanha mo aresanrir rum parja pa me hpanha kama mo me kot kam “santi pihpo” anhyr xwynhta kama na pre go hipok kama haxwyja kok xaper tyx hapex jamar xa ha hikwy hta ra axte nojaret hamri nhum go hipok nho xwynhja ma me inhmor xa ha me inhma me ixapkur xa hkwy nhor rax ne hamri pa me par wyr inhgjex pa ne ma kama mo,Apinayé
5453,haꞌe aipoeꞌi hexe oreayvu vaꞌe apy ju roju agua nerenonde] haꞌe gui ndee voi hekokue re reikuaa pota vy reikuaa avi ꞌra oreayvua anhete memea — heꞌi,Guarani
17864,hekotata notyaonita xihaliya hoka hatyo akiti niraeta xihiye — nexa,Parecis
7835,ma'ga nde mbuhurukaruhu ei ahe jesus'ga pe igwete jesus'ga hoa'javi jerusalem me gajatykahavuhua rokara rupi jesus'ga hoi okovo a'ero ikwava'ehara'ga nduvihava'ga nduri ga pyri judeus'ga mbo'ehara'ga pavei xava'eve'ga pavei,Kagwahiva
13696,tikmu'un te' xak 'ohnag pu topa yaykutna' puyiy tu 'amanex xat'ax 'amhok topap-xehnag te yaykutnaha' tu monayxop 'anam yaykutna hamaxap,Maxakalí
3102,anguyram awankuem kaienehowadaunda ady ipa ato xuduwataunga adyam idahobyryram koenda lela idahoem xara odopadoem wara kypemugu cristo eynynonro modo agala odopadyly kainwanwandyly,Bakairi
14593,o'je'ada jesus a'obi agokatkat pewi ibiogbuk kereat cem puje xipan o'jekawen ma o'je'ada buye — abu yaguyguy imen o'jebapuk iam — adeayu o'e ip jewewebe — ka'uma ma ijo'iat imen wuyjojojo gu israel eipi be- -wuyeipi be — io'e ip,Mundurukú
9037,tyvyry omano ramo ndaitaꞌyryi ave upei tyvyry ambue jevy omenda omano jevy ave petei tei omenda hese gwovajare-rehe petei tei omano ramo ndaitaꞌyry jepeiry,Kaiwá
24234,chaymi jesus nishantanulla nipacuptin awnil pasquichipacula,Urubu-Kaapor
15586,ketsaa do see ha ka bꞌee tꞌaah bado hom ba ka y maa napee dak kabajꞌaa do see kyyh “bꞌeep ana” nang y hegaa kan tii ba kawaaro hasus do y hapee dag kan ji nu metyy do nahee ta jo hasooh do moo go,Nadëb
17472,maika jesus cristo sorarexa tyakekohatiye waiyexe hisaona hoka notyaonitere akereta hisaona exahe iniyalahare hikaxomokaka hoka hiyaiya sorare atyo sorare hatene hiye tyaonita hoka maisa hawarehare hateniti watyaliye haxekohase maniya taita atyo tyaonita exekohase tyakekotene maheta,Parecis
3111,aguely adaguho ura  xira iweninri deus kywymary jesus cristo wara emary ura idanara deus eynynonro modo kaendaenkuly tainkonro modo lelaba,Bakairi
22135,itea enepone isoneuti ukeati xoko ituko'oviti vanukeke inuxoti kixovoku koati sasa'iti ina porexo'ovimaka vitukeovo xane kasati omixone koane itupa'ikoti yoko u'uso koyetimaka kamokenoyea isoneu po'inuhiko enomonemaka kuti'inoke uti seanati koane unati kixoku itukeovo akoti naivakaxa xane koane akotimaka itukaheapu,Terena
4056,pawru ukwaw wamaꞌenukwaw paw aꞌe aꞌe rupi iꞌi zauxiapekwer wanupe kury wanuwihaw pe kury — aze aꞌe awa nupyta kwaw xe kanuhu pupe wa nehe napepuner kwaw pezepyro haw rehe nehe iꞌi wanupe,Guajajara
4157,zakweraw wi putar amo ꞌar mehe nehe urumumeꞌu zaneruwihawete ikweraw pawer peme ure pekwaw ikweraw pawer — nazakweraw pixik kwaw nehe iꞌi amo pepyr har wa marazawe tuwe uzeꞌeg nezewe wa,Guajajara
8778,u ty eg kafor ni kejen jesus mre mu ti ag tog ti my vi mu ky ag tog: “kejen eg tog tope ty ty eg paꞌi ni venh ke mu” he mu “eg ty ti ve ky u ty he ny hyn eg kafor kar ni” he ag tog jesus my,Kaigáng
2035,ininia xesosi: —himarotari hamanaakiti kotxi mapaoti napa atoko nota apakapariko iatatxi tsiitxia niatini ikapani hiposotatari ikara hiatini nipatxisataakako tsiitxia hiposotatari ikara atoko hipatxisatiko —aposotapitika —itxana ninoa xesosi txana ninoa: —inipitikara hiatariko nota iatakiti inipitikara hipatxisataakako nota patxisatiko atokokana,Apurinã
10408,tahe zacaria tababese rioreo rimyre riritinyra kia: —joao heka inikre tahe ijo mahadu ibutumy ribedeotiidyynyre,Karajá
11169,aꞌeramu nipo pee ꞌjau jee: “judeu teea pa ꞌa ore nu” ꞌjau nipo pee “orojewag ekoeteramu arajemogyau nu” ꞌjau nipo pee,Kayabí
22141,ixomoiko koyuho ne jesus simone xane ukeati ovokuke njairu enepone exoti koeku ihikaxovoku ho'e judeu hara kixo njairu: —‍ivokovone ihine iti hakone perexoa ituketi ne ihikaxoti —‍kixoane,Terena
10841,habu rarybere: —kia heka aou aou jiary retyhynyre aoijomybo arotyynykre,Karajá
12033,tiise miikiri pimiꞌsaꞌkaꞌpi paapaya miriri tipo tuꞌke wei tiikoꞌmami yai eesenpopitiꞌpi tinaipontiꞌsan pia galileia poi tuutisanon jerusalem pona tipokon pe pia eesenpoꞌpi,Macushi
18886,hari vahojamaniha adani gamo ava akasanakhamaki kania abinina vanokivini napaja pa'itxia galileia kaarabonia jesus hojana kari jesu-ra vavaipohihabakhia'iki adani gamo jesu-ra vakaijahitavini jaboni gamo vahararana vahojaki adani maria madalena tiago jose vihiki vakadiamia maria oniki jaboni hojaki zebedeu kaisai vakadiamia jaboni hojaki gamo vahoariha vakadiania,Paumarí
21065,eiwo­ꞌo­kyꞌe kahato pote tupana eimoe­saika wakuat nug hamo aikota toꞌo­wywuat hamo miꞌi pote ti aru karape tupana tut tosa­ꞌyru wywo teropat haria wywuat turan ehewaku kahato hap toipueti eikai katu­pono miitꞌin kyꞌe kahato haria eipe pote miꞌi hap uruikuap taꞌyn uruto pauruꞌin,Sateré-Mawé
20763,aty ahatuktsa tsitsyhyryboareta ziknakara zeka ustsa namy ty ka tyakse akse byity abaka tarabaja tykta iwaze tsipanamy ustsa kytsa bo nyny tsimy tsipanamyze hi wastuhu anamy ty sinamybyikitsa bo nyny tsimy,Rikbaktsa
22301,simapune ne hana'iti tiveko koekuti ina koe'ikomaka jesus: —‍enepo neixanenoe ne eno vahere koekuti xoko akoyeaku omotova ovea koesayu'ixoati koane kotohinekexopati ne koati sasa'iti kixovokuti hara ngoe vo'okuke: yoko koekuti yuhoikoati ra'a apasika exea koeku kixo'ekone enepohikone xane ovotiya njudeya okoho'inehiko xapa hana'itinoe mopoi kene koekuti xane ovoti omomikokuke ouke peno hakone urukopovo kuveu ovoku veyoponea koekuti apeinoati itea aka'ikaneye okoho'iyea kuteanemaka koeku ne ovoheixoti ya meum hakone aukopovo veyoponea po'i ipovo ovokuke,Terena
17398,waiyexe maniya nawenatyakeheta  corint  corint exeharenai tahi davi xakai aokowita etake enore waiyexenai aohenerenai nihalaharene tahi iraehenere xowaka iniyalahare enomaneha maotyaneheta hoka hatyo hiyeta haliti waiyexe aokahene waiye kaiserehare atyoite tyaohena haiyaharenae enore atyo iniyalahare enomanenaeha maotyaneheta exahe enomane iniyalahare hoka emaisaheta waiye kaiserehare atyoite hatya haliti tyaonehena enore atyo iniyalahare enomane maotyaneheta hoka,Parecis
19902,eles falaram a igreja a respeito deste seu amor voce fara bem se os encaminhar em sua viagem de modo agradavel a deus pois foi por causa do nome que eles sairam sem receber ajuda alguma dos gentios,Portuguese
9375,heta eterei ojogweroaty-gwi ndikatui ogweroike hesu renda-py upea-gwi ojeupi oipeꞌa oga hesu ari ombokwa ombogwejy mbegwe katu imbou-vy ombogwejy hajy jeapa vaꞌe-pe hupa reheve ombogwejy,Kaiwá
11280,nan futat awau akou kwe pe imomeꞌwau awau ꞌga owaema jerusareg ipe jerusareg ipe ꞌga waem ire jejui ꞌga rerowiaara ꞌga ꞌga napejeꞌega jejui ꞌga rerowiaara ꞌga ꞌwyriat jejui ꞌga remimonofet mimera ꞌga ꞌga napejeꞌega aꞌeramu paulo ꞌga panape ꞌga retee wekwawera momeꞌwau ꞌga nupe —kwe pe ore oi arakou jejui ꞌga momeꞌwau amunawa moyka ikue aꞌeramu ꞌga jejui ꞌga rerowiaa kwaiwete judeueꞌema ꞌga we futat erowiaa ymawarera ꞌga etykapap aꞌeramu ꞌga ꞌawamu jejui ꞌga rerowiaa ojekatuꞌokawamu— ꞌjau ꞌga ꞌga nupe wekwawera momeꞌwau,Kayabí
8032,demas vy isovanh ky vyr epra venh jykre han sor ti ni ha ky tog isovanh ky tessalonica ra vyr crescente vy galacia ra vyr ky  vy dalmacia ra vyr  vy inhha inh mre ni ni  pere katig ti ty inh ranhraj han je tag to tog tar ni tiquico jene inh ti ty efeso ra tig je,Kaigáng
24764,chaynu cayaptinchicpis tayta dios'a jesusman chalapacushallanchicpam juchannata licaycamanchic paymari dinbaldilla llaquipayninwan juchanchiccunacta pampachaycamanchic,Urubu-Kaapor
19482,preferindo ser maltratado com o povo de deus a desfrutar os prazeres do pecado durante algum tempo,Portuguese
14528,— icem tu ixeyu e'em — io'e paiyu kukukat estevao be,Mundurukú
20371,myharere soho o katukytsa ustsa kytsa soho ba ziksisohometunaha ahatukytsa soho tsimykaranaha zeka deus harere humo tsimyspiriktsokdanaha tsimytsasokonaha zeka: — o katukytsa ikiahatsa batu wasani zikaha — tsimaha tahaspihikbatakanaha o deus harere batu isapy tsimaha deus harere myhumo tsikaeni zuba kakparawy iwatahi mybo awatu deus harere batu ahakparawy tsimaha iwatsahi tsimysapybyrikinaha,Rikbaktsa
15784,tsyt he tabetyn hom da pꞌop haga do karen do moo hebꞌook doo tsyt he ta wob pꞌop haga do karen do moo bꞌook doo banam doo henh tabetyn hom tabanesaa henh ta wob ajꞌyy ta nahee me tetyn hom do hadoo tiriig ta bog mahanh ta joom ag tiriig tabataa ta tob nꞌaa yt ha ta bog taju toonh teeg hoo me nadeek doo me —nang ma jowaw kyyh kristo ky nꞌaa ha,Nadëb
25427,tawamha i'u'ene ha 're huri aba mono wamha dure rob'rai wa'u ha 're ahuri aba mono wamha ta ha wanhib'apito dazada ida'azem na 're asipo're pu'u za'ra wa'aba mono ze te aima wasu'u za'ra wa'wa za we apa imorizeb u ha,Xavánte
1090,hamri nhum me meo pika kama piita ri axpen ma harenh o pa,Apinayé
23036,saulo jesu cristo o'akɨhɨ bese'kɨ niimi niisere waku tutuaro me'ra werekɨ niiwi kɨɨ teere weregɨ keoro o'akɨhɨ yee kiti were mɨ'tara oha'kere bu'e i'yo were mɨhakɨ niiwi toho weera damascokahara judeu masa “toho nii ma'akɨ weemi” nii masitikara niiwa,Tukano
1135,me kot kris nhy ha me ahkre ha amnhi to hex xwynhjaja me pakurom me kot amnhi to rax xwynh a amnhi jarenh jakama na htem memoj ta me ama karo ho pa • ne me kam hpram xa hkot nhyhym me are ne nhyhym me are • ne me apa pix kukwak ri apkur o pa • ne memoj ta me ajakwap me atak o pa a me kot me anhipex anhyr ta ka te me ate atum ket pyra ne atyx ri me kaper ma ne me hkot amnhi nhipex o ri apa,Apinayé
16145,a²­nxe³­tu³­ka³­txa²­ i³­ha¹­txi²­sxa³­ i³­ye³­kxi²­te³­nah¹­lxi¹­: — nxe³­jah³­lxi³­wxi¹­ yxo²­i²­yah³­lxi¹­nhi¹­nu¹­tai²­na²­ txa²­wa¹­su³­na²­ yau³­ka³­txa²­ a³­nxu²­kwai³­wih¹­nxti³­lhai¹­li¹­ nxe³­ta¹­hxai²­he¹­la²­ nxa²­ha¹­te¹­ tu¹­ka³­txai²­na²­ wan³­txi³­kxai³­lu¹­: — ko³­sin¹­nxa³­nhai¹­ txa²­wa¹­su³­na²­ yau³­ka³­txa²­ ain³­kxi²­sin¹­te²­txa³­wi¹­ ain¹­ta¹­hxai²­he¹­la²­ nxa²­ha¹­te¹­ nxe³­yah³­lxin¹­kxai²­nan²­tu³­ i³­yau³­xa²­ u³­hu¹­kxi²­sa²­sai¹­yah³­lxi¹­nhi¹­nu¹­tai²­na²­ ih¹­nxe³­ju³­ta²­ a²­si³­yxau³­jutsu²­ lhai¹­li¹­ pau²­lah³­lo²­nu¹­ta²­kxai³­ nxe³­ta¹­hxai²­he¹­la²­ nxa²­ha¹­te¹­: — jo³­au²­ ba³­tis²­jah³­lai¹­ta²­ wan³­txa²­ i³­hen³­txi³­sa²­sin¹­jau³­xai³­ta²­ a²­si³­yxau³­ju³­ta³­la²­ sin¹­na³­li¹­ ain¹­ta¹­hxai²­he¹­la²­ nxa²­ha¹­te¹­ pau²­lah³­lo²­nu¹­ta²­kxai³­ i³­wa²­lu³­xi²­ti³­an¹­jau³­kxai³­lu¹­: — jau¹­xai²­na²­ wain³­na³­li¹­ a²­nu²­a²­ a²­ko³­nxe³­ju³­ta²­ i³­ain²­ta³­kxi²­nha²­san²­sxa³­ a³­na¹­la³­kxi²­nha²­ha²­kxai³­ i³­yau³­xa²­ u³­hu¹­kxi²­sa²­sai¹­ain¹­na²­he³­li¹­ nxe³­ai¹­nha²­kxai³­: “txa²­si³­yo³­na²­ wxa³­jah¹­lai²­na²­ so¹­lxi³­ je³­su²­jah³­lai²­na²­ so¹­lxi³­ yxo²­i²­jah³­lxi³­he¹­li¹­” nxe³­jau³­xai²­na²­ jo³­au²­ ba³­tis²­jah³­lai¹­ta²­ i³­hen³­txi¹­nxtain¹­ta¹­he¹­li¹­ nxe³­jau³­su²­ pau²­lah³­lo²­nu¹­ta²­kxai³­lu²­ nxe³­ta¹­hxai²­he¹­la²­ i³­hen³­txain¹­nxa²­ha¹­te¹­ je³­su²­jah³­la²­ wan³­txa²­ yxo²­i²­ain¹­ta¹­hxai²­he¹­la²­ nxe³­ju³­tan¹­te²­kxai³­: — je³­su²­jah³­la²­ wan³­txa²­ yxo²­i²­nha¹­nhai¹­ ain¹­jau³­su²­ ai¹­nha²­kxai³­ i³­yau³­xa²­ u³­hu¹­kxi²­sa²­sai¹­ain¹­ta¹­hxai²­he¹­la²­ ha²­wxan³­txa³­ pau²­lah³­lo²­nu¹­ta²­kxai³­lu²­ wxa²­ne³­wxai³­nu²­la²­ txa²­wa¹­su³­na²­ yau³­ka³­txa²­ nxu²­kwai³­wih¹­ta¹­hxai²­he¹­la²­ nxe³­sxa³­ wan³­txa²­ yau³­a³­lxi³­jau³­xa²­ i³­ye³­kxai¹­nha²­kxai³­ txa²­wa¹­su³­na²­ wan³­txa²­ wi¹­jau³­xa²­ i³­hen³­txai¹­nha²­kxai³­ nxe³­ain¹­ta¹­hxai²­he¹­la²­,Nambikuára
3256,aituo kuradoram aguely: — ikadaunga — kely mara sete pao sananibyryem deus aga aguely: — koendonro lelala ama pabai awylygue xira pao maunduly — kely deus aga agueypyem pao nhepajiwadyly tynynonro modoram nhuduly kuradoram nhepadomoem nhepadylymo umela kehoem jesus pao epajiwadyby agui nhenehonly tala lapyla myani aguipa kanra imeombyry ajihuyby jesus agueondyly deus aga: — koendonro lelala ama pabai; awylygue xinaram mera kanra maunduly — kely deus aga agueypyem myani tynynonro modoram jesus aguely: — epadaunga mera kanra kura domodoram — kely,Bakairi
8619,tag kar to sog ajag my ajag kroj nytin ky inh pi je venh kar my: “ha prug ha men” he sor muꞌ,Kaigáng
4973,aze pezeꞌegatu xo pemyrypar wanupe nehe peiko amogwer wazawe tupan huwa rupi nehe te tupan imuwete katu ꞌymar nezewe uzapo uzeupe aꞌe wa uzeꞌeg xo umyrypar wanupe wa,Guajajara
24447,yacuca barcuta millpuluptinpis manam wanupacunchu chaypita chaychu linanpa tuqui waywa ipan ladupi allaycamuptinmi cushisha: “canan allincha can'a” nil allacaycalin chaynu cretap chimpallanpa liyalcaptinmi unascapita allinin ladupi noreste nishan suma-suma waywa talcamul barcuta apacuyan,Urubu-Kaapor
23629,be'ro jesu yukɨsɨpɨ saya'kɨ diha nɨ'kagɨ masa paharare i'yagɨ paha ya'akɨ niiwi “ovelha ko'tegɨ moora weero noho niima” nii tɨ'o ya'akɨ niiwi toho weegɨ naare pehe bu'e nɨ'kakɨ niiwi,Tukano
324,ywy ase terexiu sero pape merone ywy roropa “kure pana matou” kary se ase oya xine jezu poetory tomo sero tapyi ese roropa kaju “kure pana matou” kary se roropa mana itapyi tao jezu poetory to ma oximonoko eraxitu roropa sero pata tineru eraseme ynororo “kure pana matou” kary se ynororo oya xine kuatu roropa morara kary se roropa oya xine “kure roke romapoko tyriko papa” ako ase kueseko jezu kyrixtu a,Apalaí
6277,natigide ɡadediiki memiitiwaji enitiogi niɡijo anodiotibece naɡa yewiɡatace codaa jiɡigo dinewadetedicogi digoida nipodigi galileia odaa jiɡidiaaɡi manatitetiwaji odaa jiɡidaaɡee jeɡejitece ijoatawece anetidiiɡe me jeloɡodi”,Kadiwéu
5049,haꞌe rami ijayvu ra hexe ijaꞌe eꞌy vaꞌe kuery oendu vy oximba haꞌe ra heta vaꞌe kuery ma ovyꞌa okuapy opa mbaꞌe pora jesus ojapo ra oexa vy,Guarani
6490,pida icota modinilakidetege aneotedoɡoji igaataɡa ja igo me iwi anigotediogi niɡina baɡalee newiɡa ijaaɡijo oko baanaɡa nigo,Kadiwéu
16021,yxan¹­ta¹­ wi¹­la³­wi¹­yhah²­lxan³­kxai²­nan²­tu³­ti²­ txa²­wa¹­su³­na²­ wan³­txa²­ ain³­kxi²­ti³­ten³­ti³­he¹­xai¹­nxa³­kxai²­nan²­tu³­ sxi²­je³­nai²­nan²­tu³­ wa²­li³­jah³­lxi³­he¹­li¹­ wa²­li³­yah³­lxin¹­kxai²­nan²­tu³­ kxih³­nu³­xa²­ wxa²­yu³­kxa²­ ti³­son¹­tu³­xa²­ ti³­yu³­tun³­ta³­kxi²­nha¹­jah³­lxi³­he¹­li¹­ nxe³­ain¹­yah³­lxin¹­kxai²­nan²­tu³­ ko³­nxe³­ti³­ kai³­ain¹­ju³­ta²­ i³­yau¹­u³­ain¹­yah³­lxi³­hi³­nxa¹­lxi¹­ nxe³­ta¹­hxai²­he¹­la²­,Nambikuára
16845,ja¹­nxe³­sxa³­: — yo³­hi²­ki³­a²­ yu³­na¹­kxa²­ wa²­nhu¹­ai¹­na¹­tu¹­xa¹­ yxah³­lxin¹­kxai²­nan²­tu³­ wxa²­e¹­nau³­ai²­na²­ ten³­yah³­lxin¹­ju³­ta³­nu³­a²­ txa²­wa¹­su³­na²­ i²­nxti³­tu¹­wa²­ wi¹­lhitsxa³­ i²­nxti³­tu¹­wa²­ yu³­nxti³­xa³­kxe³­su²­ txa²­wa¹­su³­na²­ i³­ain²­txi³­si¹­nxa²­lxi³­xa³­lho³­la²­,Nambikuára
20826,kyze kazo hyrikoso ahabo pipehahik kaharere humo tahyrikoso ahabo myzipeha atahi ahatsumuehitsa mozik pahahyrinymyry uta ahahyrinymyryky ana humo hi batu ahaspiriktsokdahu kaharere ty pahaspirikpoziuku deus hyrikoso tsimysapyreta hy,Rikbaktsa
21594,saꞌa­wyꞌi watunug tupana ahewa­nikap mo maꞌato miꞌi pytkai ainug towy­riaꞌin wo kahato katu­pono haꞌyru toku­ꞌuro hamo aiꞌa­tu­pehik toꞌywot kape — koitywy yt ahewa­nikap mo i topy­huꞌat maꞌato aiwy ok wo raꞌyn koitywy tupana wy kahato uito watoꞌe koitywy tupana toineꞌen uipiit pe miꞌi kaipyi watikuap taꞌyn pywo ti aru areineꞌen wuatꞌi eꞌat pe aiꞌe hap katu­pono iesui tuwetem guꞌuro pyi hawyi uimi­moiei­neꞌen hap topy­huꞌat watoꞌe,Sateré-Mawé
4834,naꞌe amo tupan heko haw pe har uzakook ukawaw por oho azaguhu henaw rehe aꞌe kury naꞌe ipytun aꞌe pe izupe kury hemiruzeꞌeg wanupe no teko uzeapekuxiꞌu aꞌe wa kury taꞌe maꞌerahy uhuaꞌu maꞌe upuraraw waiko aꞌe wa xe uzeꞌeg zemueteahy tupan ywate har rehe wa taꞌe upuraraw maꞌerahy waiko wa xe taꞌe ipereperew aꞌe wa no xe nupytuꞌu kwaw ikatu ꞌym maꞌe iapo re wa,Guajajara
23108,mɨsa “yɨ'ɨ pakɨ tiropɨ wa'agɨ wee'” niika tɨ'o tohapɨ “be'ro yɨ'ɨ mɨsa me'ra niigɨ a'tigɨti taha” niika ke'rare tɨ'oapɨ yɨ'ɨ pakɨ yɨ'ɨ yɨ'rɨoro niimi mɨsa yɨ'ɨre kɨɨ tiropɨ wa'ase kitire tɨ'oapɨ teere tɨ'ora diakɨhɨta eho peora purika e'kati booapa,Tukano
18757,vaabono vavaboraborahaki adani farisio oniani ida vakadibadani ija'aria vada bini'avini vanofivini hija avarakakosi'ihi ida athii pitani oadaki deus athi kapapirani hojaki papira hoariha avarakakosivini naothinia papira bavini-ra avibaiha vidabomisija kaimoni ida papira bavini vaatha vavadi-ra vidabovini hi'ihi jaboni ija'ari hoariha va'ora nokira kaimoni makhira hahavia vakaimahaki ida papira bavini pa'itxi deu-ra vara vani'avini oadani farisio vania vanakarahoja ida vakadipapira bavini deu-ra vanofikarahoki vahoariha va'ora vavanihara kaimoni vada vani'a jaboni ida farisio vakadimakari ihini vadini sirasirahani oadaki makhira hahavia vavahojaki ida makari ihini sirasirahani oadaki akaahohaninikhamaki ida vakadikarahobi vakaimahaki nokhoni farisio vani adani makari ihini sirasirahani-ra vana'oadahara vahoariha vanokija kaimoni deus athi-ra vanaabajahakiki vahoariha va'ora vavanihara kaimoni,Paumarí
521,pauru nymerohpyry ropa sero koritopoko neneryme ynymerohpyry moro onenerykome ritonopo poetoryme matose koritopokomo kyrexiapoko roropa ywy ase pauru jezu kyrixtu nymenekahpyryme typoko imehno amorepatohme ritonopo nymenekahpyryme roropa ase ymaro kuakoroko timoteu nase,Apalaí
9906,upe ramo oporandu hesu: —napenohei tipo pira xe raꞌy heꞌi ixupe kwery —mbaꞌeve norogwenoheiry heꞌi ixupe hikwai,Kaiwá
24415,chuya-camalla allin cawsaycaliy chaymi amcuna suma lichcat-lichcat allin sujitacusha caycalinayqui jesusninchicpa cutimuyninchu llaquipayninpi uycalishunayquiman llapan shun'uyquiwan chalapaculcay,Urubu-Kaapor
14146,o'ju jose korosa ka ijebit o'gukop korosa ejuwi jesus'um o'gukabekbek pagom- -irucan- -iisuan o'tujowat ce'u'uay'u dopap kay ixe'um o'jomog witabikuy be- -jemukuymugekuy be kuy o'sukuymuge je'uap puxim gebuje wita'a o'yamuypen witabikuy nomudip'am yabogat'a o'yamog gebuje jose o'jenapon,Mundurukú
5341,mbaꞌeta mbaꞌe heꞌi tu ipara “abraao ojerovia nhanderuete re haꞌe ramo ojeroviaa re omeꞌe teko pora” heꞌiague,Guarani
5770,peikuaa pota avi kanoa guaxu ikuai vaꞌe re haꞌe nunga ma tuvixa ete haꞌe hexe yvytu oipeju ata tei imbojeapaa kyriꞌi vaꞌe py imboguataa kuery ogueraaxea katy rei ꞌra ogueraa,Guarani
12744,—jerusalem pona uutisaꞌ yai teepiremasanon esanonya moropai judeuyamiꞌ esanon eseurimaꞌpi iwinikii inkamoroya esatiꞌpi iwi meꞌpotoꞌpeuya kaiꞌma,Macushi
1422,tirtum kam kra jejus jape htyx ta na pre me pahpe ne hket ne me pahwyr kume te kot me pama or pyrak o hipex nhum me pahwyr wry ne me pane ty ta ra tirtum kot me pama or jakama koja maanen kam me pahte kra hkot amnhi xunhwyr xwynhje jape ne me pahto mex raha ho ri pa na koja a me pahto mex ane,Apinayé
4461,tupan hekwe aꞌe zezuz hemireko ram zawenugar aꞌe no uzeꞌeg nezewe aꞌe wa — ezur nehe iꞌi waiko wa ko zeꞌeg henu har paw rupi katete uzeꞌeg putar nezewe wa nehe no — ezur nehe iꞌi putar izupe wa nehe aze teko iziwez wa nehe tuwe ur wa nehe ꞌy purumugweraw kar maꞌe iꞌu pa wa nehe taꞌe tupan umur e wanupe aꞌe xe,Guajajara
12703,miriri waranti miriri asakiꞌnan yawiri kuꞌsaꞌyaꞌnikon ya tamiꞌnawiron siriri moises nuriꞌti nekaremekiꞌpi yawiri awanikon moropai penaronkon paapa maimu ekaremeꞌnenan profetayamiꞌ nuriꞌti nekaremekiꞌpiya taasaꞌ yawiri awanikon —taꞌpi jesusya,Macushi
16015,ja¹­nxe³­jau³­su²­ su³­na²­ ha³­teh³­nxa³­nxan¹­jau³­su²­ je³­su²­jah³­la²­ i³­yau¹­u³­ne³­jau³­su²­ nxe³­te³­nah¹­lxi¹­: — a²­nu²­a²­ i²­li³­te²­la³­ su³­na²­ wan³­txa²­ yxo²­i²­ki³­kxai²­nan²­tu³­: “su³­na²­ i³­yxaih²­kxi²­na¹­xa¹­” ti³­hexki³­sxa³­lho³­li¹­ ta¹­hxai²­he¹­la²­ nxe³­jau³­xau³­hxai²­texta²­ a²­nu²­a²­ yuh³­xai²­nan¹­tu³­ka³­txi³­ ki³­na¹­xai²­na²­ yxo²­ha³­kxa¹­ ha³­lo²­a²­ wi¹­ju³­ta³­lo³­te³­jau³­nu³­su²­ ta¹­hxai²­he¹­la²­ txa²­wa¹­hxi²­kan¹­ta²­ si³­yxau³­jah¹­la²­ ka³­na³­ka³­na³­jah¹­lai²­la¹­wa²­ nxe³­sxa³­ ju³­te²­a²­ nu³­ka³­txain²­txi³­ a²­hxi²­kan¹­ta²­ si³­yxau³­jah¹­lo²­su²­ ha²­kxai³­ ju³­te²­a²­ nu³­ka³­txi³­sxa³­tu³­ka³­txain²­txi³­ a²­hxi²­kan¹­ta²­ si³­yxau³­jah¹­lo²­su²­ ha²­kxai³­ nxe³­jah¹­lai²­la¹­wa²­ ha³­na³­ka³­lxin³­ju³­ta³­la³­ yu²­nxa³­wa²­ a²­nxe³­jah¹­la²­ yxo²­i²­sxa³­ i³­ye³­kxi²­ki³­kxai²­nan²­tu³­ ha³­lo²­a²­ wi¹­ju³­ta²­ so¹­lxi³­ u³­yhen³­kxi²­ne³­lhi³­nxna³­la²­ ja¹­nxa¹­jau³­su²­ su³­na²­ ha³­teh³­nxa³­nxan¹­jau³­su²­ te³­nah¹­lxi¹­: — a²­nu²­a²­ i²­li³­hxa³­te²­a²­ yxo²­ha³­kxa¹­ txa²­wa¹­hxi²­kan¹­ta²­ si³­yxau³­jah¹­la²­ yxo²­i²­sxa³­ sa²­wa²­sutsi¹­hain¹­jau³­nu³­su²­ i³­ye³­kxain¹­kxai²­nan²­tu³­ a²­nxe³­te²­a²­ yxo²­ha³­kxa¹­ sa²­wa²­su¹­tain¹­tu¹­wi¹­ ta¹­hxai²­he¹­la²­,Nambikuára
12794,tiwoiꞌnikon pemonkonyamiꞌ eraꞌmaꞌpi jesusya moropai taꞌpiiya tinenupaꞌsan piꞌ: —saꞌme puꞌkuru see awani paapa pia ipikku pe tiweꞌsen eturumaka tesaꞌ pe aweꞌtoꞌpe,Macushi
26501,nhym djuao mema kum —‍kwarik wanh ra'a metindjwynh kute me'a kum karoja ne me arym mum 'yr box ba arym me ama amijare ga me ikaben ma ba me ama “djam ibe me banho benjadjwyrbe kumkati got djam ibe kritu got kati kukam ne metindjwynh ijano ba te” ane ba arym me ama ja jare ga me arym ama,kayapó
25934,tawamha haiwa ama 're ihaimana u'asi mono ma romhuri'wa ha imropa ama ha ma to dure tinhimnhiharazem na amnhihara simnhihara wi wa to dure ni'wai mreme ha wapa oru 'manhari na wedeza ne na 're ihaimana u'asi mono ma danhoprubzeb da wedewati isadaze da te tama 're izata za'ra mono ze 'ra'wa mono hawi imreme ha haiwa ama romhuri'wai ma imropa ama isimnhihara ma te te inhari ha wa to wapa ane imreme ha: — ma'ape wa'ubure maparane si'uiwa na ipawasisi re nori ma ipawasisize ha wasihu za'ra na eprati na pa nho'omo nhisi ama 're isi'ubumroi mono nori ma — ane imreme ha tawamha ma to oto tama wasihu za'ra dureiha ma to 're ihaimana u'asi mono ha ama ropisutu siromo za'ra niwapsi bada te te ipisutuze ha iwa wapta'a wapsi te te da'uprosi mono da to a bata na iwa wapta'a wa ma to ipawasisize ha tama wasihu za'ra tawamha daro mono ba da'aha uptabi pra na te za wa'ubure nori ha te te da'uprosi daza'rataze waiwa pra na,Xavánte
9587,hesu mita ramo onhomongeta gwi nhandejary nheꞌe mboꞌeha kwery ndive ha tuvy kwery oho meme hikwai jerusalem-my aretegwasu pascoa ary ohasa meme hagwa upe-py hesu ogwereko-ma ramo doze roꞌy oho indive kwery jerusalem-my pascoa ary ohasa hagwa upe-py judeu kwery reko-rupi oho hikwai ohasa-ma rire aretegwasu oho jevy-ma hikwai gwoga rape-rupi ha ohokwe-vy heꞌyi kwery anho-ma ojeꞌoi hikwai ha hesu katu nomoirui ixupe kwery ojeꞌoi ramo ha haꞌe opyta jerusalem-my ha tuvy kwery ndoikwaai ipytaha “gwapixa kwery ndive oho hesu” heꞌi moꞌa hese ha kaꞌaru-ma ramo ae oheka moꞌa ixupe ha ndotopairy gweꞌyi kwery ndive ndoikoiry ave gwapixa kwery ndive ndoikoiry ave upe pygwa paꞌu-rupi oheka rei ave ixupe,Kaiwá
20579,sesus taje bo iktsa niy zinymyrykyta atahi sesus ihumo tsimypokzitsiareta atatsa baze niriktohoko iwaze sesus taje pe niy: — atahi atse mozik atahi taje zipokzitsiki nahawahi papokzitsi hy — niy iwaze zinymyrykyta pe niy: — o atatsa aje ikia aje baba tatsa wa tsipokzitsi — iwa niy sesus nihyrikosokdaze zinymyrykyta sesusje tawahoro bo zioktyhyryk iwahoro eze ziknapykyryk ije watatsa niyzik,Rikbaktsa
26881,nhym kum —‍benjadjwyr pexu kati ibibanh ket mramri ne ba katat ikaben jarenhkumrex ne ibeno ibikenh ket,kayapó
6567,pida ida ane jinaditaɡadici niɡida makaamitiwaji aɡaleeɡademaani daɡa liciagi niɡijo jotigide maleekoka ademaani,Kadiwéu
12147,miriri waranti taa jesusya eta tiuyaꞌnikon yeꞌnen warayoꞌkon moises nuriꞌtiya yenupantoꞌ piꞌ yenupatonkon eseurimaꞌpi tiiwaririꞌnikon —iseruku miriri aniꞌya imakuiꞌpi pe warayoꞌ eꞌtoꞌ moꞌka pepin paapa pe pra siꞌma tiise paapaya neken imoꞌka —taꞌpi toꞌya,Macushi
2374,iuasaaki paoro kapotoreekaua ninoakata imisakiretarina teoso,Apurinã
25603,ta nori ha ma to asimizawi pese zem na we te te 're aiwasu'u za'ra ame isazei'wa nori 're isi'ra'oto mono nori nho'a isazei'wa nori ha darob amoi hawi ateme 're isihutu mono nori ha aihawi nimomo 're nomro mono o re mari na ama 're aiwari za'ra mono wamha we di ubana 're nomro to mono da we uptabi di 're ihaimana u'asi mono te te aima 're i'awe mono zeb zarina si te za ama 're aiwari za'ra mo ta nori ha wanhib'apito ma te te 're romhuri za'ra mono da ma to si'uiha na asatori za'ra tirom hawi daro mono ba te te dama 're sadawa wasu'u za'ra mono da dure isazei'o'wa nori ha mari na ama 're siwari za'ra mono da sina so 're simnhasi za'ra mono o di isadawa wasu'u'wa nori ha mare di,Xavánte
8680,ag ty milagre ve sor ky tope vi to professor u ag tog fariseu u ag mre jesus my: “senhor” he mu “eg ty a ty milagre han venh ha tog ti” he ag tog mu jesus my,Kaigáng
2962,neenamatxi xesosi sakire auikiko xika xesosi sakirauatapanika: —teoso misiritariko kakiti imaerekani xika xamina tirinini atoko itxa kakiti misiritiko ia itixi napoka ikara xamina tirinini nitxikitakini ikapani ninirekari ikara niparika nixipokini,Apurinã
10850,idi tahe aroirenykre rybe‑di aritynynyrenykremy ijobede‑o rybe tymyra wihiky‑di wahe aomy ararybeotyhy aaomysydyynareny iwitxira rewinyremy kiamy heka ritidyyna‑ki roire:,Karajá
11491,oferap maꞌe pee mu nipo ꞌjau jee: “maran sipo ajee janeruwarete ꞌga amanu maꞌefera ꞌga moferawi maran sipo ajee oferap maꞌe ꞌga netea” ꞌjau nipo pee,Kayabí
3820,kata xypygueando tonomeguela itaunga satanas inokubyramo itoem ton-honre lela jesus einwansezedaunga tadasenagazedyly adyla ton-honreim wara maenmaen-homoem asegamiwadaunga azeon-hondadaunga wara ton-honre lela deus mainwandylymo nida,Bakairi
9691,omano hesu upei kwarahy mbyte-py pytumba-ma upe yvy ari mbohapy ora peve pytu kaꞌarugwasu peve pytumba,Kaiwá
11707,kaaruwamu jejui ꞌga awau uema jerusareg awi wemimuꞌe ꞌga netee,Kayabí
914,toitoine mokaro zae pyra imehno amorepako ma toto imehno tapyi takuroko omonoko ma toto nohpo to omipohtomase “jomipona awahtao xine ytopyra matose apoto konoto htaka” ako toh ma repe mame ataomipohtomapoko ma toto “iirypyryme ase” ako roke ma toto yrome tyyrypyry rumekary se pyra ma toto atamorepakehpyra toh ma repe yrome zae omi enetupuhsaromepyra ma toto,Apalaí
7340,yvya apoa renonde tupana'ga ei cristo'ga pe po rimba'e: “ndehe ti eho yvya koty emanomo gambopiro'yharamo nehe” ei tupana'ga ga pe agwamo reki mbapava koty cristo'ga ukwahavamo ua pe ndepyga ikwehe,Kagwahiva
16833,nxain¹­ju³­tan¹­te²­kxa³­yan³­tu³­ta¹­ oh³­xan¹­te²­nau³­xa²­ nu³­kxun³­txi³­ wa³­to²­hi²­tu³­ka³­txi³­su²­ ha²­kxai³­ hxi²­kan¹­txi³­ wa³­to²­hi²­tu³­ka³­txi³­su²­ ha²­kxai³­ nxe³­te²­a²­ ha³­ta³­nxan²­txi³­ te²­ya¹­nxe³­jau³­xa²­ txa²­wa¹­hxi²­kan¹­ta²­ si³­yxau³­jah¹­la²­ a²­yen³­nau³­a²­ ko³­nxe³­ti³­ i³­yi¹­li²­si¹­jau³­nu³­su²­ e³­kxai¹­nxa³­wa³­,Nambikuára
22889,—‍itea enepohikoneko xane xoko ukeaku neko hoyeno yupihova puvea pihone'e yatikeneye neko hoyeno ape pahoe neko xanehiko xoko yonoku ne hoyeno koyuhoponea akoyea akaha'ainoahiko itukeovo natina,Terena
20512,okyrysaro ty koro koro byitaha ske buruk tsimykurunahaze ahaborohobyitsa ty wanuty pu pu byitaha ahasuk ty kino pok pok byitaha ahahumokta tyzuba tsimaha ahapyrysuk ty estuba zuba korobyktaha ahazozowy ty wabehyryk wabehyryk byitaha amy tsimyzihikiknaha ana ty hi kytsa ahabo nyny maha ahahyriziktsokzawy humo ahadisahawy ty ahabo nyny maha,Rikbaktsa
26071,ne kam ajte arkum —‍jakam me kajgo mex ne me kate temja djam me kate tem ra'ama kati me ja dja me i runho kutewa nhym be me runho kutewaja gedja me panh kajgo mex ne me kate te mykam bir metindjwynh ne amiwyr me krapti 'uw nhym be kute mekam me ngrerebit amijo me utar nam a jeju arkum ane,kayapó
7272,naha ypy po ti nehe aere po ti koji'i tiruahu nehe ei jesus'ga,Kagwahiva
19395,se o seu irmao pecar contra voce va e a sos com ele mostre-lhe o erro se ele o ouvir voce ganhou seu irmao,Portuguese
406,okyokynahtao ritonopo nenyokyhpyry morotona oehse tuna kurokuro kamexipose kurakokara ehse osemazuhme aepukahpyry roke kurokuro kane aka mokyro roke ekurakase ropa,Apalaí
23234,jesu masare bu'eri kura apera masa ni'kɨ siha masitigɨre kɨɨ kuyaro me'ra wɨa ehakara niiwa naa wi'ipɨ mii saha jesu tiropɨ kuu si'rikara niimiwa toho wee si'rimira masa pahara waro nii yuuka nee wɨa saha masitikara niiwa toho weera wi'i dɨpo saripɨ mɨhaa ni'ka pee see weekara niiwa tii peepɨ kɨɨ kuyaro me'ra kɨɨre jesu tiropɨ masa wa'teropɨ du'u dihokara niiwa,Tukano
25226,tawamha nimaha bata na ma to zacaria ha tinhimiromhuri ha 'manha sasedoti te te 're i'manhari za'ra mono ha 're ihaimana u'asi mono ama 're idawata za'ra mono zeb 'remha taha te ha bata wa ma to romhuri 'manha isire nori ha ma to tama pisutu za'ra 'ri para u sebre da te te tama romhuri da taha wa 'ri para u ma to oto aze zacaria ha wedewati isadaze ha wedeza ne na te te tama zata da tawamha te te tama zata re te ai'ubumro ni rowi 're ihaimana u'asi mono ma mreme zusi da ane re haiwa hawimha ubure danhib'apito ma romhuri'wa ha ma to tama sihai're wedeza nhimire niwi te za iso're uwaibaba ro'o re wedewati isadaze ha,Xavánte
14797,abiude ebay zorobabel osunuy eliaquim ebay abiude osunuy azor ebay eliaquim osunuy,Mundurukú
22982,koati hekoatinoe ne kixoku vitukeovo koanemaka ne kixoku itukeovo vunae jesus epo'oxo yaneko kitipoanenoe ne vemo'u koyuho'inopi uti koeku jesus eno vikinoe tiu'itike koekuti itea koyeane yupiheovo elokeyea yokovo ukeati xokoyoke ne sasa'iti omixone ituko'oviti,Terena
19450,mas paulo disse aos soldados: sendo nos cidadaos romanos eles nos acoitaram publicamente sem processo formal e nos lancaram na prisao e agora querem livrar-se de nos secretamente nao venham eles mesmos e nos libertem,Portuguese
10895,tahe rahotinyrenyre manale tai roimyhyremy tai tahe manatisana‑di inaubiowa loru ludu‑ribi rehurenyre iribi rexitoenyre wylemy txuu kanatynykemy,Karajá
10016,aowesele biu‑ribi wodyyo nade yhynihikywesele ibutumy heto‑o ralore tai rorukumyhyrenyrewo‑o,Karajá
13629,—‍nayane yog yeyox 'ok xatek mup-tex putup 'ate 'ayummug 'amun ya topa yog nu'kutna'ax xe'e' kaxiy,Maxakalí
21635,miꞌi hawyi ti aru miitꞌin teꞌe­roꞌe ehepe — taꞌi miitꞌin porekuat aipo­typot tupana mipo­ꞌoro wyti putꞌokꞌe raꞌyn iꞌatuꞌe ti aru toꞌiro eweiꞌa­kasa pyno iꞌatuꞌe ti aru ehepe maꞌato ti aru yt eweimohey teiꞌo — eheso eweiꞌe ro iꞌatuepe e,Sateré-Mawé
956,eponarohme sa toytose mokyro jezu a ekaropotohme —onoky mokyro oewokaneme tykase,Apalaí
26853,—‍kajkwakam ne metindjwynh me:xkumrex ty:xkumrex uma:kumrex gora ge me kuni kajma kum mex jarenho te arym ne pykakam me wama umar mex jare gora ge o me wakam kinhwa umar mex ne ar ba ane,kayapó
2644,iuasaaki aiko aki kakiti apotiitiniataaua aua kiki maerekati matamatakoti auaitotakiti,Apurinã
18087,asohika'oaki ida deus kahojai hari vara ovani'aki ida judeus kaija'ari vihikia vavahojaki judeus kaija'ari vihirikia ni-vavahojaki judeus kaija'aria vavahojaki ida siikosida karajomihi va'ora kakodiamanija ida rajomi deus viaha,Paumarí
13471,homa 'ate hamhognag xip pak hittup xix honha yognu hapxop punethok tuk hittup nomha kamah homa xix honha topa te 'a' hom hapxop tuk hittup ya puxi' homa hapxop putup xuy ha honha' yanan tuk xit max hu 'amniy xohix hak hittup xix hapxexka xohix tuk hittup 'ughok kopxix yak hittup 'ukputexop kopxix kamak hittup,Maxakalí
13101,tik te yay mun pena max puya yay xetut kaxiy pena max kamah tik te' xetut pena max puxix yay mun pena max kamah,Maxakalí
17843,hetati ene maisa enore xoare nexare exehare mawaiyoliniti xaokaka hoka kalikini atyo kasani tyotya hakakoare haliti halakihena hawenane iniyalahare aokita koxaka aimenekotya: miyanitiye xowakehenaite semehena tyotya halitinae nomane hatya haliti waiyexe aohenere xaihako maniyata hoka tyomahiterene akereta mokahene hatyo harenae hotikisa tyotya halitinai ana hatyo haliti ekasekihetehenere xowaka — nexa,Parecis
15822,tamawoob he ta kamarab paw-ro ahom hadꞌyyt he tob pꞌop haga do panyyg rayd naherot doo henh hꞌyyb neyym doo me baad tabaherꞌoot sa ha pꞌop haga do ji tabagꞌaas do ky nꞌaa,Nadëb
1434,hamri ne xata hapry ne kam kaper punuj ne,Apinayé
17892,— xala xamani atyo maisa kahinaetyare natyo hoka kahalakoahareta atyo nokakoi exahe xala xamani atyo maisa ahohisakoatyare nohakakoani hoka exaoretita atyo — nexa,Parecis
21394,tuwat yne ipotmu­ꞌeria hawyi toꞌe woꞌo­muꞌe hat kamarieu itotiaria pe — uipot­mu­ꞌeria e eiweꞌeg wo o e eiwa­netup o kat aru pyno watunug iesui mohey haria ete e,Sateré-Mawé
24532,chayura taytay am altuman julucuycuy” nin niptinmi janay pachapi ayalpamula: “nam ya'a altuman juluycushana caya; yapanatacmi altuman juluycusha casha” nil,Urubu-Kaapor
