index,TEXT,LANG
24621,chaychumi ulucunata wancacunata apalcachaypa: “¡nitilcul pacaycalimay tacunanchu tacu diospita chaynutac uwishcapa pinacuyninpita cananmari jatun muchuycachinan muyunca chamun mayanlla awantaycunmancha” nil nipacula,Urubu-Kaapor
10987,inyo wade rirokeki wahalubu riokeki wawana tiuhyy ratxireri jiary tule tii‑wana watxihyyreri,Karajá
19570,paulo entrou na sinagoga e ali falou com liberdade durante tres meses argumentando convincentemente acerca do reino de deus,Portuguese
13800,tikmu'un te hapxop kummuk ha yay kummugaha 'uyanan tu' nuy pago hu ta xakix pa topa te hammaxnaha' 'uhok ha hammaxnaha' nuy tikmu'un hinna xe'egnag yeyox kunnix xok ha' hinnaha' no'om yumug xuxya xe'e' ha yumug kuxap-xet kunnix kuxa mutik,Maxakalí
21877,miꞌi hawyi pauru toto raꞌyn iꞌatu­py­ꞌa­setpyi maꞌato wetup ok wetup ok tuwe­muꞌe raꞌyn pauru wywo miꞌi hawyi wetup ok mehi tiunisiu tawa areopaku piat timohey raꞌyn iesui iꞌewyte wetup ok mana tamari timohey raꞌyn iesui iraniaꞌin nywo miꞌi ta hap etiat atiwan mesuwe uito iruka,Sateré-Mawé
5706,haꞌe ramo pedro oenoi haꞌe aeꞌia py haꞌe vy ndojou poraia rami ijayvu vy aipoeꞌi ixupe: — senhor enhemboaxy na haꞌe nunga ndere oiko eꞌy agua,Guarani
1414,hamri ne hwyr poj ne hpanha kurum akupym axiok wyr wa mo par rax kam ma akupym mo axiokja kama na pre wa nojaret nhum jejus kot wa hto ne wa htoxjaja wa ho tirtum wy ne ma kri hkwy hwyr wa kume wa kot ma me hkot tanhma jejus kot me pane amnhi nhipex to ha harenh o wa pa kaxyw wa kume jakama nhum wa ra ja ho anhyr pa ne akupym me hwyr wa mo,Apinayé
3670,saguhobyry modo nheinwankyly mykainane taentuneim modo lela tainzeim tainzenry tanyzeim tanyzenry todokoguely waga deusram adydo imeom egamely waga wara mykainane aguelymo mara tazezewenry kyangahu oday kunago waga ize kydato waga kuodano deus waga aguykeho waga wara aguepa mykainane saguho tazezewenry einwandyly myakawam iwelo einwandyly adaguly ara kula,Bakairi
1553,hamri nhum jejus kam: —pa mo na tanhma kot pa ato ane hamri nhum kam: —na akupym inhma ixrit mex pram pahihti,Apinayé
7326,—‍xaho tuhe ti ji rupi ei ga jesus'ga pe nde hoe'ymame po ti jira'yra'ga manoi a'ero nehe ei ga,Kagwahiva
24481,nipacuptinmi nawincunacta yataycul: “chalapacushayquimannuy lulacasha cachun” nila niycullaptinmi nawincuna lluy quichacaculun jesusnatacmi chuncay-chuncayta: “amam pictapis willapacunquichu cay licachishacpi” nila niyaptinpis yalulul-pachallam jinantin malcacunachu jesus nawinta licachishanpi lluy willapaculcala,Urubu-Kaapor
4160,amo tupan heko haw pe har oho haikweromo no uzeꞌeg pa no — mawiron tawhu upaw aꞌe kury iꞌi oho iko — aꞌe pe har aꞌe wa tuweharupi uzapo kar ikatu ꞌym maꞌe amo teko wanupe aꞌe wa amo ae taw pe har wanupe aꞌe wa iꞌi oho iko,Guajajara
16059,o²­la³­kxah³­lxin¹­ju³­ta²­ i²­nxti³­te²­sa¹­wi¹­ khauhxnyhah¹­lxin¹­ju³­ta²­ i²­nxti³­te²­sa¹­wi¹­ yen³­kxi³­txa²­yah³­lxin¹­kxe³­su²­ i²­nxti³­te²­sa¹­wi¹­ yxan¹­ta¹­ wxa²­e¹­nau³­ai²­na¹­ txa²­wa¹­su³­na²­ hi²­sen³­su²­ wi¹­lu³­yho³­hi¹­nxti³­ju³­ta²­ yu²­na³­li¹­ ja¹­nxe³­sxa³­ ko³­nxe³­te²­lo³­nxtain¹­ju³­ta²­ i²­nxti³­te²­sa¹­wi¹­ nxe²­e³­kxi¹­nxtain¹­tu³­ka³­txa²­ hai³­txi³­ ju³­te²­a²­ nu³­ka³­txi³­khai³­su²­ nxa³­wi¹­ ki³­ha¹­kxi³­ne³­lhxa³­ ju³­te²­a²­ nu³­ka³­txi³­su²­ ki³­lxo³­nyhain¹­na³­li¹­ yxan¹­ta¹­ ai¹­nxa³­wi¹­ sa³­ta³­na²­jah¹­la²­ sa³­wi³­ha³­lxi³­khai³­sain¹­na³­li¹­,Nambikuára
13111,yeyox te tik te  xanaha' 'amniy 'um 'iha yeyox te hapkumep tu konag xexka ganinet yog hapkux tu' hapkumep 'iha tik taknoy  penaha' ha mam xuk tu' xuxet'ax ximam ya' xuxet'ax noy te: pet xi' taknoy 'axet'ax 'anene' tu mo tut panip yon tu mam xuk pax,Maxakalí
19999,perguntou pilatos: que farei entao com jesus chamado cristo  todos responderam: crucifica-o,Portuguese
6358,niɡida gela anejigotaɡawatiwaji me idinilakidetaɡagi aliciagi niɡijo oxiiɡodi anejigota me idinilakidetege jotigide ɡadaamipi niɡijo noko naɡa jibatigi libaaɡatedi me jadeegiticogi wetice niiɡo egito pida aɡowo niɡijo ane igegi me idinilakidetege joaniɡidaa leeɡodi naɡa jikaticoace’ eledi mee ǥoniotagodi aneotedoɡoji,Kadiwéu
15080,ta da hadoo pꞌop haga do pahuunh ajꞌyy ajyy sa hyb nꞌaa pꞌop haga do kawehee dak ti hyb nꞌaa ajyy dooh ranu kajesu ba jesus hyb nꞌaa rakahetꞌaa ba yyj sa ha ka sa hyb nꞌaa ajyy rakawehee padeek tii dꞌ tahadoo do hyb nꞌaa tawꞌaats he ranu kajesuu jesus hyb nꞌaa ji kahetꞌaa ba yynh hanaa nado ajꞌyy ajꞌyy tahana ti yynh yynh hyb nꞌaa nado ajꞌyy kapahuuj kan yynh kapahuuj wat ajꞌyy hyb nꞌaa,Nadëb
14008,kuy bima on tak wetaybit gu juk adi oguy wuyaweweap ekawen tuybe xipat cica on deus xe ian cuk adi oce iboap ekawen wetaybin puje bit ikereat kug on deus xe iam tak wetaybit oce deus ibikuy osunuy soat ipi watwat pe top am ip soat em jexe itait imenpuye jekawen o'guwen wuyawe am imenpit ikereat kug on iam wetaybin puje: — iba'ore owebe deus xe onuy am ikereat kug puye — i juk oce owebe ma — wuy ma oguy deus wi soat em ikereat kug puye — i juk oce owebe ma,Mundurukú
7047,nura nhande ikwahavi javo: ahe jikoge'yma gwaramo ga rehe tupana'ga nonogatui ahepy'a ahe rerure'yma ojipyri xa'e nhande,Kagwahiva
13563,tu ham'aktux ha yeyox kuxa xuygaha' 'amniy tox ha' xuygaha',Maxakalí
16918,nxe³­ain¹­ka³­tu³­ta¹­ txu¹­ti³­nau³­xa²­ ka³­lxa¹­txi³­ a³­si³­te³­kxi²­nyhain¹­nun³­ta¹­hxai²­he¹­la²­ nxe³­tu³­ka³­txa²­ ka³­nxa²­ je³­su²­jah³­la²­ hxi²­ki³­kxai³­lu²­ we²­txi²­nyhain¹­ta¹­hxai²­he¹­la²­ i³­ta³­ka³­khai³­xa²­ we²­txi²­ a²­nu²­a²­ ko³­nxe³­te²­a²­ yau³­ka³­txa²­ nxu²­kwai³­yxautte²­a²­ nxu²­kwai³­li³­si¹­hain¹­jau³­su²­ kwa³­na³­i²­ nxe³­ain¹­ta¹­hxai²­he¹­la²­ nxe³­tu³­ka³­txa²­sa¹­: ma³­ri²­a²­ ma³­ta³­le²­na³­ka³­lxu³­su²­ ta¹­hxai²­he¹­la²­ a²­nxe³­ta¹­ka³­lxa²­ ko³­nxe³­te²­a²­ yau³­ka³­txa²­ hi²­sen³­su²­ a³­nxu²­kwai³­yxautta¹­hxai²­he¹­la²­ yau³­ka³­txa²­ ha¹­li¹­ ha¹­li¹­ ha¹­li¹­ ka³­na³­ki¹­ a³­nxu²­kwai³­wih¹­ain¹­ta¹­hxai²­he¹­la²­ nxe³­ta¹­ka³­lxai²­na²­ je³­su²­jah³­lo²­kxai³­lu²­ nxu²­kwai³­li³­xi²­si¹­hain¹­jau³­su²­ kwa³­na³­ta¹­hxai²­he¹­la²­ ai¹­nha²­kxai³­ jo³­a²­na³­ka³­lxai²­na²­su²­ in³­txa²­ so¹­ha²­kxai³­ ku²­sah³­lo²­su¹­ ta¹­hxai²­he¹­la²­ a²­nxe³­jah¹­la²­ e³­ro²­jah³­la²­ a²­sa³­wi³­sa³­la³­ta¹­hxai²­he¹­la²­ ai¹­nha²­kxai³­ su³­sa²­na³­ka³­lxa²­ a³­si³­te³­kxi²­ txu¹­ti³­nau³­xa²­ ka³­lxa¹­txi³­ je³­su²­jah³­la²­ hi²­sen³­kxai³­lu²­ we²­txi²­nu¹­hain¹­ju³­tan¹­te²­kxa³­ya³­lhu²­ a³­si³­te³­kxi²­nyhain¹­ta¹­hxai²­he¹­la²­ nxe³­ain¹­jutsu²­ je³­su²­jah³­la²­ nu³­ka³­txa²­ yen³­kxi³­la³­ yu²­nxa³­ha²­kxai³­ wa²­nhu¹­nyhain¹­ta¹­hxai²­he¹­la²­,Nambikuára
25215,dama ipire nori ha te za aiwi te te 're rosawi za'ra wa'wa rowahutuzeb u dame 're asisisi aba mono to da dure 're ihaimana u'asi mono te te tama pisutu za'ra newa te za ai'uprosi aba ni,Xavánte
4783,awa imenew her maꞌe aꞌe amo awa arexan her maꞌe aꞌe no nezewegatete wanekon aꞌe wa no umuaiw uzeruzar haw kwez wa aꞌe rupi amono zurupari pe ihe wa kury zurupari uzapo putar wemiapo putar haw wanupe aꞌe nehe aꞌe rupi upytuꞌu putar zezuz rehe uzeꞌeg zemueteahy re aꞌe wa nehe,Guajajara
12546,miriri yeꞌnen fariseuyamiꞌ enkaruꞌnankon eꞌmaiꞌ pe apisaukon ronati ita mori pe aweꞌtoꞌpe mori pe ita wani ya poroporo niri mori pe eeseraꞌma,Macushi
25035,taha wa tisire cadeza nori nhipti'ai hawi ma to watobro hara na 'ri nho'omo nhisi ama te oto 're samra abra'a ha tame imama ha ma to tiwi dara tiwi da'a parip si ma to 're ihaimana u'asi mono ha sapro iropteb u abra'a ha taha wa te oto a nori wa'wa ha iwa 're aihaimana za'ra wa'aba mo isipti'ai ama,Xavánte
4960,tuwe zanezar ukwaw katu kar weraꞌu tupan pepuhareko haw peme aꞌe nehe taꞌe umur ukagaw peme aꞌe xe,Guajajara
190,naeroro morara jehtopopyry poko epyrypako ase orepyra jehtopopyry poko epyrypara ase jamihme pyra jehtoh eneko imehno mana moro poko roke epyrypako ase,Apalaí
2544,teoso oerekari atao iua anaakori aniniua ininia kaiaopokori teoso sakire auiakani itixine apokakani atamataua ate uatxa ininia matakanapari ikinika ate iomakotetakari matakanapari maerekati akamakiti kotxi ikara patimari iaxirikiniri axinire ataparaxinireritika maauako mamiteenekari ikinipoko mitekakani mitekini atoko mamitekako teoso oerekinimoni atipirika maatamatari xesosi maauikari iua sakire kotxi iuanoka amaerekani makatxakakari iua txikitakaua ate atao aauikiniri teoso sakire xesosi xinikari poxokonitxi apokini oti ininia iuasaaki imiteenekari aamina ipiriamitakari nopini ipinini imaakatari petatxi ikara atoko ipinini ikinipoko iposo atoko iitopaka iri kikomoni kotxi iparika ate ikapani iposope,Apurinã
1881,jejus kot marir mataren wyr kator no nhum marir matarenja ari ken kre kapem hkapri ne myr o xa ne myr pe hikot ne ken kre kamu ne kama tirtum kaper o wryk xwynh wa ho axkrut ne wa omu nhum wa e jakajre kama wa nhy nhum hoja hkram nhy nhum hoja htem nhy,Apinayé
23534,a'tiro nii' mari da'rara nemoro tutuara wa'asa' tee ayu nii' mari o'akɨhɨ ɨaro weeka toota nemoro ayusa' a'ti ɨmɨkohopɨre be'ro ɨ'mɨsepɨre marire ayuro wa'arosa' a'te diakɨhɨta nii' nii pe'tira a'tere eho peoro ɨa' toho weera mari jesu cristo yeekahasere werera pi'eti ɨpɨtɨ da'ra' o'akɨhɨ marire ayuro weeatehere waku e'kati yuu tohara toho wee' kɨɨ kati nu'kugɨ nii pe'tirare yɨ'rɨogɨ niimi kɨɨre eho peora se'sarore yɨ'rɨogɨsami,Tukano
16127,nxe³­na¹­kxa²­yu³­su²­ txai²­na²­ su³­na²­ hxi²­kan¹­ta²­ si³­yxau³­tau³­la³­sa²­kah³­lo²­na¹­xai²­na²­ sa²­ba³­to³­ nxe³­ti³­xa²­ a²­wa³­kxen³­yah³­lo²­sa¹­wi¹­ je³­su²­jah³­la²­ nxe³­ta¹­hxai²­he¹­la²­,Nambikuára
11306,pekyje awi jejui ꞌga rerowiareꞌema ꞌga nui niporomutari nipo ꞌga pe nee aꞌere kasi pekyje ꞌga nui ne ojewi pekyjeꞌemamu nipo ꞌga ꞌjau ajaupe: “nokyjei ꞌga jane wi janeruwarete ꞌga ree ꞌga jemogypyygi ajemogyau aꞌeramu ꞌga okyjaweꞌem ajemogyau ꞌga nipo janeruwarete ꞌga omono ojepyri jane nipo janeruwarete ꞌga jane mojenosou wowase ae majatykaaw ipe” ꞌjau nipo pe nesakara ꞌga ajaupe janeruwarete ꞌga pe poapoaa opajea ꞌga amut pe nupe pe mogyjaukareꞌema,Kayabí
21396,yt naku i ti watikat iraniaꞌin piat iꞌaparap hap koꞌi yn e yt naku i wati­mohit iraniaꞌin ahehay wo aipyꞌa pe e maꞌato watikat aiwa­netup hawe iraniaꞌin miꞌaparap pote wato­pyhuꞌat aikota yt ihapytig i rakat ewy aikota — meiewat eha pe ti toi wyti hu hit watoꞌe hap ewy maꞌato ti yt watikuap i aiwat aheha piat ariaꞌyp pik iwato ewy toineꞌen e uiwyriaꞌin kat potei ewy ok eha pe etikat yt nakuat i hap e kat potei — uhyt mana ere atihep teran nyti mekewat eha piat hu hit ereꞌe iraniaꞌin me hap ewy maꞌato yt etikuap kahato i ewy eha piat ariaꞌyp wato toineꞌen ne eha pe miꞌi hap ewy ereineꞌen iraniaꞌin iꞌaparap hap etiꞌatukat pote e maꞌato miꞌi ta ereꞌe pote yt hapyk hin i ewanetup e miꞌi pote ti typy ihay rakat ewy ereineꞌen e pyno waku ewat eha piat ri waku etihep ariaꞌyp tek iwato rakat ewywuat eminug saꞌag koꞌi hawyi ti aru pywuat ihapytig sese rakano sese raꞌyn ereineꞌen e eiminug yt naku i koꞌi ewetotiat yne pote ti ihapytig rakat ewy i ereineꞌen aru e ehapytig nakat ewy ereineꞌen hawyi waku etihep kuap taꞌyn ewy ok eha piat hu hit ewywuat iminug saꞌag hit koꞌi etihep kuap are yt pote yt aru e iesui yityꞌok totiaria pe,Sateré-Mawé
8561,ag ty jesus tugrin eg to junh ke “carneiro vy venh jy nigan han ki kagtig nyti mig ty ag man sor nin ky carneiro ri ke ajag nyti ha ra sog ajag jegneg mu u ty mig ri ke ag to ky tope ha tog ajag jy nigan ke mu sir ha ky venh ki rir ha han ni pyn jykre han ni vajig ti ti pyn ti ky eg tog kanhmar ti ty he ri ke tu nigti pyn ri ke han ni ky sorag jykre han ni ge ju vanh pe ti ni nen u venhmy han tu ti ni ky sorag ri ke han ni ge,Kaigáng
157,toipe namoto axitao roke tytapyike poeno maro mana jume pyra tapyi ese poeno sa pyra mana mapyra tapyi ese mukurume ahtao jume tumyko maro mana,Apalaí
26685,myj xejabe ne metindjwynh nho me jakumrex djam me kute amiben ne ajkwa kajgokam mema kum “ibe idjaer ibe idjaer” anhyrbit dja ne me kute amijo anhyrbit ne kam mramri mebe metindjwynh nho me jakumrex kati dja ne me me my ka nhinhubit re nhym kam arym me mramri kube metindjwynh nho me jakumrex kati me kute mramri kadjwynhbe metindjwynh kaben mar ne kot amijo babit me jabit ne mebe o me jakumrex me kute amikadjwynhbe amim myjja'a karo djakam kute metindjwynh karo mar ne kum amija maja me jabe ne o me jakumrex nhym be me kute kukradja 'a no'ok mar kajgon me my kabit renhja me jabe ne o me ja ket me kute metindjwynh karo mar ne kum amija maja djam pykakam me ar baja gedja mema mex jare kati metindjwynh dja mema mex jare nhym arym mebe o me jakumrex,kayapó
18390,kodiva'ahi siroi kahogoiki siroi kahogoiriki hikia okavaranina kaba'i ni-a'onira oakava'isokoniki a'onira okava'ibodivaranivini hiki siroi jahaki kahogoiriki fori avihini deus kani-ra avaranikhahavini a'onira akava'ijoara kaimoni a'onira kajoamorabakhiaki jaboni ada,Paumarí
14980,gebuje jesus o'jekawen ayacat eju — ikereat kuy oju'uk ewebewi — jesus o'e cebe imeneju ceweju jekonkonayu o'jekawen jeweweju — abu ite ikereat'uk'uk'ukan — io'e ip jewewebe — deus kuy edaxijo cekay etabut puye — jesus o'e ayacat pe — kaba'um cuy eguy gasu bit — io'e,Mundurukú
26963,be ibam kute ikadjy mema amak bonhja kuni dja me tu amim imarkumrex ne arym ma ikot ajkame ba kam me'o kanga ketkumrex,kayapó
12778,moropai amiriꞌnikonya atarakkamoꞌsan piikaꞌtiꞌpi tamiꞌnawiri itesaꞌ pe aweꞌtoꞌkon moꞌkaꞌpi toꞌya tanne miriri yapitanipiꞌpiyaꞌnikon aatausinpakon yeꞌka pe aatausinpaꞌpikon maasa pra miriri yentainon mori panpiꞌ eporiyaꞌnikon epuꞌtiꞌpiyaꞌnikon tiweꞌtiꞌkasen pepin tiri tiuya taasaꞌ paapaya yawiri,Macushi
16844,wxa²­nu³­ka³­txi³­ i³­nxai²­na²­ txa²­e¹­nau³­a¹­ au³­txi³­ e³­a¹­jau³­la³­ a³­la³­kxi²­sah¹­lxi³­hxai²­nxa³­nhe³­li¹­ sah²­lxan³­kxan²­ti³­ wa²­nxuh¹­ wxain²­txi³­ on³­si¹­sah¹­lxan³­jau³­su²­ ain³­sxa³­ e³­kxi²­sah¹­lxi¹­lxi¹­ yxan¹­ta¹­ txain²­txi³­ a²­nu²­a²­ a³­xa²­ i³­lxi³­thi¹­nxa³­te²­la³­ oxtain¹­te²­txa³­i¹­,Nambikuára
8681,ajag to jykren mag sog ti ha ky sog timoteo jene ja ni ti ty ajag ve je eg ty cidade ty atenas ta nytin ky ti my sog: “ha inh re ky tig” he ja ni “sy inh pir my tag ka ni je” he ja sog ni “ag hyn ne han muꞌ he sog mu ky ag venh tig inh my” he ja sog ni ti my isy ajag to kri kufy ja nin ky timoteo vy ty jesus mre ke ni tope camarada ri ke tog ni cristo kamen ti tigti inh ri ke ky tog ajag ta jun ky ajag jyven ja ni ajag fe ty haꞌ he ja tog ni ajag ty jesus ki ra tovanh tug je ha je sog ti jene ja ni “hen ri ke mun ag hyn kri kufy nyti ag jagagtar mun ky” he ja sog nigti ajag to “ag mre ke ag ne tog ag vog konan muꞌ tope jykre toꞌ” he ja sog nigti ha ra sog ajag my to ja ni eg jagagtar ke ti tope jykre to isy ajag mre ni mu en ka sog ajag my to eg jagagtar ke ti ti tugrin ha ra tog ge ni ha to ajag tog jagagtar ti vesyrenh ti sir ha ky sog timoteo jene isy ajag to kri kufy ja nin ky “ag my tope tovanh tu ni vy” he ja sog ni “eg krin konan ti en my ag krin tu ni vy japo ti” he ja sog ni myr “ti ty ag krin konan ky sog tagrinh my ag my to ja ni myrꞌ” he ja sog ni ajag to ha ky sog timoteo jene ja ni,Kaigáng
18098,figira avani bonoriki varani hini hari oniaroa jesus rajomi kavaranihi-ra vara vani'a'aha: —uva avani kasiroini-ra vahojaha ada makhira uva avani hararania hojaki ida figira avani hari makhira kasiroikia binako'diha'ihi ida figira bononi ni-bonoki ida avani oniaroa bini'aha ada siroi akadava'ava abono: “vada ini'a hida figira avani badara ahoarabakosikia onako'dihi hida figira bononi ni-nahina-ra okaraga'iaki kaho iava'boa hida avani ni-nahina kaimoni kodisiroia hojaki hida figira avani bonoriki”,Paumarí
7596,—‍tajipyhygi ei jesus'ga hea pe a'ereki ji ndajiupiri ve jiruva'ga pyri ei ga eho ti nhiiru'ga pyri nhiremimbo'ehara'ga pyri emombe'u ti nhinhi'iga ga pe tokwaha ti ga javo ei ga kiro po ti ji jiupiri jiruva'ga pyri ganduvete'ga pyri gaha ji ambohete tupana'ga gaha ga ombohete no ei ga emombe'u ti ga pe tokwaha ti ga jihoagwama ga pyri ei jesus'ga hea pe,Kagwahiva
9579,tembirekokwe iporiahu vaꞌe rery erehai kwatia-rehe hesu reroviaha-rehe ojeko hagwa entero tembirekokwe rery gwive ani erehai kwatia-rehe gwi heroviaha-rehe ojeko vaꞌera gwive kwatia-rehe emoi hery ha sessenta roꞌy ogwereko vaꞌe nomenda mendai vaꞌekwe katu haꞌe hery anho emoi kwatia-rehe hembiapo pora-gwi imanduꞌa pora hese vaꞌe omemby omongakwaa pora vaꞌekwe gwoga-py gweꞌyi eꞌy vaꞌe omogwahe pora vaꞌekwe nhandejary reꞌyi-pe oipyhei vaꞌekwe ohasa asy vaꞌe-pe oipytygwo vaꞌekwe opambaꞌe hembiapo pora pora hagwa ikyreꞌy vaꞌekwe upe vaꞌe rery gwive emoi kwatia-rehe hesu-rehe ojerovia vaꞌe-rehe ojeko hagwa ha tembirekokwe ipyahu vaꞌe rery katu ani eremoi tei kwatia-rehe omendase ramo pyaꞌe jevy omenda vaꞌera omenda pyahu jevy ramo cristo-pe heꞌi hagwe-rami ndojapo moꞌavei-ma vaꞌera ixupe ijapu-gwi nomboete moꞌavei-ma ixupe,Kaiwá
22489,yoko enomone yaneko okoku ora ivarereo neko eno kopopoti vahere haxakoati kuveu neko hana'iti imokovokuti koati kukukeke ivarereo ukeati vanukeke yonoti poke'eke iyuyomaka ne poke'e epo'oxo itaukexomaka ne mopoi,Terena
8095,ti ty ta jun ky u fi tog ti venh kati mu ga ty canaa ta ke fi ve ky fi tog jesus ta jun mu ky fi tog prer mu “senhor davi kosin” he fi tog “inh jagagtan ra” he fi tog “inh kosin fi vy jagre koreg tavi ni a ty inh my ti kutem ha tog te” he fi tog prer ky,Kaigáng
12659,miriri taa jesusya piꞌ toꞌ esenumenkaꞌpi imakuiꞌpi pe tiwanikon epuꞌtiꞌpi toꞌya miriri yeꞌnen toꞌ eppepiꞌpi toꞌ witiꞌpi iipiapai tiwin piꞌ aꞌyekeꞌton panpiꞌ witiꞌpi eꞌmaiꞌ pe iteꞌmaꞌpi piꞌ aꞌyekeꞌtonon puꞌkuru pepin witipitiꞌpi tiwin piꞌ tamiꞌnawiri jesus eꞌnimiꞌpi moropai wiriꞌ,Macushi
5518,haꞌe rami py ojeupity ma jypygua “ndaꞌevei ete” heꞌiague haꞌe vaꞌe rire mokoi ju ꞌra oiko,Guarani
26860,be ga kokreja pumu djam ga aje aberja kraxkot omunh ne nhi'am protkot aje omunh kati metindjwynh karodjwy djam aje omunh kati kute mema umar dja ny jangjenhdjwy djam aje kot omunh kati aje kot omunh ne mar ketkumrex ane,kayapó
5467,mbaꞌeta nomanoxei ete vaꞌe ma omokanhy ꞌra guekove haꞌe ra xekauxa haꞌe ayvu pora kauxa omano vaꞌe ma ogueraa jepe uka ꞌra guekove  mbaꞌe ꞌra tu avakue ojou mbaꞌemo yvy regua haꞌe javi oguerekopa vaꞌeri guekove ae omokanhy vy mbaꞌe nunga ꞌra tu omeꞌe onheꞌe rekovia,Guarani
80,arexatere mokyro metau poko erohkety popy mokyro yhtomane apo kueseko mokyro wanohno iirypyryme aexirypo akorekehkato mokyro nexiase ritonopo omiry ekaroryhtao yna a tosezusezuhse itamurume ynororo yna maro mokyro waro exiko oryhmaryino roropa,Apalaí
20806,“amy humo sa batu aidy ziky kyikty paharasusuhik mypehatsa pe tsimy ‘o ikia utakta atukta babata mozihikik tsimy’ niy” iwaze deus amysapybyikia ty tsikykara naha humo paokzohik iwa ananias kino kabo nitsasoko,Rikbaktsa
20027,kyze usta inymyryhywy bijoikpe eze natakahazo hotsoikarazata tsariribahata ana bo iktsa iky sete harektsa itsorik ouro hi niwatihi siharek watu sitsorik isipehatsaktsa zuba maha iharanitsa humo kino niwatihi asaktsa mytsyhyrytsa watsa sitsorik humo kino niwatihi siharek humo tahawatu pupuwa iwaha inykyry,Rikbaktsa
26384,benjadjwyr djwynh kute gwaj babe bajaxwe kure kute gwaj babe kure kadjy ne gwaj bajo ajke ne ren gwaj babe bajaxwe kure ket gwaj ren arym akuno nhym be kati me axwe kot me biknor tokry djakam babiknor ket kadjy ne gwaj babe bajaxwe kure,kayapó
25495,tame ma to dama rowahutu zahure iwasu'uwe na tawamha da'aha na ma to saze za'ra ni zezusihi nhira zarina 're danomro mono da taha pari te oto apa tineb zahure dahawi siwa'rami paru nori ha atizotiza u siwa'rami ineb zahure ze wasu'u tawamha paru nori ha risitira wa'wai baba te apa tineb zahure siwa'rami dure iconizu wa'wai baba dure atizotiza wa'wai baba'ri nho'omo wa'wai baba neb zahure wamha ma to isazei'wa nori ha pawaptob za'ra haimana nhiptete na 're nomro mono da 're ihaimana u'asi mono ama te te 're sasomri u'asi za'ra mono da ane te dure tama nhari za'ra: — a nori wa'wa ha zezusihi zazei'wai wa mari iwasede ha da te aima 're 'manhari za'ra wa'aba mono wamha tama 're aipahi za'ra wa'aba mono o di za ane na ha te za to 're irobzepata za'ra wa'aba mo tane nhere 're ihaimana u'asi mono nhib'a'uwe oto 're anomro aba mono wa te za niwapsi haiwa ama i'rata 're aihaimana u'asi za'ra wa'aba mo rowe na — ane te tama nhari za'ra,Xavánte
12404,miari teepirema tipo aweꞌmiꞌsaꞌkaꞌpi miikiri ennaꞌpoꞌpi oꞌnon pata tinenupaꞌsan wani manniꞌ pata moropai inkamoro tinenupaꞌsan eporiꞌpiiya toꞌ wetun tanne maasa pra inkamoro esewankonoꞌmasaꞌ waniꞌpi marari pra,Macushi
2042,teoso kamaerekatari xoteo minakaniua kotxi ninoa auikari xesosi sakire kitxakapirika teoso sakire iokatsopatakori sapiretapekari ikara teoso iokanapirena erekari apraaomoni ikara iokatsopari txari: “nota sikariko erekari ikinimane kakitimoni kotxi pite apraao auikari nota sakire”,Apurinã
12125,—maasa pra uuriya puꞌkuru merunti tiriꞌpi aapiaꞌnikon yeꞌkaton ikii yakiꞌtapakonpa kaiꞌma umaimu pe moropai yekiꞌkaton mariꞌti yakiꞌtapakonpa moropai tamiꞌnawiron imakuiꞌpi kuꞌnenan awinikiiꞌnikon yentai puꞌkuru awanikonpa umaimu pe amoronkon epuꞌtiyaꞌnikon namai merunti tiriꞌpiuya tiise miriri piꞌ taatausinpai pra eꞌti amaimukon pe oꞌmaꞌkon epaꞌka piꞌ katausinpati tiise tauya apiꞌnikon kaꞌ po ayeseꞌkon menukasaꞌ paapaya man mori pe aakoꞌmamikonpa miriri piꞌ atausinpati —taꞌpi jesusya toꞌ piꞌ,Macushi
91,aorihtya esemakaponeme ropa ma papa kapuaono isaaro ase aorihtya esemakaponeme ropa ase,Apalaí
14977,kapikpik'ukat jekapikaptei bubum imenpuxim ikereat mujurugrug'ukat deus wi wuy ma jeenuy je'u buje ixe wi wuy ma jeenuy ikereat o'gujurugrugiap teim — soat em oxe eyetait epesop — i'e'em deus wuywebe bit wuykukukat jesus cristo eju mug'i wuyju jekukum puyesoat em ixe xe wuydopap tei'umat co'i kapikpig gu wuyju iboap pu am tei'uma deus iumum wuywebe,Mundurukú
15096,ti mꞌ ta jawen pꞌaa henh tabegaa wat tahegꞌaas ma jesus tii ba hageet dooh mꞌ tahꞌyy ganyy ba jesus tado ba,Nadëb
13783,ha kamanat hex te pet penaha' kuxap yog kuyanam ha' penaha' tu: —‍nu kay te yeyox mutik hapkumep kaxiy,Maxakalí
21856,pyno waku kahato wato­py­huꞌat tupana eropat kahato haria wo are waku tupana miky­ꞌesat ewywuat yn watunug are waku watu­we­potpap kahato imikyꞌsat nug hap ete aikota morekuat eropat haria akag koꞌi ewy yt naku i watoꞌe tupana pe — yt ewese hin i kat pote yt karape i uheropat yt karape i uimi­ky­ꞌesat ewy etunug iꞌewyte yt karape i uipoi yt naku i watoꞌe tupana pe poꞌog waku watoꞌe tupana pe — arehum ewawi pote eropat hano areineꞌen waku watoꞌe tupana pe — atunug neran poꞌog hapyk emiky­ꞌesat koꞌi katu­pono yt naku i te areineꞌen emiky­ꞌesat nug hap ete waku watoꞌe tupana pe e iesui temiitꞌin me,Sateré-Mawé
8314,“ha ky jeme ha han” he tog “ajag mre ke ag jykre tugnym ajag tog ti ky ajag tog ag my vi tar han ti ky tope vy ajag my vi tar han ke mu ge ajag ty ajag mre ke ag jykre ri ke nytin ky ha ra tog ajag my vi tar kafor han ke mu ha vemni” he tog “u ty nen u to jykren ha han ky tog u to jykren manꞌ u to jykren manꞌ he mu sir u ty nen u to jykren ha han tu nin ky tog ti my tuꞌ he mu sir ti ty nen to jykren si han mu ra” he tog jesus ti,Kaigáng
23396,paulo agripare kɨɨ were'ke nii' be'ro agripa paulore uuku dutikɨ niiwi: —ni'karoaka mɨ'ɨ yɨ'tiya mɨ'ɨre naa were saa'kere niikɨ niiwi toho weegɨ paulo wiogɨre naa weesetiro nohota amukare sio moro wiogɨre uukukɨ niiwi:,Tukano
9103,omopuꞌa vaꞌekwe lona gwigwa koty mokoi vaꞌe jaike ypy ha-py hery vaꞌe koty marangatu upe-py oi vaꞌekwe tataendyꞌy oi vaꞌekwe ave apyka apyka ari omoi mbojape imomarangatupyre nhandejary-pe omboete-vy,Kaiwá
9623,yma ete vaꞌekwe opyꞌa-py heꞌi nhandejary judeu kwery eꞌy-rehe: “ojerovia-ma ramo xe raꞌy-rehe xe remimondora-rehe pende pyꞌa poti-ma haꞌe vaꞌera ixupe” heꞌi nhandejary upeixa voi heꞌi nhandejary kwatia nheꞌe ha upei katu heꞌi vaꞌekwe abraao-pe nhandejary: “entero ko yvy-py oi vaꞌe-pe gwive ahovasa vaꞌera xe reroviaha gwive hikwai nde xe rerovia hagwe-rami ahovasa vaꞌera ixupe kwery” heꞌi abraao-pe nhandejary upeixa ohexa uka vaꞌekwe abraao-pe gwembiapora hesu cristo renondera ave omombeꞌu ixupe vaꞌekwe upeixa voi heꞌi nhandejary nheꞌe ha upei katu abraao ogwerovia-ma vaꞌekwe nhandejary-pe upea-gwi ohovasa ixupe nhandejary,Kaiwá
5241,haꞌe vaꞌe ita re hoꞌa vaꞌe haꞌe javi opemba ꞌra haꞌe amongue ary ita hoꞌa ramo ikuꞌipa ꞌra,Guarani
184,mame tapyi taka jezu tomose ahtao mokaro toytose eya tonurakara ynara tykase jezu eya xine —okurakary ropa waro hmatohu ya jenetupuhnoko matohu tykase jezu eya xine —y zuaro ynanase ynakurakary waro mase enetupuhnoko ynanase tykase toto eya,Apalaí
6203,niɡica jotigide inatecibece oko anonakato aneotedoɡoji odaa aneotedoɡoji ninitedibece leeɡodi niɡijo oko monakato,Kadiwéu
8690,ky soldado ag tog venh sigse ag kagten sor mu ag mrogmro ky venh pigju tu nin je ag krenkren tu nin je,Kaigáng
22488,enepo itukapu yuke enepone koati mbiu koeti inixepe vaherexino ne itike yusikoneni mereki koane kiriki akotike malika motovati akoyea vaherexa itike mani unatine akoyea poixo'o yuke yenopi vanuke yaneko usoko ko'iyea yuke itea yenopoti ipihoponovokutike,Terena
18046,oniaroa jesus va'ora ni'aha: —pa'itxini kaba'i ida deu-ra avakajari'daravini deu-ra avakanikhariavini hihi a'onira no'avini hihi ida avakanikhariaki deu-ra avakajari'daravini oadani avakaabokaki ida ihi'ai avani rasohani-ra avahonariavini: “rasohahi oni 'damani abohani paha bihiakia irakhaihi” ihi'ai avani-ra avahonariahi bana deu-ra avakajari'darihi oniani ida deua binanamithavini hija bana avakanikhariaki — niha ada jesus,Paumarí
1729,wa kot jejus nhije ne wa jet xwynh hamri nhum wa kot ihko ha jet xwynhta o haxwyja kam kaper punuj ne kam: —kwa kot kaj ape tirtum kot me ixkaxyw axam xwynh ha kot kaj amnhi kapa ne wry ne maanen amnhi kot wa ixto wry ane,Apinayé
17796,hatyaoseta jesus irae halitinai hiye hoka waikoa tyokaha,Parecis
26010,nam kaben pydjin aren kam ta aminhidji jare nam arym 'a amim karon kot kaben pydjin are nam akubyn atema kaben 'o jarenh ketkumrex nam ta arym amim pry pydji jare ne kam me kute prine amim mar tyxma metindjwynh kute mema kaben pydji jarenh nhym me kute amim mar tyxjama ne kaben pydjin aren kam ta mema aminhidji jare,kayapó
7090,pe'ji pe ga pe: “taperekoi ti ojipe'ga nembireko'ga” pe'ji pe maraname pe ojipe'ga nembireko'ga nderekouhui naeru “tapekoi ti ganemimbohetehara rehe” pe'ji pe ojipe'ga pe maraname pe ndekouhui itambere'ia rehe ganemimbohetehara rongapeva'ea rehe imima jugwi naeru,Kagwahiva
5449,mbaꞌeta nhanderuete rovaigua teri jaiko reve taꞌy omano vy hexeve petei rami ju nhanemoingo rire ay katuve ma hexeve petei rami nhanemoingo vy nhandereraa jepe ꞌra oikove ju rire,Guarani
1412,hamri nhum tee ri amnhi ta kuma ne kam: —ma am hamri na ka ja jare ixpe ijaew ket ta nom me kuxwar we ixto mex grire ket wehe ane,Apinayé
14858,cug gu cexe i'o am pima: — en tak esuen'o — i'umgu juy epe'e cebeimen i'e buje waremtag ma eykitpit kug tak eyju waremtag eykitpit kug pima eyju dak ikereat kug epesop cristo xe,Mundurukú
11586,jejui ꞌga ꞌga monou kumi apoawamu awau owaema maniꞌokoꞌo jopypeꞌema ꞌwawa upe pasikwa ꞌjawa apoawa upe maraka fukua te poromu aꞌe awi awau owaema karupaꞌmi jukaawa ꞌara upe aꞌe ꞌara rupi futat judeu ꞌga karupaꞌmi jukau iꞌwau aipo ꞌara rupi jejui ꞌga ojeꞌega pedro ꞌga upe jua ꞌga retee: —peꞌje pejewau karupaꞌmi mu jukau eya jarejee— ꞌjau ꞌga ꞌga nupe,Kayabí
25406,zezusi ha timama zadawa para dama pire na 're ihaimana mono ze wasu'u tawamha zezusi ha te dure tama nhari za'ra: — to sena wa aima waihu'u za'ra wa'wa wa ha isi'uiha na dama i'manhari waihu'u'o na te 're da'apawapto waihu'u mono o di imama zadawa para wa to te 're da'apawapto imama ha tiwaihu'u pese na te te 're ida'apawapto mono ne wa to te 're da'apawapto,Xavánte
18644,jahari vava'i binahonariahihiki adani deu-ra vanofiriki vanokho bikanamaodorohaki fori vihiki adani oniani ida cristo monina-ra vakajari'davini hija vakaabokarihi ida cristo monina-ra avavakharanaivini ni-nahina hini avigaki cristo monina jahaki mahi vagaki fori hiki ida monina jahakia binanokiavini kaba'i ida cristo jahana danona vagana vahararana hojaki ni-vanokiki deus kahojai oamani ida cristo hojana hija moni jahaki-ra avava'isohihivini vani ni-varani arihina akavaraniki jesus cristo vani ada vara avani'ara hahavi vaka'da'diva ka'oa ada jesus kani arihina mani ida avakadikakodiahi abono haria nihaja cristo monina-ra avarigavinia a'onira aakodiaki hari deus hahavi-ra namonahavini kari bihonariaki ida bakibakini ka'oa kani avaga'ini ovari deua bihonariaki jaboni ida vagana akadiva'ibodivarani-ra navagavini deu-ra aogaja kaimoni cristo nokhoa binanokiaki ida deus jahana aogaja kaimoni ida deus jahana vagaki niha ninini,Paumarí
13290,ha topa yog tikmu'un xexkanap-tup xe'egnag mayon putuk tu' yog 'atak topa mutik pip putup pexkox tu' 'axop te ham'apax 'apu 'ayipkox pi' kaxiy,Maxakalí
19845,ele nao falou isso por se interessar pelos pobres mas porque era ladrao; sendo responsavel pela bolsa de dinheiro costumava tirar o que nela era colocado,Portuguese
21322,miꞌi pote hamaut asuwai apykok haria ikohyeput raꞌyn tawa kape taꞌatu­henoi yne miꞌi ta hap koꞌi tawa piaria pe aikota iesui tiꞌatu­sopo yne ahiagnia hap koꞌi taꞌatu­henoi aikota ahiagnia tiꞌatu­moma raꞌyn hamaut asuwai koꞌi yne hap taꞌatu­henoi kahato yne tawa piaria pe,Sateré-Mawé
9984,tataendy rehegwa nheꞌe upei heꞌi jevy ojogweroaty vaꞌe-pe: —nanhamoendyi tataendy nhanhomi hagwa nanhamoiry mbaꞌe ryru gwy-py tataendy nhamoendy nhamoi hagwa hendaty-py ohesape pora hagwa oike vaꞌe-pe,Kaiwá
7961,opohirame judeus'ga hugwi tupana'ga jirekokatuukari judeus'garuive'ga pe aere tupana'ga jirekokatuukarire judeus'ga pe po ti kaitu pyryheteramo yvyakotyve'ga pe nhaporemo nehe,Kagwahiva
8368,rir inh je ni ter ja inh ni ha ra sog rir je ni ky sog ter man ke tu pe ni isy u my: “ter je a tog ke mu” hen ky tog ter ke mu isy u my: “ter ke tu a tog ni” hen ky tog ter ke tu ni ge ky tog veser jama venh ke tu ni ge” he tog,Kaigáng
21334,miꞌi hawyi iesui tiꞌa­tu­wesat — katu­pono uipot­mu­ꞌeria iꞌatu­wepit kahato aikota ienuk hap eꞌat piat seꞌaito hap eꞌat piat ienuk hap ewy uipot­mu­ꞌeria tukup­teꞌen e ienuk hap eꞌat pe yt uwe i tuwe­mo­syꞌat iꞌatu­wepit hap eꞌat pote e maꞌato karape iraniaꞌin tioto seꞌaito pya toꞌo­ꞌya­ty­pepyi miꞌi hawyi teꞌe­ru­we­mo­syꞌat e iesui wemo­syꞌat haria pe,Sateré-Mawé
40,omuhpe aporo akyetako ropa —okyna pyra jenekehnoko matose yrome okyna pyra jeneko ropa matose tykase jezu ynara tykase ipoetory to oxime rokene —otara exiko na moromeipo “okyna pyra jenekehnoko matose moromeipo jenezomoko matose” ako nae “papa a jytoryke ropa” ako nae oty katohmehkoh morara ako nae zuaro pyra sytatose tykase toto oxime roke toh toturuse,Apalaí
6914,niɡijo naɡa noditicoaci niɡijoa liiɡexedi joao odaa jesus ja yalaɡate joao meetediogi niɡica oko “niɡijo neɡemiitiwaji akapetege  midi nipodigi ane yadilo ane diɡica niɡeladimigipi amiini ica anemii awinitiwaji ejideɡemiitiwaji mawini ɡoneleegiwa aɡamaleɡegi ane diɡica baɡa lowoogo micataɡa niɡina naanyogo ane igiketibece niocodi enice amiini ica anemii awinitiwaji ejideɡemiitiwaji mawini ɡoneleegiwa liico ane dinixotinigilo nowoodi libinienaɡa ane dakake loojedi niɡina oko anodinixotinigilo nowoodi libinienaɡa ane dakake loojedi odiɡeladetigilo diimaɡa nelecoli liɡeladi ɡoneɡaɡa enice amiini ica anemii awinitiwaji ejime emii mawinitiwaji anigepidiɡijo niɡijo anoyeloɡoditedibece lowooko aneotedoɡoji odaa ejitaɡawatiwaji niɡijo anemii awinitiwaji daɡaxa me ɡoneɡegi caticedi niɡijo anoyeloɡoditedibece lowooko aneotedoɡoji,Kadiwéu
4115,tupan hemuigo kar uzeꞌeg imumeꞌu har romo aꞌe aꞌe rupi amumeꞌu putar ko maꞌe peme ihe nehe kury — aiko weraꞌu amogwer wanuwi ihe peze zo nehe tupan pemuzeruzar kar uzehe pitaitaigatu aꞌe amo uzeruzar katu hehe wa amo ae nuzeruzar katu kwaw hehe wa aze pixikaꞌi nezeruzar haw nehe — uhuaꞌu hezeruzar haw ihe ere zo nehe,Guajajara
2926,hisapiretanako pirisira oitaniri akira pakini nixinikamanapitinina ninoa ninoa parikauatapeka kristo xesosi ikapani notakata,Apurinã
25320,tawamha zezusi te asa tama tinha: — to sena wa aima waihu'u za'ra wa'wa 're ihaimana u'asi mono si te za asiwi 're i'umnhasi za'ra wa'aba mo te te 're aipawaptob za'ra wa'aba mono da tawamha a ete 'raiha ma nhari za'ra wa'aba wamha uiha na sisa'o'o da ai ba sime da te za ama aima uwaimrami za'ra wa'wa 'rawi asiwawa za'ra wa'aba o di za za te te aima ama i'uwaimrami za'ra wa'aba zem na ha tama inhari za'ra wa'aba zeb uwaibaba za te te ama aima i'uwaimrami aba na te za ama isaze za'ra wa'wa tawamha te za to te te ama aima 're a'uwaimrami 'wa 're ihaimana u'asi mono ha,Xavánte
6846,odaa niɡijo ɡoneleegiwa ɡoneɡegi ja ige filipe meeta “dige aneloɡotitiwa ijo ane yeloɡoditedibece aneotedoɡoji lowooko ane yalaɡatalo inoa lotaɡa domige eetece ijaaɡijo oɡoa domige eetece eledi oko”,Kadiwéu
19661,e disse jesus: sigam-me e eu os farei pescadores de homens,Portuguese
22765,uke'etimo ra vanuke koanemaka ra poke'e itea enepora emo'um akomo uke'eyeaku,Terena
17688,— hatya xinekonitareya -ri kakalaneroxere hoka haliya meta hoka xane ite tawehetehenene maiha kore ite hatyo hiyeta halakisaite -ri maseta hoka xane ite tawehetene kaokehetehenerene kijiya,Parecis
22653,ukeaku unati itinoe mbo'inu xoko vunae akoti omotova ongovo hako yaupu'ikopovo,Terena
10263,tiile rieryre tuudyydumy ratximyhyre,Karajá
20296,— deus hyrikoso katuk mynapykyryk iwatahi uta sinamybyitsa bo zikpeha sinamybyitsa bo wasaniha motsasoko sihurukuhutsa bo zikpeha tysisapare sihyrizikubyitsa bo zikpeha tysizororowyta iwaze mokozozonaha sipokzitsiukbyikitsa bo zikpeha ahapybywytsitsa bo aidy paotaha uta sizubaretsa bo zikpeha ispe my “deus tsimysapyreta myzubaha mysisapywyky sitsyhyryze deus bo maha” iwa papeu humo ziwatahakanaha abaka iharere wasani mykara — niy,Rikbaktsa
12375,aꞌki epuꞌnenan amiriꞌnikon toꞌ ekaꞌtuntoꞌ yaꞌ tamiꞌnawironkon teekaꞌtunsenon ekaꞌtumi ikiꞌpi winikii tiise tamiꞌnawironkonya toꞌ nitiri yapisi pepin maasa pra yairi pra inkamoro ekaꞌtumi tiise manniꞌkan neken yairi teekaꞌtunsanonya toꞌ nitiri yapisi miriri waranti mori pe akoꞌmanti paapa nitiri yapisikonpa yairi awanikonpa cristo maimu yawiri akoꞌmanti aꞌki tamiꞌnawironkon manniꞌkan pemonkonyamiꞌ tiaronkon yentai merunti ke awanikonpa teekaꞌtumikonpa ekoneka iꞌ tiaron tikuꞌse pra tiwinan kupi piꞌ toꞌ koꞌmami maasa pra miriri kuꞌsaꞌ tiuyaꞌnikon tipo tiaronkon yentai toꞌ eꞌsaꞌ ya toꞌ napisi ton moro awani miriri aroꞌ pe tiise miriri toꞌ napisiꞌpi koꞌmami pepin ipatikari tiise mori pe uuriꞌnikon ekoneka siriri non po tiwin piꞌ siꞌma paapa yeseru piꞌ taatapiꞌse uyarakkokon aroꞌ yapiꞌtoꞌpeꞌnikon ipatikari tiikoꞌmansen miriri yeꞌnen uuri ekaꞌtumi pepin seꞌ tapairi tiise itoꞌsari ekaꞌtumi manniꞌ warayoꞌ teekaꞌtuntoꞌ kiꞌpi yaꞌ teekaꞌtunsen waranti moropai uuri wani manniꞌ warayoꞌ seꞌ tapairi iꞌ paꞌtipiꞌsen waranti pra tiise uukoꞌmami mori pe tepuꞌse miriri yeꞌnen tesaꞌ yeꞌtinoꞌpiiya neꞌneꞌ epuꞌti tiuya namai manniꞌ waranti uuri etiꞌninma mori pe imakuiꞌpi kupiya namai maasa pra tiaronkon piꞌ miriri itekare ekaremekiuya tipo paapa pia uuri erepami ya —cristo maimu yawiri pra aakoꞌmansaꞌ nai —taiya namai yawiri uukoꞌmami,Macushi
24239,dios chulinpita willamashanchicta chasquinanchicmi aw salbacu jesusmari yacuwan yawarwan cay pachaman shamula manama yacullawanchu sinu'a yawarwanpis caycunapi quiquin ispiritu licacami niycamanchic pay'a rasuncallactama liman,Urubu-Kaapor
26398,me kum aben jabe'a kute mema karo na apnhire akra kwy ne kot ar amijo ba ba omun ikinhkumrex nam ar kute metindjwynh kaben katat markumrex ne kot ar amijo ba ba kot ar omu me babam ta ne 'a gwaj bama karo kot amijo baba'a gwaj bama karo nhym ar arym kuma ne kam arym mramri kot amijo bakumrex ba kot ar omun arym ikinhti:re,kayapó
6598,niɡidiaaɡidi jesus meetediogi “maleeɡinaaɡejotice makaamitaɡatiwaji neɡejitaɡawa me leeditibige me jixomaɡateetedice ijoatawece niɡijoa aneetici maditaɡa aneotedoɡoji lotaɡanaɡaxi miditaɡa niɡijo ane idi moises miditaɡa niɡijoa anoidi niɡijo anoyeloɡoditedibece aneotedoɡoji lowooko codaa midiwataɡa enaco” odaa ja yajigotediogi lixakedi moyowooɡodi ane diitigi lotaɡanaɡaxi aneotedoɡoji,Kadiwéu
3172,idanara saulo aguely idataynrim modo toenzepa myani aseguadadylymo — etaunga jesus einwanni modo jerusalemda enagazenibyry akaemo ewy xyaen-horimbyry wara awaka taunlo jesus einwanni modo sawanehonze aetybyla awaka kurado eynyna deus aga aguewani modo iwymarydoram etadanehonzemo tiandysemo keanka jerusalemram — kelymo,Bakairi
17181,— haokitere akereta noxoiminita notyaonita tyotya hatyo xaotyakiyenai xema — nexa — xoareya notyomihitiya nehitiya hatyo xoimahaliti,Parecis
11721,aꞌetea je aipo naꞌeaꞌuweri pe nupe pe agoꞌoawamu oreporomutar ore pe nee aꞌe je akiko ꞌawamu je ꞌiuꞌjawi pe nupe nu: “oreporomutar ore pe nee” aramanueꞌewe ore oroporomutaramu pe nee aramanu re miamu futat nipo oreporomutaramu pe nee arajemogyau,Kayabí
14308,imeneju wuyetabut cristo kay ixe aweg tobuxik puje aca ayawegtobuxik tak wara'acat yaweg muwen puje aca,Mundurukú
14753,— webay xe okukpin cica webay a'obi iwataxipiat mu'ada'ada'uk oguy idip cica o'e iwataxipiat mu'adaap iboap podi ma idipat gubapuk webay — io'e jesus — eyetabegbeg epe'e iboap cocom- -webay e'eap cocom — io'e,Mundurukú
3656,ton-honre camelu aguie ihu oze sakadoem ara lapyla ton-honre adypeom modo tala tato inmohomoem eon-honru deusgue tywymagomoem wara — kely,Bakairi
9885,hesu reroviaha pytygwoha reko a-rami upeixa voi heroviaha nhangarekoha rekoha ha haꞌe kwery hekoha-ramima ave oiko heroviaha pytygwoha tomboete ixupe gwi opyꞌa kyꞌa omoꞌa kwaa vaꞌe-rami toiko eꞌy katu tokaꞌu eꞌy katu pirapire mombaꞌegwasuha-rami rei toiko eꞌy katu ave,Kaiwá
20322,mydisahawy huak bete tarabaja tsimykaranaha mysuk huak humo niwatihi katy parabyry ahabyita ikykara kytsa mysoho humo nimysapybyrikinahaze batu myty tsapusare katsaktsa deus bo sitsyhyryze tsimypamykysokonaha iwaze hi deus mysipokzitsiki mymysukyrykynahaze batu tyso myakubyrisorokretsa kytsa sisakparenikitsa mysoho humo mymysapybyrikinaha katsaktsa batu isty myija tahasapywykynaha zuba asaktsa sesus humo sispirikpobyitsa siokzeka katsa ykpyri watsa tsimaha abaka iwa mytsaty mykaranaha,Rikbaktsa
24625,llaquicuycami cushicuyman muyun'a nilculmi: “ishcay quimsa muyuncunapitanuy'a manam licapamanquinachu chaypitalami cashantac licapamanqui” nin niptinmi waquin yachapacunincuna quiquin-pula: “imaninantan ‘ishcay quimsa muyuncunapita manam licapamanquinachu chaypitalami cashan licapamanqui’ niyamanchic imanuytacmi ‘tayta cashanman lisha’ nishancapis chay ‘ishcay quimsa muyunpitanu'a’ nishantapis manam imapi limashantapis tantianchicchu” ninaculcala,Urubu-Kaapor
9226,hesu ombogwera mburuvixa raꞌy-pe mokoi ary rire upe-gwi oho jevy-ma hesu ogwahe oho-vy galileia yvy-py:,Kaiwá
2038,uatxa teoso nirekari imereekini oerekiniri ikinipoko teoso imarore auitetxiakori matamatakonimoni teoso tixine auakanimoni itixi kamiko apisapanika atipirika teoso nirekari aauite kristo xesosi kaminiri ikinika inirekakiti kakiti ikapani,Apurinã
26965,be mykam ne ar kute mema kum —‍jeju ne ar ikra noo mex anhyr ket bir arkum mebe idjaer runh pymakam nam me arym abenma jeju'a kaben djin abenma kum —‍dja me'o mema kum “be mramri ne jejube me banho benjadjwyrbe kumkatibe kritukumrex” ane gwaj kot me neje kanga ge ajte me bikpronh djakam me baro'a kri ket ane kam ne me kute ar kanga pymaje ar mema —‍be ta ne arym abatanh dja ga me tamwa kukja ane,kayapó
23634,mɨsa jesu cristore a'ti nukukapɨ niika i'yati'kara niimira kɨɨre ma'i' a'toka terore kɨɨre i'yatimira eho peo' mɨsa kɨɨre eho peoka mɨsare peka me'epɨ wa'a boo'karare yɨ'rɨka weegɨsami toho weera mɨsa o'akɨhɨ tiropɨ wa'aatehere wakura puuro e'kati' de'ro nii were nemo boosari wereta basio wee',Tukano
5391,haꞌe opa maragua onhemboyvatevexea guive nhanderuete oikuaaxe vaꞌe rovai opuꞌa vaꞌe haꞌe rami vy roity avakue ꞌarandu haꞌe javi haꞌe kuery voi cristo onheꞌe rendu agua rami,Guarani
13579,—‍'anoy te xa hapkummugaha' 'apu mog nuy hapkummuga'ax yummuga' 'ap-xet ha mog nuy nu mutik ham'aktux 'anoy yipkox pip puxix 'amun ha 'axape 'uxeheh,Maxakalí
17991,paulo iraiti xakaisasehare tyaohenere tahi xasemehena nohinaeharenae: waiyexe iraiti noxakaitere xihiye atyo maisa halitinae xaomatikira xini maisa atyo hatya xini isene nomani exahe maisa xala hare aotyakijita natyo xakore hoka jesus cristo terota atyo hotikisene nomani,Parecis
23169,toho niimika adao be'rokahara tee moise niika terokaharapɨ werikara niiwa naa adao o'akɨhɨ duti'kere yɨ'rɨ nɨ'ka'karo noho weetimira ya'aro wee'ke wapa werikara niiwa adao dɨ'pokatikɨ niiwi ya'aro weesere jesu cristo pe'e a'ti nukukapɨ a'tigɨ ayuro weesere dɨ'pokatikɨ niiwi mari adao yɨ'rɨ nɨ'ka'kere o'akɨhɨ marire ma'igɨ ayuro wee'kere a'tiro nii masi' adao ni'kɨ kɨɨ yɨ'rɨ nɨ'ka'ke bu'iri nii pe'tira weri siru tuuma o'akɨhɨ pe'e marire ma'igɨ ayu butia'ro weemi mari wapa yeetimika ni'kɨ ɨmɨ jesu cristo me'rata nii pe'tirare ayu butia'ro weemi peka me'epɨ wa'a boo'karare kɨɨ me'ra kati nu'kuka weemi o'akɨhɨ marire ayuro wee'kere ni'kɨ ɨmɨ adao kɨɨ ya'aro wee'kere “a'tiro nii'” nii nemo masi' adao ni'katita kɨɨ yɨ'rɨ nɨ'ka'ke me'ra mari nii pe'tirare bu'iritira tohaka weekɨ niiwi o'akɨhɨ marire yɨ'rɨose pe'e a'tiro nii' mari pehetiri yɨ'rɨ nɨ'kamika o'akɨhɨ marire ma'igɨ bu'iri marira ayura tohaka weekɨ niiwi mari wapa yeetimika toho weekɨ niiwi ni'kɨ yɨ'rɨ nɨ'ka'ke me'ra werise se'saa wa'apa toho weero jesu cristo weri'ke pe'e toota yɨ'rɨo' o'akɨhɨ marire paha ya'agɨ wapa yeetimika marire bu'iri marira tohaka weekɨ niiwi ni'kɨ ɨmɨ me'rata marire ɨ'mɨsepɨ kati nu'kuatehere o'okɨ niiwi kɨɨ jesu cristo niikɨ niiwi ni'katita adao yɨ'rɨ nɨ'ka'ke me'ra nii pe'tira bu'iri da're no'oaha tohakara niiwa jesu cristo keoro weegɨ kɨɨ werise me'ra pe'e nii pe'tira bu'iri marira tohata basio' toho niika kati nu'kusere bokata basio' a'tiro nii' ni'kɨ o'akɨhɨre yɨ'rɨ nɨ'ka'ke me'ra mari nii pe'tira kɨɨ be'rokahara ke'ra ya'ara nii bu'i peha siru tuu' meharota taha ni'kɨ o'akɨhɨ dutisere yɨ'tigɨ jesu cristo me'ra nii pe'tira kɨɨre eho peorare o'akɨhɨ “ayura bu'iri marira niima” niisami,Tukano
12723,tiise epuꞌti piꞌ wai tiaronkon ayonpakon man moro sardes po mori pe tiweꞌsanon tiponkon tikiꞌpai pra tiikoꞌmansenon inkamoro koꞌmami pe man uyarakkiri mori puꞌkuru aimutun tiponkon yaꞌ maasa pra mori pe toꞌ yewan wani ikiꞌpasaꞌ pe pra,Macushi
3714,— “anguyka ama aguenri” uguely ani — “jesus nazare donro ura toenzepa maenagazeguylyla” kely ani,Bakairi
11969,janejararete ꞌga jejui ꞌga resagea pe nerekoa je afutat kweramu tejemiesagera momeꞌua,Kayabí
23347,kɨɨ pe'e mɨsare yɨ'tigɨsami: “yɨ'ɨ mɨsare ‘masitisa'’ nii tohamiapɨ baa mɨsa ya'aro wee'kara nii' wa'arasa'” niigɨsami mɨsa yɨ'ɨre eho peotika a'rare wee'karo weero noho mɨsare wa'arosa',Tukano
18346,kadania ookhaki bana ho ni-ija'ari vakadiania ohojajanarihi bana kodipohi vani adani vahojaronira bana ija'ari ira vanofiriki vakadiania kodiabi'i ivani ijahaka'oaki i ionini ka'oa vani ida danoja hora ino'avini hi'iki ida ionini danoki va'ora akadava'a bana adani oipohina idanonia ija'ari hoarani fori vihira kaimoni hovani ivani ija'ari hoarani fori arihiki hari onofiki ida harifori vihina ija'ari hoarani fori vihira kaimoni,Paumarí
2486,ininia pirato akixiniree: —atauako patimari xesosi ipinini —itxa ininia ipikapiretari sotatoakori auite iua apokasaaki pirato pimaari: —atauako xesosi ipipeka —itxa ininia iua: —ari ipinapitipeka —itxari ininia pirato: —panikaikari iito —itxari xoseemoni,Apurinã
23680,a'toka terore a'ti ɨmɨkoho pe'tiatoho dɨporo kɨɨ makɨ me'ra kɨɨ yeekahasere marire uukumi nee waropɨta o'akɨhɨ kɨɨ makɨ me'ra nii pe'tise a'ti ɨmɨkohokahasere weekɨ niiwi teere weegɨ nii pe'tise kɨɨ makɨ yee toha dutigɨ toho weekɨ niiwi kɨɨta o'akɨhɨ asistesere kɨogɨ niimi o'akɨhɨ tutua yɨ'rɨgɨ ayu yɨ'rɨgɨ niimi kɨɨ makɨ ke'ra kɨɨ weero nohota niimi kɨɨ uuku tutuase me'ra nii pe'tise a'ti ɨmɨkohokahasere kɨɨ nee waropɨ wee nɨ'ka'karo weero nohota nii nu'kuka weemi kɨɨ werise me'ra mari ya'aro wee'kere yɨ'rɨokɨ niiwi toho weeka be'ro ɨ'mɨsepɨre o'akɨhɨ tutua yɨ'rɨgɨ duhiri kumuropɨ eha nuhakɨ niiwi,Tukano
20683,uta pisapywy tsihikik batu ziky hawa wasanikia ty mozihikik batu ziky isapyrenikia batu katuk my,Rikbaktsa
17131,hoka semehena atyo jose herodes ityani arquelau atyo xekohaseti tyaonita judeia koa hanexe wenekoare semene jose hoka maira haxanene kakoa hatyo maniya hatyaoseta enore aotyakihitiyene inijihinako hoka xane galileia koa,Parecis
16118,nxe³­tu³­xai²­na²­ ju³­ta²­sah³­lai²­na²­ sa²­so¹­sxa³­ i³­yai³­nain¹­tau³­ sa³­ta³­na²­jah¹­la²­ sa²­kxai³­lu²­ ju³­ta²­sah³­lai²­na²­ a²­nxu²­kwai³­nau³­a¹­ a³­nxu²­kwai³­wi¹­hain¹­ta¹­hxai²­he¹­la²­ nxe³­nxa²­ha¹­te¹­ je³­su²­jah³­la²­ wan³­txi³­kxai³­lu¹­ ju³­ta²­sah³­la²­ i³­ye³­kxi²­te³­nah¹­lxi¹­: — ha³­lo²­a²­ kai³­te³­lhxa³­ nin¹­ju³­ta²­ hxi²­wa³­su³­se¹­li¹­ ta¹­hxai²­he¹­la²­,Nambikuára
5584,haꞌe rami tei ikuaa ukaara ndoeja eꞌyi guive mbaꞌeta pendevy pe ojapo pora vy yva gui ombou oky haꞌe mbaꞌemo hiꞌa agua ara pekaru haꞌe pendepyꞌa py pevyꞌa agua nomboatai — heꞌi,Guarani
24925,“chayura ama ‘imactala micusha imactala upyasha imawanla mudacusha’ nil wanuy-wanuy llaquicuyalcaychu diosman mana chalapacucunallamari chaynu wanupaculcan amcunapnatacmi icha tayta diosniqui ima pishipacushayquitapis yachayanna chayura wanupaculcay paypa gubirnullanchu canayquipa jinaptiqui'a lluy pishipaculcashayquitapis uycalishunquim,Urubu-Kaapor
7006,ga repiagame ovelhas repiakatuhara'ga imombe'umbe'upavi tupana'gapyrive'ga nhi'iga —‍“belem me pepojykaharete'ga cristo'ga ari pembopiro'yharamo” ei ga tayri'ga mombe'gwovo ei ovelhas repiakatuhara'ga onhimomby'a pa ga – kiroki ga gwendu ganhi'iga,Kagwahiva
3759,paikayba ajikaguedaymo myani deus ispiritury filipe nhadyly netombyra lela myani maka uguondo etiopia donro idawam lela olamy toenzepa myani iomaru jesus tyeinwantuo,Bakairi
15201,ti mꞌ sahonh he rameuuj bong mah pꞌop haga do ha mꞌ rajꞌaa etse mah —pꞌop haga do ky nꞌaa rod takꞌep hajꞌap do kasꞌee kan er mahang —nak ma sa kyyh —pꞌop haga do bahyng ta karapee tamasa hyb nꞌaa —nak mah,Nadëb
2272,mosiareti petsaita aapokotxitikiri xesosi petsaita aapokotxitimoni apoka iuasaaki kakiti minari mosiareti iuamoni amanaarina xesosi maatakiniri iua mosiareti,Apurinã
19797,pedro entao ficou detido na prisao mas a igreja orava intensamente a deus por ele,Portuguese
18560,hoarana jahari kabadani arafiakia kabadaniki ava akasanakhamakia hojaki varani jaharikia jesu-ra kanavaraniha'aha jaboni: —cristo ihi'badarani-ra ikahimanija iabono akava'ijoa'a bana haria akava'ijoa jaboni,Paumarí
9836,mbaꞌe ojehu ramo jepe nanhane mytuꞌeꞌyiry joty nhandejehe cristo nhande rayhu-magwi nanhanhemeꞌe moꞌai nhande jukase vaꞌe-pe cristo rembiayhu voi nhande ndaipuꞌakavei-ma voite nhande-rehe nhande rereko asyhara nhande pyꞌagwasu joty jaiko-vy hembiayhu voi nhande upea-gwi ipo pyte-gwi ndaipori nhande peꞌa vaꞌera nhamano vaꞌera paraꞌe jaikove vaꞌera paraꞌe ipo pyte pygwa meme joty nhande oi yvay pygwa nhandejary rembigwai vaꞌe paraꞌe mburuvixa vaꞌe paraꞌe imbaraeteve vaꞌe paraꞌe upeixagwa jepe ndikatuiry nhande peꞌa ipo pyte-gwi ndaipori nhandejary jokohara nhande rayhu eꞌy hagwa ay ojehu vaꞌe gwive koꞌe mbue ramo ojehu vaꞌera gwive ndaipori ipo pyte-gwi nhande peꞌa vaꞌera ipo pyte-gwi nanhande peꞌai vaꞌera yvate rupigwa yvygwy rupigwa ave ary-rupi oiko vaꞌe okwa rei vaꞌe ave aragwy-rupi oiko vaꞌe gwive nanhande peꞌai vaꞌera voite ixugwi ndaipori nhandejary ojokohara nhande rayhu eꞌy hagwa nanhande rayhu kuꞌa kuꞌa reiry vaꞌe ndopoi reiry nhandehegwi nhandejary po pyte pygwa-ramoma jaiko vaꞌera voi nhandejary hesu cristo nhande rayhu-gwi ndaipori voite ixugwi nhande peꞌahara,Kaiwá
8646,un ve vy ty epra ke ni ky ti kre kar vy ty epra ke nyti ge ti mre javo cristo vy ty kanhka ta ke ni ky ti mre ke kar vy ty kanhka ta ke nyti ge ti mre,Kaigáng
6840,odaa liwigo aneotedoɡoji ja iiɡe paulo naɡa iwita elimas odaa jeɡeeta “niɡida makaami akaami lionigi diaabo codaa akaami lakapetegi inoatawece niɡinoa ane iɡenaɡa niɡida makaami inokoleetibige maninaalenitiniwace oko abakeni ɡadoxikoneɡeco awitakatibece codaa idioka limedi moleetibige me iigi niɡinoa niiɡaxinaɡaneɡeco anewi anoditece ǥoniotagodi natigide ǥoniotagodi ibake loniciwaɡa meote anigotedaɡawa eote makaami ɡolaɡa odaa owidi nokododi me daɡakati manati aligeɡe” aɡica daɡa leegi odaa elimas ja deemiteta ica nexocaɡa ane yapoɡoditedini ligecooɡeli odaa aɡalee yatetibece odaa jiɡidiaanaɡadii dawakadetibece domaɡa doletibige oko ane dibatigi libaaɡadi me nibatege odaa niɡijo lacilo romaanotedi naɡa nadi ane ninyaagi elimas eliodi me yopo leeɡodi loniciwaɡa niɡijo niiɡaxinaɡaneɡegi aneetece ǥoniotagodi odaa jeɡeyiwaɡadi lotaɡa aneotedoɡoji,Kadiwéu
10628,ibutumy orarudu mahadu tule oworu widyydu tahe irehemy deuxu hawa‑ribi nyimyhyde tule iny rirubunymyhyre mahadu tule suritxoo luunadu mahadu tule ibutumy ruidu mahadu ibutumy irehemy hawahaky‑ribi roimyhyre,Karajá
14132,cewebumun'ibiyu ogukuyjo gasu bit wa'obi gu on jeymukuyjo- -wuykukukat a'obi aca tapupuyu eytayxi juy epeyepere gu aoyu eyitop cuy epeyepere gu eyitop epere buje bit cuy waram epeyewetopta gu eyepit put koap epesop ikug iat kay eyitop kay,Mundurukú
16995,a³­na²­sah³­la²­ i³­wa³­txi³­jau³­su²­ ain¹­ka³­tu³­ ro³­ma²­no²­ nu³­ka³­txai²­na²­ a²­hxi²­kan¹­jah³­la²­ i³­kwa³­na³­ta¹­hxai²­he¹­la²­ ain¹­ka³­tu³­ a²­so³­ta²­to³­ nu³­ka³­txai²­na²­ nxe³­ha²­kxai³­ ju³­te²­a²­ nu³­ka³­txa²­ a²­so³­ta²­to³­ nu³­ka³­txa²­ nxe³­ha²­kxai³­ ain¹­sxa³­ je³­su²­jah³­lai²­na²­ sa²­kxai³­ i³­sa²­so¹­sxa³­ sa²­tai³­kxain¹­ta¹­hxai²­he¹­la²­ ain¹­ka³­tu³­ sxi²­ha²­ kain²­thi³­na²­ te³­sxa³­ a³­nxai³­ta¹­hxai²­he¹­la²­ ain¹­sxa³­ wa³­nxin¹­te²­ si³­yxau³­ka³­khai³­su²­ jah¹­la²­ a²­i³­lxa²­ kai³­fa²­sah³­la²­ a²­kuxka³­nai²­na²­ a²­i³­lxa²­ a³­na²­sah³­la²­ a²­sxi²­ha²­ sa²­kxai³­lu²­ te³­sxa³­ a³­nxai³­ta¹­hxai²­he¹­la²­ nxe³­ain¹­saxkux ha³­la³­je¹­nhi¹­nai³­kxai³­lux wa³­nxin¹­te²­ si³­yxau³­ka³­khai³­su²­ jah³­lai²­na²­ sa²­kxai³­lu²­ a²­i³­lxa²­ kai³­fa²­sah³­lai²­na²­ sa²­kxai³­lu¹­ e³­te³­nah¹­lxi¹­: — a²­nu²­a²­ ka³­na³­ka³­na³­jah¹­la²­ so¹­lxi³­ je³­su²­jah³­lai²­na²­ so¹­lxi³­ ya³­lu²­kxi²­ne³­ju³­ta²­ wi¹­na³­li¹­ kai³­fa²­sah³­lai²­na²­ wan³­txa²­ ju³­te²­a²­ nu³­ka³­txa²­ a³­nhai¹­tun³­te²­nau³­xa²­ ye²­yhain¹­ta¹­hxai²­he¹­la²­,Nambikuára
10569,tahe xiwe dinoduo judeu mahadu dinoduo tamy rarybere paulo aomydyynanamy,Karajá
3989,imery ola wara aguely eyam: “iweapa aga asewanizeze wawyly adyka amyguehobyry kankadaymba ura tokala bodyla yam maundupa ola ama yataen-ho modo aga kazetyguedoem koendapa aityby keanka awaka ameryma-ro idanara tydinheruru maunduypy naim pekodo inakai modo aga taitoem kula sainrimpyryem pyla odopadyly tapira sadyzeantyby mayaen-honly aty aietoem” kely myani iwaigoru,Bakairi
15751,—pꞌop haga do ky nꞌaa edeng beeh hep y nꞌaa ajꞌyy hadoo do hy pong je hana do hyb nꞌaa be we rahꞌyy gaeej ba be raty nꞌaa gesyyg ba be raky nꞌaa reja ba nesaa do be ky nꞌaa ranꞌoo ba baad hadꞌop do pꞌop haga do anoo da be ha ta sam hy pong je ti hyb nꞌaa tawꞌaats he be tsebꞌee tii dꞌ be ha radoo ba be getseg da takꞌep be tsebe do hyb nꞌaa tii dꞌ ne paa sa wahe maku rabadꞌoo pꞌop haga do ky nꞌaa rod sa ha rarejaa na-aaj he sa ha —nang ma jesus,Nadëb
11617,—napee tee rui peporogyta ꞌga nupe penuwarete ꞌga ꞌagesagea te nipo pe mueapyo peꞌeaw are— ꞌjau jejui ꞌga oree,Kayabí
24632,chaychu achca ishyacunacta lluy sanachiptinmi juc ishyacunapis jesuspa mudanallantapis yataycalinanpa niti-niti ashuycalimula jinaptinmi yachapacunincunacta nila: “buticta alistapamay chaypi yachachinapa caynupa nunacunaca lluycha nitimashun” nil,Urubu-Kaapor
25858,zudezu nori nhimizazezem na sisada'aba za'ra wa mari ha iwasete na te te ama hiri za'ra neza aiba ha zezusi na isisi ha da'a nhere apa ihaiwa'utu na te te dama 're wasu'u u'asi mono wa ma to iwasete na tama nhari za'ra,Xavánte
18534,avarigaki ida cristo jahaka'oana jahaki ida avarigavini ija'ari hojai sohika'oakia kahojaiki deus kaisai hini,Paumarí
3313,kydajityenduo inakanhe aguitobyry kinmoduo wara deus tygakeze mara inakanhe aguitobyry nhygakehoem kienkaduo aituo deus kamakely xuraem lela kitoem awylygue kuomazely makanra kydazemakeoduo jesus einwantanry modo ola tajityendylymo umela deusram inakai adienkyly timohomoem nekabyramo awylygue ise deusram nazemakeoba awylymo aunloenla ise eyda iwague awylymo amaemo majityendomobyry ola deus xuraem ala kulaba awylygue ani inepa kehoem kata waga aurutomobyry ara amidylymo toenzepa ani inakanhe mawylymo inepa kehoem deus nhygakedyze mawylymo toenzepa aewiapadamo inakanhe aini waga aduaymo aityby waga deus inagazenehonlymo tytaze ani amaemo iedyse ani amaemo iozeno lela ani amanhedyse matomo wara awaka uguondo murudamo magaikemo menagazedamo wara idanara amanhetybymo waga tawentazeba mawylymo menehomo,Bakairi
22639,ina namungoa ne kali koyuhopeti omo'ixone ne anju yane ningoane kuti koe itiveyea ho'o mopo mbahakuke itea nzuirikoane koati susuva koyeti ongovoike,Terena
10876,ritehemynyrenyre ijo berohoky weribi ijana‑o kowa heka ibutumy hawahaky kadarena inirenyre jesuisi haworo‑ribi resereu habu tyytybybina‑di robire rohonyreri wabede‑ribi kia heka tiiemy rasynymy raremyhy wabede‑ki katahe wiji moheka womati reroti‑di rataataaotyhy aodorihe ohoore tebo iwa rataataare womati reroti‑di tiiemy heka rimoenymyhy teoruty ludu tawararu ludu tule ritotynymyhyre iyresymy moheka iruruore iny erydyymy,Karajá
7283,“cristo'ga nhandepojykaharete'ga gaha ti nhande reroho yvagi pe pevo nhande mongovo tupana'ga pyri avuirama nehe” a'ea ti pe'ji pejiporavykykatuavo na tuhe ti ga okwepy katu pe me a'ereki cristo'ga pe tuhe pe peporavyky nhandepojykaharete'ga pe,Kagwahiva
21641,piat ewy mio ta e hawyi iesui tiꞌa­tu­napin haty wo temiitꞌin — pyno uiwy­riaꞌin e uikuap ehepiat hap yt ewehenoi teiꞌo iraniaꞌin me e temiitꞌin me,Sateré-Mawé
22180,enepo simohiko ya njeruzalem enepohikone kutipoti jesus-ya koanemaka ne apostuluhiko yoko'omaka ne po'inuhiko inuxinoti ituke vunae elokea okovo simea ne evo poulu ina koyuho'inoa poulu yoko ha'inehiko heu koeti kixoaku ituko'oviti iko'itukexea ya itukeke,Terena
15760,ti mꞌ simaw mehem do paa bahapah ba pꞌop haga do sahee sa hꞌyyb tym go hajeng do ramoo toonh ba sa nuu go takaren paawa mꞌ tanoo sa ha dajeer tii dꞌ ranoo tabahajaa hyb nꞌaa hahyy dꞌ ma ta kyyh peed sa ha: —be anꞌoo ha yy tii da y bahajaa hyb nꞌaa y moo sooh ba sa nuu go pꞌop haga do sahee bajeng hyb nꞌaa sa hꞌyyb tym go —nang ma mehem do paa kyyh,Nadëb
10124,iu tahe ribunymy rarybere: —deuxu tyytybytyhy tetateri,Karajá
11309,yma yma we te janeruwarete ꞌga ꞌi ojeupe rakue: “tejaꞌyra ꞌga tomogo tejeꞌjawe etee futat ꞌjau” ꞌjau ꞌga rakue aꞌeramu ꞌagamu kristu ꞌga ꞌuwarete ꞌga ꞌjawe etee futat akou,Kayabí
17755,hoka olo haxawaiyeraha hiyeta ite hatyo iraiti xakaisaseharenae metalaharenae maoserahenaha xiso kaoloxere tyaonaha maheta xihenota xakaihakahenaha xihiye haxahekolitaha xakore hoka toahiyita atyo iniyalahare maniya exomokasehareha wahakoita enomanaha emawenekoaretyaseha maisa nemakare,Parecis
19014,e aqueles inimigos meus que nao queriam que eu reinasse sobre eles tragam-nos aqui e matem-nos na minha frente ’,Portuguese
13025,ya 'atak xop tek-tok pit xop mutik yaytuk-miy putup hak-tok pit xop te' tak xop mutik tuk-miy putup yay tu' 'utut xop tek-tok hex xop mutik yaytuk-miy putup hak-tok hex xop te' tut xop mutik tuk-miy putup yay tu' ha' yipxox muk tut xop te' xetut xop mutik yaytuk-miy putup ha' xetut xop te' yipxox muk tut xop mutik kumiy putup kaxiy,Maxakalí
22685,pihenenoekopo xapa uha koeti xane koekuti poke'e ovohikoku yara kuveu meum ihikexahiko hokeonu koane yahikamaka ya ihake ituko'oviti nza'a koane ya inzake undi xe'exa yoko ya ihake sasa'iti omixone ituko'oviti,Terena
1694,jejus kot amnhi ta hkot me pa xwynhje kukjer ta hamri nhum jejus ma hkot me pa ho me pa xwynhje me me ma mo ma kri pe sejarej piripos pu ha kri hkwy hkot mo ne korma pry ha mo nhum jejus amnhi ta hkot me pa ho me pa xwynhje kukja ne me kam: —kwa me inhma memoj jare tanhma na htem ahpynha ri axpen ma ijarenh to wehe ane,Apinayé
15560,jesus ahoop do aa we tabes doo da aa we tabes na-aaj he jesus kristo hyb nꞌaa pꞌop haga do er tahꞌyyb enꞌyym doo,Nadëb
16765,ja¹­nxe³­na¹­jutsu²­ txa²­wa³­ta³­nau³­xa²­ i³­sa²­si¹­ha³­ ne³­ka²­ta¹­hai¹­na¹­he³­la²­ yen³­kxa²­ wa²­nhu¹­yah³­lxin¹­ki³­nu³­a²­ hau³­ko³­te³­lhxa³­ wxa³­ain¹­tu¹­wa²­ a²­kxa³­nxai³­ta²­ e³­kxain¹­yah³­lxin¹­kxa²­ hau³­ko³­je²­yah³­lxin¹­kxai²­nan²­tu³­ ta³­lun²­ye²­yah³­lxi¹­nha²­kxai³­ u³­wha¹­yah³­lxin¹­tu¹­wa²­ yah³­lxin¹­kxai²­nan²­tu³­ wxa³­na¹­hi¹­na²­ u³­nhu²­ka¹­yah³­lxi³­hi³­nxa¹­lxa²­ nxe³­yah³­lxin¹­kxai²­nan²­tu³­ wa²­nxuh¹­lxi³­sxa³­ u³­nhu²­kxi²­yah³­lxin¹­ju³­ta²­ hxi²­kxau³­sxa³­ wa²­nhu¹­yah²­lxan³­ju³­ta²­ e³­lxah²­lxi³­tu¹­wa²­ kwa³­na³­nxti³­nxa³­ju³­ta²­ e³­lxah²­lxi³­tu¹­wa²­,Nambikuára
1494,—no me kot ixkaper mar ne am mar xwynhjaja te me kot meho kot amnhi kukama hamaxper mex ket ne htyx mor ne go myri gyw rerek kam amnhim orkwy nhipex pyrak koja memo arigro ha orkwy ha kok xaper tyx ne na wryk rax ne ne go htam ne hanhi ne kep granh pa jakama koja meho ixkot amnhi nhipex ket ne te kot a kot amnhi nhipex anhyr xwynhta pyrak jakama kwa me ixkaper mar tyx ne hkot amnhi nhipex raha ho ri apa te meho aptyx kam orkwy xam xwynhta pyrak ane,Apinayé
24882,chayta yachalalilmi efesochu ca israel mana-israelcunapis jesuspa shutinta manchacuywan licapacula,Urubu-Kaapor
4208,karukete mehe ur aꞌe  hemimuꞌe ipyr wa — emuhem kar ꞌaw teko wamono xe wi wa nehe iꞌi izupe wa — aꞌe rupi upuner oho haw rehe taw pe aꞌe wa nehe wemiꞌu ram hekar pa wa nehe uker awam hekar pa wa nehe no taꞌe naheta kwaw tapuz xe wanupe xe iꞌi izupe wa,Guajajara
21924,pyno mesuwat uhehay iaꞌakap wuo ahenoi teran ehepe aikota waku eweiwat uhupi hap uhemiitꞌin sese wanuat hap pyno waku miꞌi hap ewy heꞌyian­mete eiwe­wa­netup niatpo kahato eito uhupiat hap ete e katu­pono pywo ti uwe uwe uhupi toto uwe uwe toto teran uhupi waku miꞌi hat tuwa­netup kahato — atunug aru uika­ꞌiwat miky­ꞌesat ewy yn e pyno miꞌi hawyi uiat uimi­ky­ꞌesat atiwaure yne uiminug neran hap koꞌi hawyi waku eweiꞌe eweiwat teran uipot­po­ꞌo­roria waku maꞌato yt mio ta eweiꞌe i eiwat teran uhupiat hap ete pote yt karape i waku eweikup­teꞌen uhemiit no uipotpap nug hamo e iesui areto teran ehupi e haria pe,Sateré-Mawé
23225,yɨ'ɨ mɨsa abraao paramera nii turiara niisere masi toha' toho niimira mɨsa yɨ'ɨ uukusere eho peo si'ritisa' toho weera yɨ'ɨre wehe si'risa',Tukano
4917,temetarer ipyhyk arer aꞌe umuzewyr hemetarer rehe aꞌe —  eremur ihewe no amonoꞌog kwez newe ihe no iꞌi izupe,Guajajara
303,timoteu onypoihtopyra ehtoko nuaseme ro aexiry poko aepyry ropa eraximako ase kuekyryko maro naeroro akorehmatoko kure roke aehtohme ropa ya tymokomoke pyra anaropopyra ropa ehtoko owinoino xine,Apalaí
15614,ti mꞌ taky hadoo: —hep y nꞌaa hahy karapee tꞌaah gadoo peh y ne ti tagadoo —nang mah —y gadoo peh ha y mejuu do tagadoo tii dꞌ y wen edoo takꞌep hyb nꞌaa sakog is do be mahang ti ne da hyb nꞌaa jawyk pꞌop haga do matym go —nang ma jesus sa ha,Nadëb
10584,tahe jesuisi nade juhu be kiamy jesuisi rarybere: —ka habu heka awi biwiohenanykre heka ka habu heka waijoi luu nihiky rare ihyymy ta dohodyyna hetoo riwinyre waijoi‑o,Karajá
25155,taha wa ma awa'awi tipese aiba ha pese wamha tiza'warize ha ma to ti'a tawamha para na te oto 're mo ane na ha sabadu na ma to tiromhaiba romhuri zaharizem na,Xavánte
6628,niɡijo ninyoɡodi aneotedoɡoji ane niiɡe jiciaceeketege niɡina ninyoɡodi ane jibakenaɡa me jilegenaɡanaɡa ane ikee aneotedoɡoji neɡeote me ɡadewikitacetiwaji codaa ikee me ɡadiwokoni niɡica noko nige iloikatidi niɡina oko leeɡodi libeyaceɡeco niɡina me jilegenaɡanaɡa ajibakenaɡa niɡina ninyoɡodi daɡa japitaɡataɡatece ɡodolaadi liwile pida jibakenaɡa ninyoɡodi me jikeenaɡa aneotedoɡoji naɡa yapitaɡadi ɡodaaleɡena odaa aɡalee jeemiteeɡatece niɡijo domaɡa ɡoninyaagi catiwedi ɡodaaleɡena joaniɡidaa leeɡodi me jakataɡa me jipokaɡatalo aneotedoɡoji mele me dibatedoɡogi codaa meote me ɡodewiɡatace leeɡodi jesus cristo naɡa yewiɡatace niɡijo me yeleo niɡijo naɡa yewiɡatace jesus cristo joɡopitedibigimece ditibigimedi odaa etiniwa liwai libaaɡadi aneotedoɡoji miditaɡa limedi ane ikee mida naɡatetigi odaa iiɡe idiwatawece aanjotedi idiaaɡidiwa icoa niwicidi aninoa naɡatetico codaa me nimaweneɡeco digoida ditibigimedi,Kadiwéu
2030,nisapiretakiti tikane hite maerekani nisapiretini tikane kaiaopokori nota iokanatakari ataoenenokara isakire iua sapiretakitinokara nisapiretari kakiti itixi auakani —itxa xesosi,Apurinã
19242,o que acham havia um homem que tinha dois filhos chegando ao primeiro disse: ‘filho va trabalhar hoje na vinha’,Portuguese
20460,erodes hyrikosokdawy erodes takyriki tiro ezektsa sido ezektsa humo kino niwatihi takyriki tubabatu sidisahawy erodes sapy ikny izumu niy abaka batu iwaze erodes sihumo takyriki niy wastuhu tiro ezektsa ustsa sido ezektsa inauzuzuknaha barasto erodes tsumuehitsa bo izumunaha atahi situkta iwatsahi barasto bo nikaranaha erodes bo sitsyhyryze nipamykyso tsihikiknaha iwatahi niakyribyriki,Rikbaktsa
11244,eaeꞌema ꞌga pe rupi aruatau arawau jejui ꞌga eaeꞌema ꞌga resaka uꞌaa ypy we futat aipo ꞌga weaeꞌemamu uꞌaa rakue kaꞌaranuu renuina ꞌuina peyse pe ꞌga nupe,Kayabí
20378,asahi pahasapybyi tsihikiknahaze hi: — myharere bo yhy habyi zeka deus sinini ykarawy bo pahapeha deus okzeka batu ahamysapy — mybarapetu mykaranaha siharere bo batu waby zikaha asa hi: — katsa zuba myhyrinymyretsa babatsa — mybarapetu mykaranaha — mytsotospyk eze deus bo tsikozonaha tsimykaranaha — mybarapetu mykaranaha hauk byize kytsa hi: — o asaktsa simyharerewabyretsa — maha niwahi mozihikiknaha bijoikpe iknyktsa deus tsumuehitsitsa bo iktsazuba maha hawa deus bo tsimysakibazikiknaha asahi astsatu bijoikpe iknyktsitsa bo maha hawa mozihikiknaha zuba ana hi mykaranaha kytsa watsa mytsaty mykaranaha iwatsahi siharere batu ahawabyhy abaka asahi sesus kiristu humo batu sispirikpo hawa imysapybara ty mytsaty mykaranaha simysapybyitsa pahamyi tsihikiknaha kiristu myharek wata ituktsa inury watsa mynury humo tsimynapykyknahaze iwa deus humo mozihikik tsimymypuhyrynahaze mypaikretsa tsimoziknaha nawa tatu deus zikwy humo wasani mytsaty tsimykaranaha ihumo hi zuba myspirikporetsa tsimoziknaha kiristu humo zuba mytsaty tsimykaranaha,Rikbaktsa
17111,jesus tiya nexa ihiye hoka haikoaheta hahana xeta hoka xane haximalone maria kakoa irai hameteneta: — xaotyakisatiye kaoka hoka kawijita hiso — nexa haximalone hiye,Parecis
4283,hemyrypar heremiamutar wa pekwaw ko maꞌe aꞌe rupi pemeꞌegatu nehe aꞌe rupi aze aꞌe purumuꞌe maꞌe ur pepyr wa nehe pezeruzar zo wanemuꞌemaw rehe nehe aꞌe rupi napezypyrog wi kwaw ikatu ꞌym maꞌe iapo pa nehe aꞌe rupi pepyta putar tupan pyr tuweharupi nehe nuzepyk kwaw penehe nehe,Guajajara
