index,TEXT,LANG
6696,odaa meetediogi “catiwedi yaaleɡena eliodi me ee agecaɡalo ane jeemitetece liciagi niɡina daantaɡa doletibige me ideleo inaaɡonitetiwaji codaa adinoweti”,Kadiwéu
18962,onivani fori va'ora niha bana jaboni va'ora nava'isohi bana adani makhira vaagamoja'dini'iki imakhinava vihiki vaabono vanasohira kaimoni,Paumarí
662,zonetopopyry erase ritopopyry yrokokoro parixeu to toytose pirato a ritonopo maro oturuketo tuisary to maro juteu to oserematohae,Apalaí
21373,maꞌato uwe uwe yt inug i tupana piat tonapin hap koꞌi miꞌi hat tupana piat yt naku i nug hat topy­huꞌat katu­pono karapei wati­ꞌa­parap tupana piat ainapin hap motꞌi miꞌi hawyi yt naku i nug haria watoi­neꞌen tupana wanetup hawe,Sateré-Mawé
7757,emo tupana'ga gwepiuka gweaporogita pe me a'ereki ga ombuhu pyryva'ea pe me jipi ei ga amana ga omongy pe me yvaga hugwi ombohoryory ga penemitymipyra i'ahava rupi ei ga mbatera ga ombuhuruka pe me pe'u javo a'ero ga pe mbohoryoryvi jipi ei ga ga pe,Kagwahiva
17888,enekoniha himeneu alexandre xoaha ahalakoahaliti niyatere ana nahalakisahene kaxaotyakisaka hoka maisa enore tahi iniyalahare iraehenahititaha maheta,Parecis
13261,xix 'enoniam pu 'aneo hom kamah ha yoneo yog tik kamah xix naxix pet kopa' pip xape xop pu 'aneo hom kamah,Maxakalí
7664,paulova'ea omombe'ua'ja corintopeva'ea pe segunda carta de paulo aos corintios jihi ko ako pauloramo jesus cristo'ga moiruharamo aporavyky ji tupana'ga pe cristo'ga mombe'gwovo a'ereki a'ea tupana'ga opota kiro ji ikwatijarukari orenhi'iga imondovouka pe me timoteo'ga pavei timoteo'ga oko nhaneiruramo ojikoga gwaramo jesus'ga rehe nhande pavei jesus'gareheva'ero pejiko pe tupana'ga rehe penhimono'oga tihendu ti ganhi'iga javo kiro ore ikwatijarukari imondovouka pe me – perope pecidade de corinto pe kiro ore ikwatijarukari ga pe nhaporemo no – kiroki tupana'ga remimo'ehara'ga u pegwyri pe grecia pe,Kagwahiva
4709,nezewe iꞌi tupan zeꞌeg pape rehe imuapyk pyrer — aexak zako hezeupe ihe azamutar katu ihe ezau naꞌikatu kwaw ihewe iꞌi wanupe wazexak kar ꞌym mehe we,Guajajara
13066,ha yeyox te yay yog tik xop pu yikopit hu: —‍texiy 'akuxa nog 'ok 'akuxa mam 'ohnag kaxiy,Maxakalí
25000,mori wamha aiba nori ha ma to isire ai'aba're ta nori nhisi za'ra ha ane: sopaturu ha piroho 'ra ha bereza ama 're isamra mono dure aritacu nori seduduhu me tesaronita ama 're isimasisi zahure mono ha dure da'izu derebi ama 're isamra mono ha dure titicu ha toropimuhu me azi'a ama 're isimasisi zahure mono ha dure timotiu ha ta nori ha ma to wawana ai'aba're torowadi na 'ri nho'omo nhisi u tame ma to wazo mapari za'ra,Xavánte
7864,a'ea ji ei pe me pekwaha ti javo nura ti pe napenhimoandyandyjukari ojipe'ga pe ga imombe'urame hajihea pe me nehe ikatu po pe me ga nhi'igaturame o'mbero tapenhimoandyandyjukari ti ga pe a'e ji pe me,Kagwahiva
2365,iparika arikinia apakapari iparika iki iuaritika teoso auiritari iua auini atipirika teosokata txamari iua xipokaarita,Apurinã
13524,puya topa yumug tak xa hammaxna' puya yumug xuxya yeyox kunnix xa hammaxna kamah nuy 'akuxa mamma',Maxakalí
8445,ha ra simao pedro tog a rogro en vyn ky tog policia ag kaki u nigreg kym ke mu ti pegja ta ti nigreg je en ty tog kym ke mu tope tu ki rir ti to paꞌi mag camarada ja ve ti ty u nigreg kym mu en ti ti jijin ha vy: malco he mu,Kaigáng
19454,pela fe abraao quando chamado obedeceu e dirigiu-se a um lugar que mais tarde receberia como heranca embora nao soubesse para onde estava indo,Portuguese
20780,kytsa sizubaretsa sesus ziberikinaha iwaze kytsa sizubaretsa asa kino pihik amykta taba nitarenaha sesus ziberikinaha asa zuba nizapykykynaha sesus sa hana bo jatuka tsaraha estuba zuba hy niaha zinymyrykynahatsa tsaraha eze kokokorohyk niaha asa zuba koikny niukurunaha sesus situk batu ityny niy nipamykysokonahaze ustsa tsarahatsa bybybyu niaha tsarahatsa tiberias iknyktsa haneze sesus kytsa nisidisahawyky naha bazebabatu tsarahatsa bybybyu niaha,Rikbaktsa
12449,inkamoro yeꞌkakonya tenupatoꞌkon yawiri tuꞌke pemonkonyamiꞌ koꞌmami akoreꞌtaꞌnikon toꞌ yeseru nura kupi piꞌ toꞌ koꞌmami seꞌ tapairi wiriꞌsanyamiꞌ yarakkiri toꞌ koꞌmami inkamoro nikupiꞌpi wenai tiaronkon eseurima piaꞌti kupi siriri imakuiꞌpi pe innape paapa maimu yairon winikii,Macushi
16189,sxi²­je³­na²­ a³­nxai³­ain¹­kxai²­nan²­tu³­ sa²­nen¹­kxi²­sxa³­ i³­kaixtain¹­te²­ju²­he³­li¹­ a²­nu²­a²­ a³­xai²­na²­ i³­kaixte³­nah¹­lxi¹­: “wxai²­li²­ txa²­hxi²­kan¹­jah¹­lo²­si¹­lxi¹­” nxe³­jau³­su²­ yxo²­kwai³­no³­tain¹­te²­ju²­he³­li¹­,Nambikuára
13254,pa tute 'a ham'aktux hu: —‍'amhok 'ugmun pu nu'axup hok 'ugmun ya topa yog kamanat 'amun putuk xix 'ataknoy xop putuk xix topa pupi ham'aktux xop putuk xix nom te nu tappet yog ham'aktux 'apak xop putuk 'apu topa pu nu'axup kaxiy,Maxakalí
3052,imarymogue deus izepa ato akaiedaunda koenda taise imarymo sataly deus izepa ato amanhepyra mitomoem koendonro kuru tamaguebala deus aga aunloenla mawylymo; koendapa mawanra peto nhantanry onwanji madameolymo [tara iguewatyby modo toenzepa tasenagazeze tajynryryram tadahoze peto adaindanryam tajiaduan-honzemo wara] idanara livru saguho modo waga iwenibyemba xira — deus mydadysebamo atoram tatazeba itaunga koenda taise ahurumo sataly deus mydadysebamo atoram mydapa mitomoem koendonro kuru deus aga mawylymo ihuru sataybyem; koendapa mawanra infernuda peto nhantanry onwanji madameolymo [tara iguewatyby modo toenzepa tasenagazeze tajynryryram tadahoze peto adaindanryam tajiaduan-honzemo wara] idanara livru saguho modo waga iwenibyemba xira — deus maendysebamo ato kazetaunda koenda taise inumo etyly deus maendysebamo ato maempyra mitomoem koendonro kuru tanuembala aunloenla deus pymaem atoda mawylymo; koendapa mawanra tadasenagazedo peto nhantanry onwanji madameolymo,Bakairi
17875,hatyo xowaka kanowa koxaka nekesexehetehena xanehitita exaotyakiraharenae kakoare one takoiyaxala mokotyoita kinatyaxa kanowa hiye hoka hoholati hoholasekoatyahitene xanehenahititere maniyata hoholatita hoka,Parecis
9525,ha nheꞌe marangatu tee vaꞌe-py nhande rexakwaa rei vaꞌekwe nhandejary imeꞌe-vy upea-gwi jaikwaa voi peteixa nhamoiruha ixupe peteixa nhane moiruha jaikwaa ave,Kaiwá
14210,o'tujujem ip yabewi — obureyu — io'e — apentak wewedaxijo but — io'e,Mundurukú
23997,yɨ'ɨ mɨsa tiropɨ niigɨ o'akɨhɨ nii pe'tira wiogɨ niimi niise kitire were sihawɨ ni'karoakare “mɨsa nee ni'kɨ yɨ'ɨre i'ya nemosome maha” nii tɨ'o ya'asa',Tukano
12777,miriri tauya wenai judeuyamiꞌya uyapisiꞌpi epiremantoꞌ yewiꞌ ta wani tanne uwi yuꞌse toꞌ waniꞌpi miriri wenai,Macushi
24513,jinaptinmi jesus chunca ishcayniyu yachapacunincunacta: “amcunapis liculcaytachun munayalcanqui” nin,Urubu-Kaapor
10815,tiu heka aohokymy dyynanamy iny rotyynyohyymyhyre kaa aohokymy dyynana nihikymy tule tiu tuu robiohyymyhyre,Karajá
25942,ane darireza na danhipti'a nho'omo nhisi ama ma to tiwaihu'u pese na mari i'manhari waihu'u'o ha dama 'manha zezusi ha zudeza hawi wisi wi ane dapawaptom na ma to ama sahu 're ihaimana u'asi mono we te te isatori na da te waihu'u za'ra da,Xavánte
8330,pedro ty  mre festa ty pascoa han ky tog pao jagja tu en konh ke kura ta kryg mu sir kura en ki ag tog me tag tanh ti ovelha tag en ag ty kura ty pascoa ka ko ti en ky jesus tog pedro jeneg mu sir  mre ky tog ag my: “ha mujeg me tanh je ovelha en eg ty kon je” he mu,Kaigáng
9784,teko rei reko-rupi ndoikovei-gwi ipoti-magwi eheja katu toiko ne iru tee ramo anhetegwa tee vaꞌe ne nheꞌe ne nheꞌe rendu ramo emoingo katu ne iru tee ramo,Kaiwá
23799,naa yɨ'ɨre toho weerasama niimigɨ waku ke'ti wee' yɨ'ɨ katiri ɨmɨkohore ma'i wee' mari wiogɨ jesu kɨɨ da'rase kuu'ke purikare pe'o si'risa' o'akɨhɨ masa nii pe'tirare ma'imi niise kitire were dutiwi yɨ'ɨre,Tukano
26760,xatanaj kute meo ba djakam ne gar te ar aban amex ra'a ba arym ar apumu be na gam ar ija angra tyx ne aje amibe ikanga ket dja na gam ar me kudjwa amineje mema kum ‘jakam arym ije amim jeju mar ket arym ima kinh ket’ ane kati ar aje a mema anhyr ketkumrex nhym me arym ar anhobikwa axipanh bi gar ma ama ikinh ne aje ikanga ketkumrex ne na axipanhdjwy kum me uma ket ne tu mema ijarenh 'ano dja nhym me kubi wakam xatanaj mor dja wakam nam me te kubi gar ma ama ikinh ne ba arym omun ar akam ikinh ne,kayapó
22992,koeku yuho'inoa peturu ne korneliu ina kixovokoxoa peturu: —‍ko'oyene enjoaneoxo akoyea naivakaxa xane ne ituko'oviti kutikokone uha koeti xane nonekuke epo'oxo ya koekuti poke'e ovohikoku xane yara kuveu meum uhepeti isoneunoa ituko'oviti ne xane teyoati koane ponoatimaka ne kixoku itukeovo,Terena
16031,txa²­wa¹­su³­na²­ wan³­txa²­ i³­hen³­txi³­tu³­ka³­txu¹­tai²­na²­ a²­ne³­tah²­nau³­syah¹­lxi¹­lxi¹­ su³­na²­ wan³­txa²­ wi¹­lain³­nha²­sxa³­ e³­kxain¹­tu³­ka³­txu¹­tai²­na²­ wxa²­ne³­tah²­nau³­syah¹­lxi¹­lxi¹­ nxe³­sxa³­ a³­bra³­au²­ah³­lu¹­ta²­kxai³­ i³­ye³­kxi²­ta¹­hxai²­he¹­li¹­ i³­ye³­kxi²­te³­nah¹­lxi¹­: “wxa²­ne³­tah²­nu³­a²­ yu¹­kxe³­nu³­a²­ a²­nu²­a²­nau³­xa²­ a²­yxo²­ha³­kxa¹­ wi¹­lhin¹­si¹­hain¹­ju³­ta³­nu³­a²­ yu³­yah³­lxin¹­tu¹­wi¹­” txa²­wa¹­su³­nu²­kxai³­lu²­ wi¹­lain³­nha²­sxa³­ e³­ta¹­hxai²­he¹­li¹­,Nambikuára
7315,kire ga ruri gwemimbo'ehara'ga pyri tresve'ga pyri ga ndepiaga oki ga upa a'ero ga ei pedro'ga pe: —‍napenhimomiranami'i'i pe pejopehyja pe naeru ndapekiri po pe hamo ji moiruharamo ei jesus'ga ga pe penhi'i ti tupana'ga pe pe'ji ti ga pe: “ore poko ti torokote'varuhupotaryme ti” naha ti pe'ji tupana'ga pe ei jesus'ga a'ereki pe peko pota tupana'ga nhi'iga rupi novia emo pe napenhimomiranami pejikote'varuhua pe tupana'ga pe pokoge'ymame ei jesus'ga,Kagwahiva
11344,aꞌeramu tejuuranuua amaraꞌneramu akou kuja ee ree aꞌeramu awau ee pytuna ꞌga nowajaa ee pytuna ꞌga kuꞌjywa ꞌga jeꞌega renupara ꞌga jejui kristu ꞌga jeꞌega rerowiaara ꞌga nane nu aꞌeramu ꞌga nowajaa awau aꞌeramu tejuuranuua awau opytau uꞌama ꞌyisiga pype,Kayabí
15965,sahonh he eer jesus uuh hadoo do ky nꞌaa hahyyh hajoo ne paawa ji ha ji noo hedoo doo ji nabuuj hedoo doo ji matym hedoo doo ji moo hedoo doo ji tsyym hedoo doo set ne he ji ti hadoo enh kristo ha kristo ha hꞌyy kaꞌeeh do sa ha er wob judah buuj er wob ta wob buuj er wob ta wob sa karom hedoo doo er wob kariw nꞌaa temah doo tii dꞌ tahado ne paawa er nu kemuun bong pꞌop haga do sahee anꞌoo ba set jesus hub hadoo er bahadoo hyb nꞌaa set ne he ti pꞌop haga do sahee er gadoo doo,Nadëb
23941,yɨ'ɨ mɨsare too dɨporopɨ nii'karo nohota jesu cristo werikɨ niiwi mɨsa kɨɨ werise me'ra too dɨporopɨ weeseti'kere du'ukara niiwɨ kɨɨre kɨɨ tutuase me'ra kɨɨ pakɨ masokɨ niiwi mɨsa ke'rare kɨɨ makɨre eho peo yuuka kɨɨ tutuase me'ra mɨsare kati nu'kuka weekɨ niiwi toho weera a'ti nukukakahasere wakutika'ya ɨ'mɨsekahase pe'ere wakuya mɨsa o'akɨhɨpɨre jesu cristo me'ra nii' jesu cristo ɨ'mɨsepɨ o'akɨhɨ me'ra wiogɨ duhiri kumuropɨ niimi toho weera mɨsa jesu cristo niiro ɨ'mɨsepɨkahasere ayuro waku nɨrɨya,Tukano
22938,koati emo'uti ra yunzo'inopinoe: aneye xepakukenoe avotimo ivakapu tumuneke noixea natixea ne ituko'oviti xapa xane —‍kixoanehiko,Terena
19065,este e aquele a respeito de quem esta escrito: ‘enviarei o meu mensageiro a tua frente; ele preparara o teu caminho diante de ti’,Portuguese
16565,ja¹­nxe³­ju³­kxai³­lu²­ me³­ki³­se³­te²­kah³­lu¹­ta²­kxai³­lu²­ i²­khai¹­nxe³­jah³­lxi³­he¹­la²­ hxi²­kan¹­khaixjah¹­lai²­la¹­wa²­ nxe³­sxa³­ a³­bra³­au²­ah³­lu¹­ta²­kxai³­lu²­ a²­ko¹­ko¹­nu³­ka³­txa²­ yen³­kxa²­ ka³­lxa¹­txi³­ so¹­kxi²­nyhain¹­kxu¹­tai²­na²­ wa²­nhuh¹­ta¹­hxai²­he¹­la²­ yen³­kxai²­li²­ hxi²­ka²­ hxan³­sxa³­ yen³­kxai²­nan²­tu³­ ki³­ka³­na³­ka³­natsxa³­ wa³­kotso¹­xi²­sxa³­ u³­ha¹­nu²­la²­ yen³­kxa²­ ka³­lxa¹­sxa³­ me³­ki³­se³­te²­kah³­la²­ hxi²­ka²­ wa²­nhuh²­xai³­ta¹­hxai²­he¹­la²­,Nambikuára
7159,jesus'ga oko gwe'yjava'ea jatykahavuhu pe ano nanani jesus'ga yembora oho jerusalem me gapo'ria pavei “ti'u toryvi pe pascoa pe pevo ojipe'ga pavei” ei ahe “timoka'nhymyme ti tupana'ga pyryvagwera nhande ve a'ereki ymyahu tupana'ga ombogwavuka nhaneramonhava'ea pyvo ahera'yrypyva'ea jukaukare'yma” ei ahe nura ahe hoi ano nanani jerusalem me i'gwovo toryvi pe kiro ahe hoa'javi pascoa repiaga jesus'ga vojarame doze anos jesus'ga imbokwara'ari kiro jesus'ga rerogwovo ojupi ahe hoi ovahema i'gwovo toryvi pe aere pascoa mominire ahe jivyri pehea rupi ua gwonga pe opyta jesus'ga jerusalem me ahe ndokwahavi reki ga pytarame “po ga ruri nhandere'yja'ga ndupi” ei ahe ua “po nhanerembikwahave'ga ndupi ga ruri” ei ahe a'ereki he'yive'ga ojivy jerusalem hugwi pea rupi ua gwonga pe ndokiri ve ahe mbytera rupi ve ka'arugame ahe ei: “mome po ga rekoi naeru” oje'yja'ga ma'o me ahe ga rekarekari novia onhimbikwahave'ga ma'o me no,Kagwahiva
5432,— tykeꞌy kuery ojopy uka ꞌra guyvy ojukaa agua haꞌe tuu kuery ojopy uka ꞌra guaꞌy kuery taꞌy kuery nguu kuery re opuꞌa vy ojuka uka avi ꞌra xerery kauxa pave ndaꞌijaꞌevei ꞌra pendere haꞌe ra opa peve oi ata vaꞌe ma oo jepe ꞌra,Guarani
2219,ininia ninoa: —kiripa kiki paniatai pisirimata pikosekini pisini ikapani,Apurinã
15283,jesus ky nꞌaa etsee do panyyg nꞌaa hahyyh ti mꞌ jesus bahajaa ba ka ta ti taherꞌoot doo we ha taty dag ti mꞌ pꞌop haga do ha taky nꞌaa etsꞌee kan: —ee —nang mah —kaja kan y dajep doo ka sahonh he sa hyb nꞌaa mameta a tꞌaah takꞌep ta makamabajꞌaa doo y mawehee om a tꞌaah wehꞌeeh hyb nꞌaa makabajꞌaa do tameteeh hyb nꞌaa,Nadëb
1852,hamri ne ixkreja rum kato ne ma te ne hixet pe oriwehti ha api ne ha nhy tirtum nhorkwy kuta hixetja nhum ha api ne ha nhy hamri nhum simaw petre me xiakre me juaw me andreja ma hkot mra ahte hkot mra ne me kot tirtum ma amnhi jarenh xa ha ixkre granh par a hkukja ne kam:,Apinayé
3221,jesus tynynonroem andre simao pedro wara iduakehobyry kopaelagaem tarala  azaga tynynonro modo aga jesus sakadyly tientuo  aguely: — “kordeiru deus ingonotyby” kehola awaka maka iwaga auguehobyryla — kely,Bakairi
9269,nhandejary ko jahexa eꞌy vaꞌe ha jajohayhu ramo katu peteixa nhane moiru nhandejary upeixa jajohayhu tee rei jaiko-vy,Kaiwá
9754,nhandejary ae katu ore mbopyꞌagwapy jevy-ma ojepyꞌapy vaꞌe-pe ombopyꞌagwapy kwaa voi nhandejary ha ore mbopyꞌagwapy-ma  ogwahe ore-vygwi ore mbopyꞌagwapy jevy-ma nhandejary ndahaꞌeiry igwaheha-rehe rei ore pyꞌagwapy omombeꞌu kuri xe-vy pende rekoha: “corinto pygwa kwery nde rexa ngaꞌu voi kuri ojepyꞌapy nipo raꞌe nde-rehe” heꞌi pende-rehe “haꞌe kwery omboasy gwembiapokwe raꞌe” heꞌi “nde ereipota vaꞌe ojapose voi” heꞌi xe-vy pende reko mombeꞌu-vy upea ahendu ramo xe mbovyꞌa jevy-ma,Kaiwá
10163,jiary wadeysatyhyreri kai dori aluuna iny witxira dee ratximyhyre kia heka deysana nihiky ityhydyydu mahadu‑o rare tii riwawowesenymyhyre,Karajá
23315,pilato naare niikɨ niiwi: —de'ro weegɨ toho wee boosari a'ri nee ka'ro ya'aro weetikɨ niiami niikɨ niiwi kɨɨ toho niimika masa kariku nemokara niiwa: —kurusapɨ paa bi'pe weheya niikara niiwa,Tukano
20658,niytahi utakta ahabo mytsaty ikykaraze iknakozore tsihikik masedonia bo moparakze: — o masedonia bo moparakze koritio ezektsa bo mynakozore myziksizoze niwatihi koritio ezektsa bozo my nawa petok babaha sibo mynakozore iwatahi mysihyrinymyryze sakuretsa sudeja bo my zeka piktsumuehinaha — iwa mytsaty ikykara,Rikbaktsa
12005,kaisari pirata enaꞌpi yapisitipon epaꞌkaꞌpi moropai aꞌta yakaꞌpiiya non yai moropai miriri tikaraiwari tiniru yuꞌnaꞌtiꞌpiiya non yaꞌ,Macushi
3341,koenda inkaba ani iedylymo awylygue ise mazenagazeolymo lapyla iewindy ume uwapyra mataunaguynre yatuandyly ume yakuiba mataunaguynre parugue itymo anaka kadakobadyly ume itymoda ykyambyra mataunaguynre tatyemba wawyly ume iety ywogonro maundupa mataunaguynre iewanu ume wompyra iewiampyra wara mataunaguynre kua witoem kadeia oday watay yam iu ise mydawapyra mataunaguynre womazeanze” keze ura ynynabaom modoram,Bakairi
22975,kene peturu akone malika kixoku hokea jesus tuku kixoa kindanake ovoku koati payasoti ya uha koeti sasedoti yane urukovone ina ivatako xapakuke neko ahinoetihiko kaha'ati noixea kixokonokumo ne jesus,Terena
14787,gebuje pilatos barrabas o'gujemat daomunmunap'a bewi jesus pit imupokupog ip o'e ixee mugegebum pilatos a'obi ya'obi jesus o'tujowat ip o'je'aweroiayu be yaoka am korosa be ibamupaya am,Mundurukú
14044,— sorarayu be jerusalem ka mukoreren puje eyetaybit epesop gaxin ma ip ikamu'um iam,Mundurukú
17099,salo xaokanatyakalati xoaha tahi — xiso atyo salo akere xisaonita halitinai koni xakore hoka salo atyo makexenehena hoka maisa atyo saloheta xini maisa atyo xoare hare niyahareheta xini hoka kaxawatyakita atyo hoka jiyitereharenai tyahakitene — nexa jesus,Parecis
23691,ɨsa a'tere toho weera masa ɨsare “niyeru bahuriopa” nii dutitira toho wee' a'tere weera ɨsa mari wiogɨ i'yoropɨre keoro wee si'ri' toho niika masa i'yoropɨ ke'rare keoro wee si'ri',Tukano
25603,ta nori ha ma to asimizawi pese zem na we te te 're aiwasu'u za'ra ame isazei'wa nori 're isi'ra'oto mono nori nho'a isazei'wa nori ha darob amoi hawi ateme 're isihutu mono nori ha aihawi nimomo 're nomro mono o re mari na ama 're aiwari za'ra mono wamha we di ubana 're nomro to mono da we uptabi di 're ihaimana u'asi mono te te aima 're i'awe mono zeb zarina si te za ama 're aiwari za'ra mo ta nori ha wanhib'apito ma te te 're romhuri za'ra mono da ma to si'uiha na asatori za'ra tirom hawi daro mono ba te te dama 're sadawa wasu'u za'ra mono da dure isazei'o'wa nori ha mari na ama 're siwari za'ra mono da sina so 're simnhasi za'ra mono o di isadawa wasu'u'wa nori ha mare di,Xavánte
424,mame kurakokara tukurakase ropa eya tuhke joroko to tututanohpose roropa eya mokaro ae joroko a sekerekamexipopyra kynexine ynororo “awaro ynanase” karyke eya xine,Apalaí
19131,entao pedro pediu-lhe: explica-nos a parabola,Portuguese
25502,tawamha azarudu ha ma to paruhu zarina mo wazarina zama mreme 'raiha na te nasi te te wa'mahara za'ra ane: — o ha aiba nori ha 're ihaimana u'asi mono ma romhuri'wa nori iwaihu'u pese uptabi ma romhuri'wa za'ra niha te za aima waihu'u za'ra wa'wa asiso'reptu za'ra wa'aba da — ane te nasi te te wa'mahara za'ra dama,Xavánte
3510,kau azekanily lapyla ximuka onro onwa ihuguewadyly figu sahuadanry tawy wagapa ihuguewadyly wane sapezenru takaniduo myara,Bakairi
8091,tope jo in koken ky ninh ke ky jesus tog tope jo in ta kakute ky ti mu sir ky ti mre mu ti ag tog ti ta junjun mu ky ag tog ti my tope jo in en ag venven mu sir,Kaigáng
8006,“ha ra ajag fe ti ty rynh kemni eg kar vy krenkren mu canoa ha vy tuꞌ henh muꞌ” he tog,Kaigáng
18900,jesus va'ora kaabaniki adani farisio vakadihojaia c- hari anokhomi'ihi ida jesus kavarani farisioa bikaboa'i'aha ada jesus gorana 'baira kaimoni okhaha ada jesus okhajakosiha mesa kania vithi'aha,Paumarí
2410,xesosi sakire mauiakati nirekiniari itakanapiniri itanoro oa auiritariko isini xesosi sakire mauiakato nirekiniari otakanapiniri oitaniri iua auiritaroko osini ikara atoko ininia ninoa sikakapeekaika ikara atoko ininia erekari kotxi teoso inirekari aneenamauatini ikara xika pite itanorotxi pimarotatari atxiiti pitaniri auikari xesosi sakire imaerekani makatxakiko ikapani xesosi sakire pisapiretakasaakiri iua pite itaniritxi pimarotatari atxiiti pitanoro auikari xesosi sakire omaerekani makatxakiko xesosi sakire pisapiretakasaakiro oa,Apurinã
12207,tiiwariri aasaꞌmantaꞌpi uuriꞌnikon yeꞌmapa kaiꞌma tamiꞌnawiron imakuiꞌpi koreꞌtapai moropai mori pe uuriꞌnikon ronapa timiri ton pe eꞌnitoꞌpe mori kuꞌtoꞌpe taatausinpai,Macushi
8066,judeu ag ty jesus ten man sor kejen tog judeu ag ty festa haꞌ u ta kryg mu vasy u ty judeu ag kato vasansan mu ag vy tope jo in koken ja nigti ha ra judeu ag tog kejen ti in han man ag ty in han man to festa ha ve sir pryg kar ki ag tog festa en han ti kusag mu en ka ke ja ve festa en ti ha ra jesus tog venh tig ja ni ky tog tope jo in mi pasa ke ti ni salomao ty janka en ta,Kaigáng
5279,avi nhomongarai oikovy enom re salim katyꞌi haꞌe vaꞌe rupi yy ikuai rei ramo haꞌe oia py heta ojeꞌoi onhemongarai uka vy haꞌe vaꞌe jave ma  nomboꞌaai teri,Guarani
21590,— tupana etiꞌa­tu­po­wyro o uruwy­riaꞌin itotiaria etiꞌa­tu­mo­pe­rupꞌi wakuap nug hamo are uruiky­ꞌesat tawa tesa­ro­nika piaria emohey haria wuatꞌi kupteꞌen hap etiꞌa­tu­mo­pa­kupꞌi iꞌatu­wa­netup pakup i hamo are miꞌi hawyi yt kat i iꞌatu­wa­netup saꞌag hap kapiat hap uruiky­ꞌesat uruꞌywot urutoꞌe uruiky­ꞌesat miꞌiria ewano yn hap urutoꞌe miꞌi ta etunug mote ti aru karape esaꞌyru emipo­ꞌoro ut turan yt kat i iꞌatu­minug saꞌag hut turan etipueti aru urutoꞌe yn tupana pe,Sateré-Mawé
5589,haꞌe ra ojeroviaa re teko pora oupity vaꞌe re ma aipoeꞌi: “eporandu eme ndepyꞌa py: ‘mavaꞌe tu oo ꞌra yva re’ ꞌre eme” povaꞌe ma “yva gui cristo ogueru agua” heꞌia “nei ‘mavaꞌe tu oguejy ꞌra yvykua vaikue py’ ꞌre eme guive” povaꞌe ma “cristo omanoague gui ogueru ju agua” heꞌia,Guarani
2704,ikara maerekati xika teoso omanakare apokapitikako teoso paniatakiti makipitakanimoni,Apurinã
17831,hoka nehena hatyo watyaha betetiterenai hiye: — xiyakahetehena alita awa atyo baba hanako exakere xisaona xoana wisekoliti nitini xaokitene nexa ihiyeha,Parecis
22435,koatimaka vo'oku kuveovo ituko'oviti itukinoake noe neko hana'iti vateke mekuke kuti'inoke itovoti ne uha koeti ovokuke koati itukoati neko yuho'inoa ituko'oviti yaneko eto'okoane vunae koekumo ne koekuti keno'okoti avoti noixoati epo'oxo vo'okumaka kuveovo ituko'oviti enomone kouhapu'ikinoa noe ne po'inuhiko xane ovati ra kuveu meum yanekoyo motokeyea ipihoponeokono koane enomonemaka kuti'inoke inixoati ituko'oviti itukeovo ponovoti ne noe nonekuke kuteati koeku inixeokono ne xane koati kuvovoti ituko'oviti,Terena
20853,kahumo simysapyretsa moziknaha batu aty tohi ziksiakse batu estuba kino ba ziaksenaha tahawahi katuk mozurukunaha hy mohyrikosokdanahaze deus sihumo tsimypokzitsiukreta ituk tahawahi mynapykyryknaha kazo atahi zikpehahik iwatsahi sizubaretsa kahumo sispirikporetsa kazokta abazuba zikwy ba aty tohi iekze ziksiokty ba aty tohi katuktsa ziksiokty — niy — kazikwy kazo zikwy kino atsatu my — sesus niy,Rikbaktsa
11057,aꞌere je naani jejui kristu ꞌga ree etee te je jerowiari ꞌypeywar are ꞌga manui janetywera moiawamu rakue aipo are je jerowiari tekou ꞌga rerowiar ire je poiri ꞌga rerowiareꞌema ꞌga nemifutar awi ikue nafutari futari je ꞌga nemiapoa ꞌga nane jeremifutara futareꞌema nu,Kayabí
1610,na prem am grere ne kuma ne amnhi kaxyw hkot hamaxper ne hkot amnhi xunhwy hamri nhum amnhi ta me omu ne me kam: —e na am hamri ra me ate amnhi kaxyw ixkot ajamaxper ne ixkot amnhi xunhwyr jakama na ka me ixkukwak ri ape tirtum kraa ane,Apinayé
17070,enaheta xaneterenai enajikinita tyoiterenai xoaha kawiyahenaha: — wihalahareta hikakoa enore xekohaseti enore waiyira hamohena hexare kakoa tyoitere waiye kaiserehare atyo davi najikinitare kaokehena womana xekohaseti tyaona maheta davi akereta wihalahareta hikakoa enore nexaha,Parecis
20047,ba aty tohi bijoik pe eze mybarawy eze kino ba aty tohi mybarawy opuke bo kino ba aty tohi ba aty tohi ipirikwyhyha ty ba hyrikok ziky iwatahi papeu bo batu iktsa ziky,Rikbaktsa
3200,— unary waga kula inkaba awidyly pabaila ugononi awitoem auguehoem wara deus aguehobyry ara lela amidylymo-ro watay eagapa mitaymba ise amaemo aigueduomo idaze amaemo aunloenla eaga mitomoem tutuze ura xira akeala awyly; pabai “agueka” kehobyryla xira augueho — kely jesus,Bakairi
11367,—pejejeupe ꞌoga resaukaripyra pype etee futat ki pejup pejejejyiteꞌema ajepeja ꞌoga pype pejejeupe imuripyrera ꞌwau etee futat— ꞌjau jejui ꞌga ꞌga nupe uꞌama —saꞌa ae ojeupe ojomoporowyky re ojomepya nan tee futat nipo ꞌga penemiꞌurama muri pe nupe ojeupe peporogyta repyramu— ꞌjau jejui ꞌga ꞌga nupe uꞌama —ꞌga ꞌwyrarete upe pejewaemawe ki peꞌje ꞌga nupe: “ꞌau ore ruri jarejuwarete ꞌga porogyta momeꞌwau pe nupe” peꞌje ki ꞌga nupe “peꞌje ajee pejejua ꞌga imomeꞌwau oree” ꞌeramu peu pejepytau pejejupa imomeꞌwau ꞌga nupe ꞌga ꞌwyr ipe etee futat pejejemogyau pejejeupe mamaꞌe muripyra ꞌwau etee— ꞌjau jejui ꞌga ꞌga nupe uꞌama oporogytau —ojeroꞌwu maꞌe ꞌga ki pekatuꞌok jarejuwarete ꞌga ree pee ꞌga muꞌjau “werowiaramu ꞌga pe mogoi wemiayuwamu” peꞌje ki ꞌga nupe— ꞌjau jejui ꞌga ꞌga nupe uꞌama,Kayabí
11800,aꞌere ꞌa pee nanarui pee we ꞌa mamaꞌe tywera peapo pejejaupe pee we ꞌa pejemunarumu pejejokaraema are pejejewirera ꞌjawewara ꞌga nui miamu ꞌa pee pejemunarumu pee nane ꞌa mamaꞌe tywera peapo nu,Kayabí
2778,kaiokatsoparerini pariseoakori apaka aua iuaa atamatapikarina xesosi atauako erekapeka itxikitakapaniri motikauakotakari tomatiko otisaaki inirekarina xesosi kerokiniri tomatiko otisaaki iparikauatinia ninoa apoitari iua,Apurinã
784,mame tanyhtase ynororo saerema sa toehse ynororo toto neneryme emyty zemima sa toehse xixi samo zupo roropa karimutume toehse saerehkane samo toto neneryme,Apalaí
20311,niytahi sesus sinamynikitsa bo nipamykysokozo sininiwy soho nitsasoko — o ahawahi sinini tsimynakaranaha aba ahanamyretsa tapara tu ahayzikretsa tsimykaranaha ahanamy mopykze sinini tsimykaranaha,Rikbaktsa
22214,hanekoxono payasoyea oukeke uha koeti koati payasoti pahukoti vanukeke yoko po'inuhiko tutiye akoti inixakana koekuti pahukoku vanukeke ako'o hiyeu vanuke koanemaka oukeke uha koeti xane apeti xunako pahukea koekuti ko'iyeovoku yoko oukekemaka uha koeti natihiko koane oukeke uha koeti po'i ihae iha xane koati hana'iti teyoneti yara koeku ko'oyene koeku apeyeako ra kuveu meum koanemakamo ikenepoke,Terena
14501,o'jojojo'ibiyu jesus e'eap o'guwenuwen warara'acayu be- -jerusalem ka beayu be,Mundurukú
1862,na pa hte me pahto mepanhipeexa maati tirtum wyr o ixpa ne kam: —pa tirtum ot pa me amnhi to awy akra jejus kris me me amnhi to war awy ker ka wa me ixkama axukapri ne me ixkuta war anojaret raha ho ri apa ne tanhma me ixkra hto pa me ixamnhix ijamaketkati ne ixkinh ne me inhma axpen kinh ne axpen to mex o ri axpen kot ixpa ne tam ri amnhi nhipex ane,Apinayé
9481,upe ramo ijary ogwahe jevy vaꞌera ou-vy hese naimanduꞌavei jave oikwaa eꞌy ete jave ogwahe jevy-ma vaꞌera ou-vy,Kaiwá
16302,nxe³­hi¹­na¹­ wa²­la²­ au³­khaixka³­lo³­a²­ txa²­wa¹­su³­na²­ a²­sxi²­ha²­ nxu²­kwai³­ye³­la³­nau³­a²­ au³­txi³­yxau³­thi³­na¹­ yxo²­ti¹­ka³­lo³­a²­ an³­ten³­ti³­ta¹­hxai²­he¹­la²­ oh³­nau³­a¹­ a³­ten³­txi²­ wxa²­kan³­ka³­tu³­ yu³­hxai²­na²­ sa²­kxai³­lu²­ a³­ten³­txi³­sxa³­ a³­yxo²­hai²­ta³­lxi³­ta¹­hxai²­he¹­la²­ nxe³­ju³­tan¹­te²­kxa³­ya³­lhu²­ su³­na²­ yxau³­je³­na²­ e³­lxah²­lxi³­ i²­ye²­ta¹­hxai²­he¹­la²­ ja¹­nxe³­te³­na¹­ kxih³­nxa²­ kain²­ sa²­wi¹­wi¹­ni²­ txah³­lxa³­kxa²­ kain²­ka³­txa²­ kwa²­ a²­yxo²­hai²­ta³­lxi²­ nxe³­ta¹­hxai²­he¹­la²­,Nambikuára
26736,kenkam 'y rorokja ne me kute amim metindjwynh kaben mar 'iry ket ne kangaja'a amijakre nam me myt tamkam metindjwynh kaben man bit kum kinhkumrexo tem kajgo kute tu amim markumrex kete ajkwaobit ne kute mar kute 'y nhingrot ne are ketkam tembe tykja pyrak kute amim mar 'iry ket nhym ate apynh me kapri djari me'yr box nhym me arym kanga,kayapó
3790,aunlola xina tyiguely amaym kamaynoem awyly awara modo asebywadoem ola azemakeoze amaemo aunloenla ise deus aga mawylymo wara,Bakairi
13065,ha ta' nun 'uhun hapxexka xamanit yog nuy konag tat xut ha yeyox te: —‍'a konag 'um tat 'u xo'op kaxiy ya yeyox yog tik xop 'ap xip'ah 'umog komen tu' nuy yay xit'ax pop,Maxakalí
22196,yoko koeku vitukeovo xe'exaxapa ituko'oviti apetimo eno unatinoe koekuti ikuinovike ituko'oviti seapane uti xokoyoke xane kixopatimo uti ne kristu vitukeovo unae uha koeti itukevo ituko'oviti enepo veka uti ne tiu'iti koekuti yaye kuteatimaka vekea kristu kaha'ine kixopatimakamo uti ne kristu ya itukeovo hana'iti ihayu'iuti,Terena
21989,iꞌewyte wemo­wato haria etipuruk kahato iꞌatu­we­mo­wato hap kaipyi maꞌato miꞌi pytkai miit emiit koꞌi paaꞌe haria ewywuaria etiꞌa­tu­mo­wato kahato morekuat no mesuwe e mana maria tupana pe,Sateré-Mawé
19502,a voces graca e paz da parte de deus nosso pai e do senhor jesus cristo,Portuguese
24942,ashwanpa ya'a rasun nunap chulinca cutimupti inti yalamunanpi ashta inti ji'alpunancama suma wacli uyaypa camalamushancanuma can'a,Urubu-Kaapor
16532,kris²­tu³­jah¹­la²­ so¹­lxi³­ yxo²­i²­ki³­ta³­la²­ ja¹­nxe³­jutsu²­ nxe³­nxta¹­wa²­ txa²­wa³­ta³­nau³­xai³­ a³­lxi¹­nxta¹­nha²­wa²­ txa²­wa¹­hxi²­kan¹­jah¹­la²­ a²­la²­ kai²­non³­sxa³­ i³­ka³­lih³­kxi¹­nxti³­ju³­ta²­ ten³­nxa²­lxa¹­nha²­wa²­ a²­la²­ u³­wha²­li¹­lye¹­nxta¹­la²­ nxe²­ i³­yau¹­u³­xi¹­nxta¹­kxai²­nan²­tu³­ au²­li²­sa²­nxa³­nha²­wa²­ wi¹­lhin¹­sxa³­ yxau³­si¹­nxta¹­jau³­su²­ u³­wha²­li¹­lye¹­nxta¹­wa²­,Nambikuára
26509,'e 'y'a ujarenh ne kam jeju ajte kaben kukradja'a pur 'odjwy jakren mema 'a ajaren mema kum —‍kajkwakam benjadjwyr djwynh dja pykakam amim me kwy pytan ar meo ba kam dja meo ajkij 'a ne pur amijakre purkam ne me'o 'y mex renho te ne o te:n arym kre pa,kayapó
24490,• salomonpa chulinnatacmi roboam roboampa chulinnatacmi abias • abiaspa chulinnatacmi asa,Urubu-Kaapor
4315,omono her zezuz pe wa kwehe mehe tupan umuapyk kar uzeꞌeg moizez pe aꞌe nezewe iꞌi aꞌe zeꞌeg kuza imemyr romo maꞌe kwer wanupe aꞌe — nememyr izexak kar ire ezekwaku nehe herapuzuhu huwake neho ꞌym pa nehe  ꞌar pawire ezexak kar eho herapuzuhu rehe uzekaiw maꞌe pe nehe eraha mokoz pykahu izupe nehe no wazuka kar pa izupe nehe no — ikatu maꞌe iapo har ai ereiko tupan huwa rupi kury iꞌi putar newe nehe aꞌe mehe erepuner neixe haw rehe herapuz me nehe iꞌi zeꞌeg kwehe arer kuza wanupe aꞌe rupi mari aꞌe zuze aꞌe no  ꞌar pawire oho zeruzarez tawhu pe wa tapuzuhu pe wa aꞌe zeꞌeg kwehe arer heruzar pa wa weraha kwareraꞌi uzeupi wa no tupan zanezar pe imono pa wa no zeꞌeg kwehe arer heruzar pa wa no taꞌe nezewe iꞌi tupan zanezar zeꞌeg pape rehe imuapyk pyrer aꞌe xe — pemonokatu penaꞌyr ipy tupan zanezar pe wa nehe iꞌi aꞌe,Guajajara
18295,hari deu-ra vanofiriki haria vakava'ibodivaranivini hiki ida ava'ihariki fori arihina cristo-ra avakaijokavinia a'onivani avaabononi avakava'ibodivaranivini hiki ida avarigahani cristo kania avarajahamisini hari deu-ra vanofiriki haria vakava'ibodivaranivini hiki nahina arihirina a'onivani avaabononi avakava'ibodivaranivini hiki ida ka'da'di avihini hari deu-ra vanofiriki haria vakaihiponiriki hari a'onivani a'onira vavava'ihaki adani nikia avaabononi avavaboraborahahi; jahaki avavanihamania koda ida,Paumarí
5685,profeta kuery voi mokoi eꞌy vy mboapy taꞌijayvu haꞌe ra amboae kuery ma toikuaa pota ijayvua re,Guarani
12627,tiise yuukuiya pra jesus waniꞌpi moo awaniꞌpi iniꞌri teepiremasanon esanon yepotori eseurimaꞌpi: —cristo amiri paapa munmu paapa nimenkaꞌpi —taꞌpiiya,Macushi
1596,kot pu me tirtum noo ma amnhi to mex a amnhi to jarkrar ne am amnhi to jarkrar kapry nom koja tirtum tam ja ha me pahto jarkrar ne am hamri me pahte amnhi to mex xwynh a pahto jarkrar,Apinayé
25361,tawamha pedruhu ma te zezusi ha asa tinha ane: — to sena wa za aima waihu'u a barana si'a ha tihara na te te sahu o re te za si'ubdato dawi i'uda aima iza'rese o na — ane ma to tama waihu'u siro tawamha mreme tete sina te asa tama tinha pedru ha: — wa ha asire ida'a da nhere te dawi ai'uda o di za — ane te zezusihi ma siwasu'u tawamha ubure isire 're inomro mono nori ha ma to oho na si tama siwasu'u za'ra za te te dawi i'uda za'ra o na ha,Xavánte
24920,paypa shiminta casucucunami paywan cayanchic paypis ya'anchicwantacmi cayan caynu cusca cashanchicta umashanchic chuya ispiritupam yachanchic,Urubu-Kaapor
8376,inh kre ty venh vi ha non mun ky tog inh my ser tavi ti nen u ty inh my ser ni kar kafor ha ky tog inh my ser ti a ty venh vi ha non tig ky,Kaigáng
5367,nhopytyvoara kuery omoia ague haꞌe vaꞌe jave temimboꞌe kuery heta-etave ojeꞌoivy ramo grego kuery regua ijayvu rei okuapy hebreu regua re mbaꞌeta koꞌe nhavo tembiꞌu ombojaꞌoa py grego kuery regua imeveꞌy vaꞌe kuery re hexarai raꞌe,Guarani
25595,ihaiba amo ha ma to izadawa wapto to sena ma to aima sina iwasu'u za'ra wa'wa ane na wa to waihu'u,Xavánte
15978,tii da ne he pꞌop haga do kyy kerih doo go hahyy da ta kyyh: “y ahaj jeng da takꞌep hajaa do rahapah doo hꞌyy ganang do sa hꞌyyb y makyys da” nang kerih do ha,Nadëb
24843,chalapacu-masicuna imanuypi ayasha capacushayquitari licacaycaliy chay yachayniyucunanuy puydicunanuy alli ca ayllucunapi manam achcachu capaculanqui,Urubu-Kaapor
6277,natigide ɡadediiki memiitiwaji enitiogi niɡijo anodiotibece naɡa yewiɡatace codaa jiɡigo dinewadetedicogi digoida nipodigi galileia odaa jiɡidiaaɡi manatitetiwaji odaa jiɡidaaɡee jeɡejitece ijoatawece anetidiiɡe me jeloɡodi”,Kadiwéu
2252,iua atokokana hiatapariko apiananiri kanapiriini hitaparaxinireritika hiatapari kotxi xesosi kaiamapeka ikanapiriini,Apurinã
14972,xipat wuywebe wuyjebit mubacacan am ibodi ma bit xipat wuywebe soat em kuyjobit am deus biogbuk a'o kay ixe a'o dag jekukum pima wuyaguy'isum kuka ajeku ijodi bima wuye'u buje dak soat em deus xe acesop waram wuyetait puje iceman on emutaybitbin iboam wuyetabun cuy ajop iboap ekawen kay wuyetabut cica deus kay- -soat em itaicat kay imenpuye wuyju kapikpig cica warara'acat mutabut am cekay ixe soat taxijo ojuy ixe soat jekay itabucayu daxijojom,Mundurukú
6592,niɡina daaditiɡicoateda ɡodoxiceɡetedi ane jaote lodoe ane diɡica ane yakadi meo liciagi odaa niɡinoa loenataka ane beyagi agotaɡa yeloɡo pida noɡonadi ɡodoxiceɡetedi ane jaote odaa joɡoyelatomi codaa eiodi moyelatema,Kadiwéu
19296,foi dito: ‘aquele que se divorciar de sua mulher devera dar-lhe certidao de divorcio’ mas eu lhes digo que todo aquele que se divorciar de sua mulher exceto por imoralidade sexual faz que ela se torne adultera e quem se casar com a mulher divorciada estara cometendo adulterio,Portuguese
15982,ta ti hedoo do bawad ba ne paawa er ha baad er jꞌaa ketsee hadꞌyyt he pꞌop haga doo er ha kamahan doo anꞌoo ba baad y bahapah hahy hep yy go: dooh hajaa pe er ha pꞌop haga do kamahan do mahanh er tetyn hom ba dooh dajeb haja ba dooh ji awat do haja ba dooh aas rahaja ba dooh nesaa do hejoj enah do rahaja ba dooh da he ji we hawat do haja ba dooh ji pooj je hawat do haja ba dooh hejoj nꞌaa enah do rahaja ba dooh pꞌop habong do hejoj enah do rahaja ba dooh tuu habong do hejoj enah do rahaja ba dooh na-aaj he pꞌop haga do pahuunh do see haja ba tii kristo jesus er wahe nꞌaa ha takameteeh er ha pꞌop haga do kamahan doo dooh hajaa pe er ha takamahan do mahanh er tetyn hom ba,Nadëb
5160,nhanderuete pe merami ikuai vaꞌeri ixupe “ipoꞌaka vaꞌeꞌy” heꞌi rive ꞌra ejepeꞌa ke haꞌe kuery gui voi,Guarani
13029,ta yeyox te mo' yiyhep yon ham tu' tu ham kotinnaha' tu putoy miy tu putoy ha tik pa mo'niy tu tik pu ham'aktux hu: —‍mog nuy yay pa pix puxhep xino'e tu' ya konag kox te puxhep xetnaha' kaxiy ya xino'e te tikmu'un yiy'ax ha: “mokutnaha'” kaxiy ha ta' mog tihik tu yay pa pix tu hampenaha' tu putpu' nun tu nuktu' xupep,Maxakalí
21523,miꞌi hawyi getap kaꞌi­waria yi kaꞌi­waria iweneru raꞌyn taꞌa­tuꞌyat taꞌa­tueꞌyi miꞌi hawyi taꞌa­tueꞌyi saꞌup ti taꞌatuium  ok takaria pe miꞌi hawyi taꞌa­tu­moꞌe mekewat saꞌup ihaky­ꞌeꞌi rakaria pe miꞌi hawyi yt wetup ok i iꞌatu­py­ꞌa­setpe toineꞌen ihaky­ꞌeꞌi rakat,Sateré-Mawé
18902,avakadiania arihojana kari a'onivani jesus ipohina a'oni avanoki'iki ida akadihojai asohiki jahaki deus jabonia binokiki ida ni-nahina asohiriki-ra avanoki'iki akadiania,Paumarí
6483,niɡidiaaɡidi joɡopitacedicogi daato akiidi jordao odaa jiɡidiaaɡite digoida anei  batista me nilegetiniwace oko niɡijo jotigide,Kadiwéu
13956,tu yay yog mutik hapkumep xop pu ham'aktux hu: —‍tikmu'un te 'og ham'aktux 'apak tu' yipkox pip puxik mun pu yipkox pip kamah yay putuk yinmun tikmu'un te 'ap-tup nog puxik mun putup nog kamah tikmu'un tek mun putup nog puxix topap-tup nog kamah nom tek mun nugkutnaha' ta tu' kux kaxiy,Maxakalí
15518,hahy hadoo tii: y karapee noo go karepe raberꞌoot doo da y berꞌoot paah karepe rahyb nꞌaa newee doo da y hyb nꞌaa newee paah y wahꞌee wat ba ka y ered hom ta ti karapee y hꞌyyb hadoo do paah,Nadëb
3919,awara tindatuomo inepa kehoem myani paulo sapaiguewani modo iopayba idylymo paulo romada tazeke awyly tiuntuduo myani komandanty aseanedyly sapioguhoem ekajien-hoimbyryem tawylygue,Bakairi
4304,weityk ita kyhaham apyr har ꞌy pupe wa kury typy haw hagaw pa wa kury typy haw  zywa imuagaw paw typy haw aꞌe nan kwehe tete omomor wi wa naꞌe typy haw  zywa imuagaw paw zo kury,Guajajara
6403,cristo liciagi niɡina nakabakenaɡanaɡadi ane yomoke epoagi igaataɡa jiɡiniaa ikee niɡicoa niliicaɡajetecidi aneotedoɡoji niɡicoa ane diɡicoateda monadi niɡina oko niɡidiwa niliicaɡajetecidi idatawece niɡica lixakedi aneotedoɡoji codaa me lowooɡotakaneɡegi ane yajigote oko,Kadiwéu
21142,uiwywuat wat haria teꞌe­ra­ꞌa­kasa hetyhot hap kape maꞌato yt taꞌa­tukuap i ihay uiwywuat hap miꞌi hawyi apoꞌare,Sateré-Mawé
14017,eymuymuy ojuy jija ip itabut'umayu — itabucayu ikereat mujurugrug — i napa ma e'em ipixeyu etabutpe bit cuy cedag epekuku cedag ma eyekukuap co buje: — eyju cedag ma jekukum — i je'e eymuymuy ojuyayu — soat podi ma en xipat — i dak je'e ip deus pe ixe ajemap kabia be,Mundurukú
10881,tiiboho tahe widee rarybere: —mobo tahe rare mobo jesuisi riwahinykre,Karajá
11750,—je ꞌa penekiꞌyraretea agawewi aꞌetea je ꞌa ojot ꞌawa ywy pe mamaꞌe apou pe nupe natejeupe mamaꞌe apoukaa rui je ruri pe nupe mamaꞌe apoawamu te je ruri temanumu te ꞌa je ruri ꞌau pe nupe pe katuꞌokawamu te je ruri ꞌawa ywy pe aꞌeramu taetu ꞌga taje rerowiat ꞌjau kwy aꞌe te je ꞌa— ꞌjau ꞌga oree,Kayabí
22911,kene koekuti kuri'okovoti vunae jesus koati pohutiponemaka xokoyoke,Terena
17800,— nikare nirai xikakoa hoka maisa xamaikohare ximawaiyehare maheta xini — nexa jesus haxaotyakiraharenai hiye,Parecis
11200,jejui ꞌga y ee ꞌga rewirera ꞌga netee ꞌga porogyta pype jejui ꞌga y ee ꞌua ꞌga rewirera ꞌga netee ukupepewara ꞌga nupe owaema —toroporogyta jejui kia upe ꞌjau— ꞌjau ee ꞌga amu nupe,Kayabí
16439,je³­ru³­sa³­le²­thi³­nan¹­tu³­ka³­txa²­ a³­lxin²­tain¹­jau³­su²­ fa³­ri³­se²­a²­ nu³­ka³­txa²­ a²­hai¹­nxe³­hi¹­na²­ a³­wxa³­sxa³­ i³­ye³­kxain¹­te³­nah¹­lxi¹­: — a³­li³­txu¹­li¹­ e³­ro²­jah³­la²­ su²­lha³­nxa²­te³­lhxa³­ nxe³­ain¹­na³­li¹­ ain¹­ta¹­hxai²­he¹­la²­,Nambikuára
10110,ihare ta haloohuky inyko‑ki ryire timyki kaludu kia‑o iohoreseona tule kia ludu kao iohoreseona,Karajá
18750,hari vaathi 'barakia vaabono vaakaja'oriakhama'aha vigaamanani'aha adani judeus kaija'ari vaka'ojomo'iva abono va'oaniaro farisio vihiki vara vakhanidanoki'aha: —ni-jaharikia kabadaniki hada makhira deus ibavi kaija'arinia vahabini vara bini'a'iki ada paulo ma'onahaia vahabini vara bini'a'iki ada ni-aogaki hari'a deu-ra anajaharihariki fori arihiva,Paumarí
19524,sujeitem-se uns aos outros por temor a cristo,Portuguese
24387,“caycunapi ama licapayllaman camapacuychu: llapa wanushacuna shimita uyalil shalcapamunan muyunca chamun'anam chaychumi allin lulacunaca winay cawsaypa shalcamun'a; mana allincachu cacunanatacmi icha caraycunapa shalcamun'a “cay'a manam quiquillapitachu sinu'a tayta nimashanmannumi licaycu natac munaynita cachaycul taytapa munayllanta lulayta jicutayaptimi caraycuyni'a caninmancamalla,Urubu-Kaapor
26752,ga me kute a pi ngoo anhyrja pumu godja arym pi ngra nhym ma dja me ajte on ba ne ba ajma ikute ketkumrex ne itokry rax ne nhym bep mramri me axweja ma dja metindjwynh me on djeruxarekam me ajaxweja on ane nam a jeju myjja kute meo bikenh dja nho akati djwynhram a mema arenho anen ta amijaxwe ket'a pi ngo jakren me axwe'a pi ngra jakre,kayapó
9945,teko rei rekoha-rami ani peiko tei pee peheja katu nhandejary tapene moatyromba pene aka pora hagwa ogwerova hagwa pende rekoha pende pyꞌa gwive upe-ma ramo nhandejary remimbota peikwaa vaꞌera mbavaꞌe tipo oipota nhandejary oipota ipora vaꞌe ojeupe ombovyꞌahara oipota imara eꞌy vaꞌe ndaipori haꞌeixagwa iporave vaꞌe oipota,Kaiwá
24996,chay fistaman liyta munal'a lipacuy-ari ya'apa manalami ura chamunlachu linapa” nin chayta nilculmi galilea-laduchu capaycula,Urubu-Kaapor
17198,hoka sabado ferakenehena hoka xane xahohisakoatyakalati hanako hoka aotyakihena halitinai semaha jesus niraene hoka hakaharetyoa mokahene hoka axakakoaha: — aliyotala enawaiyore tyoita enomana aliyetala exe haliti waiyore tyoita exakere aliyakere ala tyomita exehare maomakaharenai xoana maisa hoka okahakalati hati hare nomasehare xini xoana maisa hoka maria ityani xini exahe tiago jose judas simao xoaha naxenane xini xoana maisa hoka iximalonenai xini ali tyaonita nexaha maisa awaiyetyareha jesus hoka hoka jesus nexa ihiyeha: — iraiti xakaisasehare atyo kaxaiminisakita hakoakiti xakore atyo hoka kaokehetehena atyo hawaikohera hawenakala hahinaeharenai koni hoka maisa kaxaiminisakere — nexa ihiyeha hatyo hiyeta maisaiya aliyakere xoare hare metaharexe nomakere tyomita nazare nali haiyanai hokakiterenai hiye taita hakahe ekaokakisa hoka aiyatelikihenahititene jesus atyo hakaharetyoa ematyakekoneha hiyeta hatyaoseta jesus xaneta wenakalatinai nihatyaka hoka aotyakisahitene,Parecis
14355,deus xe ikereat pit opop gu ibo ka be- -pug tak ka'uma deus abikbikap jeedop ibo ka be meme buxim oe'uiat abikbikap tak cebeam kapikpik'ukayu soat em je'e cebe: — en soat podi ma xipat — i,Mundurukú
6649,analakitibigetiwaji anodaaɡeni niɡijo jotigide niɡidiaaɡidi aneotedoɡoji naɡa ikeetedaɡawatiwaji nilokokena eliodi mawikodee pida aɡetiɡadakati,Kadiwéu
18637,jesus ipohina hina mani ida avaigamini nihana hija kaikahina vani vagathanijahaki bana khai avani'avini vanakaidiva bana va'ora vanakaidiva jaboni adani avaigamini vahoariha vakadihojai jahaki epafrodito kahojai jahaki fori hiki hora kakodiavini hi'iki ida akiro'ina abinikamari'ina badani cristoa binofikia kabadanina mani ida naabinikamarina hija hora avakakodiavini-ra avakaabokaravini mani ida epafrodito hora kakodiavini hija,Paumarí
7183,emo ganhi'iga vehevi ndojo'javi,Kagwahiva
4469,teko umumeꞌu hemiapo kwer oho xir ywy rehe har nanan aꞌe wa no aꞌe rupi aꞌe ywy rehe har werur imaꞌeahy maꞌe ipyr aꞌe wa no wyzai imaꞌeahy haw hereko har wanerur pa ipyr aꞌe wa no werur tekwe ikatu ꞌym maꞌe hereko har aꞌe wa no werur uryryryryz maꞌe aꞌe wa no werur ipari maꞌe aꞌe wa no paw rupi katete umukatu aꞌe wa,Guajajara
12925,tamiꞌnawironkon pemonkonyamiꞌ yeseru epuꞌti jesusya moro jerusalem po pascoa piꞌ jesus wani tanne arinikonya ikupiꞌpi innape aniꞌya ikupi eserikan pepin kupiiya eraꞌma tiuyaꞌnikon yeꞌnen,Macushi
20231,sesus ispe niy: — deus zipehata aty sa itsekoka my aty soho sa mytsaty tsimaha — niy — o kiristu deus zipehata dawi tsekoka my — niaha,Rikbaktsa
638,typoetory to aropotopopyry jezu a makomo mame typoetory to tykohmase tyya me toto enyohtohme asasakoro roke tonyohse toto eya ynara tykase ynororo eya xine —joroko to itutanohpotatoko ropa ahno ae ritonopo omi poe,Apalaí
4855,aꞌe rupi aze awa umumeꞌu wemiapo ram maꞌeaꞌyr zuka haw huwa rupi nehe umumeꞌu putar aꞌe maꞌe maꞌeaꞌyr zuka haw ꞌaromo har huwa rupi paw rupi katete nehe no,Guajajara
25339,tawamha zezusi te wede ma tinha: — ai'ra ha da te 're huri mono o di za oto ai'ra'o u'asi te za oto 're asa mo tawamha ma to mreme wapari za'ra wede ma te te inharizem na ha isire 're inomro mono nori ha,Xavánte
26494,me ta kute amidjwynhbito kinh bir me ta kute amidjwynhbito kinhja ne me kum axwe mar pram nhym be me kute metindjwynh karo kot amijo baja ne me kum karo mar pram,kayapó
227,yrokokoro xito pona ynanytoase juriu noturuase pauru a —oepe to maro oexiry se awahtao ytoko nase pauru zuno pyra toexiryke,Apalaí
4166,tupan nezewe iꞌi ihewe — emumeꞌu hezeꞌeg purag eho zutew ꞌym wanupe nehe iꞌi ihewe nezewe iꞌi pet pe aꞌe no — emumeꞌu hezeꞌeg purag eho zutew wanupe nehe iꞌi izupe aꞌe uzeruzar maꞌe waneruzeꞌegar ukwaw tupan hemiapo putar haw ihewe imumeꞌu pyrer aꞌe wa ukwaw hemiapo putar haw pet pe imumeꞌu pyrer wa no tupan hemuigo kar uzeꞌeg imumeꞌu har romo aꞌe zutew ꞌym wanupe hemono kar pa aꞌe ukagaw imur pa ihewe aꞌe nezewegatete pet aꞌe no tupan umuigo kar pet uzeꞌeg imumeꞌu har romo aꞌe no zutew wanupe imono kar pa aꞌe no,Guajajara
73,imeipo kuexiryko poko kure taro kuahtao xine etuarimako sytatose yrome imeipo kure kuhse exiko sytatose ritonopo nekarotya kyya xine emero motye kuhse kure mana naeroro toretyke pyra sehtone kuetuarimarykohtao,Apalaí
5237,jesse raꞌy ma huvixave davi haꞌe huvixa davi raꞌy ma salomao urias raꞌyxykue piꞌa vaꞌe,Guarani
23739,masare wame yeegɨ bahua'ke nii' be'ro isabel koo makɨre wɨari muhipu ehakaro niiwɨ tiitare koo makɨ bahuakɨ niiwi,Tukano
26966,kikre'a mema ujarenh metindjwynh tu kum ikaprikam ne ba prine ar ama metindjwynh kukradja jarenh mex kute mramri ne me kute prine kikre nhipex mexja pyrak ne ba ar ama kukradja jarenh mex ba ne ba ikumrex ar ama kukradja jare gar ama kute mramri ne me kute kikrema pyka nhiponho tem kata:t pyka nhiponho tem ne kam kam ken kapin ne kam iby pyka tyx kapinja pyrak ne ba ikumrex ar ama arenh mex me'o ne arym ar awyr box ne ajte ar ama kukradja 'odjwy jare kute mramri ne me'odjwy kute pyka kadjwynhbe ken ja nhiby kikre pyrak ne me'o ar ama kukradja 'odjwy jare ije ar ama kukradja jarenh nhijukri ar ama are gora ge ikot boxja ikudjwa ajte metindjwynh kukradja jarenh 'ano djan prine katat ar ama arenh mex kute mramri ne me kute kikre 'ano am ne prine katat ipex mexja pyrak gora ge me katat ar ama arenh mex djam me kute pyka kadjwynhbe ken ngranh ne kupa'a kute ajte 'odjwy nhipexkam mex got kati kritudjwy djam me'o kute katat mema kritu'a ujarenh nhym ajte me'odjwy box ne kute mema kupa'a 'a ujarenhkam mex got,kayapó
1997,pawre kot memoj ta me e kris kot ixto ne ixtoxjaja inhma me ajapee na pa hte me ato ijamak o ixkri ne me ama ijamaxper ne ixkinh ne ne jar me pahkwyje ma me ajarenh o ri ixkri e kwa ker ka me ari pahihti kaper kot pix ma man amnhi nhipex mex raha ho ri apa,Apinayé
2009,petro auikari xesosi teoso mereekiti ininiaua eereka xesosi imoianariakorikata sari kakiti poiaoka auinimoni sesareia-piripi sitatxiti takote isana ipixiniapo xesosi pimaana imoianariakori: —kiripa kakiti uakatano nota —itxa,Apurinã
21603,katu­pono aika­ꞌiwat iesui tiꞌa­tu­po­wyro kahato tosai­pe­piaria tehay enoi hanuaria hawyi tutum tesaika hap iꞌatuepe topaꞌau tutum tomi­sepap koꞌi ewywuat nug hamuat toipywo kahato tehay iꞌatuwe piat katu­pono taꞌa­tunug imisepap yt miitꞌin misepap ewy hin i ipaꞌau esaika hap wywo miꞌi hawyi iꞌatupiit pyi tuwetem hesaika hap miitꞌin moehaite hamuat iꞌatupo iꞌatupiit pyi taꞌa­tunug kahato miitꞌin yt ewy hin i miitꞌin mowa­netup hamo miitꞌin waꞌa­kasa hamo miꞌi hap kape teꞌe­ra­haꞌat iꞌatue­saika hap kape hawyi pywo iꞌatuꞌe tutum topaꞌau iꞌatuepe topotpap nug waku kahato hamo tomi­ky­ꞌesat ewy toimoꞌe yne tesaika hap iꞌatuepe,Sateré-Mawé
23188,apera jesu cristore eho peora o'akɨhɨ ni'kɨta niisere ayuro masi yɨ'rɨtisama naa too dɨporopɨ masa naa yee'karare eho peo'ke bu'iri toho niisama toho weera ni'karoakare tee di'ire ba'ara a'tiro niisama: “teere ba'ara masa naa yee'karare eho peora wee'” niisama toho weera eho peo tutuatira ba'ara bu'iritira tɨ'o ya'asama toho tɨ'o ya'amira toho ba'aka'sama tee me'ra naa wakusere dohore'sama,Tukano
9626,upea-gwi nhandejary nheꞌe marangatu tee vaꞌe omeꞌe-ma pee-my entero mbaꞌe haꞌe ogwereko omeꞌe hagwa nhande-vy perekopa-ma raꞌe hemimeꞌegwe kwery ha upe jave pehaꞌaro nhandejary hesu cristo ou jevy hagwa ora,Kaiwá
6143,natematigo ane yalaɡatalo cristo noɡoyototedi madataɡa nicenaɡanaɡate inioxoadipi niɡijo mejigo makaamitaɡatiwaji me jatemati aneotedoɡoji aneote niɡijo naɡa niwakatee jesus digoina iiɡo ajatematika daɡa jibake notaɡa libinienaɡa micataɡa notaɡaneɡecajo oteɡexaaɡaɡa jibake emaɡa ixakedi igaataɡa niɡijo me idejo makaamitaɡatiwaji jakadi mele mijoka jatematiteda jesus cristo codaa anodaaɡee me yeleotedoɡodomi madataɡa nicenaɡanaɡate,Kadiwéu
26188,nhym jeju kum —‍be metindjwynh amybym ren kute aja benjadjwyr menh ket ga ren akajgon ren akaben ket mex ne kam me'o kute ama ikanga djwynh axweo ajakrenh mex ne ane,kayapó
15657,ti mꞌ jowaw ky hadoo sa ha: —be wadꞌii mana ta wob —nang mah —dooh ta bahanh be etsꞌee sa ha dajeer jaam he be etsꞌee roma buuj ky kajak doo —nang mah,Nadëb
10345,jesuisi heka pedro‑o retehere tahe jesuisi rybe‑txi pedro tohoti reare iwese jesuisi rarybere: —hanie inataomy robukre myna kai waheludumy bedexitxionykre,Karajá
16670,nxa²­ha¹­te¹­ pi³­la²­jah³­la²­ i³­wa²­lu³­xi²­te³­nah¹­lxi¹­: — ih¹­nxe²­ ko³­nxe³­thin¹­sxa³­ kai³­lhai¹­li¹­ nxe³­jau³­su²­ ha²­kxai³­ a²­la²­ yxo²­xun³­txi³­ i³­kaixtxain¹­te³­nah¹­lxi¹­: — kwa²­nxi¹­lxi¹­ hi³­sa³­ka³­txa²­ u³­hxi²­ki¹­la³­kxi²­txai¹­nhe³­li¹­ nxain¹­ta¹­hxai²­he¹­la²­,Nambikuára
18622,ija'ari kanahinariki-ra ikajoamoravini kamahini ahojaia ino'a bana mahija ija'ari hoariha ino'avini biogaravini ni-kadava'ahi ni-kadaija'ari igorani maakarinia hojakia biogavini jahaki hari'a avaabononi vavaboraboraha hari'a avakadibadani jahakia vahoariha-ra va'ora vananamitha avakadiabi'ia binokiki ida ahojaia kanahinariki-ra ikajoamoravini ovaria binaabosiki bana ida kadabadani jahaki kidinahina jahakia,Paumarí
20172,ustsa kytsa deus harere bo hyy ziknakaranaha ihumo sispirikporetsa iwatsahi kytsa ziknasiapikiknaha nisisapybyikinaha nisikikinaha myraratsa hwyk tsazikihi ty nisikikinaha karikutsitsiwytsa ty nisitsipatsawarakanaha iwaze sakyriukrenikitsa hurukwy bo nisihuruknaha asaktsa deus harere bo hyy ziknakaranaha ihumo sispirikporetsa tu kytsa nisimyijaikiknaha nisisininiwykynaha,Rikbaktsa
15571,gado dag sii he mꞌ nesaa do yb bajee suun ta hꞌyyb tym go ti mꞌ  ha jesus ky hadoo: —nayyw he mamoo wad mamoo wat doo ka —nang ma jesus kyyh ta ha,Nadëb
12440,tiaronkon esenumenka miriri weiyu wani tiaron wei yentai kaiꞌma moropai tiaronkon esenumenka seꞌ kaisari wei wani kaiꞌma miriri yeꞌnen yairi tiwanikon kaiꞌma toꞌ wani teesenumenkakon yawiri,Macushi
10945,sowemy heka iny webinadu didyde: itiere mahadu irueta mahadu irybeo mahadu ao ikoko heka bina bina witxira witxira idi rare jesuisiko‑o heka ritidirenyreki ibutumy riteytenyre,Karajá
11995,aipo ꞌeramu ee raꞌyra ꞌga ꞌjau ee upe: —tene raꞌne nowaemi we futat janeruwarete ꞌga paje resaukaawa upe jee— ꞌjau ꞌga oy ee upe,Kayabí
1749,hamri nhum wa tee ri a kaper anhyrja a omu nhum petre kam:—tk kwa ajamaxperja mex ket xa na htem kaxpore ho tirtum ma amnhirer pe y ha me ho hwyr o pa nhum karo me hwyr agje na na htem kaxpore ho tirtum karo japror ket ne kot kaj wa ixpyra ne a me hipex anhyr ket ne ajamaxperja mexre ha korma ate tirtum kot amnhi xam tyx ket jakama na ka atyx a ri ajamaxper ane—na ka a wa ixte tirtum nhy ha me hipex anhyr a wa ixpumu ne ama wa ixpyra ne a me hipex anhyr o ri apa hpram xaj ajamaxper punuj ne nhum ajamaxper punuj te kot apa ha apyr ka tee ate kep amnhi kjenh pyrak kwa tokyx ajamaxper punuj a amnhi pumu ne akapri ne tokyx hkaga hamri ne amnhi to tirtum wy ke amnhi katut kot ajamaxper punujja me ka axte a ajamaxper anhyr ket ne a me hamaxper punuj anhyr xwynhjaja koja me nhyrma ma kuwy hwyr pa ane,Apinayé
8142,“ty sog epra ke fi kosin ni katig man je sog ke mu kanhka ta isy jegne jafa ag mre inh jog ty isy un mag han ti ky ky sog venh kar my ajag ty nen han ja kaja en ven ke mu,Kaigáng
10253,urile inatxi inataolemy rybe tynydyydumy rarybekre wana ijohonadu mahadu tahe irybe‑di rohotinytyhyke timybo,Karajá
19569,todo sumo sacerdote e escolhido dentre os homens e designado para representa-los em questoes relacionadas com deus e apresentar ofertas e sacrificios pelos pecados ele e capaz de se compadecer dos que nao tem conhecimento e se desviam visto que ele proprio esta sujeito a fraqueza por isso ele precisa oferecer sacrificios por seus proprios pecados bem como pelos pecados do povo,Portuguese
1911,ne me kot ahpynha amnhi kra hkot tanhma ixkre nhipex to jakama kot hipex xwynhta na mex o ixkreja jakrenh ta ja pyra ne tirtum kot memoj piita ho kator jakama kot amnhi to rax o kot memoj piita ho kator xwynh jakrenh par,Apinayé
546,morarame toremiaxipo xine tonuhse ropa toto tosaka xine kapu aka mame ynara tykase kaneru erase tomo tyya xine rokene —ehmaropa ty pere pona poeto senetatose ritonopo nekarohpyry tykase toto morarame toytose toto axiny poeto enurusena enese mame toeporehkase toto tonese eya xine pui to nahpatoh tao moroto roropa jeny tynio maro,Apalaí
7719,a'ea kwahavame ji roryroryvamo jijikoga tuhe pe ndehe pe ndekoro gwaramo tupana'ga nhi'iga rehe,Kagwahiva
4698,zezuz hemimono karer uzemonoꞌog zeruzarez tawhu pe aꞌe wa kury amo awa ur zutez ywy wi aꞌe wa kury axioki taw pe aꞌe wa kury uzypyrog uzeruzar maꞌe aꞌe pe har wamuꞌe pa wa — aze napemonohok kar kwaw pepireraꞌi nehe tupan zeꞌeg kwehe arer moizez pe imur pyrer heruzar pa nehe tupan napepyro kwaw tatahu wi aꞌe nehe iꞌi muaꞌu waiko wanupe wa,Guajajara
21566,miꞌi hawyi iraniaꞌin itotiaria kape iesui henoi — eweiwat teran uhupi uipot­mu­ꞌeria wo pote eweitoiat ro yne eimi­ky­ꞌesat koꞌi yt uimi­ky­ꞌesat i ewywuat koꞌi e miꞌi hawyi haty wo o — atunug neran tupana miky­ꞌesat ewywuat eiꞌe hap wywo eweiwat ro uhupi e taꞌi ehoꞌopot hap eweipueti irane eweiwat uhupi hawyi e yt eimi­ky­ꞌesat ewy i ewetunug maꞌato tupana minug neran hap ewywuat wywo o eweiwat e iꞌewyte iraniaꞌin yt eiky­ꞌesat i haria iꞌatu­py­ꞌahak hamuat ehete e ehatyꞌi hatyꞌi aru uhupiat eweiwat hawyi e uiꞌauka irane ariaꞌyp posak ete e pyno waku eipe uiꞌewy eweikup­teꞌen e — uiꞌauka pote uiꞌauka maꞌato yt atoiat hin i uika­ꞌiwat mohey hap eweiꞌe o eweikup­teꞌen neran uipot­mu­ꞌeria wo pote e waku aheꞌa­riaꞌyp posak etiat ewywuat raꞌyn wywo ahoꞌopot hap upi aiku­ꞌuro hap kape watuwat wetup sok yn aito hawyi e uhemiit sese yt uiꞌatoiat i miitꞌin pupi e iesui uwe uwe ikuꞌuro uipotpap we uhehay wakuat enoi hamo miꞌiria wyti aru taꞌa­tuiei­neꞌen hap sese pueti wuatꞌi eꞌat pe mesuwe iꞌewyte atipy pe e maꞌato iraniaꞌin taꞌa­tuiei­neꞌen hap mesu­wa­rotiat kape yn wanetup haria taꞌa­tuiei­neꞌen hap sese pun haria howasat rakaria teꞌe­ro­py­huꞌat e,Sateré-Mawé
