index,TEXT,LANG
14972,xipat wuywebe wuyjebit mubacacan am ibodi ma bit xipat wuywebe soat em kuyjobit am deus biogbuk a'o kay ixe a'o dag jekukum pima wuyaguy'isum kuka ajeku ijodi bima wuye'u buje dak soat em deus xe acesop waram wuyetait puje iceman on emutaybitbin iboam wuyetabun cuy ajop iboap ekawen kay wuyetabut cica deus kay- -soat em itaicat kay imenpuye wuyju kapikpig cica warara'acat mutabut am cekay ixe soat taxijo ojuy ixe soat jekay itabucayu daxijojom,Mundurukú
10971,jesuisi rirawyonyre: —inatyhytyhymy adee ararybekre kaiboho deuxu riore habutyhyhykyde biroobenykeki umytuedeona bitabenyotyhy ihalubu biobenykeki umytuedeona‑di aoko atxitenyteri inyo waderodu wahalubumy momodu tii umytuedeona‑di ratxireri tii tahe ikonana txuu rubu‑ribi adiixixanykre,Karajá
7507,aere oapygame mesa pyri ga pavei ga ipyhygi pao onhi'iga tupana'ga pe hehe ndepyry hete nde imbuhua ore ve javo kire ga haygwe'rogwe'rogi pao imondomondovo ga pe,Kagwahiva
1664,hamri nhum tirtum kaper o me wryk xwynh pe  kot hitepta o xijere py ne kax ma kama memoj kapir pa jakama nhum tirtum nhorkwy kama me ho amnhiptar a hkri xa rum tirtum kax pe kaper o: —e hamri na pa ra me kot amnhi tomnuj myrape tanhma me ho jatur xam menh kaxyw ane,Apinayé
8791,“ajag ty ag my to ky tag tomni ha me u ty kanhka ta ni en ty ty ajag paꞌi ninh ke ve uri hemni ag my,Kaigáng
12436,miriri yai niri tiaron warayoꞌ waniꞌpi iꞌ ton pin saꞌne tiweꞌtarumaꞌtisen saꞌne moropai paran pokon erekiꞌpan itesaꞌ poro iteseꞌ lazaro miikiri saꞌne yaapiti toꞌya eꞌpitiꞌpi miikiri ipikku pe tiweꞌsen yewiꞌ manaꞌta pia maasa pra aasari eserike pra awani piꞌ miari miikiri ipikku mesari poi itaꞌreꞌ yaꞌpunuꞌpi eꞌsorokasaꞌ anonpapai aweꞌpitiꞌpi miikiri saꞌne erekiꞌ yameꞌkaꞌpi arinmarakayamiꞌya,Macushi
12020,uyonpa apona epiremakoi uuri —inkupi ton pona mori tiiki —tauya paapa piꞌ —mori pe ikoꞌmanniꞌki moropai priꞌya ikoꞌmanniꞌki eeseparanti namai —tauya paapa piꞌ tarakkiri aakoꞌmantoꞌ koꞌmannipi paapaya mori pe epuꞌti piꞌ wai tiaronkon uyonpakon jesus epuꞌnenan erepamiꞌpi aapiapai ri iipiꞌsan —yairon puꞌkuru miikiri gaio yairon maimu yawiri tiikoꞌmansen —taapitiꞌpi toꞌya miriri piꞌ atausinpaꞌpi marari pra,Macushi
26834,djuao kute ngonhma me angjenh djwynh ne me awyr box nam amijajbu:n kute uba kangoo kom ket ne ar ba ga me ama kinh ket ne kam we “nam ajba me karo punun ar o ba nhym ajba” ane be na gam me aje me prire pyrak ne ama ja kinh ket ne ajte ama jadjwy kinh ket ne,kayapó
13087,ha yeyox te: —‍ya tik kuxa mam kutognag 'ugkopah 'amniy xohix texiy hag nox xip'ax 'axop mutik xayiy 'akuxa mam 'amniy xohix texiy ha 'ate 'og hapkummuk ha tot putup 'apu' nunna 'ak-tok kaxiy,Maxakalí
17278,nikarite hoka xala exanityo kaisere ite hatyo ohiro tyaohetehena kamatinai kasehetehenere xowakiya hiyaiya tyotyaha atyo tyaonaha ekakoa nexaha,Parecis
15638,ti mꞌ jesus ky gadoo panyyg see ky nꞌaa me mꞌ: —ta ti y maherꞌoot sahonh he be mahang ta kaser nꞌaa baad hadꞌyyt he ta kariw nꞌaa mejuu do moo wat doo hꞌyy ganang do hadoo rabahadoo doo ta tii ha ta kariw nꞌaa banoo ta karom tabahagꞌaas hyb nꞌaa sa waa tabetseeh hyb nꞌaa sa ha ta sꞌee henh ta kariw nꞌaa awad nuuj je tawꞌaats he ta kaser nꞌaa ha ta kariw nꞌaa awyyd ba ta mejuu do ha moo wat doo ta kariw nꞌaa mateeh ba ta kariw nꞌaa wehꞌeeh da ta ti hadoo doo sahonh he tahaeenh ta ha ta ma ta ma haga nꞌaa tabahado dak hyb nꞌaa ka ne hup y ne he ta ti y herꞌoot doo,Nadëb
20916,asa hi: — o deus harere tisapyrena tisapyrena hy — nikaranaha deus humo sispirikporetsa asahi deus nisiwatawy ituk tahawahi mynapykyryknaha sispirikporetsa niyziknaha nanabyitaba sesus tuktsa deus harere tsimypamykysokonaha sizubaretsa wasania ty sesus soho ziwabykynaha iwatsahi sudeutsa tahakyrikinaha pauro baranabe ahatsa humo tahakyrikinaha iwatsahi wytykyryk tuk nipamykysokonaha wytykyryk myhyrizikwanikiza asizahi deus bo hyy nikaranaha taparaktsa hudikhudikwy sizubaretsa sibo nipamykysokonaha iwaze pauro baranabe ahatsa siharerewabymybaretsa iwatsahi nisisukyrykynaha tahakyrikinaha nisimyijakanaha anahudikhudikwy eze nisihuruknaha iwatsahi pauro itukta baranabe nisisukehiknaha niukurunahaze tahapyrysuktsa ty wytyktazyty dydydy nikaranaha isopykwy humo iwa iwatawyky niaha kytsa deus harere bo batu hy niaha anaty hi ziwatawykynaha niaha niahatsahi pauro itukta baranabe ikonio hudikhudikwy bo niukurunaha sesus tuktsa kino atiokia eze sakuretsa deus hyrikoso situk mynapykyryk hy,Rikbaktsa
6782,nige deɡele modibataɡagitiwaji anigidi niɡeladimigipi codaa nige doɡoyemaa mowajipatalo ɡadatematiko odaaɡopili niganotiticogitiwaji we odaa iticiɡi amoɡo midoa ɡawelatedi me ikeenitiogi mepaa icoɡotiogi ejitaɡawa niɡica noko nigicota nige iloikatidi aneotedoɡoji niɡina oko leeɡodi libeyaceɡeco iloikatidi niɡidi oko caticedi niɡijo niɡeladimigipitigi nigotaɡa sodoma ajaa gomorra leeɡodi niɡijo oko daɡaxa minoa libeyaceɡeco”,Kadiwéu
12504,paulo yapisi toꞌya asakiꞌne miaꞌ pona tiimoꞌtaiꞌno wei ataretiꞌka koꞌmannipi tanne tiaronkon judeuyamiꞌ asia patapoinikonya paulo eraꞌmaꞌpi epiremantoꞌ yewiꞌ ta inkamoroya arinikon judeuyamiꞌ yausinpaꞌpi iniꞌ panpiꞌ paulo winikii toꞌ ekoreꞌmaꞌtoꞌpe kaiꞌma moropai paulo yapisiꞌpi toꞌya moropai inkamoro entaimepiti piaꞌtiꞌpi —judeuyamiꞌ anna piikaꞌtiti miseri warayoꞌ pemonkonyamiꞌ yenupa pinunpanen eerepansaꞌ man tari uuriꞌnikon koreꞌta moises kaaretariya yenupantoꞌ winikii eeseurima iri pe moropai epiremantoꞌ yewiꞌ winikii moropai inkamoro yarakkiri tiweꞌsanon judeuyamiꞌ pepin ewonsaꞌ man uyeserukon yawiri pra,Macushi
26373,ba ije ar abam pyrak dja ba ar akadjy ape:n prine ibe inhi kato ne kam ikapri ket ikinhbit ar ga dja gar te ama ikinh ngrire ba dja ba kajma ima ar akinh kamenho ten ma ar akadjy ape,kayapó
24836,niyculuptinmi: “cay'a tawa chunca sutayu watactalami ishpichisha cala chaychun amlatac quimsa muyunllacta mushupi shalcachinquiman ampa” nicuyalcan natac diospa yachananman tincuchiypa jesus'a quiquinpa aychanpimi limala chaypi jesus wanucushanpita shalcamuptinnam yachapacunincuna yalpalalila caypi limashancata jinalmi isquirbishancunamanpis quiquin jesus limashancamanpis chalapaculcala,Urubu-Kaapor
17438,hatyaoseta aihalahalinikisahene hoka kanakairehenaha kanowa ako wihohisakoane -hare,Parecis
3317,tainka lelaba iwaga auguehoem ugonoma jesus cristo awylygue idanaraam kaengatuly tonomegueim modoram tonomeguenry modoram pape itainly iwenily wara xutuwani modoram xutudanry modoram alela awylygue romaram udadyse wawyly una koendonro jesus waga kaengatuhoem amaemo atonlo modo koenda mauntuhomoem lapyla,Bakairi
7234,po nhande ei: “nhande ndiakote'varuhui” nhande erame a'ea po nhande nhimoandyandyi javo tehe ndiakoi nhande a'itituheva'ea rupi a'ero,Kagwahiva
24322,cuyashacuna caynu diosninchic cuyayamaptinchic'a chaynumi ya'anchicpis cuyanacunanchic,Urubu-Kaapor
21828,miꞌi pote atiky­ꞌesat yt kat i emusin sokpe e atiky­ꞌesat yne esaipe­piaria esaꞌy­ruꞌin emiari­ruꞌin toꞌo­ꞌewy wetup ywania yn e miꞌi pote eremusin sokpe tekꞌe iꞌewyte etitek esaꞌyru isaki emusin sokpe e miꞌi ta eipiit eweimo­herep pote uweꞌin esaipe­piaria hap tuwekuap yt kat i eimusin sokpe hap ete e miꞌi hawyi ti aru uwe eꞌywania sese kuap hap topy­huꞌat e tupana aparau me saꞌa­wyꞌi sese e etewau miꞌi hawyi aparau haꞌyru raꞌyn isaki tuwe­mo­herep e miꞌi hawyi  eꞌat toineꞌen tuwe­mo­herep hawyi aparau tosa­ꞌyru ahit pe toihep kyse hit wo aikota tupana mienoi ewy e miꞌi hawyi isaki saꞌyru raꞌyn iako aiꞌy­wania ywot pot tuwe­mo­herep  ok haꞌyru rakat raꞌyn topy­huꞌat e etewau iako saꞌy­ruꞌin  ok takaria saipe­piaria kaipyi ti mesup watoi­neꞌen  ok ywania aito hap watikuap taꞌyn e miꞌi hawyi wetup iako saꞌyru ti iuse e,Sateré-Mawé
4731,hemireko maꞌe aꞌe imaꞌenukwaw maꞌe ko ywy rehe har rehe aꞌe wemiꞌu ram rehe umaꞌe ram rehe aꞌe taꞌe ipurumurywete kar wer wemireko rehe aꞌe xe aꞌe rupi heko haw zawaiw katu putar izupe nehe aipo tupan hemiapo putar haw uzapo putar nehe aipo wemireko hemiapo putar haw uzapo putar nehe kuza imen ꞌym maꞌe aꞌe kuza imen umano maꞌe kwer aꞌe no uzapo zanezar pe umaꞌereko haw waiko aꞌe wa taꞌe uzemono izupe aꞌe wa xe wetekwer imonokatu pa izupe aꞌe wa xe wekwe imonokatu pa izupe aꞌe wa no xe kuza imen maꞌe aꞌe imaꞌenukwaw maꞌe ko ywy rehe har rehe aꞌe taꞌe ipurumurywete kar wer umen rehe aꞌe xe,Guajajara
26955,gora ar ikam amakbe amija ano tyx ne amijano dja gar mramri akukradja mexbito atem ra'a kwarik wanh gar kadjwati kangokotbit myjja me kute o kom ne kot bibanh kunija kadjwati kangome uba kangome myjja kango kuni ne me kum kadjwati kango jare ar aban o akom nhym kute bom ar ano renh ne prine kute ar ano kamrekwa wam no ne kot arik ar abawa gedja wam no kwarik wanh gar pyka jabebit adjumar punukotbit ajamak ben ne o aba ket dja gar a ar anhyr aba ba kam ar ajaerbe box gar kam ajma ima amijarenh on kute mramri ne me mryma krin kute aerbe parja pyrak be dja ba a anen ar ajaerbe box pyka kunikot dja ba a ar ajaerbe iboxo ane ar akuni jaerbe iboxo ane,kayapó
7893,jesus'ga avame yhara pype kiro anhaga rembipojykaagwera'ga ehetei ga pe: —‍kiro ji hoi nde rupi nde rerekovo,Kagwahiva
8475,ky sog isy jegne jafa ag jegnenh mu ag ty tententen kynkyn je ky ag tog isy un kupreg mu ag je prenprer kan ke mu sir ga kar mi ha kanhka fyr mi ha” he tog jesus ti,Kaigáng
15824,be hyb nꞌaa newe nyy da dooh jesus hꞌyy gajee hom ba takꞌep ajyy nesaa do moo hebꞌooh do ta ha rakamaje ne paawa be hyb nꞌaa newe jesus be hꞌyy geje hom mahanh,Nadëb
22245,yusikoti inixinoe ko'iyeaneye ne ngo'itukeino ituko'oviti ako'o akoyea akoeneye yusikotimaka itukeovo po'inuhiko xane koene'eye isoneunonu ako mbepakexina inzoneu ne'e muhikova inzoneupinovo akomaka nguvapa ne'e kana'uti akoyea apahuina vahere koekuti nje'onone inzoneuke itea koyeane akoyea ongoyuho tokopeovoxo uha koeti induke vo'oku poehane ituko'oviti motova koyuhoyea tokopeovoxo ako'o akoyea,Terena
11596,—pejetywer awi pepoit— ꞌjau pedro ꞌga ꞌga nupe —aꞌeramu ꞌga pejetywer awi pepoiriweramu pe katuꞌoka “jejui ꞌga rerowiaaramu ore rekoi ꞌawamu” peꞌje ꞌga nupe aꞌeramu ꞌga pe pymiau ꞌy pe aꞌeramu pe pymi re janeruwarete ꞌga uꞌagesage mua pe nupe penerekwaramu— ꞌjau ꞌga ꞌga nupe,Kayabí
9317,ha  rehegwa omoi uka vaꞌekwe nhandejary kwatia-rehe upe kwatia nhambohery salmo a-rami hesegwara omotenonde vaꞌekwe: “topyta nandi hekwagwe ani oiko tei avave upe-py hekoviare ae tojapo hembiapokwe”  upeixa voi omoi uka vaꞌekwe kwatia-rehe nhandejary heꞌi pedro imombeꞌu-vy,Kaiwá
15917,sahonh he hapꞌeeh do rameuuj bong mah pꞌop haga do ha rajꞌaa etse ta ti hadoo do hejoj ajyy sa ha tabanoo do hyb nꞌaa,Nadëb
14371,ixe ekawen kay kuyjobicayu bit warara'acat kayap podi ma deus kay ip cekawen kay kuyjobin pima wuyetaybit acesop deus eju mug'i wuyju jekukum iam “deus eju mug'i oceju jekukum” i wuyju e'em pima jesus cristo ekukuap puxim cuy ajeku ixe ekukuap puxim jekukum pima wuyetaybit acesop deus eju mug'i wuyju jekukum iam,Mundurukú
24221,jinaman chay pasinsiayniqui chaycuchun cabalalpunancama mana imallapis pishiycu cabal allinna capacunayquipa,Urubu-Kaapor
21938,pyno ti uito iꞌewyte atikuap yne yne aikota aikota iesui etiat hap saꞌa­wy­ꞌi­wuaria iwywo hewyry rakaria mienoi koꞌi miꞌi hawyi atiwan mesuwat uimiwan iꞌatu­miwan koꞌi ewatꞌymo pyno waku miꞌi uimiwan iesui etiat mesup atipo­ꞌoro raꞌyn ewawi uiwy sese teowiru are pyno saꞌa­wyꞌi ahenoi teran aikota iesui ywaꞌi hap etiat aikota saꞌa­wyꞌi tuwe­mo­herep hap etiat,Sateré-Mawé
6275,nige aneotedoɡoji lionigi ɡadowilecenitetematiwaji ɡabeyaceɡeco me ɡadikanitedice odaa beɡewi madinikaniticoace,Kadiwéu
23582,jesu cristo yee dii me'ra o'akɨhɨ tiro sahaa masi' niise nii' too dɨporo sacerdotea wiogɨ di'akɨ o'akɨhɨ nii butia'ri tukupɨre sahaa masikɨ niiwi ni'karoakare mari ke'ra akoboho no'o'karapɨ niira uiro mariro kɨɨ sahaa'karo noho wee masi' o'akɨhɨpɨre diakɨhɨ uiro mariro seri masi' jesu cristo kɨɨ weri'ke me'ra kɨɨ yee dii a'ma bɨro'ke me'ra toho wee masi' too dɨporopɨ ɨse bɨtiri kaseroho o'akɨhɨ nii butia'ri tukupɨre ka'mu ta'a yosakaro niiwɨ tii kasero ka'mu ta'a'karo weero noho jesu cristo weriatoho dɨporo masa o'akɨhɨ nii butia'ri tukupɨre sahaa masitikara niiwa ni'karoakare kɨɨ werise me'ra mari tii tukupɨre sahaa'kara weero noho kɨɨ me'ra kati nu'ku masi',Tukano
17373,makehena hoka jesus kanakairita haxaotyakiraharenai kakoa exowaka tihanare koxaka haxahekola moka simao ityani  iscariotes mahiyasako matawatya maheta jesus jesus ana atyo waiyekehalakita enexe tyotya xoalini hare xekohasehare mohenerene kakoa exahe waiyoreta tehitiya atyo tyohenere enore nalita kakoa exahe haxaneneheta enore nali xeta kakoa hatyaoseta jesus tityoaheta hanakaira aoseta hoka aitoakisa haima ehaorete hoka iya tirihisoakalati taose hoka olatya hakitako hiye,Parecis
10029,iribi tahe txiau tuu robire idi tahe ierydu mahadu ibutumy tuu robire,Karajá
22997,yoko ape seno kananeya ko'ovokuti yaneko poke'e ovoku xanehiko akoti itukapu judeu enepone seno pihone va'uixea ikeneke jesus hara koe yuho vaukea: —‍unaem iti amoripono ndavi yokoseananu ape inzine yupihovotine akoyea aunati vo'oku ndemoniu urukovati —‍kixoane,Terena
5817,ogueroayvu poraague irmao kuery tove penenheꞌe py tapendu nhande-senhor jesus cristo penemboaxya amem,Guarani
2897,ininia ate misakiretari teoso hite atao hikamini ikiniotika kotxi apiananiri anaakori hitxaua anirekari hikamakiti kamapoxokonitiniri teoso ininia hikamakiti ikiniotika erekarinoka amatiiri erekari atoko ininia ikiniotika himaroapotari apikomoni teoso nireekiti,Apurinã
9914,upe ramo heꞌi jevy ixupe kwery: —tapende pyꞌagwapy katu xe-rehe heꞌi —xe ru nheꞌe-py aju vaꞌekwe-rami ay xe nheꞌe-py apomondo-ta ave pembaꞌapo apo hagwa-rupi heꞌi gwemimboꞌe kwery-pe,Kaiwá
4688,erezeruzar katu tupan zeꞌeg rehe ne kyn tupan heko haw pe har hemimumeꞌu kwer rehe ne kyn aꞌe rupi tupan uzapo putar ikatuahy maꞌe newe aꞌe nehe kyn,Guajajara
4594,taꞌe zaneruwihawete aꞌe ae aꞌe xe umano penekuzaromo aꞌe xe pitai haw umano ikatu ꞌym maꞌe hekuzaromo numano wi pixik kwaw nehe ikatuahy umano teko ikatu ꞌym maꞌe wanekuzaromo taꞌe ipureraha wer wanehe tupan pe xe zauxiapekwer uzuka aꞌe wa imano re hekwe uzewyr wi wetekwer pe aꞌe rupi ukweraw wi umano re,Guajajara
16876,nxa²­ha¹­te¹­ ka³­la³­ka³­la²­a²­ i³­yxai²­lxi²­ti³­xa²­ je³­su²­jah³­lo²­kxai³­lu²­ i³­yau³­xa²­ a²­ne³­ka³­na²­ha²­ ti³­ne³­wxe³­ yxau²­xai³­sxa³­ wxa³­yain¹­ta¹­hxai²­he¹­la²­,Nambikuára
3089,jesus pekodo pypa juiz wara waga una nhegatuhobyry aituo myani jesus una nhegatuly tynynonro modo tienomedadoem deusram tawala ize tato nhekazezedomoem aunlola eyam nhekadomoem wara,Bakairi
18913,jesus ipohina hirikia bihonariaki ida bajadi akara'o'ini hari oniaroa joaoa bini'aha ada jesus: —aajo anoki'iki ada makhira bajadi akara'o'ina-ra honariavini aripohina hiriha ada oniani ida akaabanivini hija: “ni-jesus ira honariaki bajadi akara'oni-ra ihonariavini ikava'ipahini bana ida kadabadani” ani'aha ada makhira,Paumarí
24176,caycunapita sumatam cuydaculcanqui lluy lulayniquicuna yan'alpa mana cananpa ashwanpa tincuninman lluy cabalta chasquiycalinayquipa,Urubu-Kaapor
14070,— “xipat” cekariwa o'e cebe “xipacat en wedinheiro'a muxipan cica en yopit ma o'e en pit wa'o dag imuxipanpan cica owebeam — “imeneju ade obubut muxipan ece owebeam” io'e — io'e jesus — “ga'a peta oguge gasu acekonkon” io'e cekariwa,Mundurukú
19596,jesus respondeu: ninguem que poe a mao no arado e olha para tras e apto para o reino de deus,Portuguese
1811,marir kot jejus kuxwa ta nhum ra pas wyr apkati grere ra hwyr apkati kep  jakama pa me ma akupym kri pe petan wyr jejus kot mo jejus kot akupym rajare ho htir xwynhta me o kri hwyr pa me akupym mo ne rajare nhorkwy hwyr poj ne me hwyr agje,Apinayé
23055,o'akɨhɨ yee kiti ohaka puripɨ oha'karo nohota nii' a'tiro oha no'o': “pehe kɨomi'kɨ kɨo yɨ'rɨosome api pehete kɨogɨ ke'ra ye'e noho dɨ'sa no'osome” nii oha no'okaro niiwɨ,Tukano
10784,inyo rotenawo‑o ridykeki tai tewotoenymahatenyte inyo ahoro‑di rawasinyreu urile teysate ahoro dori iratyre sowemy ryimyhyre biubede‑ki tai aona aona tiu rabinaotyhy kia teerymahatenyte,Karajá
19823,qual era entao o proposito da lei foi acrescentada por causa das transgressoes ate que viesse o descendente a quem se referia a promessa e foi promulgada por meio de anjos pela mao de um mediador contudo o mediador representa mais de um; deus porem e um,Portuguese
25797,taha wa te za 're ihaimana u'asi mono ma 're aimreme zusi aba mo rowa'u'u waha 're sa'wari mono re dure sabadu na romhuri zaharizem na bada ha te te pisutu to da ete 'raiha u asa'rei wa'aba mono zeb da ha rowasete wi aimani za'ra wa'aba zeb da ha,Xavánte
24558,winay simpri cawsa tayta diosta alawapacunanta chincacu nunactanuy lulasha taytachacunacta pishucunacta culucunacta imaymana liccha uywacunactam cuyacalcalin,Urubu-Kaapor
6235,aɡalee odoɡetetalo aneotedoɡoji aneliodi nimaweneɡegi codaa ane daɡa daateda odaa joɡodilatitelogo niwicidi latopiwadi oko anepaɡa icota me ma liwicidi ilaaɡaxodi eijedi codaa me niɡinoa anodigotinigi iiɡo,Kadiwéu
20001,deus hi mybo nitsasoko tahi: — iziuha aha bo ikymyba anaeze tsimypykyryknaha — niy katsaktsa pykyhytu tsimahaktsa imysapybara ty tsimykaranaha zeka tsimyiwykynaha deus harere humo zuba hyy tahaktsa iwaze iziuha bo tsinapupunahaktsa,Rikbaktsa
21399,toiꞌa­tu­maꞌat miitꞌin mesuwat yi tote tomi­mo­herep yt miitꞌin minug kuap i rakat wywo maꞌato tuweran note yt uwe i mekewat awyato tig akag  iꞌakag nakat iwywo pote yt toimo­herep kuap i miitꞌin mowa­netup hamo katu­pono yianmiat hap ahiag kaipyi hesaika hap toineꞌen miꞌi hawyi toiꞌa­tu­mo­wa­netup pywo iꞌatu­ꞌe­hamo miꞌi hawyi — uimohey pote ewetunug no tupana iaꞌakap uheꞌyianmiat ewywuat e mekewat kyseꞌyp misuk maꞌato toineꞌen i raꞌyn guꞌuro pywiat hat e yn miitꞌin me miꞌi hawyi taꞌa­tunug naꞌyn mekewat awyato tig akag  iꞌakag nakat iaꞌakap,Sateré-Mawé
13896,'uxaxok hok: yumug xuxya te pagop-tup hok'ah xa' tu pexkox yog hapxop xex yay yog tikmu'un pu' ya kunnix te 'axop ha 'axat'ax xe'e',Maxakalí
25253,aiba ha ma to da'awapa da'aha na da te iro'rahari za'ra ha taha wa te anha: — e niha ba,Xavánte
5057,quinze maꞌety re ma tiberio cesar huvixave oi jave py haꞌe judeia pygua huvixa poncio pilatos oi jave galileia pygua huvixa herodes haꞌe gui itureia haꞌe traconites pygua huvixa tyvy filipe oi jave abilene pygua huvixa lisanias oi haꞌe gui sacerdote yvateve vaꞌe anas haꞌe caifas ikuai haꞌe vaꞌe jave py ma nhanderuete ombou oayvu  raꞌy  pe tekoa eꞌya rupi oikoa py,Guarani
1204,te me kot kamat ko kama pry juk a hpikunor ne htyx ri pa pyrak o na htem amnhi nhipex ne kam tirtum kaper mar pram ket ne amnhi tomnuj pix o paamnepem peo hkra paraawta kep tirtum nhy ha kaper jarenh o pa xwynh ta axtem ne kaxpore rax pram xaj tanhma amnhi tomnuj to kaxyw nhum tirtum tee ri ja ha omu ne paraaw krit jumenreja tanhma hakwa hto nhum kam kaper jumenre kaper ket ta nhum tirtum tanhma hakwa hto nhum kam kaper ne tanhma kot amnhi tomnuj to kaxywta a kam akir nhum amnhi ta kuma hamri ne a amnhi nhipex anhyr ket ne ta me kot tirtum kaper o me hex ho me pa xwynhjaja na htem paraaw pyra ne kaxpore rax pram xaj tanhma amnhi tomnuj to pix pram,Apinayé
3890,jumentinhu nhadylymo jesusram saintybyem myani tygaparyguela jumentinhu inkawendadylymo aituo jesus jumentinhu onwa akuly,Bakairi
21711,miꞌi hawyi mekewat paini simau timohey ran hawyi tuwe­setꞌok taꞌyn miꞌi yꞌy wo miꞌi hawyi toto raꞌyn wiripi upi katu­pono toiky­ꞌesat wiripi esaika hap ewy — atiky­ꞌesat wiripi esaika hap ewy e wiripi ewywuat areineꞌen hawyi mono paini koro wo areineꞌen aru wiripi ewy e simau tuwepe miꞌi hawyi ipap kahato wiripi upi taꞌa­kasa teran iminug koꞌi yt miitꞌin minug ewywuat i hap koꞌi kape — aikota som tutunug e tuwa­netup hawe paini,Sateré-Mawé
24448,chaypitam janay pachapita cay nimuta uyalilu: “ya'ap nunacuna chay malcapita wayralla yalapamuy paycuna juchaculcashanta mana juchaculcanayquipa plagacuna mana alcansaycapacushunayquipa,Urubu-Kaapor
26750,arkati arym gwaj tu bajaxwe kangakumrex baje mramri ne me tyk kute tu axwe kangakumrex pyrak djam kam gwaj bajaxwe ra'ama arkati,kayapó
10979,jiary paulo heka aomybo adeereny arexitoenykre aoherekibo tamy tarabemahatenyte awanareny watxiwahau urihimyole watyhyna watxirerimy wamy tarybemahatenyte jiary heka awana rybetere‑di rarybeomahare awanareny watxireri wana tiu rareu taheka roritidyyre rybetere‑di wahe rohotinywahare rexitoenyreri awi heka rare ywina‑di iny risynymyhyre inyo wamyreny ibinamy rarybekeki tahe tule ararybeke heka,Karajá
22052,noixone jesus ehakinovane yoko avo malika jesus tokopane hoyeno ipuyuke ko'iyeane nonekuke,Terena
13261,xix 'enoniam pu 'aneo hom kamah ha yoneo yog tik kamah xix naxix pet kopa' pip xape xop pu 'aneo hom kamah,Maxakalí
697,ritonopo omipona exiketo roke ma jomiry enetupuhnoko ma toto ritonopo poe jomiry ehtoh enetupuhnoko roropa ma toto ritonopo omipona se toexirykoke,Apalaí
228,aosekazumatopopyry itamurume oururuko se ase repe yrome ase pape merory se hkopyra okyna pyra jytory se ase myaro oximaro kuahtao xine oturuko sytatose takye kuehtohkome ipunaka apaxiry roropa ritonopo nymenekahpyryme mana “kure pana ma repe” ako nase apaxiry poenomo oya oturupoko toto enara rokene,Apalaí
5231,petei-tei peikuaa pota pee ae pendereko re haꞌe rami vy ꞌrae pejererovyꞌa agua haꞌeve amboae kuery reko re peikuaa pota rei ndaꞌei mbaꞌeta petei-tei ogueraa ꞌra ovoyi ae,Guarani
9765,ha ndaikatuiry avave ombohasa asy ixupe kwery ombohasa asyse ramo jepe haꞌe kwery ojehepy vaꞌera ijuru ryepy-gwi ose ara tata ramigwa omohundi hagwa hese ijaꞌeꞌy vaꞌe kwery-pe upeixa voi omano vaꞌera hese ojapo vaise vaꞌe,Kaiwá
8194,ag javo eg jama vy ty kanhka ti ni kanhka ta tog katig ke mu eg kren han ke mu ti ha vy: eg senhor ty jesus cristo he mu ti ha javanh eg tog nyti,Kaigáng
4021,aze amo pepyr har nukwaw katu kwaw tupan hemiapo putar haw nehe tuwe uzeꞌeg tupan pe nehe maꞌe henoz pa izupe nehe tupan ukwaw kar putar izupe nehe taꞌe nahekytyꞌym kwaw aꞌe xe umur tuwe maꞌe teteaꞌu teko wanupe aꞌe taꞌe upuhareko katu aꞌe wa xe aꞌe rupi ukwaw kar putar wemiapo putar haw wyzai teko wanupe aꞌe nehe,Guajajara
12694,moropai aataponkaꞌpi miaripai moropai awennaꞌpoꞌpi tiyun yewiꞌ ta miikiri iipi koꞌmanni pe eꞌma taawiri aminke eraꞌmasaꞌ itunya waniꞌpi moropai tiꞌnokoꞌpi pe eraꞌmaꞌpiiya marari pra miikiri tinmu ponaya eekaꞌtumiꞌpi yapiꞌse yapisiꞌpiiya tiwakiri pe moropai yuꞌnaꞌpiiya,Macushi
1362,jakama nhum tee ri a me kot amnhi nhipex anhyr a me omu ne amnhi pyra ne me hkaga ne am me omu jakama nhum me am amnhi kra hkot tanhma ri amnhi tomnuj to ho pa ne axpen kam ri tanhma hpijaam ket to a na htem htyx ri amnhi tomnuj anhyr o pa,Apinayé
2345,erekari hite sini kiinirimoni kona nota sapani uatxa nisini manapi apokasaaki nisa —itxa xesosi itariakorimoni ikara inaka atoko ikaikotapanika karireia topa,Apurinã
18231,hari makhira jo'o aba'oronisiagaki-ra ni'aha: —gaa'a ijorani-ra nabiini'a igorania okha'a bana,Paumarí
20685,ustsa kytsa humo tsimysipokzitsikiknaha zeka sisoho mymyharereziuwyky katsa tihi: — deus abazubata ba hawa tohi zikzukninaha — tsimaha ustsa humo makubyrisorokretsa tsimoziknaha taperykynaha ustsa sihyrizikporetsa moziknaha ana hi taperyky batu myhyrizikbara,Rikbaktsa
10121,rumy txu‑wana adeereny arexitoenykre arora‑o arake aityhydyyna wiohedyymy wahe deuxu inytyby jesuisi kristu inynyry‑wana riwawiohenanykemy idi watxireri arora‑o arake,Karajá
7203,ymya pe jikohetei jesus cristo'ga rehe pyryva'ea rerovia ikwehe emo kiro pe napehendukatua'javi pyryva'ea mombe'ua maranuhurame ojipe'ga pe ndovahoguhui pendeaporogita rerojijyjijyita tupana'ga rui gwerojijyi pendeaporogita gaha e'i pe me peko ti jireheva'ea javo,Kagwahiva
9801,eremendase eterei ramo emenda katu iporave eremenda naiporai voi nde reko vai-rupi rei ereiko,Kaiwá
19830,seus pes sao ageis para derramar sangue;,Portuguese
10113,ihetxiu rybe waha aoma deuxu deodyyna rurukre heka aohokymy rotyynykremy ruru‑ribi inatao txu‑di rexixakremy bede roire kaa rybe wihiky ritidyyna heka kaa jerusale bede‑ki robytykre ihareta ibutumy iny iny kokomy bede bedemy robytykre kiamy heka ibutumy inydee marybebenykre iny riwatyhynymy ryirakre heka ibutumy ioraru‑ribi ariixawididyynyke tule terytenyteri ibutumy aohebo rotyynykremy,Karajá
899,ynara kary etary se roropa ma toto “moehno tuisa amorepato mase imehxo exikety mase imehno motye” kary etary se ma toto osepekahtoh tao ahno imoity htao enara,Apalaí
11502,“koromu je upe oporowyky maꞌe ꞌga jeremipyyrumera ꞌga jeremifutararete ꞌga aꞌeramu je tekuꞌiramu tekou ꞌga ree teꞌagesagea je amono ꞌga upe ꞌga rerekwaramu aꞌeramu nipo ꞌga jepaje mu etee futat mamaꞌe apou akou ywy pewara ꞌga nupe nipo ꞌga jeremiaporama momeꞌwau akou ‘otywer awi opoit maꞌe ꞌga nipo ꞌga imogyau wemiayuwamu’ ꞌjau ꞌga ꞌga nupe najuejue etee,Kayabí
18449,onava'isohiki bana ida ija'ari kabo'dinofiki kidihojai-ra kava'ipahinika'oaja kaimoni hari'a bo'diajana jahaki ida kabo'dinofiki kidibadani ka'oa abosinia abononi kaijahitavini binakarahohi jaboni ida kidibadani va'ora kajoamorara kaimoni adani vakanahinariki kidibadani abosini ahabarinia,Paumarí
25749,wa to isima we iwasede ha da te ama isa'raze ha te waihu'u da taha wa wa to sapro zudezu nori ma roti'wa nori teme,Xavánte
25479,tawamha pesitu ha tame si'apito wamha bada si'ubdato ama ne pari te oto mo zeruzare u sezareza hawi,Xavánte
17908,hokakitinae hare haiyatelekihetehena exahe xoalini harenae maomakahare hoka hisomehena hiwakanehare waiyexe jesus nexare hiyeta hoka waiyaha maheta,Parecis
9593,upe-ma ramo heꞌi ixupe mburuvixa: —eju mani poromboꞌehary ani ne ateꞌy tei ereju hagwa pono omano xe raꞌy heꞌi ixupe,Kaiwá
14917,gebuje kobexixi be kapikpik'ukayu kobexixi bewi jenapon ojuy kobe'it'it o'gukop ip tibog cicaati be jewexe kobexixi muycucuap muakomkom pima — kobexixi muycucuap muakomkom oceju — io'e ip napa ma ocewebe,Mundurukú
2890,ininia xesosi: —kiripa patatsopata teoso aatsopatee pisapiretano teoso paniatakiti —itxari,Apurinã
279,imehno akorehmary poko kyya xine —ritonopo eahmaryhtao oya xine imehno ranao roke pyra eahmatoko imehno neneryme roke ritonopo eahmaryhtao oya xine otarame “kure mase” ako oenenanoko ma repe yrome tynekarory kura onekaropyra ritonopo oya xine mana “pake topehmase sa matose ahno tomo a” ako ritonopo oya xine mana —morara exiryke tymokomokakara akorehmaryhtao oya xine tokare pyra sa roke akorehmatoko toto ajohpako sa pyra ehtoko ajohpako tymokomokakara akorehmako toneseme roke ma toto oximotoh tao roropa imehno zuromatohme tyya xine repe “to kure mase” kary etary se toexirykoke imehnomo a morara ako ma toto etatoko pahne mokaro kure exiry topehmase pake onepehmazomopyra kura ke ritonopo ekurehnoko mana,Apalaí
23161,nii pe'tise mɨsa weesetisere jesu cristo yee kiti niiro nohota weeya mɨsa toho weeka mɨsa tiro niigɨ ou yoaropɨ niigɨ mɨsa ayuro weesere tɨ'ogɨti mɨsare ni'karo noho ayuro eho peo nu'kuka ɨasa' toho niika waku tutuase me'ra ni'karo noho jesu cristo yee kitire were turiaka ɨasa',Tukano
1504,ne kam ijape xaj memoj to ixkuta nojaret raha ho pa ne tanhma ixkra hto pa ra amnhi kaxyw hkot ijamaxper ne hkot amnhi xam hamri ne kukwak ri ra inhma hkwyje hkinh ne hpanha me ho mex o ri me hkot ixpa,Apinayé
2579,ikinimane kakiti itakanapaka atoko aapokotxi aki iroa iuasaaki imoianariakori pimaari: —pisapiretaua mixikanani pisapiretakiti —itxana,Apurinã
8005,“ha ky davi tog cristo to: inh senhor ve he ti ti ty ty ti kosin ni ra ti kosin my ty ti kri ke ninh mu ve” he tog jesus ti ha ra ag tog ti my to tug ag ty ne tonh ke tog tu ti ti kato vasansan mu ag my ha ra venh kar my ti vi tag tog ha ny,Kaigáng
13556,homa topa te 'amanam pu ham'aktux xex xix 'amanam yay mokputox pu ham'aktux xex ya mokputox puxehnag 'aktux 'ap xohix'ah ya kunnix te 'amanam ha' mokputox xe'e' ya topa te yay nom kutnaha',Maxakalí
26879,kwarik wanh akamykam amikra ar o aba ket ne kube proo adjakinh ket mykam bir benjadjwyr jeju godja myjja ja kunio panh ne e kute o panh ketri ne bar anhyr djwynhram arym prine ar ama are gar ama be djam gwaj arik ar baba kadjy ne metindjwynh amiwyr gwaj bajuw kati arkati gwaj bamextire ne katat bamranh kadjy katat me bamranh ne baje abenbe proo badjakinh ket kadjy ne metindjwynh amiwyr gwaj bajuw,kayapó
22889,—‍itea enepohikoneko xane xoko ukeaku neko hoyeno yupihova puvea pihone'e yatikeneye neko hoyeno ape pahoe neko xanehiko xoko yonoku ne hoyeno koyuhoponea akoyea akaha'ainoahiko itukeovo natina,Terena
24479,maynumi jesusninchicpa nacaynincunachu nacawshiycunchic; chaynutacmi paypatac cunsuylaycushapis suma caycunchic,Urubu-Kaapor
5701,mbaꞌeta sacerdote yvateve vaꞌe kuery ma mbaꞌemo omeꞌe agua omoia mymba ojuka agua guive haꞌe nunga rupi nhandevygua sacerdote yvateve vaꞌe voi oguereko avi omeꞌe vaꞌera jesus omeꞌe vaꞌekue ma nguguy ae ,Guarani
18249,hari deus jesus cristo deus ibavi kaija'arini vihiki vaviaha vara ira oni'aki bana i timoteo inaabahahavi bana hida kodiva'isohihi athini vakadi'aathidanoarari ikamithajahakivini viahania hari'a bana ikava'ibodivarani ida ija'ari hana hini asohiki asohiriki ija'ari inakaidivakia bada bini'ahi ida nahina asohiriki hari'a bana ivajari'davinihi ida kidihojai asohiriki,Paumarí
13404,ha ta' mog tu moktu xupep 'atikit tu' tu topa te nom xop ha hammaxna penaha' ha' kuxa hittup xexka' tu hamyummugaha' nuy ka'oga' puyi' kuxa mam xe'e yumug xuxya kopah mo kuma' mog 'umax maname' ya topa koxuk te' ka'ogaha' ha' kuxa yum ka'ok xe'e' ha' puknog xop xohix nuktu yeyox tu yay kotinnaha',Maxakalí
9641,hesu remimondo ambue kwery opoi-ma gwembiapokwe-gwi omboꞌe mboꞌe hagwa hesu rehegwa nheꞌe aipo ramo maꞌera-gwi peje ore-rehe “iporave ombaꞌapo barnabe paulo ave opo-rupi” naiporai voi upea pene nheꞌe ore ave hesu remimondo vaꞌe,Kaiwá
8957,“inh pi je ajag my: inh my jankamy nim inh my kur nim he muꞌ” he tog,Kaigáng
20447,iwaze sesus myzubaha pe niy: — panytaha kabo tyzumunahaktsa ikiahatsa batu ahaku ikiahatsa ahakubyrisorokbyitsa ikiahatsa kino kabo panytaha iwaze kahumo ahakuretsa tsimoziknaha kaharere bo hyy tsimaha utakta zinymyrykynahatsa tuk kakubyrisorokreta uta kamysapyreta bazimyi iwatsahi katuk tsinymyrykynahaktsa ahakuretsa tsimoziknaha katuk tsimynapykyknaha kaharere humo batu ihokdaha kamyspirikpowy ahape tisapyrena sihumo ahapyby byihu ja iwatsahi kamysopykwy tsimahaktsa — sesus niy,Rikbaktsa
23694,o'oo'kara wa'aka be'ro jesu  yeekahasere masare werekɨ niiwi a'tiro niikɨ niiwi: —mɨsa masa mariropɨ joaore i'yara wa'apa toopɨ wa'ara uigɨ noho waku tutuatigɨ nohore i'yara wa'atipa kɨɨ tutuatigɨ taa buti wi'ro wee kɨaro weero noho niitimi toho niika ayuse su'ti sayagɨre i'yara wa'atipa su'ti ayuse sayara noho ma'ma su'a niisetira noho wiora yee wi'seripɨ niisama,Tukano
15271,ti mꞌ jesus dijab masak waee pꞌop nu dak do jo tii bꞌ naa mꞌ tameteeh ta ha sahonh he badak hahyy ha hanang do haj nꞌaa rabagꞌaas doo sahonh he hanam doo hetsooh do badak hahyy ha hanang do na-aaj he ti mꞌ taky hadoo ta ha: —sahonh he ta ti y anoo da a ha we yy tuu a taron nuu me y mawehee ba —nang ma dijab kyyh,Nadëb
17458,enexe iyateliti isa haisani ana axalisa maheta halitinai hoka tyomahitere tahi sema hoka nikareta mokahene maheta hiyaiya haliti ityani tehitiya atyo hoka,Parecis
20523,hawa ha ty ahape mykara atsatu sizubaretsa pe mykara ahazikara byihuja tsiperykynahaktsa kytsa — niy,Rikbaktsa
5065,haꞌe rami jesus ijayvu cafarnaum teta py judeu kuery onhemboꞌeaty py nhomboꞌea py,Guarani
10944,tai habu‑o rarybere jesuisi: —ebo biditytyke debo ritytyra ta wiwesele debo relere awimy,Karajá
19537,por isso temos o proposito de lhe agradar quer estejamos no corpo quer o deixemos,Portuguese
3159,tamaryem akawam deus xira anaxi ugonodyly peto oday lela kydasewanily ara lapyla deus aguiendyse ato aguyjiene kydasewaniho nhuduly umela inepa mawanra ise xuraem aguipyra kito saindyly xira anaym wawyly ara adara deusram tadataly awyly waga konomedada ura; adyam kytaly awyly kientoem iajimanani emyenro ura — kely,Bakairi
131,“jepe to matose” tykase ritonopo kyya xine kueseko jezu kyrixtu ritonopo epeme kyriatose kypyno xine toexiryke toorihse toexiryke roropa kymyakakome naeroro atakyemako sytatose ritonopo epeme toehse kuexirykoke,Apalaí
15894,er wakaan jesus ha hꞌyy kaꞌeeh do aporos had nang do ha ka takꞌep y betsee ta ha tabahom hyb nꞌaa er wakaan sa sii be rabaheheen ba dooh mꞌ takaren na ba tahom ba baad tahaja ba mꞌ tabahom,Nadëb
6796,waxacoco ane niwakatee aneotedoɡoji neɡeledi noko  ja naditege jesus migo midataɡa odaa  jeɡee “digawinitege niɡinoa joaniɡinaaɡinoa waxacoco ane niwakateetedigi aneotedoɡoji ane noɡa libeyaceɡeco inatawece oko digoina iiɡo,Kadiwéu
1264,pa pre tee ri kri kama tirtum ma amnhi jarenh xa ha ixkre japer nhum amrakati mo kaxyw koja me axte ixkreja hwyr mra ra pahi maati tirtum xihtyx xwynh me me pahte amnhi tomnuj panha amnhirer xwynhta ra hkraje kama pa ho pa kena kot ket me axte ri ixkreta o presija koja me kam wa mex a wa kam harenh pram ne nhyri tam wa hwyr mra ne a wa kam kaper ane te me pahte pahi hwyr pamrar ne kam pakaperta pyra ne wa hwyr mra ne wa kam kaper,Apinayé
8248,jesus ty un vi vanh vin ky ag mu ky u tog ti ta jun mu ge un jagre koreg ti jagre tog ti vi vanh han,Kaigáng
16556,ti¹­ai²­li²­ e²­fe³­so³­thi³­na²­ ah¹­yxau³­na¹­tu¹­wa²­ pen³­ta³­kos²­ta²­ ti³­wa³­ka²­ ti¹­a¹­ ah¹­yxau³­na¹­tu¹­wa²­ nxe³­sxa³­ txa²­wa³­ka³­la²­ kai²­non³­na³­la²­ txa²­wan³­txa²­ wi¹­lain³­kxi²­sain¹­te²­a²­ yu³­khai¹­nxna³­la²­ yxan¹­ta¹­ ten³­sai¹­nxa³­te²­a²­ kain²­yu³­nun³­na³­la²­,Nambikuára
4992,taꞌe xinu zeꞌeg purag kwez zane xe teko kwehe arer wenu aꞌe zeꞌeg aꞌe wa no noho kwaw aꞌe ywy rehe wa tupan hemiapo katu kwer rehe wa taꞌe nuzeruzar kwaw aꞌe zeꞌeg rehe henu mehe wa xe,Guajajara
16843,nxe³­yan¹­ta¹­ se²­sa³­jah¹­la²­ so¹­lxi³­ i³­hau³­ko³­tuh¹­si¹­jau³­su²­ te³­nha²­kxai³­ u³­ti¹­kxi²­wxe³­si¹­hai¹­na¹­jau³­su²­ i³­wa³­txi³­sain³­sain¹­na²­he³­li¹­ nxe³­sain³­sain¹­ju³­tan¹­te²­kxa³­ya³­lhu²­ se²­sa³­jah¹­la²­ sxi²­ha²­ sa²­si¹­ha³­si¹­jau³­nu³­su²­ u³­ti¹­kxi²­wxe³­ai¹­na¹­he³­li¹­ nxe³­na¹­jau³­su²­ tai²­li²­ nxe³­ye¹­nxa²­ha¹­wi¹­ fes²­jah³­lo²­nu¹­ta²­kxai³­lu²­ nxe³­ta¹­hxai²­he¹­la²­,Nambikuára
16330,txa²­wa¹­ha³­lo²­ai²­na²­ sa²­kxai³­lu²­ hai³­sxa²­ya¹­nxna³­li¹­ a²­nu²­ai²­na²­ txa²­wan³­txa²­ yxo²­i²­sah¹­lxin¹­te²­ i³­nxai²­na²­ yain³­txa³­ki³­a²­ wi¹­ki³­ai²­ya¹­yxah³­lxi¹­lxi¹­ sa³­ta³­na²­jah¹­la²­ i³­hi²­txain¹­te²­nau³­xa²­ ko³­nxe³­ki³­ai²­ya¹­nxain¹­na³­li¹­ a²­ta³­a²­ a²­hxi²­kan¹­jah¹­lai²­na²­ sa³­ta³­na²­jah¹­lai²­na²­ sa²­kxai³­lu²­ a²­nu²­a²­ a²­ko¹­ko¹­su²­ jah¹­lai²­ya¹­nxna³­li¹­ txa²­wa¹­ha³­lo²­a²­ ne³­ki³­son³­ti³­wa³­kxa²­ nxe³­tau³­su²­ tau³­ai²­na²­ sa²­kxai³­lu²­ hai³­sxa²­ wxa²­ni²­lho¹­kxi²­ti³­xai²­ya¹­nxna³­li¹­ oh³­xan¹­jah¹­lo²­nau³­xai²­na²­ sa²­kxai³­lu²­ yain³­txa²­ wxa²­ni²­lhon¹­tu³­ka³­txai²­ya¹­nxain¹­na³­li¹­ nxe³­sxa³­ txa²­wa¹­ha³­lo²­a²­ ne³­ki³­son³­ti³­wa³­kxa²­ tau³­su²­ tau³­a²­ sa²­kxai³­lu²­ ko³­nxe³­te³­kxa²­ wxa²­nu²­kxi²­so¹­sxa³­ u³­thu²­hxa³­txain¹­kxa²­ ya¹­nxna³­li¹­,Nambikuára
3732,aunlola agonromo aga apynedaunga cristo kywynedo ara toenzepa kywynedylygue myakawam iguely kamakehoem anguydo imeom deus etyda egamehobyry ara anguydo imeom tyam egameyby koenda kehoem nharangu tindatuo toenzepa deus ize awyly ara lapyla cristo adakehobyry anhetuo toenzepa ize awyly,Bakairi
11190,aꞌeramu nipo ꞌga manu re ꞌga rewirerera ꞌga amu ee rerekou ꞌga pyꞌrau nu,Kayabí
18221,vara va'ora vani'avini adani israel kaija'ari deus bini'aha: “mahi oadani ovadi-ra oanavirami'ihi kodiania vajoira kaimoni vamorobohariki fori vihiki adani vakajoni'oamanija hida oathi-ra vanaabavini”,Paumarí
6375,anajoinitiniwace niɡina oko mowote niɡinoa ane jiiɡaxitedaɡadici amanagawini aɡica ane laagetedipi,Kadiwéu
11983,aꞌeramu ki pee jarejuwarete ꞌga rerowiaaramu “ore muꞌe ape ejemifutar are taruenup enejeꞌega ꞌjau” ꞌjau ki pee jarejuwarete ꞌga upe pejejeꞌega mamaꞌeukwaawa ꞌwyriara pejejeupe ijeꞌegamu ki peꞌje jupe “naenejeꞌega rui je aenup aꞌeramu ene ejepeꞌau je wi” ꞌjau ki pee jupe aꞌeramu ojepeꞌau pe nui,Kayabí
23508,mɨ'ɨ pe'e o'akɨhɨ yeere ayuro bu'eya toho niika kɨɨ yeere keoro weeya mɨ'ɨ toho weeka i'yagɨ mɨ'ɨre “ayuro weemi” niigɨsami keoro weegɨ mɨ'ɨ da'rasere bopoyasome diakɨhɨkahasere jesu cristo yee kitire keoro were turiaya,Tukano
15697,dooh baad hadꞌyyt he pꞌop haga doo tii dꞌ tanado ba paawa dooh pꞌop haga do haja ba paawa badak hahyy ha habong do taky nꞌaa ety ba,Nadëb
12979,—aniꞌya tiyun tisan yapuri ya uyapuri tiuya yentai miikiri wani eserike pra awani upemonkono pe moropai aniꞌya tinmukuyamiꞌ yapuri ya uyapuri tiuya yentai miikiri wani eserike pra awani upemonkono pe manniꞌ uyapurinen wani ya miikiriya uwenai tamiꞌnawiri tiweꞌtarumaꞌtitoꞌ yapitanipiiya pra awani ya upemonkono pe eserike pra awani moropai uwenairi aaipi eserike pra awani aniꞌya tiweꞌtarumaꞌtitoꞌ yapitanipi pra awani ya kureꞌne tiikoꞌmantoꞌ pininmaiya yeꞌnen tari non po miikiriya ipatikari tiikoꞌmantoꞌ ton epori pepin tiise aasaꞌmanta pe man tiise aniꞌya tiweꞌtarumaꞌtitoꞌ nama pra awani ya uwenai miikiriya enen tiikoꞌmantoꞌ ton epori ipatikari —taꞌpi jesusya,Macushi
14035,gebuje levi jesus o'takoy jekon am jeweju o'ju oajem jay adeayu awerom osodop levi dukta be- -iecugap peam dinheiro bubu'ukayu warara'acayu dak jesus o'jekon ceweju ip,Mundurukú
21334,miꞌi hawyi iesui tiꞌa­tu­wesat — katu­pono uipot­mu­ꞌeria iꞌatu­wepit kahato aikota ienuk hap eꞌat piat seꞌaito hap eꞌat piat ienuk hap ewy uipot­mu­ꞌeria tukup­teꞌen e ienuk hap eꞌat pe yt uwe i tuwe­mo­syꞌat iꞌatu­wepit hap eꞌat pote e maꞌato karape iraniaꞌin tioto seꞌaito pya toꞌo­ꞌya­ty­pepyi miꞌi hawyi teꞌe­ru­we­mo­syꞌat e iesui wemo­syꞌat haria pe,Sateré-Mawé
16907,nxa²­ha¹­te¹­ oh³­xan¹­jah¹­la²­ a³­jah¹­la²­ txa²­wa¹­su³­na²­ sxi²­ha²­ oh³­nan¹­ko³­xan¹­thi³­na²­ ah¹­a³­li³­to³­nha²­he³­la²­ a²­nxe³­jah¹­lai²­li²­ ya³­la³­na²­ txo¹­ta³­wxi²­a²­ sa²­so²­nun³­na²­he³­la²­,Nambikuára
11426,naꞌga amu nupe oporowyky maꞌea rui je je tee futat aporowyky tejeupe aꞌere je tee futat je jemogoi jejui ꞌga upe oporowyky maꞌeramu ikue jejui kristu ꞌga je imomeꞌwau ꞌga nupe kwaiwete ꞌga nupe ꞌga rerowiar ywyapiukaawamu aꞌeramu je ꞌga nupe oporowyky maꞌe ꞌjawewara,Kayabí
25079,tawamha tinhib'rada ha ma to wahutu zezusi ha te te ama upi da te te upi wamha te tama tinha: — wa to isima aiwe te aipese da taiba za oto aihaze ha — ane te tama tinha tawamha awa'awi ma i'wa're ha tama apa,Xavánte
25705,tane nhere ma to iwi rowapte roma ama apito sezaha u si te satori da dure da'wapei'wa nori nhib'rata samra da a'a tamomo te satori o re taha wa wa to dama ti'ru da te dasiwi ama ropti da ame samra da a'a paru ha apito sezaha u te satori o re — ane apito pesitu ha ma to tama rowasu'u apito adaripaha ma,Xavánte
7853,aheremimbo'eagwera okwahavuka nhanderekote'varuhua mara a'ero pe'ji po pe: “ite'varuhu moisesva'ea remimbo'eagwera naeru” na rui a'e ji pe me aheremimbo'eagwera okwahavuka reki ji ve jirekote'varuhua a'ereki e'i: “tapepotaruhui ti ojipe'ga mbatera” e'i aheremimbo'eagwera nhande ve a'ero ji ei: ako te'varuhu reki ji tupana'ga pe ji ipotaruhurame gambatera aheremimbo'eagwera i'ee'ymame po ji ndakwahavi a'ea hamo,Kagwahiva
22730,yane inamo mbahuhika ovonje enepohikone anju ihae vanuke ho'uxopea ne noivongoe enepohikone koati njanena koekutimo ovohikoku yara uha koeti kuveu meum —‍koene,Terena
6291,nige jowooɡotaɡa me najipatedoɡowa niɡina me jipokaɡatalo okanicodaaɡica odaa jowooɡotaɡa me najigotedoɡowa niɡica ane jipokaɡatalo,Kadiwéu
13188,ha yeyox te: kokexmax hex pet xix putuxnag xohix pet pak mun ya tikmu'un kutok 'ak pet 'um pip'ah 'u kopak pihi' kaxiy,Maxakalí
12025,miriri waranti uuriꞌnikon waniꞌpi paapa nitarumaꞌtikon pe teuren tiise upataꞌseꞌ yaꞌ cristoya imoꞌkaꞌpi tipona uuriꞌnikon piikaꞌtipa kaiꞌma uyeꞌmaꞌpiiyaꞌnikon pakiꞌnan pona tisaꞌmanta yai iꞌ kaiꞌma paapa eꞌmenukasaꞌya taasaꞌ man: —tamiꞌnawironkon manniꞌkan imakuiꞌsan yei piꞌ eꞌweyokkaꞌsan wani paapa nitarumaꞌtikon pe —taasaiꞌya man miriri eꞌkupiꞌpi iꞌ kaiꞌma mori kupi tiuya taꞌpi paapaya abraao piꞌ eꞌkuꞌtoꞌpe miikiri jesus cristo wenai manniꞌkan judeuyamiꞌ pepin ton pe moropai uuriꞌnikon tamiꞌnawironkonya innape ikupi wenai paapaya itiriuya taꞌpi mori yekaton wanni yapiꞌtoꞌpe aweꞌkupiꞌpi,Macushi
17105,xirihare xisaona hoka maisa koxaka hateniti xisomehenere mitita hoka kalore kaxekaka xomana xihatene nahalakoa,Parecis
23386,toho weeka i'yara ni'ka yami kɨɨ saulo bu'esere eho peora kɨɨre wehetika'ato niira pi'i me'ra tii sa'riro yɨ'rɨro o'o dihokara niiwa,Tukano
26636,nam a jeju kum anen kam me kraptijama kum —‍je djam idjakinhi ne ga me aje ijo atym kadjy iwyr anho kome anho kaxdjwa kajgome o mo myt kunikot ne ba metindjwynh nho kikretikam ikri mema idjujarenho ikri ga me kam kam ijo atym ket ne,kayapó
23005,toho wa'ari kurare apera mɨsare nii soorasama: “i'yaya o'akɨhɨ bese'kɨ cristo a'to niimi toopɨ niimi” niirasama naa toho niika eho peotika'ya,Tukano
4336,tuwihaw peri uputar temetarer aꞌe kury maran ꞌar pawire peri ur wi aꞌe pe aꞌe hemireko zuxia herur pa aꞌe umur kar pawru uwa rupi kury — ezeꞌeg neruwihawete zezuz rehe nehe iꞌi izupe naꞌe pawru uzeꞌeg zaneruwihawete zezuz rehe uzeruzar haw rehe izupe aꞌe — nezewe uzapo kar tupan zanewe aꞌe iꞌi izupe — xo ikatuahy maꞌe zo ezapo eho iko purupe nehe iꞌi iko zanewe — ezeruzeꞌegatu nehe iꞌi iko zanewe no — amo ꞌar mehe azepyk putar ikatu ꞌym maꞌe iapo har wanehe ihe nehe uzeruzar ꞌym maꞌe wanehe ihe nehe iꞌi iko zanewe iꞌi pawru izupe tuwihaw peri pe ukyze katu tuwe peri kury izeꞌeg henu re kury — ezewyr eho neker haw pe nehe kury iꞌi pawru pe — amo ꞌar mehe nehe xe hereko wi mehe nehe urumur kar wi putar ihe nehe nemuzeꞌeg kar wi pa ihe nehe iꞌi izupe,Guajajara
7125,“heagwyry po avove'ga” pe'ji tehe pe ga pe ei ga avi ga ndaheagwyryvi reki ypyhajive nove horas rupi ahe ndo'ui jipi ei pedro'ga ga pe,Kagwahiva
22409,yane ina keno'oko po'i anju omoti ihaku xeru ituketi ya oro xe'o koene nonekuke ne ata imokonoku iparaxokonoke ituko'oviti ina porexokono eno xeru neko anju motovati oro'okea nonekuke ituko'oviti ya xoko ata enepone ainovoti oro hane ovo nonekuke ne ivatakoku natixea ituko'oviti xane kixo orasauna uha koeti kasasa'iupo ituko'oviti neko xeru koeku oro'okeovo xoko ihaku xeru pe'ukuke vo'u anju ukea ikurihea ne oro'oeti xeru simoti xoko ituko'oviti xane kixoati ne orasaunahiko kasasa'iupo ituko'oviti,Terena
20807,aba abeu soho bo mytsaty my atakta deus harere bo hyy ziknakara ihumo tispirikporeta hy atahi deus isapyha ty deus bo nyny niy iziky kino niwatihi isapyha ty deus bo nyny niy abeu deus bo nyny niy wasani niy atahi deus humo tispirikporeta hy iwatahi deus ipe niy: — ikia kaokzeka wasani tsimy — niy iziky bo batu tyso atakta deus humo batu ispirikpo iwatahi isapybara ty ty nikara abeu nihyrikosokda tubabatu nihyrikosokda iwatatu iharere humo batu myspiriktsokdahu deus humo ispirikpota babata niy,Rikbaktsa
3966,aituo jesus aguely: — ady einwanni kebala myanze amaemo anguydo kula amaemo agamo lawane ura yeinwampyra ola amaemo ynadaize yeinwampyra lela mawylymogue — kely aituo aguely maka salokuzenomo nhunwynram: — eneka amery xara — kely,Bakairi
26366,marij ixabeu'yr box nhym kam marij no kator mex ne ma ixabeu'yr te kute omunhma 'yr te pykabe djudejakam kri 'o'yr te kam ne kranh kumex nhym ten box ne djakarijme ixabeu ar urkwama wadjan kam ixabeuma kaben,kayapó
18074,hari hiva'oani ija'ari a'onira okaabanivini vihi'iki ni-cristo kabadania vakabadaniki vakava'ibodivaraniki ida nahina vahaki vahariki kaimoni vakadivarani kamithavahani jahaki vanivaha vajahana-ra vakahi'imariniki adani vahoariha vava'i-ra vavajahara kaimoni vakhanina vani vava'i-ra vanakidakidara adani ija'ari avigahariki,Paumarí
16816,fa³­ri³­se²­a²­ nu³­ka³­txi³­su²­ te²­ i³­nxai²­na²­ wxa²­e¹­nau³­ai²­na²­ wain³­txi³­ ain³­nyhah¹­lxa³­nha²­kxai³­ ye³­han³­kxa²­ ya¹­yxah³­lxi¹­lxi¹­ a²­wi¹­lhi¹­na²­ txa²­nu²­ ka³­ne²­ke³­nai²­na²­ pra²­ta²­ka³­lo³­ai²­na²­ a²­e¹­nau³­ai²­na²­ wxa²­hi³­lxi³­sa²­nin¹­ka³­tu³­ a²­txai²­na¹­ a³­nhxan³­ka²­ti³­nu³­nhi³­nxna³­li¹­,Nambikuára
13140,te xiy ha hapxopmaha' 'ate 'un xop xat pu' yipxox pu yipkox pi' ya kunnix te' xat,Maxakalí
19365,retenha com fe e amor em cristo jesus o modelo da sa doutrina que voce ouviu de mim,Portuguese
2171,nasaree auakani kona auakari xesosi sakire ikara sapirenatxi atao inakari oerekiko ixipokapiretaka atoko xesosi sipe ikanapiria nasaree sitatxitimoni ininia oerekarauata aiko xoteoakori apotiitiniataaua ininia kakiti tsorikaata isakire ikenakotakasaakina itxana: —kiripa sikatari iua imarore kiripa sikaposotiiretari iua,Apurinã
4639,upaw eteaꞌi kury epa aꞌe no xe hepyr zemunehew paw pe hekon aꞌe no taꞌe umumeꞌu tupan zeꞌeg aꞌe no xe omono kar uzeꞌeg newe aꞌe no — nekatu ty iꞌi newe amogwer herupi umaꞌereko maꞌe aꞌe wa no mak aritak nem iruk aꞌe paw omono kar uzeꞌeg newe aꞌe wa no,Guajajara
6888,odoeje niwakate timoteo paulo yecoaditibige timoteo ee paulo ee liiɡexegi jesus cristo aneotedoɡoji ane ǥonewikatitoɡodi joaniɡiniaa idiiɡe iniaa ǥoniotagodi jesus cristo ane inibeoonaɡatibigege niɡica noko nige dopitedijo timoteo jidikotibigaɡaji leeɡodi me idejigotaɡawa micataɡa deɡewi makaami ionigi igaataɡa ee jaotibige me iwaɡati ǥoniotagodi jemaa aneotedoɡoji ǥodiodi iniaa ǥoniotagodi jesus cristo midioka limedi meletaɡadomi codaa midioka limedi metiɡadiwikodeni codaa mowo midioka limedi mele ɡadaaleɡena,Kadiwéu
19179,os pais dela ficaram maravilhados mas ele lhes ordenou que nao contassem a ninguem o que tinha acontecido,Portuguese
18149,hidakaba'i vahojaki adani jesu-ra vanofijahakiriki avakadiania va'ora vakorijanahaki bana adani jesus kaija'ari jesu-ra vakava'ipahinira kaimoni jesu-ra vanofijahakiriki va'ora vanofiki adani jesus vaipohihava abono vaipohihana vihira kaimoni va'ora akava'igairi bana adani korijanahi abono hari'a avakava'i'birini ida badara ahoarabakosiki ohoja'ina avakadiania mahi joma hikia a'onira oka'ojomo'ivini afohanana a'onira okaabanivini a'onira okaasaravini jaboni,Paumarí
8331,“tag ti vy vi konan tavi han ti israel kar ag krin konan tog ti ky ag tog ti tugrin venh kapugpov ky nyti ga kar mi tog ke ti ky tog ty nazare ta ke en mre ke ag paꞌi mag ni ge” he tog paulo to tog ke mu,Kaigáng
11806,ꞌga porogytarauwe ywasiga mu ꞌua ojypa ꞌga nee aꞌeramu futat ywasiga ꞌga mima ꞌga nui ywasiga etee ꞌga mopiryyita ojypa ꞌga nee nu,Kayabí
21945,pywo ti rat uwe uwe uhehay upi uhupiat toto haype iꞌatoiat toꞌyat towywytꞌin tokywytꞌin toinytꞌin tosakiꞌytꞌin toꞌywotꞌin totyꞌin tomepytꞌin toko koꞌi tomikoi uimi­kyꞌesat nug hamo miꞌi hat ti aru poꞌog ipueti meimuewat tomiꞌatoiat koꞌi kai saꞌawyꞌiwuat kai poꞌog poꞌog ipueti meimuewat tomiꞌatoiat koꞌi kai tomiꞌatoiat wetup kaipyi toipueti  naꞌyn mesuwe iꞌewyte ti aru toipueti wuatꞌi eꞌat piat toineꞌen hamuat e,Sateré-Mawé
7594,a'ea rupi  batistava'ea rekoi ojipe'ga mobatizavo cidade de enom me – a'ea ojopyri u cidade de salim pavei a'ereki gwereko hete yhya pevo igwete pevove'ga hogahoi ahe pyri a'ero onhimobatizavouka ahe ve a'ereki a'ea rupi soldados'ga nomongiukari ve joaova'ea cadeia pype,Kagwahiva
17465,hatyo xatini paulo kaxawaiyanikisaka waiya hatya haliti macedonia yere tityoita hoka nita: — hisohena macedonia xeta hoka hakahinaetya wiso — nexa,Parecis
1188,nhum parijew nho xwynhjaja kam me hkrahtumje ma jejus o kaper pram jakama htanopxar o kuhe ne axpen ma: —e kwa pu me jar pakuhe ne kot tanhma amnhi nhipex to ha omu xa koja jaraha ihkra gra xwynh muj o mex na jaraha arigromnu kena kot ket kam ihkra ho mex koja ho ane ne ra tirtum kaper tum nhirop xa e pu me xa ne ha omu ane,Apinayé
3694,aituo tagase waunroem idaly se imasedo sicomoro keho figueira emyenro onwa akuly jesus iwaguepa tientoem sakadyly ume,Bakairi
22521,vo'oku adaum inuxo itukeokono ina itukokono eva ikenepoke,Terena
25400,ma'ape ama 're rosa'rata u'asi mono te aima irowasu'uzem na ha ane wamha wanhib'apito ha te za te te 're aipawapto aha wasu'u na ha 're awaihu'u mono da,Xavánte
21556,— tupana mipo­ꞌoro sese uruto iꞌatuꞌe ehepe eimuꞌe hamo urupo­ꞌoro uruto poꞌog tupana mipo­ꞌoro pauru kai iꞌatuꞌe iꞌatueso kahato neꞌi katu­pono areineꞌen iesui miꞌairo sese ipotpo­ꞌo­roria  ok takaria ewywuat areineꞌen are,Sateré-Mawé
12591,mori pe puꞌkuru mannankan pemonkonyamiꞌ ekoreꞌmaꞌsan manaꞌpokanenan wani maasa pra inkamoro manaꞌpokanenan esati toꞌya paapa munki pe,Macushi
636,oepyase xiaro sero nonopoko ezurume amorepatoryko ase ritonopo omiry poko jenetuputyryhtao oya xine oorypyryko poko pyra exiko matose ixinukuturu htoko ytoketo sa pyra exiko matose saeremae ytoketo sa roke exiko matose,Apalaí
9188,upea-gwi nhandejary ombotuvixa jevy vaꞌekwe ixupe ogwerojeupi jevy ixupe heraha-vy yvay-py ndaipori onhembotuvixave vaꞌe ixugwi ndaipori tuvixave vaꞌe ixugwi haꞌe anho mante tuvixave vaꞌe ombotuvixa voi ixupe hery ndaipori imbaraeteve vaꞌe hery-gwi haꞌe anho mante hery tuvixave vaꞌe oiko hesu rery-py oipota enterove vaꞌe onhesu ixupe gwetypyꞌa-rehe oipota onhesu ixupe yvay pygwa gwive yvypory gwive yvy pypia anhay gwive ave entero yvygwy-py oi vaꞌe gwive ave hery omboete-vy onhesu vaꞌera oipota enterove omombeꞌu atyra-py hesu cristo nhandejary voiha nhandejary nhande ru-pe omombaꞌegwasu-vy,Kaiwá
19888,portanto confessem os seus pecados uns aos outros e orem uns pelos outros para serem curados a oracao de um justo e poderosa e eficaz,Portuguese
11397,aꞌerauwe ꞌga resakarera ꞌga awau paulo ꞌga rera mokwasiꞌwau opytuna ꞌga nupe ꞌga rera renupawe ojeroꞌwu maꞌe ꞌga ꞌua ajatykau ꞌga ree ojemajarueteukaa ꞌga upe aꞌeramu ojeroꞌwu maꞌe ꞌga ajaruetepawamu,Kayabí
15410,ti mꞌ pꞌaa henh pirato berꞌoot judah buuj sa sii: —y manyyh da hyy ka be we ta wꞌoo ha dooh y awꞌyyt pe ta ha ky nꞌaa ketyy do ha be bahapah hyb nꞌaa —nang mah ti mꞌ ta nu gaheen nꞌaa hetek do mooh ta hatse hahiin doo go tabanyyh ba pirato ky hadoo sa ha: —be hegaa geet hahy ajꞌyy —nang mah,Nadëb
5914,haꞌe nunga re ae oreayvu avakue oꞌarandua rupi oremboꞌea rami eꞌy haꞌe ra nheꞌe oremboꞌea rami nheꞌe guigua ayvu py nheꞌe guigua romombeꞌu vy haꞌe ra avakue nheꞌe revegua eꞌy ma ojee nomoixei nhanderuete nheꞌe guigua haꞌe kuery pe ra ovareꞌy vaꞌe merami noendu kuaai ꞌrae mbaꞌeta nheꞌe gui anho ꞌra jaikuaa haꞌe ra nheꞌe revegua ma opa mbaꞌe re oikuaa pota tei haꞌe kuery re avave rei ndoikuaa pota kuaai ꞌra,Guarani
14264,— obaixig gu ece — io'e — webay kay buk oceu gu — io'e jesus — eju juy okitpiyu kay- -oweju etaybitbinayu kay — io'e — “webay kay waram oceu- -eyebay kay” i juy ece cebe ip — io'e — “wuyebay deus oxe eyxe dak” i juy ece cebe ip — io'e jesus maria be — hm hm — io'e- -maria o'e,Mundurukú
16015,ja¹­nxe³­jau³­su²­ su³­na²­ ha³­teh³­nxa³­nxan¹­jau³­su²­ je³­su²­jah³­la²­ i³­yau¹­u³­ne³­jau³­su²­ nxe³­te³­nah¹­lxi¹­: — a²­nu²­a²­ i²­li³­te²­la³­ su³­na²­ wan³­txa²­ yxo²­i²­ki³­kxai²­nan²­tu³­: “su³­na²­ i³­yxaih²­kxi²­na¹­xa¹­” ti³­hexki³­sxa³­lho³­li¹­ ta¹­hxai²­he¹­la²­ nxe³­jau³­xau³­hxai²­texta²­ a²­nu²­a²­ yuh³­xai²­nan¹­tu³­ka³­txi³­ ki³­na¹­xai²­na²­ yxo²­ha³­kxa¹­ ha³­lo²­a²­ wi¹­ju³­ta³­lo³­te³­jau³­nu³­su²­ ta¹­hxai²­he¹­la²­ txa²­wa¹­hxi²­kan¹­ta²­ si³­yxau³­jah¹­la²­ ka³­na³­ka³­na³­jah¹­lai²­la¹­wa²­ nxe³­sxa³­ ju³­te²­a²­ nu³­ka³­txain²­txi³­ a²­hxi²­kan¹­ta²­ si³­yxau³­jah¹­lo²­su²­ ha²­kxai³­ ju³­te²­a²­ nu³­ka³­txi³­sxa³­tu³­ka³­txain²­txi³­ a²­hxi²­kan¹­ta²­ si³­yxau³­jah¹­lo²­su²­ ha²­kxai³­ nxe³­jah¹­lai²­la¹­wa²­ ha³­na³­ka³­lxin³­ju³­ta³­la³­ yu²­nxa³­wa²­ a²­nxe³­jah¹­la²­ yxo²­i²­sxa³­ i³­ye³­kxi²­ki³­kxai²­nan²­tu³­ ha³­lo²­a²­ wi¹­ju³­ta²­ so¹­lxi³­ u³­yhen³­kxi²­ne³­lhi³­nxna³­la²­ ja¹­nxa¹­jau³­su²­ su³­na²­ ha³­teh³­nxa³­nxan¹­jau³­su²­ te³­nah¹­lxi¹­: — a²­nu²­a²­ i²­li³­hxa³­te²­a²­ yxo²­ha³­kxa¹­ txa²­wa¹­hxi²­kan¹­ta²­ si³­yxau³­jah¹­la²­ yxo²­i²­sxa³­ sa²­wa²­sutsi¹­hain¹­jau³­nu³­su²­ i³­ye³­kxain¹­kxai²­nan²­tu³­ a²­nxe³­te²­a²­ yxo²­ha³­kxa¹­ sa²­wa²­su¹­tain¹­tu¹­wi¹­ ta¹­hxai²­he¹­la²­,Nambikuára
5101,sacerdote yvatekueve vaꞌe haꞌe nhanderuvixa kuery omboaxa imbopagaara po py kuruxu re ojuka uka agua ore kuery ma roexaꞌa tei israel kuery reraa jepeara oikoa re haꞌe rami avi kovaꞌe ara reve vy mboapy ara ma ojapo haꞌe nunga oikoague,Guarani
2818,matiiti katiiri pakini poxokoniuatini pite aitari teoso sakire auiakarii atxiiti poiaori pitxaua iuaritika pipoxokoniuatako kotxi teoso txikitakai pite apiari pininiua pite katiirii pipoxokoniuatako kotxi teoso kamapoiaotakai pite kotxi katimari pixipokini aaui katimari xipokini atoko atokatxi kanikasaaki kapatakari itxaua iuasaaki katsotati txiaroka iiui katxaka erekaikaro iua atokokana kakiti katiiri xipokini paitiki ipinako ininia itakanapariko imakinika itii iparika pakini,Apurinã
14039,ixe cug ma osunuy deus xe iap ibararak opop deus ekawen tup pe abraao cug ma osunuy jetabucap tomuju iaptup o'tupmubararak kuyjeayu kuyjeayu mutaybit am aca gu ibodup o'tupmubararak ip wuymutaybit am tak ibodup o'tupmubararak ip — eyju cug ma oxe — i je'e deus wuywebe ixe kay wuyetabun pujeixe deus jesus o'gutait ce'uap tomukadi wuykukukat o'gutait waram,Mundurukú
2288,ininia paoro: —nitariakori nimarotari iua sasetotxi auite apiatakari ininiua kotxi teoso sakire iokatsopatakori txari: “kona pimisakirepiretapiri hiauite”,Apurinã
20619,ananias deus bo zispihikbata estuba maku sesus tuktsa tuk ananias inarokota ioke sapira inarokotatsa itsuhuk huak okyrysaro ziakse,Rikbaktsa
752,ynara tykase roropa ritonopo eya “oya sero nono tyrise apitoryme kapu roropa tyrise oya oemary ke tuisame oexiryke,Apalaí
