index,TEXT,LANG
881,moromeipo tyoro enease ropa kapu ao ritonopo maro oturutoh enease tapyi moro tao kamisa rise nexiase ritonopo apo esaryme totapuruhmakase nexiase,Apalaí
7403,jesus'ga omboheakwa katu heakwagweva'ea aere jesus'ga hogahoi kiro ga vahemi gweri cidade de jerico pe pevo heakwagweve'ga apygi pehea rembeyvyri pe oporanduva itambere'ia rehe,Kagwahiva
18319,felika binokhahi ida jiniro paulo ajihina abosini kaimoni ni-pauloa bino'aki jiniroa jiniro-ra nokhavini mani ida felika paulo-ra baranahabakhiavini hija vara vakhanira kaimoni,Paumarí
24658,manatacmi nana shimichu manam quiquillanpachu imapipis wanupacuyan manam imallapipis pinacuyanchu nitac mana allin lulashancunapi shun'unchu uywayanchu rasunpa cuyacuyniyuca manam imaypis mana allincapita cushicunmanchu ashwanpam rasuncapi imaypis cushicun,Urubu-Kaapor
23056,be'ro masare nii nemokɨ niiwi taha: —yɨ'ɨ pakɨ nii pe'tise wee masisere yɨ'ɨre o'owi kɨɨ ni'kɨta yɨ'ɨ niisetisere masi pe'oka'sami yɨ'ɨ ke'ra ni'kɨta kɨɨ niisetisere masi pe'o' no'o yɨ'ɨ masika wee no'ora ke'ra kɨɨ niisetisere masisama niikɨ niiwi jesu,Tukano
1164,hamri ne jejus wyr te ne kam: —pa jejus xan ka korma anhot ket ne xa ane ne kahti hkot kumy,Apinayé
9226,hesu ombogwera mburuvixa raꞌy-pe mokoi ary rire upe-gwi oho jevy-ma hesu ogwahe oho-vy galileia yvy-py:,Kaiwá
4891,zezuz oho tupan hapuzuhu pe aꞌe kury aꞌe ꞌar rehe teko teteaꞌu uzemonoꞌog oho zeruzarez tawhu pe wa maiꞌu haw uhuaꞌu maꞌe iapo pa wa aꞌe rupi zezuz oho aꞌe pe aꞌe no kwarahy nanagatu zutew uzapo aꞌe maiꞌu haw aꞌe wa taꞌe kwehe mehe tamuzgwer uhem ezit ywy wi aꞌe wa xe zutew uzapo maiꞌu haw wamuzgwer wanurywete awer rehe umaꞌenukwaw pa kwarahy nanan wa — zaneraꞌyr wazuka ꞌym awer iꞌi aꞌe maiꞌu haw pe wa,Guajajara
930,ana ehtopopyry poko sero moroto roropa toehse kunumiximano esety ana panueu exihpyry azee parypyry roropa kynexine ritonopo omiry ekaroneme roropa kynexine pytypome roropa ynororo apitoryme tyniotase yrome me jeimamyry toehse ahtao toorihse inio mame me ikonopory taropose eya ritonopo maro oturutoh onurumekara toehse saereme koko enara kure ritonopo tyrise eya amotyryae roke otuhnoko roropa kynexine totururuke ritonopo maro morarame toeporehkase ynororo moroto poeto tonese eya je maro —kure rukukuh na ritonopo tykase ynororo poeto poko toturuse roropa ynororo jerusarepoko pynanohne eraximanano netaryme,Apalaí
13009,'axop te hapkummuk miy putup yay yog putup'ax kummuk tu' miy ha kaxiy tikmu'un xohix te hapkummuk miy putup pa topa te xa ham'aktux xex tu 'aka'oga'ax xayiy hapkummuk miy hok yiy topa tu' xax hu: topah mokniynam 'uyiy hapkummuk miy hok” kaxiy ha topa te 'aka'ogap-tup,Maxakalí
19156,ninguem jamais viu a deus mas o deus unigenito que esta junto do pai o tornou conhecido,Portuguese
5017,haꞌe rami ꞌrague py ojegui haꞌe ae yvatea oipeꞌa vy tembiguai rami ju oiko ava ojeapo vy haꞌe rami vy ava rami ojekuaa vy onhemoꞌyvyiꞌive ete haꞌe vy onheꞌe rendu kuruxu re eteve voi ojejuka uka peve,Guarani
8933,ky ga ty asia ta paꞌi ag tog ti my venh vi jeneg mu ge ti ty in mag en ra ti tu ni je ti to ag tog ha nyti paꞌi ag,Kaigáng
26343,me kute metindjwynh karo marja tin kritu jejume gwaj batipdji nhym arym kute gwaj bakadjwynhbe bajaxweo apexma kam metindjwynh kute gwaj bama bajaxwe panh jarenh ket gwaj me biknor tokry djakam babiknor ketkumrex baje amidjwynhbito kinh kadjy bajaxweo baba ketja baje metindjwynh karo kot amijo babaja gwaj ba dja gwaj me biknor tokry djakam babiknor ketkumrex mykam bir gwaj ma bajaxwekam arym me biknor tokry djakam batemma nhym be gwaj arym tu amim kritu jeju markumrex nhym metindjwynh karo gwaj babe bajaxwe kuren kube gwaj bama tyx jadja gwaj kam arym katat amijo baba kadjy batyx ne kam babiknor ketkumrex ne metindjwynhkot batin ne ar baba ra'a: ra'a ne,kayapó
21133,saꞌa­wy­ꞌi­tepyi yne ahenoi ehepe uhehay haꞌakap wuo maꞌato miꞌi hawyi ti aru herep wuo yn naꞌyn ahenoi ehepe uiꞌywot etiat e,Sateré-Mawé
19494,o segundo,Portuguese
18167,ija'ari vaipohiki kidiania vajoroni'iki vaabono vakani'akhamaha: —ni- batista kohana bada bini'a'iki ida badani danoki ka'oa hiki ida jesus varani hina  batista kohana vara bivani'a'iki — vakhani'aha ija'ari vaipohiki kidiania vahojakia vakajari'dariha ada jesus,Paumarí
10460,jiary joao jesuisi weribi ranywyhy tii dori sowemy waluure,Karajá
13477,ha pet te: —‍pena' 'ugmug yay pet nim nuy 'apek mog kaxiy,Maxakalí
1930,e ixkwyjaja kot kaj me ama ixkaper mar pram ha kot kaj me a tirtum me wa ixkaro nhy ha ixte me ama ixkaper anhyrja ma ne kam ajamaxper tyx raha ho ri apa ta am ja pix na hapex ane —e juaw ker ka raxisej kama ixkraje ma ixkaper a kaga ne me hwyr ame ne kagaja piita kri hkwy kama ahpynha ixkwyje hwyr are ke me kama hare ne ixkaper ma ane nhum pre a jejus inhma kaper ane pa kuma ne o ri me piita me kam ha kaga hpa,Apinayé
111,ritonopo jamitunuru tonetupuhnano kurohtao kyrixtu omiry poko ihximyra ase kyrixtu omiry enetupuhnano kurakary waro ritonopo mana emero porehme juteu to ma tukurakase osemazuhme tonetupuhse toexiryke eya xine seromaroro emero eahmako ritonopo mana ikurakatohme tyya tonetuputyryke eya xine,Apalaí
6371,odaa jiɡigotibeci odakapetege filipe anelatibige nigotaɡa betsaida nipodigi galileia odaa joɡodipokota modita “ǥoniotagodi jemaanaɡa me jinataɡa icoa jesus”,Kadiwéu
22311,keyuhoinomaka po'inuhiko xane akoyea yusika kapineyea xane akoti itukapu koati muxone kene iti haina'ikopomea itikoti kuteati ne'e koati ketirinateoxo ne hokoneti ituke vo'u xane akoti itukapa ne koati kana'uti ituko'oviti itea perexomea ituko'oviti nekone perexi ako'o kuti koe yomexoti mani kirepino ituko'oviti,Terena
26901,nhym kam mebe idjaer runh jejuma kum —‍goja on myjja pumunh ket'o nhipex bar omu ne kam arym abenjadjwyr rax ma aje myj me'o kabenkot kikretikam me anoro abaja ma ane,kayapó
22997,yoko ape seno kananeya ko'ovokuti yaneko poke'e ovoku xanehiko akoti itukapu judeu enepone seno pihone va'uixea ikeneke jesus hara koe yuho vaukea: —‍unaem iti amoripono ndavi yokoseananu ape inzine yupihovotine akoyea aunati vo'oku ndemoniu urukovati —‍kixoane,Terena
2288,ininia paoro: —nitariakori nimarotari iua sasetotxi auite apiatakari ininiua kotxi teoso sakire iokatsopatakori txari: “kona pimisakirepiretapiri hiauite”,Apurinã
9672,upe-py oho otopa hasy vaꞌe hery vaꞌe eneias ha eneias onheno mante oiko-vy vaꞌe hajy jeapa vaꞌe voi hajy jeapa-gwi oito roꞌy-ma onheno oi-vy gwupa-py,Kaiwá
20698,ata ahape: “iktsatahaktsa my” wahoro jobo tsimydoknaha ipokpedawy bo pykyhytu mydyhywytsa bo iktsa tsimaha anaeze hi mymyikaha ty tsimymydisahanaha — niy yhy niaha,Rikbaktsa
9541,tapejeapysaka pora kena xe nheꞌe-rehe xe rembiayhu kwery nhandejary oiporavo meme iporiahu vaꞌe kwery-pe ojerovia pora hagwa ojehe “xe rayhu vaꞌe-pe aiko ara huvixara ramo” heꞌi “xe moiru tee vaꞌera hikwai” heꞌi vaꞌekwe nhandejary haꞌe heꞌi hagwe-rami ave ojapo meme,Kaiwá
8196,jesus ty cruz to sa ag mun ka ag tog u kato te mu cirene ta ke u ti jijin ha vy: simao he mu en my ag tog vi tar han mu ti ty jesus cruz vyn je ti jo ha ky tog vyn ky ti mu gen ky ag tog golgota ta junjun mu sir golgota to eg tog: venh kri kuka he ti eg vi ki,Kaigáng
25107,— taha wa te za ate asa aima 'manhari 'wa: “tane nhere i'utu zei o di taha wa i'u'ete wapu ha te aima somri neza wa to 'rinhito i'ra nori me wa oto wanhoto za'ra ni” ate ane te za aima 'manhari 'wa asiwadi wa'wa ha tazaha te za so wahudu i'u'ete wapu zo tiwi iwapterezeb uwaibaba te te aima 'manhomri da e mari wa te za aima 'manho e asiwadi wa te za aima 'manho mare di taha wab o di mari o wa nasi tiwi waptere wa te za aima 'manho,Xavánte
16922,kxa³­nhxi¹­nu¹­tai²­na²­ kris²­tu³­jah¹­la²­ txa²­wa¹­su³­na²­ a²­hxi²­kan¹­ta²­ si³­yxau³­tau³­lo³­jah¹­lu¹­tan²­tu³­ ye³­khauh³­lxa³­thi¹­nain¹­ju³­ta³­nu³­a²­ nxe³­ju³­tai²­na²­ txa²­wa¹­su³­na²­ wan³­txa²­ i³­hen³­txi³­tu³­ka³­txu¹­tai²­na²­ a²­la²­ i³­hen³­txain¹­ta¹­hxai²­he¹­li¹­ nxe³­ain¹­ju³­ta²­ kwen¹­ta¹­ we¹­ta³­lun²­yain¹­tai¹­ti²­tu³­wi¹­,Nambikuára
5970,haꞌe kuery okaru ma vy hevyatamba hoꞌu vaꞌekue rembyre ma sete ajaka py omboyru quatro mil avakue randaꞌu ikuai haꞌe gui mae ma jesus omondoukapa,Guarani
24478,“wanuy maychumi llallicuyniqui cayan maychumi wachicuyqui cayan” nil,Urubu-Kaapor
17518,xerati ihalahaliti enokoa nali hatyo najikinita nokaxawaiyanikisakihitiya hoka nowaiya enokoa nali jiholati majiholatyoare hatyaoseta hetatiye iraihenere iraihitiya nokakoi iniraene motya koneta nemahare — hisohena ali enokoa hoka nahotikisa homana xoalini hare kaotyakehenere exe harenae najikinita — nexa,Parecis
25216,ta nori ha 're ihaimana u'asi mono zada 're haimana za'ra mono wa te za 're ihaimana u'asi mono ha uprosi unhama ro'o za'ete na te te siwi 're iwe'o pese za'ra mono nori ha taha u ha te za ta nori ha sina pahi na 're simipari za'ra oto,Xavánte
16666,nxe³­yan¹­tah¹­lxa¹­ wain³­txi³­ kai³­ai¹­nxa³­kxe³­su²­ txa²­wa¹­su³­na²­ i²­ha²­kxai³­ i³­waitsxa³­ e²­kxi³­ta¹­hxai²­he¹­la²­ e³­kxi²­te³­nah¹­lxi¹­: — ye³­jen¹­na²­ yan¹­nau³­a¹­ txai²­li²­ su³­nu²­na¹­xai²­na²­ wan³­txa²­ tah²­yau³­xa²­ i³­ye³­kxai¹­na¹­tu¹­wi¹­ i³­sa³­e²­ nu³­ka³­txa²­ i³­ye³­kxi²­ ju³­te²­a²­ nu³­ka³­txa²­ i³­ye³­kxi²­ nxe³­ai¹­na¹­tu¹­wi¹­ kai³­uh¹­hai¹­na¹­ju³­ta³­nu³­a²­ i³­ye³­kxai¹­na¹­tu¹­wi¹­,Nambikuára
519,tyoro amorepato tooehse ahtao oya xine kyrixtu namorepatopopyry kara ekarone tooehse ahtao ynara kara ehtoko “omoko ytapyi taka” kara ehtoko eya “toretyke pyra exiko ritonopo amaro mana” kara roropa ehtoko eya,Apalaí
5716,nhandereko aꞌaa rire ipora vaꞌe oiko vaꞌera re ijayvua irmao kuery opa mara pendereko aꞌaa ra pevyꞌa ete ke mbaꞌeta peikuaa pejeroviaa aꞌaara oiko vaꞌe peaxapa ma rire pei atave ꞌraa,Guarani
4760,amo ae tupan zeꞌeg kwehe arer aꞌe no umumeꞌu imugweraw pawam aꞌe no tywypaw pe iho wi pixik ꞌym awam aꞌe no nezewe iꞌi aꞌe zeꞌeg — ikatuahy maꞌe azapo putar newe nehe nemurywete kar pa nehe aꞌe tawi pe ihe azapo putar tuwe aꞌe maꞌe newe ihe nehe kury nemurywete kar pa ihe nehe kury iꞌi aꞌe zeꞌeg imuapyk pyrer,Guajajara
13105,ha: —‍'uxip xit'ax yognu' xate' yummug'ah kaxiy,Maxakalí
3149,tiago  wara ise nhekadobyry tindatuo xina nehoguebyra ani eagamo xina tyewiapadaynze wara,Bakairi
6110,jesus eniditeta filipe ijaa natanael modiotibece neɡeledi noko jesus ja lowoogo migo eledi nipodigi ane liboonaɡadi galileia odaa ja dakapetetege filipe odaa jeɡeete “anagi aniwitibici” filipe elatibige nigotaɡa betsaida ane liɡeladi andre ijaa pedro,Kadiwéu
3218,saintybyem myakawam tonlo modo nhapaiguelymo: — adykaka iamudo judeu domodo iwymaryem iazeypy xixi egaseho eynyna ani xina ximuka nhedyly iazehobyry xutuho enado azeguhoam ise ehogueze wara xina aewyly — kelymo,Bakairi
7578,tupana'ga nhi'iga ko naha: “pejiko ti jira'yra'ga rehe jesus cristo'ga rehe penhoaroaro ti pejogwerekokatuavo” ei ga a'ea tupana'ga e'i nhande ve,Kagwahiva
19276,mas quem beber da agua que eu lhe der nunca mais tera sede pelo contrario a agua que eu lhe der se tornara nele uma fonte de agua a jorrar para a vida eterna,Portuguese
1760,na htem piita a hamaxper anhyr o pa ne hamaxper o: —kot ka apur rax ne kama anho rax ne nom kot ka apur grire ne kama anho grire anhyr o hamaxper jakama ker ka me apiita ajamaketkati ne jerujare nho xwynhje ma kaxpore nhor mex ne ker ka me ho apikupronh pa nhum rax ne te meho ihpur rax ne kama o raxta pyrak ke tirtum a me ate amnhi nhipex anhyr a me apumu ne nhyrma me ato mex ne,Apinayé
17186,hoka jesus nehena: — xirihalira xisaona hoka maisa xala hare maoseraita xiso hiyaiya kaharetyaite kaotyakehena nexare kakoa hoka nehenaha: “natyo atyo enore kalorexe aohenere” nehenaha hoka kaharehalitite maoserahenaha,Parecis
23913,apera ɨta peeri wa'teropɨ doke ke'a'ke peeri weero noho niisama yee kitire ayuro e'katise me'ra tɨ'osama naa toho tɨ'omira nɨ'kori marira weero noho niisama naare meheka wa'aka ou apera tee kitire eho peose bu'iri naare tu'tika maata eho peo du'uka'sama,Tukano
5654,“haꞌe kuery re noi ae nhanderuete renonde ojererokyje agua”   ,Guarani
8637,ha ra jesus tog ag je prer kan mu ky tog ag my: “fog ag paꞌi ag jykre ki kanhro ajag tog nyti” he mu “venh kar jegneg ag tog ti myr ky ag mag ag tog venh kar my: gemni ge tug ni he ti vi tar han ky” he tog,Kaigáng
11172,najarejararete ꞌga jeꞌeg imu rui je jeꞌegi ꞌawamu iꞌakwaaw ekoete maꞌe ꞌjawe etee futat je tejeꞌega ꞌawamu,Kayabí
8791,“ajag ty ag my to ky tag tomni ha me u ty kanhka ta ni en ty ty ajag paꞌi ninh ke ve uri hemni ag my,Kaigáng
18443,a'onira oakava'ijoavini-ra avanofiravini mani ida deus avakadisidaji-ra kava'ipahinivini hija bana,Paumarí
22024,kene itinoe akoti omotova ongovo koeku yexinoe ra koekutihiko konokoti kehiyanayivo maka hakone ketavokokono vo'okuke ne pahukovoti isoneuti hokone ne xanehiko akoti panapu kixoku itukeovo hakonemaka uke'e ne titiu keyeyi ikeneke vunae akoti kirika heki,Terena
21166,taꞌi iraniaꞌin yt aikuap teran hin i maꞌato tupana aikuap kahato miꞌi hawyi iraniaꞌin aikuap wen maꞌato aiꞌauka hamo aikuap aiꞌahyk ahyk aiꞌa­piheg kahato aipiit suk suk kahato hamo aikuap miꞌi hawyi ikuꞌuro raꞌyn iꞌatuꞌe maꞌato miꞌi turan watu­we­hymut i raꞌyn kat pote tupana yt tiky­ꞌesat i te aiku­ꞌuro hap pote,Sateré-Mawé
6357,pida niɡida makaami akamaɡakaamitiwaji awii ane beyagitema ɡanioxoa codaa oliceta ane nebi ɡanioxoa,Kadiwéu
26736,kenkam 'y rorokja ne me kute amim metindjwynh kaben mar 'iry ket ne kangaja'a amijakre nam me myt tamkam metindjwynh kaben man bit kum kinhkumrexo tem kajgo kute tu amim markumrex kete ajkwaobit ne kute mar kute 'y nhingrot ne are ketkam tembe tykja pyrak kute amim mar 'iry ket nhym ate apynh me kapri djari me'yr box nhym me arym kanga,kayapó
26532,xaur mema jeju'a ujarenh nhym me kum kure ne kam arek tamagukam jejukot me ba djwynhme ro'a ar ba nhym 'a akati kwy apextamagukam ar bari ne apynh mebe idjaer bikpronh djakam kaj be mema ujarenh te nam mema kum —‍mramri ne jejube benjadjwyrbe kumkatikumrex kube kritukumrex kube metindjwynh krakumrex anhyr te,kayapó
11618,aꞌerauwe ananiasi ꞌga awau ꞌga upe: —ꞌau je ruri ene resaka ki ꞌei janejararete ꞌga je mut ene resaka ki ꞌei jejui ꞌga ꞌa janejararetea saaꞌe ene ꞌga resaga pe aje raiꞌi aꞌe ꞌga je mut ene resaka ki ꞌei ꞌawamu ene jejui ꞌga rerowiaaramu ereko je ꞌjawe— ꞌjau ananiasi ꞌga saulo ꞌga upe —ojeupe je porogyta re janeruwarete ꞌga ene mamaꞌei uꞌagesagea nane ꞌga imua ene upe nu enererekwaramu nu— ꞌjau ꞌga ꞌga upe aꞌerauwe ꞌga opo monou ꞌga reakwara ꞌarimu,Kayabí
18063,ariabani vania vara akhanina khai ani'abakhiara ada deus akadiabi'i ariabani vania varani jaharikia va'ora akanavaranihara jaboni adani ija'ari vahoariha hiva'oani ija'ari deus va'ora namonahavini ovari nokiana fori vihina ija'ari hoarania vara bivani'aki ida varani jahaki deu-ra khai ni'avini vara bivani'aki jaboni ida varani jahariki hoariha-ra kanavaranihavini oigamina ni-jahapa'itxiki ida hojai niki vara ovani'aki hida rajomi kavaranihi hoariha ni-nihanikia khaonaniki ida kajoa kapahana hoarani kania paha jahaki paha arapaki hiki paha arapakia binarapaki ida paha hahavi onivani fori hija ida ija'ari kavarani jahariki oigamina rajomi hoariha okavaraniki bana ho figo-ra orakhaihi azeitona vania koda bonoja ida iniani uva-ra orakhaihi figo vania koda bonoja ida iniani onivani fori hija jaboni ida kajoa kapahana kajokiraki kania ni-khaonaniki ida paha txinaki,Paumarí
12746,tiaronkon piꞌ teesenumenkai koꞌmanni eꞌpai awani tiise uuriꞌnikon innape ikuꞌnenan manniꞌkan merunti ke tiweꞌsanon moriya tiaronkon aꞌtuꞌmira tiweꞌsanon piikaꞌti eꞌpai awani toꞌ yeseru yapitanipi eꞌpai awani toꞌ tiyuꞌpiꞌse pra tiwin piꞌ siꞌma ukaisariꞌnikon tiaronkon piikaꞌti eꞌpai awani mori pe toꞌ koꞌmantoꞌpe iniꞌ panpiꞌ innape ikuꞌtoꞌpe toꞌya upiꞌnikon neken teesenumenkai pra toꞌ piikaꞌti eꞌpai awani,Macushi
20186,sesus iwaze nitsasoko deus hyrikoso soho ziwatawyky deus hyrikoso sesus tuktsa tuk mynapykyryk deus sibo myzipeha tsihikik tapara deus hyrikoso myzipeha iwaze sesus tuktsa isoho motsasoko mybarawy bo mynasik tapara sesus deus bo piksizoze iwaze hi deus hyrikoso mybarawy bo atsoko mynasik tapara sesus deus bozo my bykyze deus hyrikoso mybarawy bo myzipeha niy,Rikbaktsa
5478,petei-tei joupe peikoxe eꞌy eme xapyꞌaꞌi pejoguereko rive ranhe agua eꞌy vy pejerurea rupi anho pendekuai agua haꞌe vaꞌe rire ma pejoguereko ju pejejoko eꞌya py satanas penemoangeko eꞌy agua,Guarani
7990,na ga ji jukai a'ero nehe jipy'a ndokotehei reki a'ea rehe ei ga nhiremimombe'ua rehe jate ji rekoi tamombe'umbe'u pa ti ga pe a'ereki jesus'ga jipojykaharete'ga e'i ji ve ikwehe: “emombe'u ti ga pe pyryva'ea tupana'ga pyryva ga pe ti emombe'u ga pe” e ko ga ji ve ei ga nura ji tamombe'u pa na'e ga pe jesus'ga nhi'ipo'ruavo nehe ei paulo'ga ga pe,Kagwahiva
15022,ti mꞌ tabawag hom ba ka marakate go moo bꞌook doo dooh rahapee ba tsyt deeg tii bꞌ rahapah tagajaroh yb hood banang ba rahꞌyy kajak tꞌii henh marakate badang hyb nꞌaa paawa,Nadëb
25121,tawamha ane te zezusi ha tama tinha: — e niha te ane ima inha to sena iwaihu'u pese wamha te aipawapto wa'aba da ha ai'ra ama iwaihu'u pese na da te 're i'umnhasi za'ra mono wamha ubure dama waihu'u pese di za mari na da te 're idapawaptob za'ra mono zeb da ha — ane ma to zezusi ha tama waihu'u,Xavánte
16109,ja¹­nxe³­na¹­ju³­kxai³­lu²­ nxe³­na¹­kxan²­ti³­nu¹­ txa²­wa¹­su³­na²­ wi¹­lhin¹­sxa³­ thai³­ti³­la²­ sa²­hau³­kotsa³­na²­he³­la²­ sa²­ju³­tan¹­te²­kxa³­ya³­lhu²­ je³­su²­ kris²­tu³­jah¹­lo²­kxai³­lu²­ ya³­nan³­ta³­ki²­la²­ha²­kxai³­la¹­ txa²­e¹­nau³­ai²­na²­ sa²­hau³­kotsa³­na²­he³­la²­ nxe³­ha²­kxai³­ nxe³­hi¹­nan¹­te²­tu³­ a²­nu²­a²­ i²­li³­te²­a²­ yxo²­i²­kxai²­nan²­tu³­ ka³­te³­na²­ wi¹­tau³­a²­ nxe³­ti³­hi¹­tain¹­nun³­tu¹­wa²­ nxe³­jutsu²­ txa²­wa¹­su³­na²­ so¹­lxi³­ txa²­wa¹­si³­yxau³­jah¹­lai²­la¹­wa²­ a²­wi¹­lhi¹­nu¹­tai²­na²­ yen³­kxa²­ yu²­nxa³­hi¹­nu¹­tai²­nan¹­te²­tu³­ txa²­wa¹­su³­na²­ yxau²­sa²­te³­jah¹­lai²­la¹­wa²­ hai³­txi³­ ya³­lu²­ju³­ta²­ yu³­jah¹­lo²­sxa³­wa²­ i²­ki³­sxa³­hi¹­nu¹­tai²­nan¹­jah¹­lo²­su²­ na³­la²­ hai¹­nxe²­ sa²­nen¹­kxi²­yxau²­xai³­ki³­jah¹­lo²­su²­ na³­la²­,Nambikuára
10077,judeu mahadu tahe jesuisi riijemyhyre worana bedehesi orake‑o rarybemyhyre: —titxibo tahe tii ratximyhyre jesuisimy rybe ixitxiodyyna rohonyre inysowehekyy‑ki inyo heka awimy tuu rarybemyhyre ijo tahe ibinamy tuu rarybemyhyre tii iny itxenadyydu raremy inyo tuu rarybeohyymyhyre ibutumy ijohonamy judeu mahadu lau ruberureki,Karajá
13417,topa te 'a ham'aktux ha 'ate xa' xuktux ya ham'aktux xe'e' hu: kunnix xok yumug pupi' xok yumu'ate hapkummuk miy pax ha' xok ha topa yog tappet te' xuktux ha no hapkot ha 'amniy  nog 'iha' putpu' hi' ha topa yog tappet te' xuktux,Maxakalí
22304,uke'exoane jesus kipohevekexea ne ihikau yane itukopane ne hama koeti ipovo ina aukopovo xe'oku mesa hara kixovokoxo ihikau: —‍yexoanenoe koeku ne indukeinopi,Terena
26836,bir be kute metindjwynhma aminhor pydjijakot arym mramri tu me'a mex menhkumrex nhym me mramri mex ra'a ra'a ra'a kute me bajo mex ne kute me bajaxwe keto temja me baja ne tu mex menhkumrex,kayapó
13539,tu xe hamyummugaha' tu ham'aktux'ax ha hamyummugaha' nuy topa yog hapxopma'ax 'aktux tu ham'apak'ax tup 'aktux hu: —‍tikmu'un xax kunox 'ok 'un te ta tu mo'yag nom tu 'un 'um tu' yag tup paha' pu tu xax kunox tu mo'xeh 'ap pa'ah topixxax tup ka'ok ha' xax kunox pu'uk tu yay pot'ax kaxiy yoam yog tik xop te monayxop yog hapxopma'ax hittap tat ha yog tik xop te yognu hapxopma'ax tat ya hapxopma'ax tup tat,Maxakalí
17658,wainiyaneneroiya hawawahalo kaiserehare tyaonitere atyo maisa xala hare kahinaetyare hoka enore kahinaerene atyahita hoka iraexaita ferakoa makiya xoaha enore kahinaetene maheta xakore hoka wainiyaneneroiya hakehalahalone maniya taita tyaona hoka ekamane atyo tyaonita kaseta xakore hoka,Parecis
7035,jesus'ga ojipiuka tomeva'ea pe ojipe'ga jesus'ga remimbo'ehara'ga nduvi pevo jara'ga pyri jesus'ga jipiukarame ga pe o gemeo ei ga ga pe tome'ga pe igwete jara'ga ei ga pe: —‍orohepia ore jesus'ga oji'i ei ga imombe'gwovo ga pe novia e'ia'jaa'ja ga ga pe novia emo ga ndogweroviarihu ganemimombe'ua ojive igwete ga ei ga pe: —‍ji tahepia na'e ti itaju'ia rembikutugagwera gapo pe ei ga tamondo na'e ti nhipua itaju'ia rembikutugagwera rehe tapo'e na'e ti gaykikutugagwera pype ei ga nhipo'ee'ymame po ti ji ndaroviari tuhe gakwerava'java nehe ei tome'ga ga pe,Kagwahiva
965,ynara exiryke omise exiase mame tose mekaroatose ya tuna se exiase mame tuna mekaroatose ya jokurume katonome exiase mame atapyiko taka weahmatose tupoke pyra exiase mame upo mekaroatose ya jupome kure pyra exiase mame ypyno mexiatose apuruhpyry tao exiase mame apuruhpyry taka mytoatose jenese ymaro oturuse” ako ma ynororo eya xine,Apalaí
12639,cesareia pona paulo yari toꞌya miriri tipo surarayamiꞌ esaꞌya asakiꞌne ipikku pe tiweꞌsanon surarayamiꞌ yannoꞌpi moropai taꞌpiiya toꞌ piꞌ: —surarayamiꞌ moꞌkati  kaisari moropai  kaisari kaware po attitonkon moꞌkati moropai  kaisari toꞌ moꞌkati manniꞌkan teepitoꞌkon yarakkiri attitonkon nariꞌ pe toꞌ wititoꞌpe cesareia cidaderi pona miriri yeꞌnen toꞌ ekonekatoꞌpe siriri ewaronoꞌ ya toꞌ eseꞌmaꞌtitoꞌpe  horas tiise —taꞌpiiya —moropai kawareyamiꞌ epoti paulo wititoꞌ ton ipo miikiri yaati mori pe aniꞌya miriri poro iwi namai murumakatii pata esaꞌ felix pia,Macushi
20310,abanurytu pikbezenaha mohyrikosokda atatsa kanury ziharasusuku iwaze kaytyk bo mokymy — niy,Rikbaktsa
8679,ha ra tog inh my: “ke tug ni” he mu “a ri ke sog ni isy tope ranhraj han ky a regre ag ri ke sog ni u ty tope vi to ti ag ri ke sog ni u ty livro tag ki nen ran ky ni meg mu ag ri ke sog ni ge tope ha my: “tope vy ty a ni” hemni” he tog inh my tope ty jene jafa ti,Kaigáng
19500,mas no dia em que lo saiu de sodoma choveu fogo e enxofre do ceu e os destruiu a todos,Portuguese
4330,uzeꞌeg maꞌe mytuꞌu haw ꞌar mehe iapo haw rehe aꞌe kury amo ꞌar mehe wata zezuz oho amo ko myteromo aꞌe mytuꞌu haw ꞌar mehe aꞌe urerupi aꞌe ure hemimuꞌe ure uremaꞌuhez ure aꞌe rupi oropoꞌo arozran ureata mehe iꞌu pa ure urupuner nezewe haw iapo haw rehe ure taꞌe — imunar maꞌe niꞌi kwaw teko aꞌe wa xe arozran pixikaꞌi ipoꞌo har wanupe aꞌe wa xe ,Guajajara
12446,aniꞌya miriri waranti cristo yapuri ya paapa wakiri pe awani moropai tonpayamiꞌ niri wakiri pe awani,Macushi
3486,todohoguin-ho etyryam igasedyby modo waga jesus aguehobyry jesus akelo una nhegatuly tienomedadomoem wara aguely: — una segatuji wao adara deus kaynonro kywymaryem lelala idyly awyly mauntuhomoem tala myani pyma tynrenseim tumuru ohoguin-hoem aty imasedo aieni,Bakairi
786,—morarame jotururuhtao ro eya xine ritonopo zuzenu tyhtose tomose toto kurohtaka kukurohtaka xine aomotopopyry saaro,Apalaí
21397,katu­pono saꞌa­wy­ꞌiwuat weꞌeg kahato haria ikuap teran tupana maꞌato yt putꞌokꞌe i iꞌatu­weꞌeg hap tupana kuap hamuat hap katu­pono koitywy tupana tiky­ꞌesat kahato mekewat yt iꞌatu­weꞌeg i hap kaipywiat ariaꞌyp posak etiat neꞌi ikuꞌuro rakat mohey haria eheha­kye­raꞌat hamuat hap poꞌog tupana iweꞌeg miitꞌin kai katu­pono tupana miky­ryꞌi wo toineꞌen miitꞌin weꞌeg kahato hap e,Sateré-Mawé
8904,kura tagtu kri kura kuju tug ky tope tog ha ra ag rin man mu sir ti kuprig ty ky venh kar ag tog jurun ke pe han mu sir,Kaigáng
4111,iꞌi zeꞌeg kwehe arer aꞌe — nazapo pixik kwaw ikatu ꞌym maꞌe wanupe ihe nezewe rehe we naꞌiakatuwawahy kwaw herehe aꞌe wa iꞌi zeꞌeg kwehe arer heamatyryꞌym e waiko aꞌe wa,Guajajara
22480,enepone vunae poehane itukova ne koati kana'uti ituko'oviti yupihovoti hana'iko ko'exoneyea itukapu enomone ihayu'ikokono akotinemo hunokoku vo'oku itukeinovi jesus kristu enomoneoxo akoeneye hunokokune,Terena
10105,kia ijo deuxusy‑ki ratxireri tasy tule debonadimy ratximyhy kia tieresynadile ratxireri,Karajá
14600,— gebuje bit samaria eipi bewiat oajem cucum pima ixe e dag samaria eipi watwat judeuyu kay'um cica ip ixe jo buje itabotaidabotbot o'e je'uje'umat kay o'ju cekay taxijo ojuy,Mundurukú
16720,ja¹­nxe³­sxa³­ txa²­nu²­ jo³­au²­ ba³­tis²­jah³­lo²­nu¹­ta²­kxai³­lu²­ su³­na²­ wan³­txa²­ i³­tih³­nxe³­te²­ti³­ai¹­ti²­tu³­wi¹­ a²­nu²­a²­ i²­li³­te²­na²­ a³­yxo²­o³­tu¹­kxai²­nan²­tu³­ su³­na²­ hi²­sen³­kxai³­lu²­ wi¹­lhin¹­sxa³­ i³­u¹­hai¹­nhi³­nxna³­li¹­ nxe³­jau³­su²­ jo³­au²­ ba³­tis²­jah³­la²­ i³­tih³­nxe³­te²­ti³­ai¹­ti²­tu³­wi¹­ nxe³­ju³­tan¹­te²­kxa³­ya³­lhu²­ a²­nu²­a²­ ka³­lxa¹­te²­nau³­xa²­ txa²­wan³­txa²­ ain³­so¹­ai¹­nha²­kxai³­ ya³­lo³­txi²­sxa³­ su³­na²­ wan³­txa²­ yxo²­i²­ain¹­na³­li¹­ a²­kxa³­nxan¹­jau³­xu¹­tai²­na²­ su³­na²­ wan³­txa³­ i³­hen³­txi³­nu³­ka³­txai²­na²­ a²­yxo²­ha³­kxa¹­ moi³­se²­ah³­lu¹­tai²­na²­ su³­na²­ wan³­txa²­ u³­wha²­li¹­jau³­xu¹­tai²­na²­ nxe³­sxa³­ txa²­wa¹­su³­na²­ hxi²­kan¹­ta²­ si³­yxau³­tau³­lotju³­ta³­nu³­a²­ i³­yau¹­u³­nhe³­ta¹­hxai²­ti³­ai¹­ti²­tu³­wi¹­ nxe³­ka³­tu³­ ha²­wxan³­txa³­ jo³­au²­ ba³­tis²­jah³­la²­ i³­yau¹­u¹­nhe³­te³­nah¹­lxi¹­: “txa²­wa¹­su³­na²­ a²­hxi²­kan¹­ta²­ si³­yxau³­tau³­lotju³­tai²­li²­ hi¹­na²­ yu²­na³­li¹­” nxe³­ne³­ti³­ai¹­ti²­tu³­wi¹­,Nambikuára
2708,kakiti iuaa apotiitakaniua nirekari okiniri paoro sotatoakori homano inakaniua ninoa auite kenakoenetari ikinimane xerosaree auakani neenamauatini iuasaakipeka sotatoakori auite anikana sotatoakori imitekana paoromoni kakiti atapakasaakina sotatoakori auite sotatoakorikata iuasaakiika iotoka paoro iaritatinina,Apurinã
15640,ti mꞌ peed du do kan taherꞌoot do sa ha:—baad y bahapah hyy ka sahonh he badak hahy hawꞌaats he haj nꞌaa babuuj ta ha hꞌyy kaꞌeeh doo baad hadoo do moo bꞌook do pꞌop haga do gadoo sed ha ji pꞌop haga do gadoo —nang ma peed,Nadëb
2229,xesosi apakapapiretari: —hirikariko ia teoso aapoko ipi ati pakini otisaaki iuaikana nokitikariko ia teoso aapoko —itxa xesosi,Apurinã
24515,am chalapacuna lulawshi-masitanatacmi balicuc cay paninchiccuna camachinacaycalinanpa yanapaycunayquipa paycunam allin willacuychu wanuy-wanuy lulaycawshipamala clementewan chaynutac juc lulawshi-masicunawanpis cusca paycunap shutincuna cawsaypa ca libruchu juccunawan capacunanpanam chulaycusha cayan,Urubu-Kaapor
2601,mostata pirena ininia xesosi pimaana: —natokopa itxa teoso auitetxi ininiaua kiatokopa itxa axinikiniri teoso auitetxi ininiaua mostata iki atoko itxa kiki takaro mostata ikikiotee oa anee mitape onakasaaki kotipiriki kamari ikoa okatia ikara atoko itxa teoso auitetxi ininiua —itxa xesosi merepanika poiao kakiti auitetari teoso eereka kaiaopokori kakiti auitetari iua txamari iuasaaki satanasi apoka ninoamoni kotipiriki apokini atokokana,Apurinã
12636,miriri pe ri uyepotorikon eraꞌtiꞌpi pedro eraꞌmai mori pe eraꞌmaꞌpiiya teraꞌma uyepotorikonya yeꞌnen pedro enpenataꞌpi iꞌ taꞌpi uyepotorikonya piꞌ —siriripe maasa kariwana etun pra tiise eseuriwiꞌne iteꞌka unepuꞌti pepin miikiri taaya kupi siriri —taꞌpi uyepotorikonya piꞌ pedro enpenataꞌpi,Macushi
10167,deuxu aomysydyydu mahadu wedu tule dohodyydu mahadu alobixidu riijemyhyre aolemy jesuisi oludu relyymyhyre kia oraru‑ki rirubunyrenykemy rahaore sowemy iny ruimy relyymy ryimyhy iruinareny wiribi hitxi hitxilera,Karajá
7299,pehe oreiruramo peko jesus'gareheve'ga ja judeus'ga ja – kiroki judeiapeve'ga ojiko cristo jesus'ga rehe onhimono'oga tihendu katu ti tupana'ga nhi'iga javo a'ereki judeus'ga nde'yja'ga ndopotari gajikoga jesus cristo'ga rehe okote'varuhuavo ga pe na jitehe pende'yja'ga ndekote'varuhui pe me ipotare'yma pejikoga jesus cristo'ga rehe ymyahu judeusva'ea ojuka tupana'ga nhi'iga mombe'uharava'ea aere judeus'ga cristo jesus'ga jukai nhandepojykaharete'ga jukai agwamo ga jigwarajuhu ore rehe ore mondovo cidades hugwi tupana'ga ndopotariuhu gandekote'varuhua okouhu ga ojipe'ga ndehe nhaporemo ga aroe'yma,Kagwahiva
9210,pejohayhu katu pejogwerovyꞌa rei-vy pende ryvy-rami pejogwereko hagwa ani pene ateꞌy penhomboete-vy,Kaiwá
13049,hu' xat pu yoam putox xax,Maxakalí
17632,xetamomotyakalati hiye aimenekotya jesus nehitiya: — xoare kakoaite naimenekohena enore koamaniya nawenatyaka motya atyo hatya ohiro xetamomotyakalati iya hoka kaorehititere trigohe hoka hatyaoseta trigohe tamomotere akereta atyo — nexa,Parecis
18642,paha katapo'ijania bivahojaki ida numero onini  makhira onina karajomini ida numero ogahakia biogaki ida nahina nini ida paha katapo'ijani kanumerona ogaharikia ni-biogaki,Paumarí
14913,daomunmunap'a be ip  muom puje jesus deus ekawen muwenuwen o'e galileia eipi dag oeku imuwenuwen kawen idipat muwenuwen oeku soat kaka dag,Mundurukú
21112,hekat rakat yat koro pe tukup­teꞌen kahato seiam koꞌi yt toꞌo­ꞌe­wywuat ewywuat rakaria i iraniaꞌin wuatꞌi eꞌat piat ahenuk hap maꞌato iraniaꞌin aiwy­riaꞌin sese poi hap ewy tukup­teꞌen miꞌi koꞌi yt wetup kawiat yn i irania kuiꞌa kawiat irania yi kawiat irania hekat rakat kawiat imehit rakat miꞌi koꞌi heiam wati­pueti getap wato pe,Sateré-Mawé
9653,oi vaꞌera pene paꞌu-my ambue mbue ndive ndogwerojojasei vaꞌe upeixa peteixa ndapejogwerekoi ramo ae ojekwaa ara voi raꞌe kivaꞌe pa oiko tekoha pora-my,Kaiwá
4251,amo ae tupan heko haw pe har ur aꞌe pe tuwihaw henaw pe aꞌe kury yhyk kawaw hekuzar katu maꞌe por herur pa aꞌe kury taꞌe tupan omono yhyk teteaꞌu izupe aꞌe xe naꞌe aꞌe tupan heko haw pe har omono tupan hemiruzeꞌeg wazeꞌeg izupe kury yhyk inuromo hapy pa kury naꞌe yhyk hataxiner uzeupir tupan pe hemiruzeꞌeg wazeꞌeg inuromo taꞌe aꞌe tupan heko haw pe har wapy aꞌe xe,Guajajara
9449,ogweru ixupe kunumi hikwai ha anhay katu ohexa ramo hesu-pe omboheteryryi-ma mita kunumi-pe hoꞌa oho-vy yvy-py ijapajerei oiko-vy yvy-rehe ijuruyjui ramo,Kaiwá
3206,nepyramo ola aituo myakawam emetobyry arala xuize odopadylymo jerusalemram tuguanse myakawam nhuinlymo,Bakairi
6470,pida aɡoyakadi doɡodipegitalo jesus leeɡodi niɡijo noiigi-nelegi odaa joɡodalaɡatetibigimece diimigi lelaɡa odaa joɡowo lawimaɡajegi niɡijo diimigi lelaɡa ditibigimedi niɡijo aneitedice jesus niɡijo noɡowo lawimaɡajegi nelegi odaa joɡonikatini niɡijo alejaado,Kadiwéu
17573,jesus atyo kalorexe sacerdote tyaonita womana waiyexe tahi wiraetere atyo wiyekohase sacerdote tyaonitere akiti kalorexe sacerdote enokoa tyaonita tyokita enore kinaterexe nokahakala fihini maniya hakita enore hanako imiti taose sololoitere xaihako maniya enore nomane taita atyo hatyo hati maisa atyo halitinae nomane xini,Parecis
20107,iwatsahi mopykwy haiwytsa ty nisizyzykiknaha ihaiwytsa mytoriwytsa ty satuk satsuk nikaranaha niahatsahi panu estuba ikputokwy bo zikyikikzonaha iwaze tsaraha nimyra wataba niukuru ana panu tsaraha zopok humo niukuru tsaraha puetsikbyita nimyra humo tazik zopoktsa inabybyknahaze iwatahi tsaraha tazik tsaraha tsuno humo niputazik anaeze nimyra pihik pukezi tsaraha nipyri batu hawa tohi zikaha iwaze pihik ihiridawy wa niukuru tsaraha itsihipyry taba niaktsatsakak iwatahi tsaraha puetsikbyita niboborobaik,Rikbaktsa
25009,zezusi ha roti te te waihu'u pese wa ma to ama tatob'uzu za'ra ni isimirowaihu'u na ha,Xavánte
22424,ina yumopa xanehiko: —‍koatimea urukovopiti ndemoniu koesayu'ixoti iseneu ikitixinake apeti kaha'ati koepekeopi —‍kixoanehiko,Terena
11613,jarejuwarete ꞌga remifutar imu jane rekoramu nipo jejui ꞌga rerowiareꞌema ꞌga jane rereko tyweri futari aꞌjea futat,Kayabí
11921,aꞌeramu ore arawau ꞌga nupi jejui ꞌga uꞌarasiga rerawau erowaema ita kwara upe ita kwara rawopytymawamu ꞌga itauu monou imyina iawopytyma,Kayabí
5748,haꞌe nunga rupi ajapurave tema ambou agua pexa ju vy perovyꞌa agua haꞌe xee voi ndaxeporiau vaipavei agua,Guarani
12584,timeruntiri ke tiaron yepiꞌtisaꞌ tiuya epuꞌtiꞌpi jesusya miriri pe ri eeraꞌtiꞌpi arinikon koreꞌta —aniꞌya uyapi piꞌ nai upon piꞌ —taꞌpiiya,Macushi
3097,moises ezewenry ara adataoybymoem wane idanara moises inweniby agueho ara anipyramo ola “xina eynynonro akaemo” takehomoem kula ara madataodyzemo awylymo,Bakairi
23602,espirito santo yeekahase nii' yɨ'ɨ mɨsa me'ra niigɨ nee waropɨre maata a'tere weretiwɨ ni'karoaka yɨ'ɨre o'oo'kɨ tiropɨ wa'agɨ wee' yɨ'ɨ toho niika tɨ'ora nee ni'kɨ yɨ'ɨre “no'opɨ wa'ati” nii seri ya'a wee' meho bɨha weti wioritika',Tukano
21078,iꞌewyte atikyꞌesat uhehay ehehay wo topyhuꞌat einapin uhepiat hap ok ta e miꞌi hawyi eimi­muꞌeria uimohey haria atikyꞌesat uhehay nug haria wo teꞌero­pyhuꞌat e atikyꞌesat miꞌiria uhepiat taꞌatu­napin hap nug haria wo tukupteꞌen at kaꞌap takaria hap atikyꞌesat e miꞌi tupono eweiwat ro iraniaꞌin ywania yne muꞌe hamuat turan ti aru yt eiweran hin i eweiwat katu­pono uito ti aru areto eiwywo aikope aikope eweiwat hap upi areto wy eipo­wyro hano areto wuatꞌi eꞌat pe ikahuro hap putꞌokꞌe hap kape areineꞌen eiwywo wuatꞌi eꞌat pe e iesui ahepe temiitꞌin me toran naꞌyn uimiwan uito ti iesui eropat hat sese mekewat  ok takat mateu,Sateré-Mawé
2543,iuasaaki simao apaka auikari ipatxisataaka ininia isari piripi sinimoni kotxi itsorikaata posotiiretxi kakiti mimarotakiniti itikasaaki,Apurinã
3730,cristo xura kydawylygue tokaleoem lela kura awylygue ura kywymary jesus cristo xuraem iewanugue kula etadadyby aurudylymo xuraem mitomoem deus agasedaymo maka ize ato ara amidylymo aguehobyry amanhedylymo wara ani maka ize awyly awylygue maka xunary ara lela aitaunga,Bakairi
13307,topa te hapxop xohix miy ha hapxop xohix ya' max 'apu hampe'paxeh hok ya hapxop 'um kummuk 'apu hapxop xohix pop nuy topa pu ham'aktux hu: “'amax hapxop max puxi'” kaxiy topa yog ham'aktux xip ha tikmu'un te topa pu ham'aktux puxix topa pu hapxop xohix 'umax,Maxakalí
14028,imeneju: — waram jewebumun cuy ip itop'e'u'ibiyu yaypan'isuayu — i on e'em — waram jewe'ita juy ip — i on e'em — xipan cuy ip jeedop je'iyu kug — i on e'emwaram ip jewebumun puje wuymuy ba'ore je'e wuykay'umayu be,Mundurukú
3877,aituo ani yam aguely: “saulo kydamudo ideusry aduakely tamaryem adienkylyla ayam tiuntuen-hondyze ato jesus maendyse maka jesus adyka inakanhe aitanry jesus lelala ayam aguely maindadyse maka,Bakairi
20069,iwaze sesus kakazo niyze nihyrikosokda,Rikbaktsa
16398,txa²­nu³­ka³­txai²­na²­ so¹­lxi³­ sa²­hau³­ko³­tain¹­sih¹­nxa²­ha¹­jau³­su²­ i³­ye³­kxi¹­nxa²­ha¹­i¹­ hai³­txi³­ yuh³­xan¹­ta³­ko³­xan¹­tu³­ka³­txi³­la³­ yxo²­ha³­kxa¹­ i³­ye³­kxi¹­nxa²­hxa³­i¹­ yxan¹­ta¹­ txa²­nu³­ka³­txai²­na²­ so¹­lxi³­ u³­hu¹­san¹­tu³­ka³­txai²­na²­ so¹­lxi³­ i³­ye³­kxi¹­nxa²­ha¹­i¹­ wxa²­nu³­ka³­txi³­su²­ nu³­nha²­kxai³­ ya³­nxa²­ha¹­i¹­ txa²­nu³­ka³­txa²­ wxa²­nu³­ka³­txi³­sah¹­lxi¹­nha²­kxai³­ wxa²­nu³­ka³­txa²­ sa²­kxai³­lu²­ txa²­nu³­ka³­txi³­su²­ nha¹­ha²­kxai³­ nxe³­ki³­te²­jai¹­ti²­ti¹­ a²­nxe³­tu³­ka³­txai²­na²­ sa²­kxai³­lu²­ e³­le³­na²­ yxau³­sxa³­ wi¹­kai³­yxau²­xai³­lain¹­na³­li¹­ wi¹­kai³­yxau²­xai³­la¹­kxa²­ ya¹­xain¹­na³­li¹­ ain¹­sxa³­ txa²­wxi²­kin³­ti³­to³­na¹­ju³­ta²­ a²­nu²­a²­ yxo²­ha³­kxa¹­ i³­yau¹­u³­hain¹­na³­li¹­,Nambikuára
11424,aꞌere jane nanarui ywag ipe oo maꞌerama futat jane aꞌeramu jane jarejararete ꞌga rura rapesaka jarejemogyau anurenureꞌi nipo jejui kristu ꞌga ruri ywag awi aꞌeramu jane jarekatuꞌokara ꞌga rura rapesaka jarejemogyau,Kayabí
15715,ti hyb nꞌaa ta see baad be gado ba ta wob sa mahanh nesaa do be moo boo dak pꞌop haga do ky nꞌaa jawꞌyyk do be taky nꞌaa ety dak tii ba ta ky nꞌaa jawꞌyyk do be ky nadaheeh do hyb nꞌaa,Nadëb
10132,ijo yju tajurona‑di ruronyre tii heka debo sohoji hewoludu rare raholare heka rybeo‑o womati xiwenao‑ribi rohonyre xiwena‑o heka inaubiowa sowe kia womati tyryry xiwena heka deuxu rynanako ryire kia yju‑o heka rarybere ijurona dinodu wahe: —inaubiowa yju besedyynyke ixinamy rohonyke tii heka bero nihiky rotena‑ki bero eufratesi‑ki tii heka rotena‑ki ratximyhyre kia bededyynanau kia txuu kia ahaduu kia beorau iribi tahe riolodyynyrenyre iribi tahe ihewoludu iny ibutumy rahure iyreyre inatao hawa jurajuramy heka rahure inatao jura‑ribi sohoji sohoji rirubunyre,Karajá
19111,disse-lhes entao: a minha alma esta profundamente triste numa tristeza mortal fiquem aqui e vigiem comigo,Portuguese
19987,semelhantemente a lingua e um pequeno orgao do corpo mas se vangloria de grandes coisas vejam como um grande bosque e incendiado por uma simples fagulha assim tambem a lingua e um fogo; e um mundo de iniquidade colocada entre os membros do nosso corpo contamina a pessoa por inteiro incendeia todo o curso de sua vida sendo ela mesma incendiada pelo inferno,Portuguese
22492,yane vaukexo neko okopoti etevaum exexo kixonehiko keno ya vo'u koane uha ko'iyea ehahikeovo namukoponea etevaum yane kahakoane meukeke yane pitivoko ina hepokoahiko ya mopoi enepohikone koyuhoti akoyea aunati ituke etevaum veyopohiko kapana muyokuke ina kurikoahiko xoko homoehou koehati saulu,Terena
982,ourutopopyryko ya ekaroko roropa ase imehnomo a joepyry ropa imomohtoko tykase jezu eya xine,Apalaí
12729,uuri wani yarimasaꞌ pe paapa narimaꞌpi pe judeuyamiꞌ pepin yenupanen pe amenan itekare yairon innape ikuꞌtoꞌ yekare ekaremeꞌnen pe inna piꞌ ri eseurima siriri seruꞌyeꞌ pe wani pepin siriri,Macushi
14673,eykukpin cica oxe- -soat wuyju jesus cristo eju mug'i jekukum puye iburu ma,Mundurukú
1198,hamri nhum jejus meho hkrata pe o pawti jamy ne o xa ne tirtum ma hare ne kam:—pa papaj na ka hte me inhma me inho ho apa am kapxipix amex o amex anehamri ne me inhma pawtija go pa me o ri me hkri xwynhje ma or o mra ne ho me piita me hipex pa pawtija am hkryre hta nhum jejus tanhma ho nhum ra ohto rax kumrex jakama pa me o ri me kam or o mra ne ho me piita me hipex pa nhum jejus hpanha tep axkrutreta py ne ma ho ane ne tirtum ma hare hamri ne amnhi xo ri me inhma kugo pa me ma ho ane ne te ho pawti nhipex pyra ne ho me piita me hipex hamri pa me ixpiita apku ne inhohy htu nhum ari meo jakrex kwy hpra hamri nhum jejus me inhma:—e kwa me hkot mra ne meo jakrex o akupro ke omnu hket ne ane,Apinayé
6525,leeɡodi me ee nebi cristo odaa jowooɡodi codaa ajawienataka me diɡica niweenigi ane daɡa yakadi me jelicaɡa daɡa leeɡodi moibootiogi niwicidi pida nigica ane diletibige diɡica niweenigi ane daɡa yakadi me jelicaɡa leeɡodi moibootiogi niwicidi nige yeligo niɡica niweenigi odaa ja dibata,Kadiwéu
14373,— bay en xipat cica — io'e deus pepao'a o'yadakat gebuje: — korosa be obamupaya ip iap kay juy epegebu ibeat'a o buje — io'e jebekitkiyu be — oje'u eywebeam — io'e cebe ip — pao'a juy epeya'o we'uap kay eyegebu am — io'e,Mundurukú
21384,miꞌi turan paꞌi koꞌi teꞌeru­waꞌa­tunug naꞌyn wetup ok paꞌi poꞌog iwato rakat kaꞌiwa e hap hat rakat yat pe teꞌeru­waꞌa­tunug pyno yne yne toꞌe toꞌe paꞌi kororia iraniaꞌin wywo,Sateré-Mawé
20365,— hozipyrykzatsa tsihitsa se sizubaretsa hozipyrykzatsa my estuba myzara zeka hawa sa my ustsa ty ka arek niy hara buruk zitahadisahakanaha iwatahi nizarata hapik niukuru nizarata piberiki tyberi beri wasani ibo zuk niy,Rikbaktsa
18886,hari vahojamaniha adani gamo ava akasanakhamaki kania abinina vanokivini napaja pa'itxia galileia kaarabonia jesus hojana kari jesu-ra vavaipohihabakhia'iki adani gamo jesu-ra vakaijahitavini jaboni gamo vahararana vahojaki adani maria madalena tiago jose vihiki vakadiamia maria oniki jaboni hojaki zebedeu kaisai vakadiamia jaboni hojaki gamo vahoariha vakadiania,Paumarí
9559,upei omoi hesa ari opo: —xe reroviaha-rami pehexa pora katu heꞌi hesapyso eꞌy vaꞌe-pe upe ramo hesapyso pora-ma ha hesu ndohejai omombeꞌu ojehegwa: —erekwera hagwe anike eremombeꞌu mbeꞌu tei avave-pe heꞌi ixupe omanda pohyi-vy ha okwera vaꞌe katu ojoko ramo jepe ixupe ose joty oho-vy omosarambi raꞌe opa-rupi herakwa oho joty opa-rupi upe yvy-rupi osarambi joty raꞌe,Kaiwá
25110,— ihe te te 're wa'aba — ane ma to sada'a pedru ha tawamha pedru ma to aze 'ri para u zezusihi zarina te te ama sadanhari da sebre wamha ma to zezusi ha timreme na soza pedru ha: — sima e niha ma asimirosa'rada iwaihu daro mono ba danhib'apito nori ma e 'wam nori ha te rob'uipraze ha te te tama 're po'o za'ra e isib'a'uwe nori ha e darob zo te te da'ama 're i'ai'ute za'ra mono nori si te za te te tama 're po'o za'ra — ane te sadanha zezusi ha,Xavánte
23050,toopɨ kari ape nɨmɨ pe'e surara dɨ'poka me'ra wa'a'kara toota mahami tohati a'titikara niiwa jerusalepɨ naa yaa wi'ipɨta taha cavaloa me'ra wa'a'kara di'akɨ paulo me'ra yɨ'rɨakara niiwa cesareiapɨre,Tukano
1419,pahi tawi kep tirtum nhy ha kaper jarenh o pa xwynh jakama nhum tirtum kam hkanreha htamnhwy jejusja kukama hare ne kam: koja nhyrma akanreha atamnhwyje ho amyr pe apyra ne me ho amnhiptar o pa am hamri na pa ama ja jare ane nhum pre a tirtum tawi ma me pakaxyw am ma xwynhta jarenh ane nhum kuma ne mar tyx jakama hkukama htyk ne akupym htir a hare ne ha kaga ne ha kaga ho: koja tirtum me htykje kama hkaro rer ket ne nhum aa i omnu ne hkro ket ane a na pre finat tawija jejus kris kukama hare ne ha kaga ane,Apinayé
24357,niptinmi: “mana uchucllapis llaquipayculcha chay pasaypi nunacunata lluy wanuchin'a jinalculcha juc allinnin nunaman uycun'a pay imaypis partinta uycunanpa” nipacula,Urubu-Kaapor
1049,pawre kot jejus mex o mex a me grer jarenh ne jejusja mex o mex amnepem korma me pahte harenh mar ket ta pu prem harenh ma hamri ne mex o mex a pagrer o papa ne pagrer o: kris kep mepahpam ta na pre me pahwyr wry ne me pahpyra ne i ho i ne kato nhum pre tirtum karoja mex o mex a hare nhum tirtum kaper o me wryk xwynhjaja omunh o pa nhum ahpynha pika piita hwyr tanhma kot me pane amnhi nhipex to ha harenhja anhgra nhum hte me hkwyjaja harenh ma ne amnhi kaxyw hkot hamaxper ne hkot amnhi xunhwy ta nhum pika kama apenh jatur xam kume nhum tirtum akupym amnhi wyr ho api na pu htem a jejus mex o mex a pagrer ane,Apinayé
6447,odaa jeɡeetediogi “igaamenitiwaji ina me iote anicootiniwacetiwaji odaaɡipokitalo aneotedoɡoji me daɡa ikateda me oeni ane beyagi nigetiɡadicini”,Kadiwéu
24274,chay niyaptinpis chaychu ca puydi sasirduticunami lluy nunacunata jicutacuyala barrabasta cachaycachinanpa,Urubu-Kaapor
25630,'re ihaimana u'asi mono zadawa wasu'u ha iwasu'uwe ha wawa'a ana wa to aima wasu'u za'ra wa'aba ni wama asawi pese za'ra wa'aba wa taha wa aiwi 're wasisawi za'ra wa'aba mono o di wa te 're aipawaptob za'ra wa'aba mono to da to sena a nori wa'wa ha wama asawi uptabi za'ra wa'aba di,Xavánte
15728,hyy ka nagꞌaap he tsimoot kaja na be we hana doo baad be ky nꞌaa tabaherꞌoot baad jesus ha be hꞌyy kaꞌeeh tanooh baad ta wob be kamahan tanooh be hyb nꞌaa esꞌee hadꞌyyt he mꞌ aah tanooh takꞌep ma be karen be we aa bahegꞌaas tanooh tii dꞌ ne aa karen ne he,Nadëb
1090,hamri nhum me meo pika kama piita ri axpen ma harenh o pa,Apinayé
20751,sesus nury ziytyknaha kyze nubaze sose arimeteja ezekta zumu tsinamyreta niy atakta niwatihi sesus tuk zinymyrykyta niy piratus bo izumu sose: — o sesus nury ty uta kabokta piratus uta iytyk bo mytsahorok — niy yhy niy iwaze sodadu pe: — sesus nury ty sose bo nynyty — niy iwa hy,Rikbaktsa
4387,aꞌe ꞌar mehe we ywy uryryryryz tuwe kury tawhu pehegwer uꞌar aꞌe teko teteaꞌu wazuka pa uryryz mehe aꞌe teko wa teko wikuwe maꞌe ukyze katu izuwi aꞌe wa kury tupan ywate har ikagaw imumeꞌu ahyahy pa aꞌe wa kury — azeharomoete tupan ikag aꞌe iꞌi izupe wa,Guajajara
25510,tane nhere ni'wa ha si'uiha na 'rawi si'uwati waihu'u o di mreme wasete to da ha danhoto ha dama 're ihaimana za'ra mono ha ta ha iwasede wahi 'wa wa'u ne dapari'wa damreme wasede ha,Xavánte
2441,ininia xesosi: —kona kona setxikatani papakapari iua setxikata seteta papakapari iua ininia atipirika papakapariko,Apurinã
17901,xakore hoka kalore atyo xairakoaneharetyati kakoare exahe xawaiyetyati xoaha kakoare atyo ekamane akereta ene wisaonita wimatyakekonene hiyeta hoka ekasekiheta wiso cristo wityakekohenere hiyeta hiyaiya enore nawaiyexehare hiyeta atyo xikaiyakeheta,Parecis
7499,moisesva'ea okwatija tupana'ga nhi'iga inoga pe me hako emo pe napehendukatupavi aheremimbo'eagwera ei ga maraname pe ji jukapotaruhutehei ei jesus'ga ga pe,Kagwahiva
23427,toopɨ yuu kuegɨ weesami o'akɨhɨ nii pe'tira kɨɨre i'ya tu'ti'karare doka ke'aka weeka be'ropɨ wee du'ugɨsami,Tukano
11731,jarejuwarete ꞌga ree iporomutat maꞌe “mamaꞌe tywera aporamu jane jemogyi jarejuwarete ꞌga kurapara ꞌjawewaramu ꞌga upe” ꞌea ꞌa ore ikwaapa maꞌeramu ꞌa ore kyjei mamaꞌe tywera apo awi maꞌeramu ꞌa ore pe muꞌei mamaꞌe aꞌje are te ꞌga nane ore imuꞌjau ee aiꞌi nu janeruwarete ꞌga orereko esage kwaapa pee ikwaawa nane esage jee nu,Kayabí
7377,igwete jesus'ga ei ga pe: —‍maramomi pe herekoi paes peho hepiaga igwete ga hoi hepiaga ga nduri imombe'gwovo ga pe —‍cinco ei ga dois ga gwereko pira no ei ga ga pe,Kagwahiva
6810,pida ajemaanaɡa diɡidokee milaagitice niɡida nibodigi ane yalaɡata niɡida niciagi odaa ele me idoienaɡa codaa joliiɡatema me daɡadiaa onotaɡaneɡetiniwace niɡina noiigi codaa doɡoibake liboonaɡadi jesus”,Kadiwéu
11727,aipo ꞌerauwe judeu ꞌga ojeꞌegaiwamu ꞌga ree: —kuu “ywag awi ꞌurete maꞌea je ꞌa aeremiꞌuretea je” eꞌi ꞌga ꞌa janee— ꞌjau ꞌga ajaupe —najose ꞌga raꞌyra rui te ꞌga jepi naaipo rui te jejui ꞌga ako ꞌga jara ꞌga ore orokwaap maꞌeramu gatu nipo ꞌa ꞌga ꞌi poromu “ywag awi je ruri” ꞌjau ekoete— ꞌjau ꞌga ajaupe,Kayabí
14070,— “xipat” cekariwa o'e cebe “xipacat en wedinheiro'a muxipan cica en yopit ma o'e en pit wa'o dag imuxipanpan cica owebeam — “imeneju ade obubut muxipan ece owebeam” io'e — io'e jesus — “ga'a peta oguge gasu acekonkon” io'e cekariwa,Mundurukú
24607,niptinmi jesus nila: “callpanchaculcay masqui may sasa yaycunapa quichqui puncu captinpis chay puncup may-chicach yaycuy munapacun'a natac manama atipapacun'achu,Urubu-Kaapor
15372,ti mꞌ rabahom pꞌop haga do tob nꞌaa yt ha moo hebꞌooh do sa wahe nꞌaa judah buuj sa wahe nꞌaa we na-aaj he ti mꞌ raky hadoo sa ha: —pꞌop haga do ha aa ky dang dooh aa awa ba dooh aa eeg ba paw-ro aa nanaboh na ba —nak mah,Nadëb
8118,“iso ajag tog: senhor he ti to ha han ajag ti ty sog ajag senhor ni ky sog ty ajag professor ni ge ha ra sog ajag pen kugpe ha ky tog ha ti ajag ty jagne my jagne pen kugpe ky inh ri ke han ky,Kaigáng
12177,moropai miriri wenai mori pe nura pe pra anna yeseru eꞌtoꞌpe yuwa annaya yairi itekare ekaremeꞌtoꞌpe annaya moropai teekoreꞌmasen pe pra moropai eranmira anna eꞌtoꞌpe yuwa annaya moropai mori yekaton wanniya anna piikaꞌti yeꞌka pe tiaronkon saꞌnama annaya paapaya anna saꞌnama waranti,Macushi
21504,ahepaꞌi iesui tikuap kahato ahepiat hoꞌopot hap iꞌewyte ahiag kaipywiat ahaꞌag hap tohaꞌag yne miꞌi tupono ihaky­ꞌeꞌi kahato ahepiat hoꞌopot turan aika­wiano hat kahato topy­huꞌat miꞌi iesui toikuap kahato ahaꞌag piat ahaꞌag hap pote koitywy aipo­wyro kuap kahato ahiag miat aimaꞌat turan aipo­wyro kuap kahato ahepiat hoꞌopot hap eꞌat pe katu­pono toikuap kahato ahiag piat toiaꞌag hap saꞌa­wyꞌi mesu­wa­rote toho­ꞌopot kahato miitꞌin miky­ryꞌi hap ete miꞌi pote aipo­wyro kuap kahato ahepiat hoꞌopot hap ahete turan taꞌi iesui tikuap kahato ahatek hap saty hap mesup watikuap,Sateré-Mawé
26310,ate dja gar metindjwynhma ape nhym arym panh kajkwa djwynhkam ar ama nekrex rax jadjuw kam ne 'ok kute ar abe o apnu ket nhym kanere kute o apnu ket nhym me akinhi kute 'a opok ne o akinh ket,kayapó
26219,djam ar kaprire ne ar te kati ar kinhkumrex ne me runhbe te mykam ne ar kinh bir ar amim —‍be metindjwynh ta ne amim ar ija karon amim “be me kum jeju kure dja kot me kum ar adjwynhdjwy kure” nam a amim ar ija karoo ane nam ar a amim anen arym kinhkumrex metindjwynh ta kute amim ar'a karokot ar tokrykam ar kinhkumrex ne me runhbe te,kayapó
18135,ka'oa hiki hida oathi jahaki bana ida oakara'ona avakadiania ni-jahaki ida ohojaha'oadahana avakadiania ai ohirihi; ni-khaki ada ma'onahai jahaki ai ohihi; khaki bana ada okaronaki bana ada khana avakadiania kakodiahi abono ada ma'onahai jahaki,Paumarí
16371,a³­lo³­xih³­na²­ a³­lu²­tih³­na²­ te³­sxa³­ kwa³­thi³­la³­ki³­a²­ u³­ki³­kuh¹­tu²­la²­ i³­ye³­na²­ u¹­ju³­ta²­ u³­hau³­ko³­te³­lhxa³­ a³­na¹­sxa³­ a³­nu¹­ain¹­sin¹­na²­he³­la²­ nxe³­ha²­kxai³­  me²­tros³­ a³­nhau³­ko³­jain¹­sin¹­na²­he³­la²­ nxe³­nu²­la²­  me²­tros²­ a³­nhau³­ko³­jain¹­sin¹­na²­he³­la²­,Nambikuára
23844,toho niika tɨ'ogɨ pilato barrabare du'u wirokɨ niiwi jesu pe'ere tara dutikɨ niiwi be'ro kurusapɨ surarare paa bi'pe wehe dutikɨ niiwi,Tukano
16269,nxe²­nxa³­ha²­kxai³­ yuh³­xai²­nan¹­te²­a²­ ko³­nxe³­ti³­ kai³­tu³­ka³­txa²­kxai³­lu²­ ka³­yxuh³­xa²­ ya¹­nxain¹­na³­la²­ nxe³­te²­a²­ ka³­yxuh³­xa²­ kwa²­ha³­lo²­a²­ ai³­te²­ju²­he³­la²­ ai³­te³­na¹­ a²­nu²­a²­ hi²­sen³­kxai³­lu²­ wa³­ka³­to³­kxi²­sa²­ha²­kxai³­ a³­nan³­kxi²­te²­ju²­he³­la²­ i²­li³­ju³­ta²­ te³­nain¹­kxai²­nan²­tu³­ ai³­lyain¹­te²­ju²­he³­la²­ su³­na²­ wan³­txa²­ nxu²­kwai³­yxau³­te²­sxa³­yu²­he³­la²­ a²­nxe³­ tu¹­ka³­txai²­nan²­tu³­ te²­ya¹­nxain¹­na³­la²­ yen³­kxa²­ ko³­nxai¹­nxa³­kxa²­ ko³­nxe³­ti³­hi¹­tain¹­na³­la²­ ja¹­nxe³­jutsu²­ tu¹­ka³­txai²­na²­ sa²­kxai³­lu²­ ka³­yxuh³­hu³­yai¹­nha²­kxai³­ i³­ya²­lutsxa³­ hxa³­tain¹­tu¹­wa²­ ko³­nxe³­ti³­ kai³­ai¹­nhxai²­na²­he³­ nxe³­ju³­tan¹­te²­kxa³­ya³­lhu²­ kain²­ khauh³­lxa³­tain¹­tu¹­wa²­ a³­lan²­ta²­ hai¹­nxa²­ ko³­nxe³­ti³­ wa³­ni³­lon³­ju³­ta²­ so¹­lxi³­ yxo²­kwai³­nain¹­na³­la²­ yain³­kxi²­nyhu¹­ah³­lxin¹­kxai²­nan²­tu³­ au²­lxa²­thin¹­yah³­lxi¹­nha²­kxai³­ ko³­nxe³­ti³­ kai³­yah³­lxi¹­nha²­kxai³­ nxe³­yah³­lxin¹­tau³­a¹­ kwa²­ wi¹­lhin¹­ki³­lxo³­yxah¹­lxi¹­lxa²­,Nambikuára
2540,pinirekiniari pauini ereka inini pitakanapariko maerekati pikamini erekarinoka pikamako pitakanapariko pineenamauatini pinirekariko kakiti auini ereka inini,Apurinã
17923,maisa atyo xalahare enore haliti waiyexe aokare enawenane xaotyakiyaho xema hiyeta hiyaiya exakere atyo iraiti waiyexe nexa: “enore ityakekone hiyeta haliti waiyexe aohetehenere atyoite tyaota mene hatyakekone hiyeta” nexa,Parecis
10791,widee raryberenyre: —mowexe mana ritakre ijo‑ribi tahe tuu robirenyre mana nihiky ritamy ryire,Karajá
23512,kɨɨ toho weeka i'yara fariseu masa ua wiha wa'awa toho ua wihara “de'ro wee jesure weherasari” nii apokara niiwa,Tukano
5412,anhete aipoaꞌe pevy trigo raꞌyi yvy py ndoꞌai haꞌe nomanoi vy petei haꞌyiꞌi ae ꞌra opyta haꞌe ra omano vy ma hiꞌa retave ꞌra,Guarani
4048,azeꞌeg putar herupi umaꞌereko maꞌe aꞌe pe har pe kury — epytywa aꞌe kuza ne wa nehe ty emupytuꞌu kar wazeamatyryꞌym ire ne wa nehe ty taꞌe kwehe mehe umaꞌereko katu oho herupi aꞌe wa xe awa keremen her maꞌe aꞌe no umaꞌereko katu oho herupi aꞌe no amogwer herupi umaꞌereko maꞌe paw rupi aꞌe wa no tupan umuapyk waner upape rehe aꞌe wa no amogwer uzepyr wiko maꞌe ram waner wanuwake aꞌe wa no,Guajajara
14449,— jerusalem ka kay juk ocepit — io'e — deus eju kawenwenap'a be oju jekawen am deus eju deus ekawen kay gebum pima wuykukukat ojojojo wexey jo'iat pe — paulo o'e — gebuje wuykukukat o'jekawen oweju — “daosuw” i adi o'e owebe “ejem cuy jerusalem ka bewi ijopka beayu itabut gu je'e ip ekawen kay cedag ma'gu en omuwenuwen” i adi o'e owebe wexey jo'iat pe,Mundurukú
15567,ti hyb nꞌaa tawꞌaats he hꞌyy kasada doo me pꞌop haga do ky enyym do we er bahom ji hꞌyy kasada doo me ji ky nꞌaa etsee tahanang pe ta we ji bahom doo  er tatꞌyyd mehiin hyb nꞌaa taky enyym doo go er tamasa hyb nꞌaa baad tanadoo noo go er ha,Nadëb
24211,llaquipayninmari cay pachachu mana allincunapi wanachimanchic jinaman'a mana allincalla caya pachachumi allin tantiaywan tayta diosllap munayllanchu cawsachimanchic jinashancamam suma wanupacushanchicta cushisha alcanchic: suma dios salbamaninchic jesuspa suma cutimuynintama,Urubu-Kaapor
19060,ele respondeu: todo aquele que se divorciar de sua mulher e se casar com outra mulher estara cometendo adulterio contra ela,Portuguese
10717,ibutumy raorarunymyhyre deuxu obitina tamy rauhenymyhyre,Karajá
15406,ti mꞌ an-dereh mahuum kan simaw jesus we ka ti mꞌ jesus begaa dak simaw we ti mꞌ taky hadoo ta ha: —om ne simaw jowaw had nang do tꞌaah om jowaw see ta ti simaw yb dooh jowaw nu gahemꞌuun do paa tado ba dooh na-aaj he ti jesus ma meteek do seeh jowaw had nang do tado ba hajok jowaw had enah doo —nang mah —hy jawen sepas a had ka —nang mah peed rahanang pe ti ta tii sa kyy me ti sepas “pa” rahanang pe mꞌ tii,Nadëb
