index,TEXT,LANG
20541,sudeutsa sizubaretsa deus bo mysioktyhyryk tubabatu deus harere papeu humo ziwatahaka: — mymyoktyhyrykta sia ezekta sako tsekokatsa sudeutsa simysapybyitsa tu nikaranahaze nisiokzohik ispiriktsokdata wata,Rikbaktsa
9784,teko rei reko-rupi ndoikovei-gwi ipoti-magwi eheja katu toiko ne iru tee ramo anhetegwa tee vaꞌe ne nheꞌe ne nheꞌe rendu ramo emoingo katu ne iru tee ramo,Kaiwá
10443,txitxio ibutumy waaomydyynana adeereny relyykre tii waityhydyydu seriore waluumy rare tii rybedu obiti iny‑wana ratxireri adeereny reteonyreri waaomydyynanareny erydyynamy awo deysadyymy,Karajá
11821,jerusareg ipewara ꞌga nee ꞌga ꞌarasigawet aꞌe pype fariseu ꞌga amu ꞌua ojeꞌega jejui ꞌga upe: —ekaꞌjam ꞌaw awi ewau erote ꞌga ene juka are ifuewet aꞌeramu ene ewau ꞌaw awi ekaꞌjama kwe pe— ꞌjau ꞌga jejui ꞌga upe,Kayabí
19100,porque para mim o viver e cristo e o morrer e lucro,Portuguese
9671,ha oi heꞌi vaꞌe “ojekwaa ramo cristo ki-gwi po ojekwaa uka ou-vy vaꞌera avave ndoikwaai” heꞌi cristo hemihaꞌaro vaꞌe-rehe heꞌi upea-gwi heꞌi ojoupe: —ha upe vaꞌe ae katu ki-gwi po ou raꞌe jaikwaa voi ogwaheha upe vaꞌe ndahaꞌei nipo cristo raꞌe heꞌi moꞌa hese jerusalem pygwa kwery,Kaiwá
2222,pinirekakiti pirena —kona hixinikapiri nota ikorapokoriti napokini neenamatxi nixipokini ikapani kotxi kakiti auikari nisakire ininia eereka apanakini omanatana kona neenamatxi xipokapanika kotxi nota minari niposotiire maerekati nixipokini ikapani,Apurinã
5321,mbaꞌeta omaꞌe xee hembiguai yvyiꞌi vaꞌe aikoa re haꞌe ramo ay guive xevy “ovyꞌa ete” heꞌi pave ꞌra mbaꞌeta ipoꞌakapa vaꞌe ojapo pora xevy ikyꞌa eꞌy vaꞌe hery vaꞌe,Guarani
12536,miriri yeꞌnen ituꞌse tiweꞌtoꞌkon yawiri teesenumenkasanon pemonkonyamiꞌya paapa yapuri pra awani miriri tiise paapa yeyaton pe toꞌ koꞌmami miriri maasa pra teserukon yawiri toꞌ koꞌmami yeꞌnen paapa maimu yawiri ikupi toꞌya eserike pra awani yeꞌnen,Macushi
13573,tu: —‍ma' yayhahup nuy hapkummuk miy kux ya honha topa te 'axat nunte' kaxiy ya homa tik hittap 'iyait te yoam 'aktux 'iha topa pupi ham'aktux yiy: “tik xip ham panip xexka tu' tu' yiy ka'ok tu: 'apu topa yog putat max miy nuy topa pu putat kohe tu' yoa'” 'ukux kaxiy,Maxakalí
4803,naꞌe zutew aꞌe wa upyhyk xoz heraha tuwihaw kar her maꞌe huwa rupi wa upetepetek huwake wa nuzekaiw kwaw tuwihaw wanemiapo rehe aꞌe,Guajajara
14924,— wuyebay xipat cicaat soat em ixe buxim cuy epesop- -wuyebay icemat puxim cuy epesop- -kabi beat puxim — io'e jesus,Mundurukú
5729,fariseu kuery pe jesus ijayvu eteague fariseu kuery haꞌe nunga oendu vy ojojai rei okuapy perata re ndaꞌeveive vaꞌe vy,Guarani
26446,ne kam kot ba djwynhbe jame ro'a ruw ne pyka kenh'yr box ne kam kam meo dja nhym me kot ba kajgo ne me 'a kumex nhym me katamjadjwy jeju'yr mon box ne 'a kumex pykabe djudeja kurum me kraptime kriraxbe djeruxare kurum me kraptime ngo rax noka'a pykabe xirume xidome kurum me kraptime me tam ne me akan jeju'a kumex me ja ne me 'yr akupro 'yr bikpronh ne kute kaben mar nhym kute apynh me kane djari meo mexma ne me 'a akupro nhym me karo punu kute meo bajadjwy mekot 'yr mon box nhym kam mekam me karo punuja jano nhym me arym mex ne nhym me itepato kute jeju kupenh pram nam jeju tu tyxkumrex nhym kurum uma apox ne me kunio mex kam ne me kuni kute jeju kupenh prama,kayapó
13297,tik tup xop 'apu tik hitap xop 'apax nuy 'ayipkox pi' 'apu yay kutognag pe'apaxeh nuy noy ha 'atehet ya topa yog tappet te: “topa tep-tup'ah yay xexka pe'paxex xop pa topa te yay kutognag pe'paxex xop pu hammaxnaha'” kaxiy,Maxakalí
16667,nxe³­jau³­xai²­na²­ so¹­lxi³­ i³­yau¹­u¹­nxti³­hxai²­na¹­tai¹­ti²­tu³­wi¹­ nxe³­na¹­jutsu²­ a³­waixkxi²­na¹­hi¹­na¹­ ah¹­i²­kxi²­xi²­sah¹­lxan³­tho³­li¹­,Nambikuára
8575,ky fag ra nyti kar vy kameg mu ky venh vi en tog venh kar kri rum mu ga ty judeia kar mi ha venh kar tog ty vemen kan mu ky u ty meg mu fag vy to jykren mu “gir tag hyn he ri kenh mu” he fag tog mu tope vy ti ki rir ha han ha ky tog fag my e ti,Kaigáng
23724,diakɨhɨta nii' mari eho peose too dɨporo masa masiti'ke nii' meho niise nii wee' ayuse waro nii' a'tiro nii': o'akɨhɨ makɨ masɨ weero noho ɨpɨtigɨ a'ti nukukapɨre bahuakɨ niiwi espirito santo kɨɨre “ayugɨ waro niimi” nii were bahure'kɨ niiwi o'akɨhɨre were ko'tera ɨ'mɨsepɨ niira kɨɨre i'yakara niiwa kɨɨ yee kiti a'ti nukukapɨre were se'sa no'o' a'ti nukukapɨre masa kɨɨre eho peoma be'ro o'akɨhɨ ɨ'mɨsepɨ kɨɨre miaakɨ niiwi,Tukano
3098,cafarnaumda jesus xira modo aguely ata tadatadyguyho oday tienomedadylymo ume,Bakairi
10869,iny ityhydyydu seriore rubu‑o aoko oraruna‑txi resekeki tamy deuxu‑o rekexitoenyrenyke deuxu kia riwiohenanykemy ixyby deuxu‑o roosekemy tii rubu‑o oraruna‑txi resekeki jiary adee ararybeokre tamy bexitoenykemy ibutumy obiti aokokeki oraruna rare oraruo rubudyynahyky kidiwahinyokre,Karajá
19566,o carcereiro pediu luz entrou correndo e tremulo prostrou-se diante de paulo e silas,Portuguese
22157,vo'oku uha koeti koekuti apeti koati ituko'oviti pahukoa apeyea ainovo koati ituke pe'u vo'u ainovomaka itukinokonoti itukeovo iko'itukeu ituko'oviti vihayu'ikaikopo ituko'oviti akotinemo hunokoku enomoneoxo akoeneye,Terena
24047,chaycha quiquin puydi michicuca licalimuptin mana camaca suma-suma primiucta chasquipacunqui,Urubu-Kaapor
17656,hatyo hiyeta maika wihalahare enore kakoa exawaiyera waiyexe hiyeta exahe maxaimanehareta isehenere womana haisani haxiyakawalahare xoaha hiyeta,Parecis
6800,mijotaɡa niɡijo oko ijoa itoataale ɡoneleegiwadi anodita himeneu ijaa alexandre ane jajigota libaaɡadi satanas amaleeɡaɡa oyowooɡodi me deɡele me jotaɡanaɡatibige ǥoniotagodi,Kadiwéu
5966,haꞌe rami vy ojerovia eꞌy vaꞌe regua ngoo py pekaru agua penerenoi ramo peoxe vy tapeo haꞌe peꞌu tema penerenonde omoi vaꞌe rei mbaꞌeve re peporandu eꞌy re peikuaa potaxe vy,Guarani
14240,daudaum o'ju ip uk'a'a dag iwataxipipiayu dakoykoy o'tujowat ip jesus kay dobaptup ceje o'tujowat ip iwataxipipiayu o'tujowat ip adeayu o'e “jesus omuyku ijoce” iap pe,Mundurukú
3933,paulo agueze kely umela myani galio judeu domodoram aguely: — ydataunga nhaum kaenagazedaymba ise ura mera uguondo roma donro pyma xunary nhakaduoma taise ura tanagazeze inakanhe aitybyem wara watay taise kaenagazedyly amyguehomo ara maindadyseba matomo aguelygue kula ola maenwentadylymo inakanhe aitobyry wagaba “messiasla awaka jesus” kelygue kula ola maenwentadylymo inakanhe aitobyry wagaba izewenrymola awara adaituoba kula tazewentadyly roma donro pyma agueho makeba izewenkemoba kula aguely inanajimo-ro watay amaemola enagazedaunga awara kaindatondyzeba aze — kely myani galio,Bakairi
19435,quem estiver no campo nao volte para pegar seu manto,Portuguese
2045,teoso okitikari apiananiri xesosi iuaikana auini ikapani ininia aimarotari teoso okitikiniua ate apaka iuaikana aauini ikapani eereka teoso anikauako ate hitekata xesosi aaokitini teoso apisatoo,Apurinã
6274,idiaaɡiwo ica ɡoneleegiwa eelotaginaɡa joneɡeote  nicaaɡape me deelotika jesus naɡa naditedeloco niɡidi ɡoneleegiwa odaa ja yowooɡodi naɡa leegi midi me deelotika odaa ja ige jesus meeteta “emaani me ɡadicili”,Kadiwéu
16775,yxan¹­ta¹­ ju³­te²­a²­ nu³­ka³­txi³­sxa³­tu³­ka³­txai²­na²­ hi¹­na²­ i³­hen³­txi³­ta³­lu²­na¹­he³­la²­ na¹­ha²­kxai³­: — kxan³­su²­ ro²­ma²­nu³­ka³­txa²­ je³­su²­jah³­la²­ wan³­txa²­ yxo²­i²­ain¹­tu³­ka³­txa²­ a³­nxai³­sxi²­lhxun¹­to³­ha¹­he³­na¹­ na¹­jau³­su²­ ye³­jen¹­su²­ a³­wxa³­sxi²­nxti³­lxun¹­sa³­he¹­la²­ na¹­ka³­tu³­ es³­pa²­ya³­ko³­xa²­ a³­nxai³­la¹­tu¹­xa¹­ to³­ha¹­he¹­la²­ ya¹­nan¹­ta³­ko³­xa²­ wa³­to²­hi²­na¹­tau³­a²­ a³­nxai³­la¹­tau³­nu³­a²­ ha³­la³­ka³­nxu³­nan¹­thi³­na²­ wxa²­yxau³­yah³­lxin¹­thi³­na²­ a³­ni²­nxta¹­tu¹­wa²­ a³­ni²­nxta¹­kxai²­nan²­tu³­ i³­ka³­li³­kxi²­sah¹­lxin¹­tu¹­wa²­ nxe³­sah¹­lxin¹­kxai²­nan²­tu³­ ha²­wxan³­txa³­: — ha³­lo²­a²­ a³­ne³­sen³­sai¹­ko³­xa²­ a³­nxai³­la¹­tu¹­xa¹­ na¹­jau³­su²­ a³­nhxi²­nu¹­nu³­sah¹­lxi³­he¹­la²­,Nambikuára
25945,tawamha te zezusi ha tama nhari za'ra ane: — e niha bete ai'rata 're inhamra u'asi aba mono nhere asina 're i'umnhasi za'ra wa'aba mono o di te 're i'aipawaptob za'ra wa'aba mono zeb da ha e niha te aiwasete na si 're anomro aba mo e ipe'eze u'asi wa za ai'rata 're imori 'wa 're i'umnhasi za'ra wa'aba mono o wa — ane te tama nhari za'ra taha wa te aiba ma tinha ane: — we iteme saproni pe ai'ra ha,Xavánte
2495,teoso atinoka aua iua kamaerekatana xoteo xesosi sakire auiakani iua kamaerekatana xoteo minakaniua apaka xesosi sakire auikasaakina,Apurinã
8884,nigja sinvi en ta ta ty komkom ke ri ke en tog venh ven mu ky ta ty tyryr he ri ke en tog me ha ti ge venh vi ke ge ti jo pi jonhko gru ty  ke tog nyti ge tope kuprig to ken ha ve u ty  ke ni ve en ha vy: pi jonhko gru ty  ke he mu nigja sinvi kakam nen u tog ny ni ky tog vidro ty goj ni ve ni goj japri goj kokov pe  ky nigja sinvi en penin u ag tog nyti u ty  ke ag un kane e tavi ag ag kaka ki ag tog kane e nyti kar ky ag pani ta ke ge,Kaigáng
8393,ky judeu ag ty tope vi mranh ky tope tog fog mre kanhgag kar to ha ni ky judeu ag vy jagagtar nyti ag nytig ja ki u ag kar vy tope ty ag to ha ni veg mu ha ti ni tag ky tope ty judeu ag to haꞌ he man ni ra tog ha ra ga kri mu kar my ha pe tavi tinh mu ve myr ha me ha ra tog ag to ha tu ni ver,Kaigáng
21648,miꞌi hawyi iꞌatuꞌok hawyi taꞌa­tu­pugha yne yara pytꞌat koꞌi miꞌu yꞌy pe aheꞌyara wato ipotyꞌi kahato pote e,Sateré-Mawé
25600,taha wa 're ihaimana u'asi mono dasi'ama te te 're da'ahaiba to mono nhere ni'wa ha da'ama 're siwanhizari mono o di za mare di — ane ma to zezusi ha parisezu nori ma waihu'u za'ra,Xavánte
5440,haꞌe ramo ijyvyry ikuai vaꞌe aipoeꞌi: — ndeayvu vai ri tyꞌy sacerdote yvateve vaꞌe nhanderuete omoi vaꞌekue re,Guarani
13481,'ugkutok xop: 'ate xa kax'ami' hu: ya kunnix te 'og hapkummuk miy'ax xaxogaha' pu tu kux 'atak munom xop: 'ate xa kax'ami' 'axop te yumug xuxya yummug hah ha' xiptap 'iha topa te ham xexka miy ha 'axop te nom yummug 'atuk tup xop: 'ate xa kax'ami' 'axop te hapkummuga'ax kuxyaha 'ugkutok xop: 'ate xa kax'ami' 'axop te yumug tak topa yummug hah 'atak munom xop: 'ate xa kax'ami' 'axop te yumug xuxya yummug hah ha' xip tap 'iha topa te ham xexka miy 'atuk tup xop: 'ate xa kax'ami' 'axop ka'ok hah topa yog ham'aktux te 'akopa' xip ha 'axop te hapkummuga'ax kuxyaha',Maxakalí
17338,hoka marta sema jesus kaokene owitehena hoka xane atihotene hoka maria atyo hekota hahanakota,Parecis
22439,hakomaka poehane yaha itiki yixovo itea uso yakoyemaka ya aha po'inuhiko xane itukea,Terena
13568,ha kononeo te tik tuktup pu ham'aktux hu: —‍ham'aktux hok 'a' xaptop hok'ah kaxiy,Maxakalí
24149,chayura diosninchic jesusninchicwan cuscacta shalcayachimaptinchic'a umanchicpis shun'unchicpis cachun janay pachallachu jesusninchic unrapa diospa ladunchu gubirnashancaman chaycunachu shun'unchic cachun ama cay pachachu lluy chincacucunallaman'a jesuswan wanupaculanquinamari; chayura shamu cawsayniqui jesuswanmi cayan diosninchicchu pacasha,Urubu-Kaapor
23210,too dɨporopɨ mɨsa tiro niigɨ ya'aro weerare “bu'iri da'regɨti” nii were tohawɨ toho niika nii pe'tirare werewɨ ni'karoaka yoaropɨ niimigɨ were nemogɨti taha yɨ'ɨ opaturi mɨsa tiropɨ wa'agɨ ya'aro weerare paha ya'asome maha toho weeka mɨsa masirasa' cristo yɨ'ɨre wakuse o'ose me'ra uuku' cristo mɨsare dutigɨ tutuatika weetimi mɨsare kɨɨ tutua yɨ'rɨsere i'yomi,Tukano
9664,anhemboꞌy jave hovagwy-py kwery mbaꞌeve ndajapoiry a-rami ae voi anheꞌe hata kuri: “eteria pee xe monheꞌe voi xe arovia voi jaikove jevymaha rehegwa nheꞌe omano vaꞌekwe oikove jevy vaꞌera vaꞌe rehegwa nheꞌe xe arovia voi upea-gwi xe monheꞌe eteria” haꞌe xe monheꞌehary-pe heꞌi mburuvixagwasu-pe paulo onhemombeꞌu-vy,Kaiwá
22407,tumuneke pihea ihaxihiko yehi koeti ahinoe ina porekexoa pohuti pe'u tiuketi oro ne pohutihiko ahinoe ina kixoahiko: “kehiyakinana ra tiuketi maka kuri'uxapune nzeapa” kixoanehiko,Terena
4794,uzeꞌeg iko penehe aꞌe no tuwe awa kwer uzamutar katu wemireko pitaitaigatu wa nehe uzeamutar katu haw ai wa nehe tuwe kuzagwer uzeruzeꞌeg umen wanehe wa nehe no pitaitaigatu wa nehe no,Guajajara
6996,niɡinoa ane jinataɡa niɡinoa nokododi ikee aneotedoɡoji ane yoe odaa jesus meetediogi ica noiigi “digoina ɡoniiɡotedi niɡina nige ica manatitece lolaadi ane icoɡoticogi niocodi wajenaɡa odaaɡeni ‘natigidawaanigi datiode’ odaa ewi niɡidaaɡee,Kadiwéu
15605,nesaa do rakawoom ba jowaw nu gemuun hom tamii joradan had nang doo me,Nadëb
25484,mari ha dama 're 'manhari za'ra wa'aba mono da asina dama 're ropisutu za'ra wa'aba mono wamha ane si te za dama 're inhari za'ra wa'aba mo: “ihe wa za to 'manha” dure mari ha dama 're 'manhari za'ra wa'aba mono da asima 're we za'ra wa'aba mono o wamha ane si te za dure dama 're inhari za'ra wa'aba mo: “mare di wa ha te 'manhari o di za” ane si te za dama 're inhari za'ra wa'aba mo ane si dama 're nhari za'ra wa'aba mono o wamha wa'ubure nhimiwada'uri zarina te za aiwasede ha 're i'manhari za'ra wa'aba mo,Xavánte
24575,ashwanpa salbacu duynunchic jesusta sumata lisiycul llaquipayninchu masta-masta winaycaliy ¡pay cananpis imaycamapis altuman juluycusha cachun chaynu cachun,Urubu-Kaapor
6236,odaa niɡijo anodiotibece ja diniwi nawelatibigiwaji aɡoyowooɡodi ane diitigi niɡijo aneeteta jesus,Kadiwéu
16825,nxe³­jutsu²­ ha²­kxai³­ ih¹­nxe²­ kai³­a¹­lhon³­ku²­ nxa¹­nha²­wa²­ yau³­ha¹­li¹­ e³­a¹­tu¹­wa²­ txa²­yau³­ka³­txai²­na²­ wan³­txa²­ yau³­a³­xa²­ e³­i²­ txa²­e¹­nau³­ai²­na²­ wan³­txi³­khai³­xa²­ e³­i²­ na¹­tu¹­wa²­ te²­ya¹­nxe³­sxa³­ txa²­yau³­ka³­txai²­na²­ hain³­jau³­xa²­ yau³­a³­xa²­ hai³­ni²­ txa²­e¹­nau³­ai²­na²­ hain³­jau³­khai³­xa²­ hai³­ni²­ na¹­tu¹­wa²­,Nambikuára
17089,xityakekotaiya hoka xiraexahena hoka xoalini hare xaxehena hoka xaokitere akeretaiya atyo tyaona xomana — nexa,Parecis
11248,je ꞌa ajemomeꞌu pe nupe jeruwa ꞌga nane ꞌa je momeꞌwau pe nupe nu ꞌga ꞌa je muarera— ꞌjau jejui ꞌga ꞌga nupe ꞌuina,Kayabí
7630,—‍ymya seteva'ea ruvi avo onhoiruva'ea kako ei ga jesus'ga pe ojihuvypyva'ea rembirekoro kako ndata'yri ahe kunhangwerava'ea pe aere akwaimba'eva'ea manoi ei ga a'ero aheakoindava rembirekoro aherembirekokwerava'ea pavei oiruva'ea py'rovo moisesva'ea nhi'ipo'ruavo,Kagwahiva
8862,“isy nen u genh je sog ranhraj ja nigti myr inh nige ty ky inh ranhraj ki inh companheiro ag vy ajag tu ti vigve ja nigti ge inh kom” he tog,Kaigáng
19162,o mais importante do que estamos tratando e que temos um sumo sacerdote como esse o qual se assentou a direita do trono da majestade nos ceus e serve no santuario no verdadeiro tabernaculo que o senhor erigiu e nao o homem,Portuguese
14883,wetaybit waremtag cica eyju jekukum iam taxipat puxim gu eyju- -icukat puxim gu dak taxiptoktokat puxim eyju icukgugunat puxim tak okukpin gu eyju okug waremtag gu dak eyju okug xipat ma kuka juk o'e waremtag okug pima ikukpin okug pima dak imenpit okukpin gu eyju okug imenpuye gaxin ma ipiat osupi'ajoat eywebe iko'omat o buje jedadacap puxim,Mundurukú
20085,— ikia aparakbaha abazubata tsimozikze katsaktsa abaze dyhy dyhy tsimaha estuba apanuryk taba dyhy my usta apawazo taba dyhy my — niaha,Rikbaktsa
8656,ky tog ag my comparacao han mu ky tog: “inh jykre tag vy ge nynh mu” he mu “eg pi je eg kur tag kokeg tiꞌ eg ty eg kur si jar ka nim je” he tog “ke tu ni mu ra eg tog eg kur ha en kokeg mu ha ra tog eg kur si en ki par tu nigti ge un ha ti ky eg kur tog koreg kar nyti ni sir” he tog ti ty a jykre tag to ve ha ra tog kur tag ri ke ni,Kaigáng
15311,ti ta see ky hadoo: “nagꞌaap he y gatꞌee dak am yy dooh tahaja ba y ahom ba” nang ta kyyh,Nadëb
24601,judasmi wanuyninta ashin natac ipancha judas jesus wanuchisha cananpa yachalulmi shun'unpis cuchillu tucsishanuna cacuyan chaymi quimsa chunca illay chasquishancatapis prinsipal yashacunaman puydi sasirduticunaman cutiycachila:,Urubu-Kaapor
6062,naɡana wajekalo ane diɡica ane dowediteloco nibeotege aneotedoɡoji me yaxawa codaa idioka limedi me yotaɡaneɡe aneotedoɡoji enoale codaa me noko dipokotibigimece me yaxawa pida naɡana wajekalo ane yewiɡa mepoka dinemaa idaaɡida malee yewiɡa lolaadi pida ja micataɡa daantaɡa yeleo,Kadiwéu
20079,iwatahi sudeutsa kytsaharerewabytsitsa bo zioktyhyryk ‘o atakta mysopykwy batu hy ziky nikaranaha hawa myzotsa nitsasokonaha batu hy ziky’ niaha,Rikbaktsa
26606,nhym kajkwakam myjja pumunh ket kwy rax dja apox mytme mytyrwyme kanhetirekam gedja myjja apox ne kumex nhym pykabedjwy ngo rax dja tam ne aben pumjuw ne muja be abena ajkapi ne kam rara:ko no dja me apynh o pyka djari omun kam abenma —‍myj got ja mykam anen kam umar punure te kute myjja'o marman myjja'o mar ketkumrex ne kam axwe umarre ne kam terteto kumex myjja pyma kator ne kute prine pykao bikamyr ne kute prine meo bikenh pymaje ne me terteto kumex nam me amija ja kamnhix ne kam tin pra:m ne te tin prame ne kam terte:to kumex djam myjja pyma ngri: ne apoxma got me umaje tertet ket ne kajkwakam apynh myjja ty:x dja amingrek ne,kayapó
25007,romha 'manhari na 'ri wasu'u 're ihaimana u'asi mono ha dureiha tinhimiropisutu 'rada ha te te dama somri wamha ma to dama pisutu za'ra ama 're idawata za'ra mono zeb da ha zamori za'ra re danhimizahari sidapasi romha 'manhari na 'ri ha da te dasiwi isimizusi mono zeb da ha ma to dure dama pisutu ama 're idawata za'ra mono zeb da ha dure iwa 're isamra mono zeb da zama,Xavánte
25297,tawamha iwasu'u ha ma to te te rope daro mono ba darireza na danhipti'a nho'omo nhisi 'remha,Xavánte
2759,papakapiniari teoso sakire sapiretakari kotxi iua sapiretari teoso sakire ininia papakapari erekari teoso sikakiti iua apakapakiti iaoka papakapiniari atao inakari kamakari kotxi iua kamari atao inakari ininia papakapari erekari teoso sikakiti iua apakapakiti iaoka,Apurinã
3230,cristo aga tokaleom inakanhe aisezedyly nitaymba deus izepa ato aiesezeni ola cristo adaunlo awyly nutuba deus imery awyly nutuba wara,Bakairi
800,mame omi etase ropa mokaro asakoropane isene exiketo wino moro omi totase ya ynara nase —tiriiku toiro kirume ahtao epehpyry toiro emepyry erohtamitume mana oxinase epehpyry oseruao riturume ahtao toiro emepyry erohtamitume mana yrome oriu epehpyry onytyoromara mana uwa eukuru epehpyry roropa onytyoromara mana,Apalaí
987,mame enease ropa ritonopo nenyohtya omiry etase roropa tuhke toh nexiase se miu motye miriao motye roropa xikihme toh nexiase tuisa apo zomye mokaro asakoropane isene exiketo zomye tamuximako zomye roropa,Apalaí
2666,paoro misiritiko pirena nitariakori himarotari nota iteene misiritaaka iuaritika teoso iokanapirena erekari iaripiretapeka ninirekari himarotiniri nimisiritiko xika apikomoni kakiti imarotari teoso iokanapirena erekari ininia nimisiritiko xika ikinika sotatoakori homanoakori auite aapoko inikatakani ikinimane kakiti mapara auakani apaka imarotari nota uai kateia aki nauakasaaki kristo sakire nisapiretini xika,Apurinã
19522,e depois de dizer isso foi para casa e chamando a parte maria disse-lhe: o mestre esta aqui e esta chamando voce,Portuguese
8620,ha ra ti mre camarada u ag vy veg mu ky tog ag my e ti ky ag tog ajag patrao my to kan mu sir ti ty nen han mu ti,Kaigáng
22957,yane enepohikone uha koeti ko'ovokuti ya njeraza koane xe'okuke epemohiko jesus ipuhikopea xapakuke koahati yupihovatihiko pikea yane urukopovane evo jesus ne vateke ukopeane pihopo kene ne hoyeno ipuhikopeaku ne ndemoniuhiko epemovo xanepea jesus itea pohu hara kixoa jesus: —‍yaukapapu yovokuke yokoyuhopinoa iyinoxapa ne uha koeti itukeinopi ituko'oviti —‍kixoane yane pihopone ne hoyeno heu kixoa yonea neko pitivoko koyuho'inoati uha koeti xane neko itukeinoa jesus,Terena
6508,jinaɡa adininaalenitiwaji igaataɡa moditibece “niɡina ɡodokaaɡetedi me beyagi oibeyacaɡadi ɡodakataɡa anele”,Kadiwéu
14326,gebuje jesus kay itabucayu apen antioquia ka watwat itabut o'e iap aweg o'yawegtobuxik ip- -jerusalem ka watwat — ade judeu'umayu itabut o'e jesus kay- -antioquia ka watwat — io'e itaybicayuimenpuye itabucayu kukukayu barnabe o'guju antioquia ka be,Mundurukú
13726,'axop te topa yog tappet mokupix punethok tu hampe'apaxex topa yog tappet mokupix xayiy hi xe'egnag mokuma'amog ha' kux 'ohnag pa 'amhok ya topa yog tappet tek mun 'aktux pa 'a 'axop tep-tup'ah nuy 'ug ha nu' nuy hi xe'egnag mokuma'amog ha' kux 'ohnag,Maxakalí
10493,inyo tahe bede ywina rybe ibutumy riywinykeki tahe sohoji aomydyyna riywinyoreki tai tahe bede ywina rybe ywidyydu aoko ratxireri,Karajá
11519,—peesak te kunumi ꞌga ꞌama je pyri— ꞌjau jejui ꞌga ꞌga nupe —ꞌga ree pejejejuka esageramu je ree we futat pejejuka esage je ree pejejejuka esageramu je muarera ꞌga ree we futat pejejuka esage— ꞌjau jejui ꞌga ꞌga nupe uꞌama —aipo apoara ꞌga esage maꞌeramu jarejuwarete ꞌga upe— ꞌjau jejui ꞌga ꞌga nupe aꞌeramu ꞌga ꞌjau ꞌga nupe nu: —“je jeresage” naꞌjara ꞌga nui esage maꞌeramu jarejuwarete ꞌga upe aꞌere ajuee ojejuka esage maꞌeramu te ae esage maꞌeramu ꞌga upe— ꞌjau jejui ꞌga ꞌga nupe ꞌga muꞌjau esage maꞌe ꞌga nee,Kayabí
6773,inoatawece ane ɡadoenatakatiwaji awii leeɡodi madinemaanitiwage digo mijoataɡa cristo anee leeɡodi me ɡodemaa odaa ja yeleotedoɡodomi dinajigote aneotedoɡoji micataɡa daɡa noɡeedi ane yocaɡaneɡe liciagi niɡijo jotigide loiigi aneotedoɡoji moyajigotalo noɡetedi aneletege lanigi codaa eijedi moyalegi owotibige aneotedoɡoji me ixomaɡateetedice libeyaceɡeco,Kadiwéu
24249,paypa shiminchu niyanmari: “chay llaquipaycunac ura chamuptinmi uyaliyculac; salbaycunac muyun chamuptinmi yanapayculac” nil chayura ¡jay ¡cananma llaquipaycushunayqui uraca ¡cananma salbaycushunayqui muyunca,Urubu-Kaapor
16394,ka³­nxa³­ha²­ta³­nun³­tau³­a²­ se²­sa³­re²­a²­thi³­na²­ a³­wi¹­hain¹­ta¹­hxai²­he¹­la²­ nxe³­tau³­a²­ ko³­ne²­lah³­lo²­su²­ te²­a²­ a²­sa³­wi³­ha³­lxi³­su²­ te²­a²­ a²­wa³­ta³­txi³­nau³­su²­ te²­a²­ yxo²­ha³­kxa¹­ wah³­nxain¹­ta¹­hxai²­he¹­la²­ a²­kxa³­nxa²­ a²­nu²­a²­ ka³­lxa¹­txi³­ i³­kaixtai¹­nha²­kxai³­ a³­ya³­nu²­kxain¹­ta¹­hxai²­he¹­la²­,Nambikuára
15217,tii dꞌ y wen edoo ta wob be ky nꞌaa etyy doo da be da pꞌop haga do ky nꞌaa etyy ta wob be ky nꞌaa etyy do penh ti penh da pꞌop haga do ky nꞌaa etyy da beeh,Nadëb
3398,aituo myani pedro joao uguondo kua nhetybymoram wara aguelymo: — axiguewadaunga wao tarapa — kelymo axiguebygueduomo myani akaemo pyma domodo ajigue aguelymo: — adakiendylyka ise akaemo azaga uguondo modo idanara jerusalemda tajikeim modo tutuzemo adyesenry anhetomobyry maka uguondo kua nhetomobyry “adakobadanrybyry kua nietaymbamo” kykely-ro watay kurado kyeileze,Bakairi
15980,pꞌop haga do kyyh jesus ma mateg ramaa napah ba mꞌ tuu mꞌ rabehyy bꞌeeh takꞌep rabeꞌyym do hyb nꞌaa tuu mꞌ sa maboor me rabehyy bꞌeeh,Nadëb
4986,naꞌe tuwihaw uzeꞌeg oho pawru pe kury — aipo tuwihaw ikag weraꞌu maꞌe hom tawhu pe har hemiruzeꞌegete romo ereiko ne iꞌi izupe -azeharomoete iꞌi pawru izupe,Guajajara
24596,chaynu incaraycaliptinmi paycuna liculcala intiru malcacunamanpis diospi willacushtin natac imaymanawan ishyacunactapis sanachishtin,Urubu-Kaapor
1542,hamri nhum me pahte amnhi tomnuj panha amnhirer xwynhta axte kaga ho htyx xa ho hpot pa omu na pre ra ho  ne hpot ta hpanha hkot axte ja pot hamri nhum pika htertet tyx kumrex ne myyti ahtyk ne mytwryre te kep me hkamro kamrek tyx pyra ne ajet,Apinayé
21977,koitywy woro­ho­ꞌo­napin neran yt iharyꞌi rakat i te yt heꞌaito rakat i te iꞌewyte hiwu koꞌi waku eweikup­teꞌen eiweran aikota uiꞌewy eweiki­ꞌesat pote areꞌe poꞌog waku miꞌi ta areineꞌen areꞌe uiwa­netup hawe,Sateré-Mawé
14916,waram jesus ajemap kabia wuy ma osunuy wuyetabun puje gasu bit wuy gu o'e gaxin ma wuydaxijojoap kabia jajem imenpuye xetxiat puxim gu juy ajop wuyaweweap ekawen tag cuy ajeku wuykukukat ajemap kabia kabiam wuyju biman co'i kabiok ajem pasug piman co'i kuy kabia ijasun gaxin ma ixe jajem puye imenpuye acepere juy ikereat mujurugap ikereat mujurugrug'ukayu kabiok tag jekuku'ukayu buxim ga'a ajeku deus bikuyap tag aca sorara icaat kug jekukum jaokaap puxim cristo a'obacaap kug cuy ajeku waram wuywebe ikereat kukap puxim,Mundurukú
5955,— xapyꞌa rei penderayvu vaꞌe anho ri peayvu vy mbaꞌe ꞌra tu pejopy haꞌe nunga repy mbaꞌeta heko vai vaꞌe kuery voi oayvu ꞌra guayvua kuery,Guarani
12102,siriri waranti jesusya teeseurimatoꞌ yaretiꞌkaꞌpi —miriri yeꞌnen insamoro witi pe man uupiapai ipatikari toꞌ eꞌtarumaꞌtitoꞌpe tiise morikon witi pe man uupia ipatikari enen toꞌ koꞌmannitoꞌpe —taꞌpi jesusya,Macushi
18470,oniaroa  batista va'ora ni'aha: —a'onira okanaki ho paha bodinia khaki bana ada hoariha ka'da'di ka'oa ada ovari hovani kidihonai abono ho arafiaki ida kidihojai asohika'oani kodihojai jahani fori hirihi ida kidihojai jahani arafiaki kaba'i hora nagathogathovini oakodiara kaimoni ovaria bikaronaki ada ma'onahai jahaki ija'ari va'ini-ra nahonariahihiki kaimoni siho kakhororoki fori hiki bana ada ma'onahai jahaki ija'ari kania khana binihimaki ida ija'ari kahojai asohiriki — va'ora ni'aha ada  batista,Paumarí
9333,ojehexa uka ou-vy vaꞌekwe cristo omboyke hagwa nhandehegwi nhane rembiapo vaikwe haꞌe ko ojejavy eꞌy vaꞌe voi,Kaiwá
21106,iꞌewyte ti waku watiꞌa­tu­wesat wuatꞌi miitꞌin are e yt naku i watiꞌa­tu­wesat aiwyriaꞌin yn are katu­pono ti yne ti mesuwat yi tote taꞌatu­wyriaꞌin wesat kuap are iꞌewyte yt tupana mohey haria i iwesat kuap taꞌatu­wyriaꞌin are pyno waku ti yne watiꞌa­tukyꞌe are e — pyno ereke uhyt mana mimi watoꞌe aikyꞌe haria pe yn mote mesu­wa­ro­tiaria ewywuat watoineꞌen katu­pono miꞌiria ti taꞌatu­wyriaꞌin taꞌatukyꞌe haria sese pe yn — ereke ro eraꞌapyk mehi mana aimiꞌu raꞌyn iꞌatuꞌe maꞌato yt taꞌatu­wesat i taꞌatue­wa­ni­kaptia are maꞌato miꞌi ta aito pote iꞌatuꞌe­wywuat wato­pyhuꞌat mesuwe yi tote iraniaꞌin yt tupana mohey haria i ewywuat e yt naku i rat miꞌi ta aito pote are e,Sateré-Mawé
1121,jakama kwa me kot amnhi kra hproja kukama ajamaxper tyx ne xa me anho kri kama menijaja me mjen a hpijaam a amnhi to amnhirit kaxyw amnhi kra hpro na koja me ja kaxyw a amnhi nhipex anhyr japer ke me ri me anoo ma tirtum ma amnhi jarenh kaxyw ne kupe xe hkwy ho amnhi kra hpro ne ri kam amnhi jare nom koja me a amnhi nhipex anhyr ket nhum memyjaja tee ri ja ha me omunh ne ho kaper hket japer hamri ke me ri amnhi kra hpro hket ne ri pa,Apinayé
12269,—tiise innape nai taa toꞌya pra inetaꞌsan waniꞌpi miriri yeꞌnen puwana piꞌ tiweꞌtoꞌkon piꞌ toꞌ witiꞌpi tiaron witiꞌpi tekinon pataꞌseꞌ yaꞌ toꞌ eraꞌmapiꞌse moropai tiaron witiꞌpi temanne yewiꞌ pe tinkonekaꞌpi yaꞌ ekaya pra,Macushi
10554,tahe iosyny‑o rarybexinyre rihetenyre tamy ihetedyydu rarybere: —marybeke kristu mobo arahetenyra inihe,Karajá
23307,moise oha'kere bu'egɨ kɨɨre yɨ'tikɨ niiwi: —a'tiro oha no'o': “o'akɨhɨ mari wiogɨre nii pe'tise mɨ'ɨ eho peose me'ra mɨ'ɨ wakuse me'ra mɨ'ɨ tutuase me'ra mɨ'ɨ tɨ'o ya'ase me'ra ma'iya mɨ'ɨ basi ma'iro nohota aperare ma'iro ɨa'” nii' niikɨ niiwi,Tukano
12633,miriri tipo priꞌyawonkon pepin miriri iwono po tiweꞌsanon iipiꞌpi paulo pia inkamoro esepiꞌtiꞌpi,Macushi
12529,moropai jesus esewankonoꞌmaꞌpi ikaruwaꞌpi jerusalem ponkon pemonkonyamiꞌ wenai moropai taꞌpiiya: —amiriꞌnikon paapa maimu ekaremeꞌnenan profetayamiꞌ wiitiponkon aapiaꞌnikon timaimu ekaremeꞌnen toꞌ yarimasaꞌ paapaya tanne iwiꞌpiyaꞌnikon tiꞌ ke iꞌ warapo iteꞌka amiriꞌnikon saꞌnamaꞌpiuya tamiꞌnawiri awanikon tanne manniꞌ kariwanaya tapiri yoꞌkoi tinmukuyamiꞌ yannuku waranti uupia amiriꞌnikon eperepi yuꞌse waniꞌpi teuren tiise yuukuyaꞌnikon pra awaniꞌpikon,Macushi
22694,ina kixoahiko pilatu: —‍aneye ra hundaruhiko pihenenoe koekuti yaha motovati titiu koyeyea koyonoyeokono itinenoe exa kixoaku —‍kixoanehiko,Terena
2897,ininia ate misakiretari teoso hite atao hikamini ikiniotika kotxi apiananiri anaakori hitxaua anirekari hikamakiti kamapoxokonitiniri teoso ininia hikamakiti ikiniotika erekarinoka amatiiri erekari atoko ininia ikiniotika himaroapotari apikomoni teoso nireekiti,Apurinã
12108,iꞌ kaiꞌma esenumenkan piꞌ naati cristo enukuꞌpi piꞌ kaꞌ pona eꞌmaiꞌ pe awautiꞌpi non yoꞌkoi miriri tipo miikiri ri enukuꞌpi kaꞌ pona tamiꞌnawiron yepoi ipikku pe tiwanipa kaiꞌma moropai tamiꞌnawiri pata kaisari non po kaꞌ po aakoꞌmami siriri tamiꞌnawironkon yentai tiwanipa,Macushi
5375,ndevy pe ma yva pygua poꞌakaa roke peꞌaa ameꞌe ꞌra mbaꞌemo yvy re rejokua vaꞌe ma yva re voi ojokua pyre ꞌra oiko haꞌe ra yvy re rejora vaꞌe ma yva re voi ojora pyre ꞌra oiko — heꞌi,Guarani
3515,aituo jesusram unague azenomedaolymo: — tala myani uguondo toenzepa adydo imeom sodo idanara ipi ezay etadaymby modo koenda kehoem ago itaynly eaga tawanuneim modo toenzepa kehoem nhekaunadylymo toenzepa kehoem tientuo maka adydo imeom sodo aguely tyangahu oday: “toenzepa kehoem xira takaunazeim ekanadoem ejidy peba ura adara kukeanra ise aganhedyly” kely tyangahu oday tawala myani xunagu: “ah xutuagui adydo imeom etadado imeimbyry modo ise yaga tawanuneim modo nhakalaguely imasedo tintadomoem,Bakairi
911,morara kary etaryke tyya axi tyhtose ropa takye toehse ynororo tomiroryke jezu a mame tytapyi taka toytose jezu maro,Apalaí
16814,nxa²­ha¹­te¹­ wxai²­na²­ yxo²­i²­tu³­ka³­txa²­ a³­non²­ta³­kxi²­khaixnxe³­jah¹­lo³­ i³­nxa²­ txu¹­ti³­nau³­xin³­ti²­ i³­wai³­txai¹­nhe³­la²­ nxe³­sxa³­ txu¹­ti³­nau³­xin³­ti²­ kle³­me²­te²­yah³­la²­ txa²­ya³­lxi³­nau³­xa²­ yxo²­ha³­kxa¹­ wi¹­lo²­la³­kxain¹­na²­he³­la²­ txa²­wa¹­su³­na²­ wan³­txa²­ i³­yau¹­u³­hain¹­kxa²­ wi¹­wa³­ko³­nain¹­na²­he³­la²­ nxain¹­ju³­tan¹­te²­kxa³­ya³­lhu²­ txa²­wa¹­su³­na²­ ha³­teh³­nxa³­nxa²­ oh³­nau³­a²­ ka³­ten³­su²­ yxau²­xai³­te²­nu³­a²­ ha³­teh³­nxa³­nxa²­ a²­la²­ u³­wha²­li¹­la³­kxi²­na²­he³­la²­,Nambikuára
17865,hatyo hiyeta heko xotyaxematya hetati xowakiyita xasemehenerehare iraiti hekoiya hatyoharenae xotyaxematya hoka hekoiya hahotyalita xisaona ityani enexe xoaha kakoa,Parecis
5634,haꞌe rami tei haꞌe kuery ma hatave tema ojapukai okuapy: — emoi kuruxu re emoi kuruxu re — heꞌi okuapy haꞌe ramo mboapykuea ma pilatos oporandu haꞌe kuery pe: — mbaꞌe nunga py tu ojapo vai rakaꞌe xee ma hexe mbaꞌeve ndaikuaai ajuka uka agua haꞌe nunga rupi ainupa ukapa rire apoi ju ꞌra — heꞌi,Guarani
1242,na htem tanhma amnhi tomnuj to hta amnhi kama hpijaam ket ne pa ne axpen kama hpijaam ket raha ho pa am amnhi pix kukama hamaxper ne tanhma amnhi tomnuj to ho ri pa,Apinayé
26825,ba me kam mo:n arym kriraxbe roma'yr box nhym kam krakamngonh krapti: kube  nho benjadjwyrja mebe ije tumo box me neje ku'e djwynh nho benjadjwyrma mebe ije tum kunio box nhym arym mebe ije djakam mebe ije nhym be me paurma kum —‍ga dja ga anho kikrekam nhy krakamngonh pydjibit dja aneje nhy ane nhym kam me'o nhurkwa purokam nhy,kayapó
17826,hoka jesus nexa ihiyeha: — enaiya halakiheta haiyanityo hoka hatya ohiro kakoa tyaohitiya hoka iniyalahare atyo tyomita haiyanityo xahita,Parecis
14899,wuyxe warara'acat ikukpin pima wuybu'um gu dak kuka ajop warara'acat kay; — soat ma i'e but deus xe — i dak kuka acece soat em; warara'acat idipan e'eap wiwim tak kuka ajop; wuyukpicegem gu dak kuka warara'acat ajukuk,Mundurukú
26591,godja me'o ar ikabenja mar pram ket ar ije ar ama 'a pi'ok no'okja mar pram ket gar 'ano djan omun kum akre rax kute on amim kator ne pijam kadjy kadjy dja gar 'a ano tyx ne 'ano djan omu,kayapó
25592,taha wa wanhib'apito 're ihaimana u'asi mono wi wa wa te 're rowaptere u'asi za'ra iwe na te te 're aipawaptob za'ra wa'aba mono da taha zarina 're idanomro mono zep tem na 're anomro we wa'aba mono da te te aima 're ipisutu za'ra wa'aba mono zeb zarina si wa dure wa te tiwi 're rowaptere za'ra asimirosa'rata we 'manhari'wai wa'wa ha tiwaihu'u pese na te te aima ama 're uwaimrami za'ra wa'aba mono da mari ha iwe si 're 'manhari za'ra wa'aba mono da 're sazei pese za'ra wa'aba mono wa tawamha wanhib'apito zezusihi ama te za 're dawata za'ra wanhib'apito 're ihaimana u'asi mono me te te 're i'aipawaptob za'ra wa'aba mono zem na ama 're aihaimana we za'ra wa'aba mono wa te za dure te te dama 're aiwasu'u we za'ra wa'wa wanhib'apito zezusi ha,Xavánte
3628,tynanaguyly keba kula xynanani xuruto tala amaemo jesus einwanni modo duay inakai kula aieni kely tydase ura tunwym iwydy kula nhynanaguyly kely deus einwantanry modo anitaymba ara kehoem,Bakairi
18823,jaha'oamanira ada deus akadiabi'i mahi hahavi khai ani'ahaha'oadahava mahi anokhomirikia deus jahana-ra khai ani'avini jahaki hari nimania hida onofiki,Paumarí
2578,kotxi atikaka hite txari: “paoro sakire nikipita” apanakini txari: “aporo sakire nikipita” ikara atoko hininia kakiti ikorapokoritikini sakire atoko hisakirauata kiikitepanikai,Apurinã
11428,mamaꞌe ekoete are pe muꞌjara ꞌga te iporomutat ꞌme pe nee “simopojoꞌok ꞌga paulo ꞌga wi ꞌjau” eꞌi ꞌga ajaupe “paulo ꞌga wi opojoꞌog ire nipo ꞌga jemuꞌei jane ree” ꞌjau nipo ꞌga ajaupe oporomutat ꞌmeramu pe nee,Kayabí
22876,simovone kaxena veyovope ha'i noneti pahukone ahinoe xokoyoke ne katarakinoati ne none motovati veyopoinoa namoepo ukeati ne none uva,Terena
1918,jejus kot hka nhy kro tyx xwynh o mex ta nhum jejus ma kri ho hwyr mo hamri nhum meho my hka nhy hkro htyx xwynhja omu ne hwyr te ne ha hpijaam kaxyw kuta hkonkra ho nhy ne kam: —pa pahihti e ot pa awyr amnhi to te kwa akupym ate me ixto mex kaxyw axahpumunh tyx jakama kot ka akupym ama ixto mex pram ne mamri akupym ixto mex ane,Apinayé
7638,a'ero jesus'ga ei ga pe: —‍ji erame nhiyhea marave'ga pe ji ei ei ga ji erame nhiiru'ga marave'ga pe ji ei kiro ji imombe'ukatui nde ve ei jesus'ga a'ero jesus'ga pova'egi gwemimbo'ehara'ga pe gwemimbo'ehara'ga mombe'gwovo ga ei: —‍pehepia ga pe ji ei nhiy'ga ga pe ji ei nhiiru'ga ei jesus'ga kiroki ga jiruva'ga nhi'ipo'ru yvagipeve'ga nhi'ipo'ru – ga pe ji ei nhiiru'ga a'e ji ga pe no nhirendyra'ga nhiy'ga a'e ji ga pe no ei jesus'ga,Kagwahiva
23504,a'tiro bu'eya bɨkɨra ɨmɨa wio pesase me'ra weesetiato naa wio pesase me'ra i'ya no'oato ayuro waku yuu weesetira noho niiato apeyere keoro eho peoato a'meri ma'isetiato meheka wa'aka nɨ'ka pooato,Tukano
15835,ji hꞌyy ganajee hom do ky nꞌaa hahyyh najis haa be hyb nꞌaa esꞌee jesus kristo er wahe nꞌaa mejuu doo  hedoo do be ramaherꞌoot do paah hahyy dꞌ paa sa kyyh be ha: “jesus mateeh do pooj je ti abok da nesaa do sa hꞌyyb karen do jawen habok doo be raky nꞌaa wajeheet doo” nak paa sa kyyh,Nadëb
850,papironia pata enatyry poko morarame imepy ritonopo nenyokyhpyry yhtory enease kapu ae tuisamehxo nexiase kure aexiry ezurume sa konoto nexiase roropa ipoe saereme toehse sero nono emero porehme,Apalaí
4508,pawru aꞌe xiria aꞌe no uhem oho zemunehew paw wi aꞌe wa kury oho iri ipyr wa aꞌe pe wexak amogwer uzeruzar maꞌe wa wamurywete kar pa tupan zeꞌeg imumeꞌu pa wanupe wa naꞌe uhem oho aꞌe wi wanuwi wa kury,Guajajara
1098,hamri nhum me omu ne me kam amnhi jare ne me kam: —e ixkwyjaja pa me ama amnhi jare ka me inhma na pa hte tirtum nom tam amnhi nhipex o ixpa ne me pahpe ijaew me pahte amnhi nhipex kwym ri tanhma amnhi nhipex to hket ne ane,Apinayé
12248,innape jesus kupi wenai eꞌtarumaꞌtin uyonpayamiꞌ uwakirikon puꞌkuru tauya siriri apiꞌnikon kureꞌne yairi maꞌre teesenumenkai pra eꞌti awinikiiꞌnikon tuiꞌsen piꞌ iꞌ kaiꞌma amoronkon epuꞌtiyaꞌnikon manniꞌ piꞌ miriri wani pepin anepuꞌtikon pe pra tiise epuꞌnenan amiriꞌnikon,Macushi
20338,iwaze sesus ispe niy: — simysapybyitsa simyitsapyritsa watsa sakuretsaktsa mozororowykytsa bo ba zikumunaha simyitsapyritsa zuba mozororowykytsa bo pomonaha,Rikbaktsa
1480,hamri nhum me tee ri kot amnhi jarenhja a kuma ne kam: —no tanhma na we mytita amnhi to ne ama ano ho mex ane,Apinayé
271,morarame opore jezu tykohtase ynara tykase ynororo —eroi eroi rema sapahtani tykase tomiryae morara kary ynara katopo “ritonopo ritonopo oty katohme kurumekano” katopo,Apalaí
13875,yiy hampe'paxex nuy hapxop xohix yay tu nu'xok nuy pexkox yog hapxop xohix xix ham xexka yog hapxop xohix yay tu nu'xok puxix tikmu'un xohix yay tu nu'naha' puxix kunnix tu' xat puyiy nom pu' yipkox pi' yiy yumu'a hamyummugap-tup hu' yummugaha' homa topa te nom ham'aktux xe'e yummuga 'ohnag paya honha' yummugaha' 'up-tup tu',Maxakalí
15628,—yyh ajꞌyy hadoo do hy pong je hana doo y da dajep pꞌop haga do kyy kerih do herꞌoot doo da ne he —nang mah —ti hadoo ne he baad nado da ajꞌyy ha ajꞌyy hadoo do hy pong je hana do majii moo go hanꞌoo dak do ha tawꞌaats he paawa ta ti ajꞌyy ha tanenyyts ba paawa —nang ma jesus kyyh,Nadëb
755,yrome kuosenetupuhtohko riko apuruhpyry sa pyra ropa kueseko mana ynara tymerose exiryke ritonopo omiryme “moeze emyty apuru touse ropa kueseko epataka toytose ropa moeze ahtao” me tymerose,Apalaí
18649,oigamina nimania hida deus haria nakaidivavini arafiani oniani ida ariabono akanakaidivakhamavini-ra honariavini hija,Paumarí
13908,komen xexka yog tikmu'un kuxa mam 'ohnag tu xe: —‍komen konay yog tikmu'un xuy putup xix komen metxax yog tikmu'un xuy kamah topa te hapxopma xe'egnag komen kopah paya hapkummuk ha yayhahup 'ohnag hu hapkummuk miy pax paxpu topa hapxopma xe'egnag komen hittap tinok yog tikmu'un keppah xix komen hittap xinom yog tikmu'un keppah puxix yayhahup xexkah nuy tu kummuk miy kux tu xagok ha mo'tat'ax tu putok ha yay mo'niy pu tikmu'un xohix ya yayhahup pena' haptup mo'nap-tup 'iha topa te hapxopma'ax xohix kopit putup tu komen metxax yog tikmu'un kuxa kak-tognag xix komen konay yog tikmu'un kuxa kak-tognag paya komen tinok yog tikmu'un kuxa ka xexkah xix komen xinom yog tikmu'un kuxa ka xexkah,Maxakalí
16109,ja¹­nxe³­na¹­ju³­kxai³­lu²­ nxe³­na¹­kxan²­ti³­nu¹­ txa²­wa¹­su³­na²­ wi¹­lhin¹­sxa³­ thai³­ti³­la²­ sa²­hau³­kotsa³­na²­he³­la²­ sa²­ju³­tan¹­te²­kxa³­ya³­lhu²­ je³­su²­ kris²­tu³­jah¹­lo²­kxai³­lu²­ ya³­nan³­ta³­ki²­la²­ha²­kxai³­la¹­ txa²­e¹­nau³­ai²­na²­ sa²­hau³­kotsa³­na²­he³­la²­ nxe³­ha²­kxai³­ nxe³­hi¹­nan¹­te²­tu³­ a²­nu²­a²­ i²­li³­te²­a²­ yxo²­i²­kxai²­nan²­tu³­ ka³­te³­na²­ wi¹­tau³­a²­ nxe³­ti³­hi¹­tain¹­nun³­tu¹­wa²­ nxe³­jutsu²­ txa²­wa¹­su³­na²­ so¹­lxi³­ txa²­wa¹­si³­yxau³­jah¹­lai²­la¹­wa²­ a²­wi¹­lhi¹­nu¹­tai²­na²­ yen³­kxa²­ yu²­nxa³­hi¹­nu¹­tai²­nan¹­te²­tu³­ txa²­wa¹­su³­na²­ yxau²­sa²­te³­jah¹­lai²­la¹­wa²­ hai³­txi³­ ya³­lu²­ju³­ta²­ yu³­jah¹­lo²­sxa³­wa²­ i²­ki³­sxa³­hi¹­nu¹­tai²­nan¹­jah¹­lo²­su²­ na³­la²­ hai¹­nxe²­ sa²­nen¹­kxi²­yxau²­xai³­ki³­jah¹­lo²­su²­ na³­la²­,Nambikuára
4887,— uruata oroho uruiko moizez zeꞌeg rupi ure peze zepe pezeupeupe — aꞌe rupi uruiko putar tupan pyr tuweharupi ure nehe peze zepe pezeupeupe naperuzar katu kwaw moizez zeꞌeg aꞌe rupi aze mo namumeꞌu iwer ikatu ꞌym maꞌe penemiapo kwer aꞌe mehe mo moizez wiko mo imumeꞌu har ai aꞌe taꞌe izeꞌeg umumeꞌu tupan taꞌyr romo tuwihawete romo purupyro maꞌe romo hereko haw aꞌe xe aze mo pezeruzar katu izeꞌeg rehe aꞌe mehe mo pezeruzar mo herehe no,Guajajara
18435,vava'aha bana ida cristo monina jahaki hahavi avava'ini bodinia ibavini mahija cristo kahojai jahakia avakahojaivini avarigahahi avaabononi vaaka'ojomo'ikhama bana avaabononi vakaabanikhama bana jaboni vaahia bana deus athi kapapirania moro kahojakia vaahia jaboni bana moro jesu-ra khai avani'avini khai vani'a bana ada deus khai vani'a bana ida deus a'onira kajoamorabakhiavini kidinahina jahakia a'onira no'abakhiavini jaboni,Paumarí
3829,— tonomeguela itaunga moises inweniby waga enomedani modo aito ara amipyra mitomoem koendonro aramo wane koendonro kebamo ola earamopa itaunga kura domodoram tazehogueoly kula izetonro boh waunlogue lela etyunmo deus eynynonroem tawyly tienehon-homoem adykala kurado atadyguyho einka takaduomo maka modo tadaenkudyzemo tynrendysemo wara inanry ata tadatadyguyho odaji tataduomo tagareim ekado waga lela ekadylymo ara lapyla aty mododa,Bakairi
4577,amo awa aꞌe pe hekon aꞌe pawru iꞌir romo hekon aꞌe wenu tuwe wazeꞌeg aꞌe mehe wixe zauxiapekwer hapuzuhu pe kury pawru pe uzeꞌeg pa kury weminu kwer imumeꞌu pa izupe kury,Guajajara
18360,jesus va'ora ni'aha: —bada oni'a'iki ida badani danoki hoarani akadi'akoiri kamahini oniani ida avakava'ibodivaranikarahovini hi'ia ni-avavajahaki ida akadi'akoiri kamahini ija'ari-ra oanaihotavini akadi'akoiri kamahini hini kaba'i avakarajomiki ada isai tanaki avanaabaja kaimoni ida deus kava'isohihi moises kohana binajiri'iki ni-moisea bihonariabiininiki ida siikosida karajomihi moises namithana viahania kidija'ari miro'a vanakama'daja ida siikosida karajomihi,Paumarí
18380,vava'i mokara ni'imidiaha naothinia khai vakhani'aha hari oniaroa jesus va'ora ni'a'aha adani ipohina: —mahi ipohiriki hora avanokijanarihi bana radahahi ida mahi ipohiriki hora avanoki'ianaki a'oni bana — va'ora ni'a'aha jesus ipohina vahoarahanana vaabono vakanana'dohikhama'aha: —nahina mani ida kidivarani hija haria nava'isohivini athini: mahi ipohiriki anokijanaravini-ra kahiki ada radahahi ida mahi ipohiriki anoki'ianavini-ra kahiki ada kidivarani hiki jaboni ida: kidiabi'i kania okhana-ra kahivini oniani ida anokijanaravini hija ni-aogaki ida bini'aki: radahahi ida mahi ipohiriki nahina nimania ida vara bivani'aki — vakhani'aha,Paumarí
26708,ne kam ajte mema atema myjja 'a ujarenh jakreo te me kute abenma axwe kukra ket mex ne arenhbe ne mema kum —‍atema pidjobe pigere ne o apenh kute o benjadjwyrjama krema o te o ten kum kre pidjoko nhipokri kum kre nhym arym ingrot ne abatanh ne nhym o pidjo djwynhja kute o jabejma 'yr te ne te o jabej nhym amex nhym te o jabej nhym ajte amu amex nhym te o jabej o jabej te apran kam o apenhma kum “ota aje pidjo kreja o ket ne arym 'a amex amanhkrut ne ikjeket ba te o jabej on ten kum ta myj kadjy ne mon inho purkam am kajgoo dja” ane,kayapó
11276,anure ꞌa ꞌga amu ꞌjau ojeupe etee futat: “aꞌjea sipo janeruwarete ꞌga je rereko tyweretei mamaꞌe tywera je iapoawer are ꞌwei” ꞌjau ꞌa ꞌga ojeupe etee futat rakue aꞌeramu ꞌa ꞌga mamaꞌe tywera apou ꞌga resakawamu rakue nuenuwi aipo ꞌga jarejuwarete ꞌga jeꞌega aꞌeramu janeruwarete ꞌga moja monou ꞌga nupe aꞌeramu moja ꞌga uꞌwau ꞌga apisau rakue aꞌeramu ki jane iapoweꞌem ꞌga ꞌjawerimu,Kayabí
17906,kasani nakairati hisa womana tyotyaki ferakene waokita,Parecis
1033,ne me kot tirtum kaper o hex o me pa xwynhjaja koja ari me kep kris kwy ha amnhi to hex pe me nokupyr ne me kam tirtum kaper o hex o pa jao ra me tamjaja amnhi nokupyr o pa ne amnhi tomnuj tyx kumrex,Apinayé
19534,e nos revelou o misterio da sua vontade de acordo com o seu bom proposito que ele estabeleceu em cristo isto e de fazer convergir em cristo todas as coisas celestiais ou terrenas na dispensacao da plenitude dos tempos,Portuguese
7470,kiro ga nhomonhi'inhi'ihetei a'ea rehe upa aere pedro'ga po'ami javo ga pe —‍nhiiru pekwaha pe tupana'ga nhi'igagwera ji ve ikwehe ji ko pepyteripeva'ea ei pedro'ga igwete tupana'ga ei ji ve: “ndehe ti emombe'u pyryva'ea judeus'garuive'ga pe jesus'ga mombe'gwovo tohendu ti ga javo a'ero po ti ga jikogi jesus'ga rehe nehe” e ko ga ji ve ikwehe ei pedro'ga ga pe igwete ji jesus'ga mombe'ui ga pe,Kagwahiva
8916,santa ceia ky tog ag ty konh ke hora ta kryg mu sir ky jesus tog ta ni ni ti ty un vin ja ag mre ha apostolo en ag,Kaigáng
23449,yɨ'ɨ wakutiro a'ti mɨsare karirare weero noho boka eha peha si'ritisa',Tukano
9024,eju xe moiru heꞌi hesu upei hesu oho ogwata galileia yugwarusu yke-rehe ohexa oho-vy simao-pe tyvyry ndive tyvyry hery andre ohexa omombo ramo oity hagwa y-py kyha omombo ramo oipyhy hagwa pira-pe ohexa haꞌe kwery katu pira jopoihaty voi,Kaiwá
16051,hi³­yau³­sa³­kxa²­ i³­tih³­nxe³­ne³­jau³­su²­ ja¹­nxa¹­jau³­su²­ i³­yau¹­u³­jau³­su²­ i³­ye³­kxi¹­nxta¹­tu¹­wi¹­ nxe³­na¹­te³­nah¹­lxi¹­: “ta³­kon³­ta³­ki³­yau³­su²­ hau³­ta³­lun²­sxa³­ an³­ki³­i²­nha³­na¹­ nxe³­kxai²­nan²­tu³­ kwe³­kon³­ju³­ta²­ yau³­son³­te²­jai¹­ti²­tu³­wi¹­ nxe³­ju³­ta²­ kwe³­kon³­ju³­ta²­ hau³­kon³­na³­na¹­ nxe³­je³­na³­kxa²­ ta³­kon³­ta³­ka³­ta²­ i³­yau¹­u³­ne³­lain¹­te²­jai¹­ti²­tu³­wi¹­”,Nambikuára
14900,— itabut'umat ekukuap puxim gu on jekukum imenpuxim itabut'umat ekukuap puxim gu jekukum ip okay itabucayu — io'e,Mundurukú
21359,— pyno tupana mipo­ꞌo­roria sese uruto iꞌatuꞌe ehepe maꞌato yt pywo pe i iꞌatuꞌe ehepe miꞌi ta maꞌato eimaꞌat reran haype taꞌi teꞌe­ru­we­po­ꞌoro eiꞌakag wo teꞌe­roꞌe hamo — taꞌi  ok takaria ewywuat koꞌi uruto iꞌatuꞌe aika­ꞌiwat iesui potmu­ꞌeria koꞌi uruto iꞌatuꞌe eimaꞌat reran haype iesui urupo­ꞌoro ehowawi iꞌatuꞌe ehepe yt pywo pe i iꞌatueso neꞌi,Sateré-Mawé
20266,erodes sodadutsa tuk sesus zimyijakanaha sesus myzisukyrykiknaha iwaze isuk tisapyreta ty ihumo korokbyk niaha iwaze zimyijakanaha niahatsahi piratus bo zisihyrykzonaha,Rikbaktsa
24130,“cushiculcachun shun'unchu waccha cacunaca paycunapami diospa lluy canin unanchasha cayan,Urubu-Kaapor
26562,nhym jeju arym ten kikrema wadja nhym me kaxa kot ba djwynh ar arym me karo jabej kukij ne kum —‍mykam ne bar te ije me karo punu kujaekma o ane ane,kayapó
21303,katu­pono saꞌawyꞌite uiꞌauka hamuat yn taꞌatu­henoi miwan me miꞌi pote yt ahetup kuap i atipy kape uipo­wyro hamuaria suraraꞌin sem e,Sateré-Mawé
7450,—‍akwaimbae'ga upaharahea – akojahea nde erehepia – hehea ipopoaka yvyakotyve'ga nduvihavuhu'ga mondomondopavuka gwemimbotarimova'ea rupi okovo ganduvihavuhuro tuhe ei tupana'gapyrive'ga —‍dezva'ea yhyapypeva'ea ratia – akoja nde erehepia akoja ko yvyakotyve'ga nduvihavuhuro – gaha ti noarohetei akwaimbae'ga upaharahea nehe yhyapypeva'ea pavei nehe ei tupana'gapyrive'ga ji ve nura ti ga hea mbotegwetei heapopoakara mombiga heambatera pyhyga hea hugwi nehe tata pyvo ti ga hea mbokaipavi nehe cidadeuhua ji amombe'u hea mombe'urame ei tupana'gapyrive'ga imombe'gwovo ji ve naha ti ga cidade rerekoi imbokaipava nehe a'ereki nanongara tupana'ga opota gwemimbotarimova'ea arouka ga pe gandeaporogita mbojoyvyyvyre'ymuka naha ga ei: “tombojoyvyyvyryme ti yvyakotyve'ga nduvihavuhu'ga ojeaporogita yhyapypeva'ea pokoga okovo a'ea nhi'iga rupi nehe” ei tupana'ga naha ti tupana'ga ga nderekoi nehe toho ti nhinhi'iga apiavo javo ei tupana'gapyrive'ga imombe'gwovo ji ve,Kagwahiva
23979,o'akɨhɨre eho peora weero noho wee soorasama naa weesetise me'ra pe'e o'akɨhɨ tutuasere “toho nii wee'” niirasama naa noho me'ra nee ka'ro ba'pati ma'atika'ya,Tukano
11150, jua janeruwarete ꞌga kwaawukaat kaꞌarana je akwasiat imonou pe nupe jarejeupe jarejuwarete ꞌga kwaawukaara ꞌga ree je ikwasiari kristu ꞌga ree je ikwasiari ojeꞌega rerowiaaramu ꞌga jane mogyi ojepyri nakwaparimu rui okoeteete maꞌea kristu ꞌga yma te ꞌa ꞌga rekoi ywy apoeꞌemauwe kristu ꞌga rekoi rakue aꞌere ore ꞌawa ywy pe ꞌga rekoramu ore ꞌga resagi orojeau ikue orowyka ꞌga pir are ikue ꞌga jeꞌega ore enupa ikue aipoa ore oromomeꞌu pe nupe yma we te ꞌa ꞌga rekoi rakue ꞌawamu aje ꞌa ꞌga ruri ꞌawa ywy pe ojesaukaa oree ikue aꞌea ore oromomeꞌu pe nupe yma we futat te ꞌa ꞌga rekoi jarejuwarete ꞌga pyri aetyweꞌemauwe rakue aꞌere ꞌga ꞌawamu ꞌga jesaukari oree ikue,Kayabí
10575,tai tahe jesuisi‑o raryberenyre: —aokore reeryrenyore heka irawyodyy titxiribibo iruru nade tahe jesuisi rirawyonyre: —tule jiary yyraxina adeereny aritynynyrenyotyhy,Karajá
25887,tawamha ane ma to ama dama 'rasutu timreme na: — asimipari pese za'ra wa'aba wamha ma'ape iwapari pese za'ra wa'aba inhimirowasu'u na ha waihu'u za'ra wa'aba da — ane ma to ama dama waihu'u,Xavánte
17157,jesus xane hatirisakorenai hisehare ana hatyaoseta iximarenenai xaneha waiyaha maheta hisehaliti xaneha hoka hatyo najikinita jesus tehitiya xane xane xakore atyo hoka hameteneta atyo xane maisa atyo halitinai semahitaha exanene,Parecis
709,ritonopo onesaripopyra repe yrome ynara tykase ynororo eya “sero imeipo ekaroko ase oya oesaryme oesahpyo apako esaryme roropa toorihse awahtao” tykase ritonopo aparao a tumukue pyra ro ahtao mame ynara tykase roropa ynororo “apako ma imehno esaka ytoko osesarise moroto me zeimanoko ma toto imehno esao,Apalaí
23127,masira naa jesure i'yara wa'a'ke nii' herode judeia di'ta wiogɨ niiri kura jesu bele wametiri makapɨ bahuakɨ niiwi kɨɨ bahuaka be'ro ɨmɨa masira muhipu mɨhatiro pe'ekahara jerusalepɨ etakara niiwa,Tukano
4469,teko umumeꞌu hemiapo kwer oho xir ywy rehe har nanan aꞌe wa no aꞌe rupi aꞌe ywy rehe har werur imaꞌeahy maꞌe ipyr aꞌe wa no wyzai imaꞌeahy haw hereko har wanerur pa ipyr aꞌe wa no werur tekwe ikatu ꞌym maꞌe hereko har aꞌe wa no werur uryryryryz maꞌe aꞌe wa no werur ipari maꞌe aꞌe wa no paw rupi katete umukatu aꞌe wa,Guajajara
11607,aꞌe renupawe ꞌga upe ee oporonup maꞌefera ꞌga oporesagamu etee ꞌga ree: —kuu iꞌakwaap ꞌga raꞌe nuꞌu— ꞌjau ꞌga ajaupe aꞌeramu ꞌga awau ꞌga wi,Kayabí
20327,hawa mykusukninaha baba naha humo nisihyrinymyryky sesus nipamykysokoze atatsa hi myzubaha tazaha eze opykani sesus okze nipamykyso nawa ipe niy: — aje tsakuretatsa atatsahi tabykyhy humo tsakuretatsa atatsahi ikia pykyhytu ziknakara ikia humo tsakuretatsa — niy,Rikbaktsa
26313,nhym kam jeju ar te te:n kam arym benjadjwyr nhurkwa'yr box ne arym wadja nhym wanh me kwy pore kakoro dja nhym me kangao kumex,kayapó
18204,hari  batista kohana ipohina vakamitha'ihi ida monina cadeia avikha'aha aba'ona avanikha'avini ja'di hodijama'okia avibaiha'ihi ida aba'ona naothinia jesu-ra vananamithavini hi'ihi ida  batista pohimaja'ina,Paumarí
7837,a'ereki tupana'ga e'i: “aru pota ji yvyakotyve'ga jijipyri omanomo ga ndepyga ti jesus'ga ga pokogi ga nderua ji pyri nehe a'ero po ti he'yjuhuve'ga nduvi ji pyri okovo jira'yramo avuirama nehe” ei ga hahy jesus'ga pe ga manorame ga ndepyga a'ea rupi ko pyry tupana'ga jesus'ga mbojipokwahavi onhi'iga rehe ga monhimomiranambava ga mboavujikwea toko hete ti ga yvyakotyve'ga nderohoharamo ga pyri a'ereki tupana'ga ko japopahara'ga imongohara'ga ojive ga oapo pa tapo'ru pa ti ji javo,Kagwahiva
15551,beh-nabeh ramaneeenh sewus had me rahꞌyy kahaꞌeeh doo paw-ro ramaneeenh er-mes had me rahꞌyy kahaꞌeeh do seeh paw-ro ti herꞌood ub do hyb nꞌaa,Nadëb
7813,jireheve'ga gwendu katu nhinhi'iga ei ga akwaha hete ji ga igwete nhiremimbotarimova'ea rehe ga ndekoi jipi ei ga ga pe,Kagwahiva
9307,hesu oiporu temitygwe rehegwa nheꞌe ha upe ary-py hesu ose oga-gwi oho-vy oho yugwarusu rembe-py ogwapy omboꞌe hagwa,Kaiwá
7083,—‍ga ndekote'varuhurame pe me ti penhiminhimi ga hugwi pejijyjijyi ti pejigwovo ojipejipe pe cidades pe a'ero he'yjuhuva'e pe cidades pe po ti pe hoi ji mombe'gwovo ga pe nehe ei jesus'ga pehoa renonde cidades pe nhaporemo israelpeve'ga gwyri pe po ti ji ajora'ja yvya koty yvyakotyva'ero yvagipeva'ero nehe a'e ji pe me imombe'ukatuavo ei jesus'ga gwemimbo'ehara'ga pe,Kagwahiva
22003,kiyone'e kaxe ahi'okovone jesus ne ihikauhiko hara kixoa: —‍ako apeti yara vovoheixoku epo'oxo kiyone kaxe mani unati pehuka pihopea ra eno xane motovati vanexopeahiko kali nika ya ipuxovokutihiko vekopoku,Terena
10763,deuxu tyytyby rarybera: —ihewoladu bededyynana txuu habu tyytybybina rybe‑o roholakre tai iny tyhydyynanareny ririkre,Karajá
20816,sesus: — niwazubakta asokorotsapu isapy bo kurukty ikiahatsa ahasokorotsaputsa tuk tsipihuzedukunaha zeka ikiahatsa kino niwatihi sokorotsaputsa ty pahabanaha,Rikbaktsa
9159,upe oga pygwa kwery ojohayhu pora ramo ipyꞌagwapy pora vaꞌera ha ndojohayhu porai ramo upe pygwa kwery ojevypa jevy ara nde-vy ne nheꞌe,Kaiwá
21351,piat ewy miꞌi hawyi mekewat getap wyi iesui tuwetem naꞌyn hawyi toto i raꞌyn yi karireia hyemyiꞌa wato kape miꞌi tote taꞌapyk yi kyt rote yepeke,Sateré-Mawé
10439,inatxi heka sohoji weselemy rarekre habu tahawyy‑wana deuxu heka habu tahawyy‑wana ributunyreu inyo heka tiu rihitxinyotyhy,Karajá
19433,espero no senhor jesus enviar-lhes timoteo brevemente para que eu tambem me sinta animado quando receber noticias de voces,Portuguese
21148,kat e iuwau uhetiat tohenoi uikuap ehepiat hamo eheha­kye­raꞌat hat uito hat are maꞌato kat e uhetiat tohenoi hap atikuap uipyꞌa pe yt iuwau kaipyi i arekuap uwe uito hap e taꞌi saꞌa­wyꞌi iuwau mienoi uhetiat ariaty ewy hetyhot yne e haꞌa­wyte ran eweikup­teꞌen iuwau ehay upi ihay se kahato eweiꞌe saꞌa­wyꞌi,Sateré-Mawé
