index,TEXT,LANG
7824,ga rerovahemame ojiupihava rehe ga ojatiy'varimo ga rerohoi he'yjuhuve'ga hugwi onhimboahiheteve'ga hugwi topyhygahayme ga ga javo a'ereki ga ohoohoji ga ndeviri ohapukajahyavo pejuka ga javo novia,Kagwahiva
24621,chaychumi ulucunata wancacunata apalcachaypa: “¡nitilcul pacaycalimay tacunanchu tacu diospita chaynutac uwishcapa pinacuyninpita cananmari jatun muchuycachinan muyunca chamun mayanlla awantaycunmancha” nil nipacula,Urubu-Kaapor
1407,na pa pre kri ho kama menijaja kot amnhi kra hpro ha me ama me hare ka prem inhma nhum me akwyjaja kam ja mex ne nhum me akwyjaja tee ri ja kukama ajamaxper no memo kaxyw na hte menijaja amnhi kra hpro e kot paj ixpri ha me ama ja jare ka me inhma na tirtum kep kris jamar xwynh nhum kris kep tirtum ma me inhmyje jamar xwynh no me anijaja me amjen kep kris ma me ajamar xwynh na hte menijaja ohto ne ra me mjen a amnhi to amnhirit kaxyw amnhi kra hpro ne ri pa no me inhmyjaja na pa htem a amnhi nhipex anhyr ket ne na pa htem amari ixkra hkenh ne ixpa,Apinayé
16486,ja¹­nxe³­ju³­kxai³­lu²­ a²­nu²­a²­ wan³­txa²­ a²­hoh³­lxi³­su²­ te²­na²­ kai²­nxa³­ha²­kxai³­ ha³­teh³­nxa³­nxa²­ u³­wha²­li¹­txa³­nxai³­ta²­ i³­yau¹­u³­te²­su²­ te²­na²­ kai²­nxa³­ha²­kxai³­ a²­nu²­a²­ a²­hoh³­lxi³­su²­ ha²­kxai³­ i³­ye³­i³­yi²­lhon¹­ta³­kxi²­nyhu¹­te²­su²­ te²­na²­ kai²­nxa³­ha²­kxai³­ nxe²­na³­la²­ txa²­wa¹­su³­na²­ yen³­nau³­a¹­: — kwa²­toh³­lxi³­jau³­xai²­la¹­wi¹­ yuh³­xai²­nan¹­jau³­xa²­su¹­ txa²­wa¹­su³­na²­ nxen³­ta²­wa²­,Nambikuára
25590,wa ha wa to ama 'mada to sena wa aima rowasu'u za'ra wa'wa o ha 're ihaimana u'asi mono 'ra — ane te dama wasu'u zuwa batita ha,Xavánte
14101,imenpuye fariseuyu o'jem yabewi o'jewede ip jesus xewi o'je'awero ip herodes ebekitkit eju- -judeuyu kukukat ebekitkit eju o'jewawe ip jesus aoka am kapikpig sabado kabia be buye jesus o'ju iodi wabu be jeweju etaybitbin'ukayu eju- -galileiadi wabu be,Mundurukú
26687,kum idjapenhkam ne ba kritu kukwakam myjja pumunh ket kumex nhipex kritu kukwakam ije myjja nhipexbit dja ba 'a amijare me bajtem kute kaben mar ne kot amijo ba kadjy ne ba mema kaben jare na bam mema kaben jaren kot myjja kwy nhipex nhym me arym omu omun arym kaben man kot ar amijo ba metindjwynh karo 'ityxkot ne ba myjja pumunh ket kwy nhipex ne me punuo mex nhym me karo punu meo ba ba me neje me ano nhym me arym mema ire na bam myjja pumunh ket kwy nhipex nhym me te kute marma kam no tyn kume:x ne arym metindjwynh raxma kato ba kam kaj be mema kritu'a ujarenh ny jarenho iba: djeruxarekam arenho iba:n amu apynh pykakam me ba djari kuni kot o iba:n o inhipok ne ne arenho iba:n arym pykabe irrij'yr arenho box,kayapó
20956,duabohotsa perytsitsa sisopyksapybyikitsa soho humo nitsasoko iwaze sesus myzubaha bo nipamykysokozo waratok humo nikaranahatsitsa soho nitsasoko iwa nisihyrinymyryky atahi: — maku estuba duabohotsa nisiparikik nisiparikikze jokarawytsa ty okehyry okehyry niy ihoke ziuku anaeze kytsa duabohotsa tsik nisipypyrikiknaha iwaze tsihitsa jo bo isparik ziziki anaeze ziperykykta duabohotsa nisisukparaka waratok tsihitsa niparakze kytsa pe: “utakta mu nokponi mokuru ikiahatsa duabohotsa tysiperynaha tsapukte buruk kaperytsa humo duabohotsa ty ahabo nyny my” niy yhy niaha iwaze tsihitsa meky botu itasapy,Rikbaktsa
12321,warayoꞌkon porcoyamiꞌ piꞌ teesenyakaꞌmasanonya miriri eꞌkupi eraꞌmaꞌpi miriri yeꞌnen inkamoro eꞌtirikaꞌpi moropai toꞌ witiꞌpi cidade pona miari miriri tineramaꞌpikon ekaremekiꞌpi toꞌya tamiꞌnawiri moropai inkamoro asakiꞌnankon warayoꞌkon imariwaꞌkaꞌ pe siꞌsan esepiꞌtisaꞌ yekare piꞌ niri toꞌ eseurimaꞌpi,Macushi
14444,gebuje jesus o'jekawen jeweju etaybitbinayu eju — oweju jeku pin pima eywekay ma eyaguyba'um cuy; eybu'um gu dak cuy eye'u am owebeam; wa'o dag tak cuy epeku — io'e cebe ip,Mundurukú
21757,pyno waho­ꞌopot hap kaipyi miitꞌin iraniaꞌin minug saꞌag kaipyi aiꞌa­piheg hap mesu­wa­ro­tiaria piat hap kaipyi tupana tikuap sio aito iesui mohey haria sese sio yt hap sio aito imepytꞌin sese aito sio yt hap pyno saꞌa­wyꞌi ahaꞌag tupana miꞌi hawyi waku pe aito aipueti aheineꞌen wuatꞌi eꞌat piat hamo maꞌato aikota aru iraniaꞌin meimue wuaria yt sehay wakuat iesui etiat yt kyꞌesat i haria ete aikota aru miꞌiria ete kat som aru tupana tunug miꞌiria ete yt tomi­ky­ꞌesat nug neran i haria ete taꞌi miꞌiria ete poꞌog poꞌog saꞌag topy­huꞌat iꞌatuepiat hoꞌopot hamo mesuwat rotiat hoꞌopot hit iꞌatuepiat hap kaipyi hoꞌopot hap te topy­huꞌat wuatꞌi eꞌat pe iꞌatuete,Sateré-Mawé
9953,upei heꞌi jevy judeu kwery-pe: —ha myamyri moises omombeꞌu vaꞌekwe hesu rekora: “xe ramigwa omoingo vaꞌera nhandejary inheꞌe-py omombeꞌu vaꞌera pene paꞌu-gwi omoingo vaꞌera petei vaꞌe omombeꞌu vaꞌera nhandejary nheꞌe-py xe moingo hagwe-rami omoingo vaꞌera pehendupa ete vaꞌera hemimombeꞌura gwive pee-my,Kaiwá
19806,jesus respondeu: voltem e anunciem a  o que voces estao ouvindo e vendo:,Portuguese
14089,agoka watwat ijebit e'uat o'tujowat jesus kay ixexecap pe ixe ijebit e'uat o'tujowat ip jesus itaybit o'e cekay itabut ip iam imenpuye o'jekawen ijebit e'uat pe: — a'ocam cuy — io'e cebe — ikereat kuy oju'uk ewebewi tapu iboap ikereat kay gebum gu oce i'uk puje — io'e — pug em tak ka'uma — io'e- -jesus o'e ijebit e'uat pe,Mundurukú
5082,— haꞌe rami tei ombaꞌeapo vaꞌe kuery taꞌy oexa vy aipoeꞌi joupe-upe: “pevaꞌe ma uvaty jara ete jajuka teve uvaty nhandevy ju opyta agua” heꞌi okuapy,Guarani
11568,aꞌeramu jejui ꞌga ꞌjau ꞌga upe: —maꞌeramu ene ejua eporonupa ee jee nu ki ꞌei mamaꞌe esagerete are ki ꞌei— ꞌjau jejui ꞌga ꞌga upe —janeruwarete ꞌga etee futat esage maꞌea “ene ꞌa jarejuwarete ꞌga ꞌjawewara futat” ere te jee— ꞌjau ꞌga ꞌga upe —ywag ipe eoweramu mamaꞌea eapo ꞌga jeꞌeg imu etee moisesi ꞌga upe ꞌga remikwasiarukarer imu etee— ꞌjau jejui ꞌga ꞌga upe,Kayabí
22330,tiya uha koeti xane hako motova yokovo ne po'inu uti xoko kristu tiyamaka ituko'oviti koanemaka natina uti,Terena
10339,kaiboho dori iny rarosonatyhy inydeysana iny biu‑o hena inynyry jesuisi oraru‑ki atxitenyte tii dori kanake kaiboho ixityhydyynao heka toimahate,Karajá
23188,apera jesu cristore eho peora o'akɨhɨ ni'kɨta niisere ayuro masi yɨ'rɨtisama naa too dɨporopɨ masa naa yee'karare eho peo'ke bu'iri toho niisama toho weera ni'karoakare tee di'ire ba'ara a'tiro niisama: “teere ba'ara masa naa yee'karare eho peora wee'” niisama toho weera eho peo tutuatira ba'ara bu'iritira tɨ'o ya'asama toho tɨ'o ya'amira toho ba'aka'sama tee me'ra naa wakusere dohore'sama,Tukano
15226,rababok do ha ji hꞌyy ganang sa ha ky nꞌaa hahyyh ti mꞌ jesus ky hadoo: —baad be hyb nꞌaa mataka pꞌop haga do ky nꞌaa rod oow be rawanadii hyb nꞌaa bꞌee anyyw is do hadoo kawanajaan do hadoo da rababok be mahang jꞌooj madak doo me tii tꞌop sa hꞌyyb go tabanasꞌaa bꞌee hekꞌook do hadoo tii,Nadëb
5828,haꞌe rami vy ae ojeupity ipara re oi vaꞌe: “abraao ojerovia nhanderuete re haꞌe ramo ojeroviaa re omoi teko pora” heꞌiague ipara avi oiny: “ixupe ‘nhanderuete iru’ ꞌea”,Guarani
4929,pezeꞌezeꞌeg peiko pezeupeupe nehe zezuz tur awam imumeꞌu pa pezeupeupe pezemurywete kar pa nehe pezeꞌezeꞌeg wiwi pezeupeupe nehe tur awam imumeꞌu wiwi pa pezeupeupe nehe pezemurywete kar wiwi pa tuweharupi nehe pawru uzeꞌeg ikatu maꞌe iapo haw rehe aꞌe kury herywyr wa hereinyr wa uruzapo kar putar ko maꞌe peme ure nehe kury — pemuwete katu tupan zeꞌeg imumeꞌu har pepyr umaꞌereko maꞌe pe wa nehe taꞌe tupan wexaexak aꞌe wa xe peneruzeꞌegar romo aꞌe wa xe pemuꞌe kar pa wanupe aꞌe wa xe pezekaiw katu wanehe nehe no pezamutar katu pe wa nehe no taꞌe umumeꞌu tupan zeꞌeg waiko peme aꞌe wa xe pezeamatyryꞌym zo nehe,Guajajara
1886,ne ha pahkinh ne ne kam hihtyx o hihtyx a hare te me kot axpen ma me rer xwynh kot amnhi nhipex pyrak jao me pahte amnhi tomnuj panha amnhirer xwynhta te kep myja pyrak ne me kot hkot amnhi nhipex xwynh piita te me kep nija pyrak ne te me kot axpen ma wa rer nhum wa kot axpen kot pa ho pa pyrak o koja me amnhi nhipex ne te me kot mjen ma xwynh ma e mex jakare nhor nhum kot hagjenh pyrak ne e mexja te me kot tam amnhi nhipex xa pyrak ane,Apinayé
5899,haꞌe gui xee voi ai karamboae ndeayvu mombeꞌua estevao ruguy moea kuery reve haꞌe nunga ajou pora vy ijukaa kuery ao aaro vaꞌekue” haꞌe,Guarani
25372,izazei'wa oto 're anomro aba mono wa te za ubure da te 're ai'ruiwapari za'ra wa'wa,Xavánte
2587,tikinitakoro minikatakoto auikari teoso inikatiniro oa oa misakiretari iua pokamara ikanoka pakini inikatiniro ikapani tikinitakoro osarauatininoka nireekaro ipikaro atoko otxaua,Apurinã
2797,txineiro apanakini sikakito nitariakori anirekari asapiretinii teoso misakiretikoataa apotiitakaniua masetonia tixini auakani peerekari teoso kamakiti ninoa ikapani kotxi ikinipoko erekari isika ninoamoni,Apurinã
15988,ti mꞌ simaw ky hadoo: —y karen paawa be ky nꞌaa etsꞌee hep y nꞌaa be herꞌoot do tanadang hyb nꞌaa ha yy —nang mah,Nadëb
15818,be y jꞌaa etse paa tiit ha y herꞌoot doo da ne he be ky nꞌaa ti ne he be meteeh tiit ha dooh y be nu meby ba te hub ne he sahonh he be y maherꞌood wat doo be hyb nꞌaa y jꞌaa etse doo te hub ne he na-aaj he kameta dak hyy ka,Nadëb
16767,ja¹­nxa¹­jau³­su²­ yain³­txa²­ yxo²­ha³­kxa¹­ wi¹­na³­la²­ yxan¹­ta¹­ a²­i²­li³­te²­ yain³­txa²­ i³­yain³­yah³­lxin¹­ju³­ta³­nu³­a²­ wxa²­wa³­ta³­xai²­na²­ i²­so¹­sxa³­ yxaih¹­sxa³­ ko³­nxe³­ti³­ kai³­ain¹­kxai²­nan²­tu³­ i³­yain³­yah³­lxi³­txa³­he¹­la²­ wxa²­wa³­ta³­xai²­na²­ txa²­wa¹­su³­na²­ hxi²­ka²­ we¹­kah³­lai²­la¹­wa²­ nxe³­nxti³­kxa²­yuh³­su²­: — yain³­txai²­na²­ yxo²­kwain³­sa³­nha¹­ yah³­lxin¹­kxan²­ti³­ i³­yain³­yah³­lxi³­txa³­he¹­la²­ wxa²­wa³­ta³­xai²­na²­ i³­yxaih¹­sxa³­ su³­na²­ ko³­nxe³­ti³­ i³­yi¹­li¹­nxti³­kxa²­yan³­ti³­su²­ ya³­nxta¹­wa²­ nxe³­ha²­kxai³­: — ka³­yxuh³­xa²­ wi¹­na³­na¹­ na¹­kxan²­ti³­ wa²­nhi²­na¹­kxai²­nan²­tu³­ txa²­wa³­ta³­xa²­ hi³­ka²­ so¹­lxi³­ yain³­jah¹­la²­ i²­so¹­sa²­sxa³­ i³­yxaih¹­sxa³­ ko³­nxe³­ti³­ kai³­kxa²­yan³­ti³­sa¹­ nxe³­ki³­kxai²­nan²­tu³­ a²­nxe³­te²­a²­ ka³­yxuh³­xa²­ wa²­nhi²­ya³­sah¹­lxi³­txa³­he¹­la²­ te²­ya¹­nxe³­sxa³­ yain³­txi³­yau³­xa²­ un³­jau³­xa²­ i³­na²­ki³­ju³­ta³­nu³­a²­: — txa²­wa³­ta³­xai²­na²­ i²­so¹­sa²­sxa³­ ko³­nxe³­ti³­ kai³­kxa²­yan³­ti³­sa¹­ nxe³­ki³­kxai²­nan²­tu³­ i³­na²­ya³­sah¹­lxi³­txa³­he¹­la²­ te²­ya¹­nxe³­nun³­te²­nu³­nhu³­sxa³­: — ha³­lo²­a²­ i²­li³­ju³­ta²­ kai³­a¹­tu¹­xa¹­ yxan¹­ta¹­ kai³­a¹­kxai²­nan²­tu³­ txa²­wa³­ta³­xa²­ i²­so¹­sa²­sxa³­ i³­yxaih¹­sxa³­ ha³­lo²­a²­ ko³­nxe³­ti³­ kai³­kxa²­yan³­ti³­sa¹­ nxe³­ki³­kxai²­nan²­tu³­ a²­nxe³­te²­ ha³­lo²­a²­ kai³­ya³­sah¹­lxi³­txa³­he¹­la²­,Nambikuára
19182,nos amamos porque ele nos amou primeiro,Portuguese
4546,zauxiapekwer nupuranu wi kwaw hehe wa izeꞌeg mehe taritykaꞌi utyryk izuwi wa tuwihaw ukyze katu izuwi aꞌe no taꞌe tuwihaw ikag weraꞌu maꞌe hom tawhu pe har hemiruzeꞌegete romo hekon tuwe aꞌe xe — xiapixi kwez zane aꞌe rupi tuwihaw uzepyk putar zanerehe nehe iꞌi uzeupeupe wa izuwi ukyze pa wa,Guajajara
24056,niptinmi: “manam anchish chunca anchishniyu cuticamapis maycamapis pampachaycunquim,Urubu-Kaapor
12027,moropai paapaya taꞌpi inkamoro epuꞌnenan piꞌ toꞌ weꞌneꞌpiꞌtoꞌ yaꞌ toꞌ wetun tanne tiwennaꞌpokon pe pata esaꞌ herodes poro toꞌ ennaꞌpo namai miriri yeꞌnen inkamoro ennaꞌpoꞌpi tipatakon yaꞌ tiaron eꞌma taawiri,Macushi
22322,—‍na ko'inoaye iseneu itukovo apeti hoyeno pohuti sendu su'usona inani omoyoni pohutiya akonikopomea kuri ixahiko ouke kali mopoi ne noventai nove koeti koeku oposikoponea neko pohuti moyoniti,Terena
3350,aituo isabel aguely mariaram: — deus induakeyby ama pekodo modo enday koenda kehoem nhentoem iamudo iazenri lapyla koenda kehoem tientoem wara,Bakairi
16521,yah³­lxin¹­kxai²­nan²­tu³­ wi¹­kai³­yah³­lxin¹­kxai²­nan²­tu³­ a²­nu²­a²­ txa²­wa¹­su³­na²­ wan³­txa²­ sa²­yxo²­a³­ain¹­tu³­ka³­txa²­: — ko³­nxe³­ti³­hitsxa³­ i³­ye³­kxi²­na¹­tu¹­xa¹­ nxe³­kxi¹­nxti³­kxa²­ ha³­ta³­nxan²­txi³­ wxa²­wain³­txi³­ kai³­yah³­lxin¹­ju³­ta²­ i²­so¹­nxti³­kxai²­nan²­tu³­ hai¹­nxe²­ a³­ka³­nah²­nxe³­sxa³­ yxau³­ya³­nxti³­hi³­nxna³­la²­,Nambikuára
8413,ty jesus kype ha ra tog kagmi ky je tu ni ver  ti ky tog ag kygpe kan mu ky tog kejen jesus kypeg mu ge ky jesus tog je ni ti ty tope mre vin ky  ty ti kype kar ky ky vaha kanhka tog norꞌ he mu ky tope kuprig vy kanhka ta katere mu ti kri ty sorag ve ti ni tope kuprig ti ky kanhka ta venh vi tog me ha ti ky tog: “ty a inh kosin pir je ty a tog inh fe pe jegti” he mu venh vi ti tope ti,Kaigáng
4774,zezuz tur ꞌym mehe we imaꞌereko haw iapo ꞌym mehe we zuaw purumuzahak maꞌe umumeꞌu tupan zeꞌeg oho izaew izuapyapyr nanan aꞌe — pepytuꞌu ikatu ꞌym maꞌe iapo re nehe pezemuzahazahak kar nehe iꞌi oho iko wanupe,Guajajara
8902,eg ty in han ky eg tog ti ty kri je jafa en tar han ti en ri ke ti ni tope jykre ti jesus cristo kame vy ha ni ky tog tugꞌ henh ke tu ni u ag ty on ky to vi mu ha ra eg ty ti ki ge ky nytin ky tag vy eg to ran ky ni ha me: “eg senhor vy a tu ag ki kanhro ni” he tog mu kar ky tag vy ran ky ni ge ha me: “venh jykre pano tovanh kan ra ajag ty: inh senhor vy ty ti ni jesus ti he je” he tog mu cristo jykre to ken ha ve on vanh ti nigti,Kaigáng
20271,kyze sesus izororowyhyta deus wahoro zubata eze zihobyk ipe niy: — abaka ikia tsikzororo hy awatu ty tsimynamysapybyi zeka sinini tsimykara — niy,Rikbaktsa
23256,kɨɨ moise oha'kere bu'era weero noho bu'etikɨ niiwi dutise kɨogɨ weero noho naare bu'ekɨ niiwi toho weera masa kɨɨ bu'esere tɨ'o maria wa'akara niiwa,Tukano
10066,huysy‑di oedyy araerynadyynyrenyreu rysynatere wesemy aoko erydyynasiramy aoko rybe kia rysyna rysymy texiywinyotenyte wiji tule texihumy aoko toitenyte,Karajá
6090,akaami yokaaɡetedipi nigawii niɡina ane jiiɡetaɡawa aɡejitaɡawa makaami iotagipi igaataɡa niɡina niotagi ayowooɡodi niɡica aneo niɡini niotagodi pida ejitaɡawatiwaji makaami yokaaɡetedipi leeɡodi jeɡejitedaɡawatiwaji ijoatawece aneetediwa eiodi,Kadiwéu
23992,kɨɨ toho weeka i'yara tii nɨkɨropɨ niira do'atira naa do'atisere yɨ'rɨo dutira kɨɨ tiropɨ a'tiwa nii pe'tira naa do'atisere yɨ'rɨo no'owa,Tukano
7764,—‍naha tikwatija javo ga pe: “tape'ui ti gambatera ga ikwava'egame ha'angava pe gwemimbohetehara pe” xa'e ga pe ei ga “taperekoi ojipe'ga nembireko'ga” xa'e ga pe “tape'ui mbiara hekoa ipore'ymame jugwi hekoa tape'ui no” naha ti xa'e ga pe ikwatija nehe ei tiago'ga ga pe,Kagwahiva
21828,miꞌi pote atiky­ꞌesat yt kat i emusin sokpe e atiky­ꞌesat yne esaipe­piaria esaꞌy­ruꞌin emiari­ruꞌin toꞌo­ꞌewy wetup ywania yn e miꞌi pote eremusin sokpe tekꞌe iꞌewyte etitek esaꞌyru isaki emusin sokpe e miꞌi ta eipiit eweimo­herep pote uweꞌin esaipe­piaria hap tuwekuap yt kat i eimusin sokpe hap ete e miꞌi hawyi ti aru uwe eꞌywania sese kuap hap topy­huꞌat e tupana aparau me saꞌa­wyꞌi sese e etewau miꞌi hawyi aparau haꞌyru raꞌyn isaki tuwe­mo­herep e miꞌi hawyi  eꞌat toineꞌen tuwe­mo­herep hawyi aparau tosa­ꞌyru ahit pe toihep kyse hit wo aikota tupana mienoi ewy e miꞌi hawyi isaki saꞌyru raꞌyn iako aiꞌy­wania ywot pot tuwe­mo­herep  ok haꞌyru rakat raꞌyn topy­huꞌat e etewau iako saꞌy­ruꞌin  ok takaria saipe­piaria kaipyi ti mesup watoi­neꞌen  ok ywania aito hap watikuap taꞌyn e miꞌi hawyi wetup iako saꞌyru ti iuse e,Sateré-Mawé
24514,natac wicchupis caychupis girrash nicunacta uyalipacul ama manchaculcaychu chaycuna pasananmi yachacun masqui manala camacayca cayaptinpis chaynutacmi chaypa nasyuncunapis malcacunapis girranaculcan'a chaynutacmi maychu chaychupis micuy wanacunapis ishyaycunapis shashaycunapis cacun'a,Urubu-Kaapor
9062,hesu rexa-vy heꞌi ojoupe: —upe vaꞌe ko elias oi heꞌi vaꞌe moꞌa ave hesu-rehe —upe vaꞌe ko onhemonheꞌe vaꞌety yma gwareixa oi heꞌi moꞌa vaꞌe ave hese upeixa voi haꞌe kwery hupi eꞌy omombeꞌu omombeꞌu jokupe kupe hesegwa nheꞌe,Kaiwá
26071,ne kam ajte arkum —‍jakam me kajgo mex ne me kate temja djam me kate tem ra'ama kati me ja dja me i runho kutewa nhym be me runho kutewaja gedja me panh kajgo mex ne me kate te mykam bir metindjwynh ne amiwyr me krapti 'uw nhym be kute mekam me ngrerebit amijo me utar nam a jeju arkum ane,kayapó
19105,no entanto quando ouviu falar que lazaro estava doente ficou mais dois dias onde estava depois disse aos seus discipulos: vamos voltar para a judeia,Portuguese
11843,ijeꞌegeꞌema ꞌga jejui ꞌga wi ꞌga o ypyrauwe ꞌga amu mamaꞌeukwaawa rerekwara ꞌga rerua jejui ꞌga upe —mamaꞌeukwaawa mu ꞌupa ꞌga pir are aꞌeramu ꞌga ojeꞌegeꞌema akou mamaꞌeukwaawa ꞌga nomojeꞌegukari imogou— ꞌjau ꞌga jejui ꞌga upe aꞌerauwe jejui ꞌga imoia ꞌga wi,Kayabí
10279,tahe riheridyynykeki tii awire tule riheridyynyokeki iratyretyhy awire,Karajá
18739,nihaha: —hokihaha'oadahaki ada deus nama arabo 'dako karaho hiki-ra namonaha'iki ada hahavi nama arabo 'dako karaho hikia hojaki-ra namonaha'iki ada ka'oa hiki hida kodivarani deus viaha varani ka'oa okavarani'iki ho kamahini ipohijanarihi bana ida namithaki kaimoni deus ibavi kaija'arini hoariha maina bina'ithoki bana ida trombeta namithaki bana ida athi deus athi namoniva abono-ra va'ora nava'isohi'bo'davini hi'iki kidihonai abono vihiki adani ni-ija'aria aviga'iaki kaho ida deua binava'isohijoravini hiki nahina hini — niha ada deus ibavi kaija'arini,Paumarí
17032,simao hatyo atyo pedro nexarexe kaexareheta exahe iximarene andre tiago joao filipe exahe bartolomeu mateus tome alfeu ityani tiago exahe simao zelote nexarexe  ityani judas  iscariotes eko xoaha  atyo matawatyatiye tyaohena,Parecis
22712,ina koe ne jesus: —‍hane itukovoxo koati motokeati “unati koeku” kixeokono xane kamokenoati ne emo'u ituko'oviti koane itukoati ne pahoenoa —‍koene,Terena
17817,hatyo najikinita kawisa hawakaneharenai hoka nexa: “wenakakoati niyahare hisehaliti notyomehenere mema xakore hoka wikaexakalaharenai atyo maisa tyoahitaha maisa waiyexeha hoka,Parecis
163,morara exiryke towose joze mororomero toytose toto koko poeto tarose eya je maro ejitu pona,Apalaí
18165,jesus cristo kasorara fori hiki varani hina ivani kodisai timoteo iabono nadano bana ivakaijoka ida jesus cristo kania iakaramisini ira kajoamoraha'oadahavinia,Paumarí
17081,haiyaharenai axehenahene: — xoana xamohenene xoare maheta boriko mokose xaolihena nexaha,Parecis
25466,romanu nori ha ma to dure te te siwi 're ipre'e wedehu na ane ha nimaha bata na si'ubdato oto izada iromhaimana wasete ze ha ete na ma to dure dasiwi iha ni da te dasiwi ama iwiri da dure uba're ha ma to ire aze a 'rowi a sisasi ha sa'ete wa ane taha na si'ubdato te irobzepataze ha dure ane ha uba're ha misi a na ire sipo'o pese wamha bata na wa to a pore wa'wa ihaimana bata bare mara bare dure,Xavánte
20704,ziknapamykysokonahatsa taparaktsa kapitaotsa kino niwatihi nitsasokonaha: — atakta zisapybyiki — nikaranaha sesus sibo batu harere tahabyi ziwaby zuba,Rikbaktsa
3400,aguely adaguho ura paulo xira kata ayanmo iweninri amaemo jesus cristo agonro modoram tara yagala mera timoteo cristo jesus emary xina; ewanula xina anhekyly amaemo filipos donro modoram xira kata xina ingonodyly tynynonroem deus induakeyby modoram cristo jesus eynynonro modoram cristo eynynonro modo iwymaryam emawyadani diacono domodoram lapyla wara,Bakairi
9768,upe rire upe kunha ave omano-ma ave,Kaiwá
481,mame ritonopo poetory nymyry ritonopo maro exiko tumyko maro tuisamehxo exiko ma toto takye roropa exiko ma toto etatoko pahne typanare awahtao xine otato ehtoko tykase jezu eya xine,Apalaí
21413,miꞌi hawyi toto atipy piat ewatꞌymo peteru miꞌi hawyi — taꞌi uimu­ꞌetu apo pai e sio herewe e taꞌi uimuꞌe poityꞌi kahato apo pai sio yt e miꞌi hawyi typy ok surara sakpo tokosap hawyi okenꞌypy wato asu kawiat iheg nakat kape tuwat miꞌi ti tuwewi raꞌyn tuwe­ꞌo­ken­hypꞌok miꞌi hawyi tuwe­noꞌe miꞌi hawyi tawa puat rote henotem hat meremo yt tuwekuap i raꞌyn miꞌi hawyi tawa puꞌap tote tuweran hawyi peteru ete hotꞌokꞌe i raꞌyn miꞌi hawyi toꞌe tuwepe — taꞌi yt uimu­ꞌetu hin i rasig pai e koitywy wyti atikuap kahato raꞌyn morekuat eroti po pywiat uika­ꞌiwat piat uhenotem hap pai e taꞌi mekewat atipy piat mipo­ꞌoro wyti iheg nakat woꞌo­pyhyp hap pyi uipo­re­notem naꞌyn e katu­pono toi raꞌyn muꞌap iuteu ywania piat uiꞌauka irane turan e peteru tuwa­netup hawe,Sateré-Mawé
13521,'u'um yeyox ta xe ham'aktux yeyox tikmu'un mutik hu: —‍'ugmog putup nupeheh ha xatek xak putup pa' pip 'og hapkummuk miy'ax 'iha 'axakix putup hu 'amog yummug 'ohnag yognu xip'ax tu 'a' nom tu 'amog putup'ah kaxiy ha yoneo xexka xop te: —‍tute ham'aktux: “'amog yummug 'ohnag yognu xip'ax putep xuktux 'ok yay putex putup kaxiy ha yeyox te: —‍'og pip'ax pip nunte ham xexka tu' pa 'ukxip'ax pip pepix pexkox tu' 'ognu pip'ax ya ham xexka' pa 'ukxip'ax xip'ah ham xexka tu' ha kaxiy 'ate xa ham'aktux 'upip 'og hapkummuk miy'ax 'iha 'axakix putup 'axop kuxa mam 'ohnag 'ugmun kopah 'iha 'og hapkummuk miy'ax pip ka'ok 'axop mutik hamun 'akuxa mam 'ohnag 'ugmun kopah ya 'ukxuxet'ax noy ya 'ugmun yag mun kaxiy,Maxakalí
2017,ataopitikara teoso takanapari xoteoakori kotxi ninoa auikari isakire iua apakapai hite kotxi hite auikari iua sakire iuaritika hiuikapeua ikara atoko hinakasaaki erepaniko teoso takanapari xoteoakori takari pori sauakakori atoko ininia erepaniko kotxi itopakiri aapori atoko hitxaua atxiiti ati oti okanapai hite apaka,Apurinã
8881,ky ag tog goj kamun mu sir ky tog  ke metros he mu kanhmar ag tog kamun man ky tog  ke metros he mu sir,Kaigáng
3603,kunwym deus jesus xyrentoem anhenehonday pedro domodo nhetobyry tiungutyby kula makeba xina nhegatuly “kywymary jesus cristo pymaem tohogue kehoem ise odopadyly” xina keho tanugue lelala ani xina nhedyly jesus eon-honru imasedoem awyly,Bakairi
12924,miriri pe ri kariwana eꞌnaꞌpi itakon iteꞌka pe miriri etaꞌpi pedroya moropai awenpenataꞌpi jesusya teurimaꞌpi piꞌ “itakon iteꞌka pe kariwana etun rawiri unepuꞌti pepin miikiri jesus taaya eseuriwiꞌne iteꞌka” taasaꞌ jesusya piꞌ awenpenataꞌpi moropai tikauware attiꞌpi seruꞌ pe tiweꞌsaꞌ yeꞌnen,Macushi
13762,homa 'ate 'axop manog tappet ha yiy 'axop kuxa hittup 'ohnag pa puxix 'umax tappet 'ok pe' kummuk 'akuxa hittup 'ohnag 'amhok ya' max ya' max tappet honha 'ugkuxa hittup 'ok 'akuxa hittup 'ohnag 'uyig kuxa hittup 'amhok pa 'akuxa hittup 'ohnag hu hapkummuk miy'ax kuxyaha' topa teptup 'axop kuxa hittup 'ohnag nuy hapkummuk miy'ax kuxya',Maxakalí
122,tozuhse toto jezu a —jamoreme amorepato pyra ase ritonopo poe roke amorepatoryko ase eya tonehpose jexiryke,Apalaí
13765,'ok tik te 'emeneo xop kopa' pip hamun yag mun kamah 'ok tik te 'iyaet xop kopa' pip hamun yag mun kamah 'ok 'amanam yog xupepma xop kopa' pip tihik hamun yag mun kamah,Maxakalí
1716,ta nhum me ja wa ho hamexkrut ne tanhma wa kot amnhi tomnuj toja myrape jejus kot wa hpir kaxyw hkot maanen wa o te,Apinayé
6688,dinilakidetege niɡijoa lacilodi judeutedi me yajigo jesus  iscariotes niɡijo anida aneetege niɡijo dooze anodiotibece jesus igo yotaɡaneɡe niɡijo anoiiɡe sacerdotitedi me dinilakidetege me yajigo jesus,Kadiwéu
7553,—‍jihi a'e pe me ei jesus'ga ga pe pemondo ti iporia'ive'ga pe penhiitambere'ia tohoryory ti ga pejihe a'ero aere pe manorame ipyhyga'jave'yma itambere'ia po ti ga ndoryndoryvamo jitehe pe ndehe nehe pe mboapyga ojipyri pevo yvagi pe nehe – kiroki a'ea ndopavi nehe pevo nane'ymi po ti nde ruvi ga pyri nehe ei jesus'ga,Kagwahiva
26793,e akmere ar apnhire ar kraxje ijaxwe apex ket ra'a am ije amijo item ra'aa ne kam myjja pydji'a ino tyx myjja tum ije amijo iba tumja ne ba tu wanh kum inhire tu wanh kum inhiren mar ket ne amikukambit maro te kute me kute aben rerkam prot tyx ne kam amim kinh dja jamynhja pyrak nam me amikukam 'yr prot ne prot tyx ne tyk dja ket ne arym 'y:r te me kute me tyxme me tyk dja ket nho nekrex jamynhma me kute amim amynhma ne me katat 'yr prot ne me protkot ari ar rit ket ne ate kran mum rit ne mum rit ket ajbit ne me kuman tu 'yr prot ne bir be na bam a ane na bam a amijo anen 'yr amijo item ra'an 'a inopdji ne metindjwynh kute ija amim karokot ne ba amijo te metindjwynh ikam kinh ne kute ima ikinh dja nhor ba ije amim amynhma ne ba kot amijo te bir be na bam ajbit ma ije kot amijo iba nhym ikam kinh ne kute ima ikinh dja nhorma ne ba kadjy amijo item ra'an 'a inopdji ne myj nekrex na myj ikinh dja ne ba ije amim byrma bir metindjwynh kute kajkwama me bajwyr gu me 'yr bamor ne o kajkwakam myjja mextikam ar babama tam kritu jejukot dja gu me kajkwama wadja myj me'okot bir kritu jeju pydjikot dja ba kajkwama wadja kadjy ne ba amijo item ra'an 'a inopdji ne metindjwynh ikam kinh ne kute ima ikinh dja nhor kadjy,kayapó
11915,aꞌe pype jejui ꞌga ꞌjau ꞌga nupe: —pejeaꞌgu ki fariseu ꞌga nui ꞌga maniꞌokoꞌo jopypeaw awi erote ꞌga maꞌe awi ꞌjau ki pejejeaꞌgwau— ꞌjau ꞌga ꞌga nupe,Kayabí
6284,niɡijoa lolacidi anenitedini miditaɡa ipelakijadi liciagi niɡina oko anowajipata natematigo pida owidi inoa ligecaɡaleɡetedi leeɡodi ane yopotibige odaa odoletibige mowidi niliicaɡajetecidi odaa epaa dininaale odaa jiɡidaa leeɡodi aɡalee ewianaɡa oyowo natematigo odaa natematigo aɡica daɡa iigi ane lakataɡa me yewiɡa,Kadiwéu
18533,jesus ni-va'ora vakaijokaki ovari va'ora ogaki adani ija'ari hahavi biogaki ida ija'ari hahavi vakadiva'ibodivarani ni-ija'aria vakaabokaki ida jesu-ra nava'isohivini hiki biogarikia biogahahavimani'ia ida ija'ari kava'ibodivarani afohanana,Paumarí
