index,TEXT,LANG
14397,deus ma juk adi eymutaybitbin osunuy xipan cuy epeyewekuk eyju ikitpitpiyu buye iam on pit iboam gu jeymutaybin ijudup pe macedonia eipi watwat kug cuk adi epesop xipan ocekitpitpiyu: — big ma juy xipan ip epejukuk — i oceju e'em eywebe,Mundurukú
7937,tupana'ga nomoka'nhymi onhi'igagwera ojiheva'ea pe israelitasva'ea pe oko ga gwembi'ea rupi ahe pokoga ei mariava'ea ymyahu ga nhi'igatui nhaneramonhava'ea pe abraaova'ea pe aere ga nhi'igatui aherakykwepoharava'ea pe israelitasva'ea pe “nane'ymi ji pe pokogi jipi” ei tupana'ga ahe ve “penymymino'ga po ti ji ga pokogi nehe no” ei ga na tuhe reki nomoka'nhymi ga ahe pokoga ga po ti nhande pokogi nehe no ei mariava'ea nhanenymymino'ga po ti ga ga pokogi nehe no ganymymino'ga po ti ga ga pokogi nehe no ei mariava'ea,Kagwahiva
15273,tii ka mꞌ jesus ha hꞌyy kaꞌeeh do an-tijoka ba habok do ramasaa kan jesus ha hꞌyy kaꞌeeh doo judah haj nꞌaa ba habong doo sahonh he ranoo rahajaa do penh ti mꞌ ramejuu beh-nabeh saw-ru daheeh ramahuum ramasa doo jesus ha hꞌyy kaꞌeeh do judah haj nꞌaa ba habong do sa wahe nꞌaa we,Nadëb
21366,putꞌoktoꞌe itote hawyi toto tomotag hap tawa nasare pyi tawa kawanaꞌu e hap kape yi karireia ihyemyiꞌa kawianuat tawa koꞌi kape toto yi sapuru piaria kape yi natari piaria kape toto,Sateré-Mawé
7952,a'ero tupana'gapyrive'ga ei: —‍terekyhyji ei ga zacariasva'ea pe a'ereki tupana'ga gwendu katu nde nhi'igame ga pe nura po ti nde ra'yramo enhimbirekohea pe isabelhea pe nehe ei ga zacariasva'ea pe  ti pemondo inoga gareraramo peja'yra'ga reraramo ei ga,Kagwahiva
26100,ne ga ren ar aje imarkumrex ne ren arym ibamdjwy ma be arym ba ar ama are gar arym aman omu ane,kayapó
18261,vanofiki ida jesu-ra vanaabinivini hari oniaroa judeus kaija'ari vaipohiki maria-ra vanavanavanahaki vanoki'iki ida jesus kabadani danoki oniani ida vakajari'daravini hija,Paumarí
13428,pa' yey ya ham'aktux yanan 'ohnag ha tik te 'amanex xop xat te xe: —‍'ok topa te 'ayaykutnaha' 'ok topa xe'egnag kutok kaxiy,Maxakalí
19422,portanto se o filho os libertar voces de fato serao livres,Portuguese
26127,e arexari kute ngonh nhipex djwynhja ne prine ijo ajke metindjwynh ta dja kum axweo panh gadjwy dja ga amineje tawa pumu nam kabeno ar ijapa ne nam kabeno ar ijapa: ba te kum ikaben mex jare ne te akre nhym ma kabeno ar ijapan kam prine kabeno ijo ajke kam ne ba ama —‍gora amineje tawa pumu ane kam ne ba ama ane,kayapó
11318,amanuawama jejui ꞌga imomeꞌwauꞌjapa aipo ꞌga nupe ꞌe re jejui ꞌga wemimuꞌe ꞌga nenuina: —pejepeꞌaꞌi ꞌga nui raꞌne taporogyta pe nupe etee ꞌjau— ꞌjau jejui ꞌga ꞌga nupe aꞌeramu ꞌga ojepeꞌau mytuna ꞌga nui ꞌua aꞌeramu ꞌga ꞌjau ꞌga nupe: —jerusareg ipe jane oi ꞌawamu aꞌeramu je pe mueaꞌaa jarejuwarete ꞌga jeꞌega momeꞌwara ꞌga nemikwasiarer are— ꞌjau ꞌga wemimuꞌe ꞌga nupe —yma te ꞌa ꞌga kaꞌarana kwasiari jarejuwarete ꞌga jeꞌeg are rakue “anure tamut tejaꞌyra ꞌga pe nupe ꞌjau” ꞌe are rakue “aꞌeramu iaꞌwyreꞌema ꞌga jeraꞌyra ꞌga rerekou tyweaete nipo,Kayabí
24968,natac chay allincata ipanchaycul pasaypi cullucuycul mana allincallacta ashicunatam icha tayta dios suma pinacuyninta cachayculun'a,Urubu-Kaapor
13641,'atep-tup pu ham xexka yog tik max xohix te topa pu ham'aktux nuy pepi' yim tiga nuy gay hok nuy yay manog hok,Maxakalí
9814,moises-pe nhandejary remimombeꞌukwe amombeꞌu-ta: “xe rembiporiahuverekose aete aiporiahuvereko vaꞌera xe rembiereko porase aete areko pora vaꞌera” heꞌi vaꞌekwe moises-pe nhandejary,Kaiwá
9247,—amombeꞌu-ta pee-my xehegwi ojere eꞌy vaꞌe rekoha oga jekoka rehegwa nheꞌe-rami oga jekoka oga pygwa voi mbaꞌegwasu voi oga pygwa oga oiko gwive ndojepeꞌa moꞌai oga-gwi ijekokaha upeixa ave xehegwi ojere eꞌy vaꞌe onhembohekombaraete xe nheꞌe ojapo meme vaꞌe oiko vaꞌera nhandejary oiko ha-py nosevei vaꞌera nhandejary renda-gwi mbaꞌegwasu vaꞌe ramo opyta pyta vaꞌera upe-py xe-vy onhembohekopyata uka vaꞌe-pe amoingo ara tupa xe jary reꞌyi ramo ogwejy ramo yvay-gwi jerusalem hery vaꞌe teta pyahu haꞌe oiko vaꞌera upe teta pyahu-py xe ave xe rekoha tee-rupi ajehexa uka pora-ma ramo ixupe areko-ma vaꞌera ixupe kwery xe reꞌyi tee ramo upea haꞌese nde-vy,Kaiwá
9388,upeixa enterove okaru hygwyata poramba-ma hikwai upei hemimboꞌe kwery omonoꞌo hembyre opyta vaꞌekwe omboyru sete ajakagwasu-py ha okaru vaꞌe heta eterei voi oi irundy mil kwimbaꞌe okaru vaꞌe heta kunha okaru ave heta mitagwe okaru ave,Kaiwá
8082,ky tog ki ran jafa to vi mu  ti ky tog ran mu “ti jijin ha vy: joao he mu” he tog venh ran ki ky tog ag my e ti sir,Kaigáng
9586,ani peiko tei haꞌe kwery heko-rami erejerure eꞌy reheve ne remikoteve oikwaa-ma nhandejary nhande ru,Kaiwá
8103,ha ra tog inh my ki krov ja tu ni ha ky sog katig ja tu ni ky inh my kanhir ky ajag my: “katig je sog ke mu” he ja niꞌ vo inh jykre pijeꞌ isy kanhir ky to ti en ti ky sog jykre regre han tu nigti ge un jykre regre ag ty: “hej” he mu ra ag tog han sor tu ni ge tu inh nigti tope ha ne on vanh niꞌ ha ra tog ki kanhro ni inh jykre pir ni ti,Kaigáng
17078,haiyanai xakore atyo semaha iraiti xekohaseti enokoatare maniya nawenatyaka tahi akiti hoka maisa atyo waiyekehalakere enomanaha hoka hatyonai atyo hanakatise exoahenere ahoti kilihi akereta tyaonahitaha hoka tihanare tyoa hoka iyehitita enonyahitaha kairaityakehenere ihiyeha hoka maotyanehenahititene,Parecis
21117,taꞌa­tu­mo­herep kahato taꞌa­tuehay wo aipo­typot etiat iraniaꞌin tupana mohey hap kaipyi iꞌewyte uikyꞌe pote taꞌa­tu­muꞌe miitꞌin poꞌog saꞌa­wy­ꞌiwuat kai iraniaꞌin ihaꞌy­wywi uhetiat pote taꞌa­tu­ꞌa­tu­muꞌe miitꞌin poꞌog saꞌa­wyꞌiwuat kai iraniaꞌin yt uikyꞌe i pote uimohit teran taꞌa­tuehay wo miꞌi hawyi taꞌa­tu­ky­ꞌesat miitꞌin muꞌe hap poꞌog uikawiat hap maꞌato iꞌatu kahato uikyꞌe haria miꞌiria tikuap taꞌyn tupana miꞌairo uito hap taꞌa­tukuap tupana uipo­ꞌoro tehay wakuat moheg miitꞌin wanetup hawiat miitꞌin pyꞌa piat tehay pywuat kuap hamo miꞌi pote uikyꞌe haria miꞌiria maꞌato toi iraniaꞌin taꞌa­tu­mo­herep sehay wakuat iesui etiat wen maꞌato yt kat i iesui kyꞌe hap iꞌatuete iꞌatuehay se kahato wen maꞌato teꞌe­ru­we­mo­wato hap yn taꞌa­tukat taꞌa­tu­wa­netup hawe yt iesui motypot haria hin i miꞌiria taꞌa­tu­pyꞌa pe miꞌi ta watunug mote meiuran pauru emiitꞌin yt uwe i iꞌatuꞌe raꞌyn taꞌa­tu­wa­netup hawe pauru mimu­ꞌeria yne aipo pe hawyi haty kahato topy­huꞌat pauru ete woꞌo­pyhik hawe teꞌe­roꞌe taꞌa­tu­wa­netup hawe uimohit reran haype miꞌi pote iesui ete taꞌa­tu­muꞌe miitꞌin taꞌa­tuehay se wywo uipo­hari teran haype karape taꞌa­tu­mo­herep iesui aipo­rekuat nuat yt taꞌa­tu­mohey i pytkai miꞌi hawyi uimo­wepit kahato hap toineꞌen katu­pono iꞌatuehay kaipyi miitꞌin iesui kuap haria tukup­teꞌen pyno yt arewa­netup hin i sio miꞌiria iesui kyꞌe hap mywo taꞌa­tu­muꞌe miitꞌin sio teꞌe­ru­we­mo­wato hap mywo taꞌa­tu­muꞌe miitꞌin yt atikuap i kat hamo miitꞌin taꞌa­tu­ꞌa­tu­muꞌe maꞌato miitꞌin taꞌa­tu­muꞌe iesui etiat hap pote uimo­wepit hap topy­huꞌat yt atikuap pytkai i kan hamo taꞌa­tu­muꞌe hap are,Sateré-Mawé
14629,judeuyu kuyjobit'um osodop imenpuye deus judeu'umayu daxijojom o'e gasu itabut gu ip osodop judeuyu imenpuye judeu'umayu itabut e'em gasu gasu deus xipacat umum judeu'umayu be judeuyu kuyjobit'um puye guyjom pit burumaku ip je'e itabut judeuyu deus itaybit buruku iam ixeyu itabun puje ibodi ma xipacat je'gum cebe ip,Mundurukú
24531,arimateapi josemi jesusta pampachin chay fistanpa alistacunan tardi wispiran allaycunanpami ji'acaycayamulana natac arimatea-ladu jose'a quijacunapi jucnin licaninmi cana paymi alcayana diospa gubirnun israelman chamunanta jinalmi alli balurwan pilatoman lila jesuspa cuirpunta mana,Urubu-Kaapor
25583,ane wa za dure aima ama 'rasutu za'ra wa'wa a inhimirowasu'u na ha ubure mari ha te za 're i'manhari we u'asi za'ra wa'aba mo 're asaihuri aba mono wamha dure 're ahuri aba mono wamha dure mari aimawi ha 're 'manhari za'ra wa'aba mono wamha taha zarina si 're ihaimana u'asi mono ama 're dawata za'ra mono da mari ha 're 'manhari za'ra wa'aba mono o di za oto da te ama 're ai'mada'a za'ra wa'aba mono wa dawasete u 're darere'e mono to da ane ha dazada 're 'manhari za'ra wa'aba mono o di za zudezu nori da dure zudezu'o nori da dure 're ihaimana u'asi mono nhib'a'uwe 're ihaimana za'ra mono nori da,Xavánte
905,zakoro to roropa onenetupuhpyra kynexine,Apalaí
13136,'ate yay 'aktux ha yognu 'atak tek mun 'aktux kamah ya ham'aktux tix te yay putuk tute nugkutnaha' kaxiy,Maxakalí
7577,ga i'urame jesus'ga ei ga pe: —‍imombe'ukatuavo ji ei pe me: pepyteripeve'ga po ti ji pyhyguka jijukahara'ga pe nehe ei ga,Kagwahiva
25001,'re ihaimana u'asi mono ha tinhib'a'uwe da te te 're i'aipisutu za'ra wa'aba mono ha umnhasi uptabi wa te za to te te 're aipawaptob za'ra wa'wa iwe na si 're anomro u'asi aba mono da,Xavánte
18371,oniaroa vakhaniha adani judeus kaija'ari vaka'ojomo'iva abono jerusalea vikha'iki vakhaniha: —bajadi vakadika'da'di biosibo jahari onikia jesus va'i-ra nahonariahihivini biosiboa bino'aki ada jesus danona bikaabokaja kaimoni ida bajadi akara'o'ini — vakhaniha,Paumarí
12974,iꞌ ton pe see panton pe jesusya ekaremeki tamiꞌnawiri miriri ekaremekiꞌpi jesusya panton pe iꞌ ri ekaremekiiya pra awaniꞌpi panton pe pra tiise panton pe neken toꞌ yeurimaꞌpiiya,Macushi
7639,ahe rendupavire jaytata'ia kwahapyra'ga hoi a'ero ogwovo belem me ga horame jaytata'ia – kiroki jaytata'ia ojipiuka ga pe kwara ipora koty – kotihi akoja jipiukara'javi ga pe ogwovo ga nenonde ogwovo jesus'ga rehei katu opytavo garuhava arimo horyory hete ga jaytata'ia repiagame ogwovo ovahema tayri'ga ruhai pe,Kagwahiva
9133,upeixa ramo ndikatui orojoko ixupe noronheꞌengivei-ma ixupe: —tereho katu ejapo katu nhandejary remimbota eiko-vy oroꞌe rei-ma ixupe,Kaiwá
4195,uzeꞌeg zezuz wanupe — aze mo ihe zutykaꞌi azeꞌegatu hezehe ihe teko nuzeruzar iwer mo herehe aꞌe wa heru wiko herehe uzeꞌegatu maꞌe romo aꞌe — ureru romo hekon aꞌe peze kwez izupe uzeꞌegatu iko herehe aꞌe hekagaw imumeꞌu pa purupe aꞌe,Guajajara
23503,jesu koore uukuri kura jairo yaa wi'ikahara naa tiropɨ ehakara niiwa toopɨ ehara jairore a'tiro niikara niiwa: —mɨ'ɨ mako weria wa'aamo marire bu'egɨre too ka'rota kari boo du'uya niikara niiwa,Tukano
10970,kia tahe tohoti deade kamy dexinohotinyde: —yla aoko waha aomysydyydu mahadu irysynadireri iwana jiary kaki rama warubudyymyreri,Karajá
20859,tubabatu taparaktsa botu deus papeu humo ziwatahaba sudeutsabyitsa soho botu ziwatahakanaha asaktsa deus harere bo hyy mykaranaha iwatsahi ihumo sispirikporetsa maha iwaze deus tihi: — o asaktsa sudeutsabyitsa kahumo sispirikporetsa iwaze ispe: “o ikiahatsa ahamysapyretsa tsimoziknaha” — my iwa deus papeu humo taparaktsa botu ziwatahakanaha hawa deus wasania ty abarao bo nitsasoko aibani zuba atsatu mykara iwaze nawa ha ty botu nitsasoko atsatu wasani my ana kino aparakbaha ziwatahakanaha deus tihi: — o abarao ikia kahumo tsaspirikporeta iwaze mybarawy sizubaretsa ahumo mysisapywyky myzubaha nanabyitaba ahumo mysisapywyky — niy iwa taparaktsa deus papeu humo ziwatahakanaha,Rikbaktsa
8155,tope jo in krem ag tog nen u ni pun ti moises ty ag my venh jykre nim ky tope vy moises my to ja ni ti ty kur ty tope jo in han je ti my tog: “a my sog a ty nen han ke mu en ti ven kan huri” he mu “a ty panonh kri ni en ka sog a my ven kan sy a my nen ven mu en ha han ni” he ja tog ni tope ti moises my ha ky tog han in en krem ag tog uri nen u u pun ti judeu ag jykre ki tope tu ki rir ti ag ha ra tog ty kanhka ta venh jykre tag ha pe tu ni ver nen si ki tog ri ke ni ag ty nen han mu ti kanhka ta venh jykre ri ke si ti ni jesus ha vy kanhka ta venh jykre pe en han kan mu,Kaigáng
16939,ja¹­nxe³­yah³­lxin¹­ju³­ta²­ txa²­wa¹­su³­na²­ a²­e¹­nau³­a¹­ i³­ye³­kxi²­nha²­sxa³­ ten³­jau³­xa²­ ya¹­nxe³­jau³­lxi³­ khauh³­lxa³­txi³­nxti³­kxai²­nan²­tu³­ hai¹­nxe³­sxa³­ wain³­txi³­ kai³­sa²­te³­je¹­jah³­lxi³­he¹­la²­ nxe³­sa³­kux: — txa²­wa¹­su³­na²­ wetsa²­jah¹­la²­ wi¹­lhin¹­jah¹­lai²­la¹­xa¹­ sa²­yxo²­we¹­nha²­jah¹­lai²­la¹­xa¹­ na¹­ha²­kxai³­ hai¹­nxe³­sxa³­ yxo²­i²­sa²­te³­a¹­tu¹­xa¹­ na¹­ka³­tu³­ sa²­wai³­waitsxa³­ wi¹­kai³­a¹­tu¹­xa¹­ nxe³­jah³­lxi³­he¹­la²­ ju¹­ta²­ wain³­na³­la²­,Nambikuára
3218,saintybyem myakawam tonlo modo nhapaiguelymo: — adykaka iamudo judeu domodo iwymaryem iazeypy xixi egaseho eynyna ani xina ximuka nhedyly iazehobyry xutuho enado azeguhoam ise ehogueze wara xina aewyly — kelymo,Bakairi
10133,kaiboho waribi boibenyokeki warybe ohoti‑ribi rosaotyhykeki aotaxina wadee bexitoenybenykre tai ibutumy adee ariwahinykre,Karajá
23231,dɨporopɨ o'akɨhɨ yee kiti were mɨ'tara judeu masa niitira ke'ra jesure eho peoatehere keorota oha mɨ'takara niiwa a'tiro ohakara niiwa:,Tukano
8271,“ajag hyn iso: “venh kar ty jagne to ha han je tog ke mu” he ti ha tu ve u ty hen ri ke ty jagne kato te han je sog ke mu ha vemni,Kaigáng
11739,“nakuꞌjywa ꞌga rui jejui ꞌga ruwaretea” ꞌe rerowiaara ꞌga najarejuwarete ꞌga remiayuwa rui ajemogy aꞌere “jejui ꞌga jarejuwarete ꞌga raꞌyraretea” ꞌe rerowiaara ꞌga aꞌjea futat jarejuwarete ꞌga remiayuwa,Kayabí
5081,ovae avi amongue saduceu kuery haꞌe kuery ma nhanhemboete ju ꞌraa ndogueroviai vaꞌe haꞌe vy oporandu okuapy ixupe: — poromboꞌea moises oeja rakaꞌe po rami ipara vaꞌe: “amongue taꞌy eꞌy re omano ramo tyvy ju omenda ꞌra imeveꞌy vaꞌe re omano vaꞌekue raꞌyra vaꞌekue oguereko agua” heꞌiague,Guarani
15730,we puh go mꞌ pꞌop haga do berꞌoot hahyy dꞌ ma ta kyyh: —hahy tah yy y hꞌyyb dang doo be maa newe be ky dahe ta kyyh —nang mah,Nadëb
20283,kyze ikiahatsa baze aty sinini mykara zeka deus bo tsimypamykysonaha — o tyziktsumuehikta tsimy — tsimaha ikiahatsa baze aty tsakureta zeka deus bo tsimysakibazikiknaha iwatahi: — o deus ikia hi tsamysapyreta — tsimaha,Rikbaktsa
6332,odaa liwigo aneotedoɡoji jeɡeo pedro me dotaɡa odaa jeɡee “niɡida makaamitiwaji anakaami lacilodi noiigi codaa makaamitiwaji anakaami laxokodipi ane iiɡenatakani niɡida makaamitiwaji jaɡawini anemiitoɡowa codaa me ɡodigeeɡegitece niɡijo niciagi aneletema niɡida anijo me beyagi laxace codaa niɡica anodaaɡee me ici,Kadiwéu
24268,chaynu aychanchicchu cacunaca mana iwinacuyalcananpamari ashwanpa chaycusca lluypis sintinaculcananpami lulaycula,Urubu-Kaapor
6250,igaanaɡa ixomaɡatedijo owidi nokododi niɡijo niotagodi niɡijoa niimetedi ja dopitijo odaa ja ilakidetedini naalewe,Kadiwéu
23090,nicodemo seri ya'awi taha: —de'ro wee espirito santo me'ra bahuata basiosari,Tukano
6308,odaa jesus jeɡeeteta niɡijo goloneegi “emii opiliticogi ɡadiɡeladi ɡaotagi ja ici leeɡodi manakatoni aneotedoɡoji me yakadi me icilatidi” odaa aniaaɡani naɡaca lakata jesus neɡee odaa niɡica liotagi niɡijo goloneegi ja ici,Kadiwéu
11032,petani pe ore waem ire peuwara ꞌga ꞌjau jejui ꞌga upe: —amanu enejekotyꞌaawa aiꞌi aꞌeramu ore erawau inuga ita kwara pype aiꞌi irupawe iseri ꞌawamu— ꞌjau ꞌga jejui ꞌga upe aipoa amunawa petani ꞌjawa ꞌupa jerusarega pyriuu tres kilometro etee mukua jui aꞌeramu jerusareg ipewara ꞌga ꞌua ꞌga renyrera ꞌga pyri mari ee marta ee mimera ꞌga nesaka ꞌga ꞌua ꞌga mojemogypyykaꞌi ꞌga kokareꞌem awi,Kayabí
26770,nhym arkum —‍be kajkwakam metindjwynh kute amre pykama ijanor arym ija amim karo kute idjapenh dja'a amim karo kot dja ba amijo iban arym inoma kume be idjapenh jakam ikinho inho kwy krenkam ikinh jakrenh mex ne 'a ne ba ije ar ama “atema inho kwy kren dja” anhyrja nam a jeju arkum ane,kayapó
21114,uhewaku hap yt putꞌokꞌe hin i aipo­typot eropat hamo are taꞌi uito ti poꞌog kurin kano areineꞌen poꞌog yi kape torania iesui mohey haria kai areineꞌen uito maꞌato miꞌi pytkai tupana uiꞌairo iraniaꞌin ywania muꞌe hamo tehay ikahu rakat ete uhewaku hap yt putꞌokꞌe hin i heropat hamo pytkai are yt naku i uito pytkai towese kahato hap mywo uiꞌairo katu­pono yt poꞌog hin i uito koitywy atimoꞌe kahato iraniaꞌin ywania pe tupana ekareꞌen moꞌe hat ewywuat areineꞌen uito aikota wuatꞌi eꞌat piat hekat rakat tomoꞌe hap ewy areineꞌen aika­ꞌiwat iesui ekat iwato kahato aikota poꞌog poꞌog wuatꞌi kai toineꞌen poꞌog poꞌog miꞌi ekat moꞌe hat ewy areineꞌen uito pauru,Sateré-Mawé
6157,igaataɡa jowooɡotaɡa cristo me yeleotedoɡodomi madataɡa nicenaɡanaɡate odaa niɡijo jotigide anejinaɡa aneo me jaoɡa ane beyagi ja ma micataɡa daɡa lemaɡawa cristo madataɡa nicenaɡanaɡate niɡijo naɡa yeleo odaa niɡina nibeyacaɡa aɡaleeɡica loniciwaɡatoɡoloco,Kadiwéu
14409,wajemap wiwim pima deus ekawentup cocom cuy eguy je'awerorom'ukayu be ya'ijo am deus ekawen muwenuwen cuy eguy cebe ip ixeyu mutaybitbin cuy eguy cristo ekawen,Mundurukú
5109,haꞌe kuery ojejou pora haꞌe itavy reiague re tomboekoviaa ojexavai haꞌe ojaeꞌo agua rami mbaꞌeta ojeupe ae “xee ma huvixa kunha rami aguapy ainy imeveꞌy vaꞌe xee ndaikoi nei petei henda py naendui ꞌra xembojaeꞌoara” heꞌi rire,Guarani
25725,asire isazei'wa 'mada'a'wa nori nhimiroti ha te za 're iwapari pese za'ra wa'aba mo te te aima 're iroti za'ra wa'aba mono zeb zarina te za mari ha 're i'manhari za'ra wa'aba mo ta nori ha niwapsi te za 're ihaimana u'asi mono ma siwasu'u za'ra te te ai'ama 're iromhuri za'ra wa'aba mono zem na ha taha wa te ta nori ha ai'ama 're hata'a u'asi za'ra wa'wa te te 're i'ai'mada'a za'ra wa'aba mono zem na ha cristuhu zazei'wa 're ihaimana za'ra mono zem na si 're anomro aba mono da ta nori nhimiroti ha 're wapari pese za'ra wa'aba mono wamha to sina te za to ta nori ha te te ai'ama 're romhuri za'ra wa'wa tane nhere 're wapari za'ra wa'aba mono o wamha robzei ana te za te te 're romhuri za'ra ane wamha te te 're aipawapto waihu'u za'ra wa'aba mono o di za ta nori ha,Xavánte
19346,ate a minha chegada dedique-se a leitura publica da escritura a exortacao e ao ensino,Portuguese
6160,odaa ja domoke aneotedoɡoji liɡeladi digoida ditibigimedi odaa ja jakadi me jinadi naɡajo niwokodaɡaxi liɡeladi aneotedoɡoji naɡajo iwokodaɡaxi eo me nalaɡatibigoɡoji naɡa dinilakidetacetege aneotedoɡoji niɡina oko odaa jiɡijoa nalebepakatedi napaawakatedi eliodi niximaɡaɡa codaa datalale iiɡo ijaaɡijoa ɡalatili nelecoli anenitedi,Kadiwéu
7060,peho ti cristo'ga rupi hahyrame pe me peporavykyrame ojipe'ga pe pehendu katu ti ganhi'iga penhiroyroe'yma pehendu katu ti ganhi'iga ga ndeaporogitakaturame pejihe nehe ga ndekote'varuhurame pe me ti pehendu katu jitehe ganhi'iga,Kagwahiva
6601,elias ijaa moises oyotaɡaneɡe jesus naɡa ixomaɡatedijo seis nokododi odaa jesus yadeegi pedro  ijaa joao yadeegitedicogi maditaɡa aca wetiɡa ane leegitibigimece ane diɡica oko anodipegitege noɡoiwitalo jesus odaa jeɡeledi latopagi,Kadiwéu
12774,pena enoque eseurimaꞌpi inkamoro eꞌtarumaꞌti kupi piꞌ manniꞌ enoque waniꞌpi adao nuriꞌti payaniꞌpi pe asakiꞌne miaꞌ pona tiimoꞌtaiꞌnon ipayanyamiꞌ esenpoꞌpi tipo enoque esenpoꞌpi miikiri eseurimaꞌpi manniꞌkan imakuiꞌsan piꞌ taꞌpiiya: —uyepotorikon iipi kupi siriri tuꞌkankon inseriyamiꞌ yarakkiri miikiriya tamiꞌnawironkon nikupiꞌpi yakoꞌmenkaiya moropai imakuiꞌsan yenumi kupi siriri eꞌtarumaꞌtintoꞌ yaꞌ imakuiꞌpi pe toꞌ yeseru wani yeꞌnen moropai imakuiꞌpi pe paapa winikii toꞌ eseurima yeꞌnen toꞌ yenumiiya kupi siriri —taꞌpiiya,Macushi
11901,aꞌeramu ꞌga ꞌjau jejui ꞌga upe: —je kunumiawe futat aipoa akwaap ikue moisesi ꞌga jeꞌeg imu etee futat je mamaꞌe apoi tekou maꞌjaꞌja jee je aapo ꞌu— ꞌjau ꞌga jejui ꞌga upe,Kayabí
5508,haꞌe javive oguerovia vaꞌe joupive ikuai haꞌe opa mbaꞌe oguereko vaꞌe joupe guara meme haꞌe rami vy oyvy haꞌe mbaꞌemo oguereko vaꞌekue ovende vy hepykue ombojaꞌo-jaꞌo amongue oikotevea rami,Guarani
2669,nitariakori nota amanaai hite himisakiretiniri teoso nota ikapani hikenakotatari namanaakiti himisakiretariko teoso nota ikapani xesosi kristo aauite itxaua ininia namanaai himisakiretiniri teoso nota ikapani erekari matamatakoti txikitakaua atiraokiuatini ininia himisakiretari teoso nota ikapani ikara atoko hikaminia teoso sikataparatano nimisiritiko auakasaaki kristo sakire mauiakani xoteia topa auakani nirekari imisiritinino nota himisakiretari teoso ninoa mamisiritakanino ikapani himisakiretari teoso teoso nakitiakori xerosaree auakani apokaerekatiniro txineiro xoteo minakaniua iokanatakito ininia teoso nirekiniari napoka hitemoni nipoxokoniritika ininia asikapoxokonitakakaua,Apurinã
12218,uyonpayamiꞌ umaimu man amiriꞌnikon pia,Macushi
2831,txamari inirekasaakiri sitokata isirikini erekari kiki auini iuaka itanorokata erekari sito auini oaka otanirikata,Apurinã
21007,iuwau minapin typuat uito ti iesui potmuꞌe sese iuwau koitywy aseꞌi pot areineꞌen uiporo kahato raꞌyn mote mesuwat uimiwan atipo­ꞌoro ewawi mana waku sese kahato en katu­pono saꞌa­wyꞌi tupana eꞌairo temiit sese wo kuekatu atipo­ꞌoro uimi­kyꞌe koꞌi kape emepytꞌin kape pywo ti rat woro­ho­ꞌo­kyꞌe kahato eiperia yt uito yn i eikyꞌe maꞌato yne yne iesui kuap haria eikyꞌe kahato wy iesui pywo e hap ewy eikyꞌe urutoria,Sateré-Mawé
424,mame kurakokara tukurakase ropa eya tuhke joroko to tututanohpose roropa eya mokaro ae joroko a sekerekamexipopyra kynexine ynororo “awaro ynanase” karyke eya xine,Apalaí
13743,pa yeyox te: —‍'apu tikmu'un pu xit'ax popma' kaxiy ha tik xop te: —‍texiy pam popma tikmu'un xohix pu' 'uyog tayumak xohix ya tayumak 'anuk xohix te'  ya tayumak yanam ponnok kaxiy,Maxakalí
4603,uzeꞌeg maꞌywaꞌyw rehe aꞌe kury uzeꞌeg wiwi zezuz wemimuꞌe wanupe — pezemupyꞌa tupan zeꞌeg imumeꞌu muaꞌu har wanehe nehe arapuharan ai uzexak kar putar peme aꞌe wa nehe zawaruhu ai wanekon putar upyꞌa pe wa nehe,Guajajara
1899,nhum pre a me kam kaper ane hamri nhum poristi krahtum kramnhwyjaja kuma ne awjana ne ma akupym hkrahtum nhorkwyja wyr mra nhum ra jejus kam apenh xwynhta akupym ho mex nhum mex ne ri mra hamri nhum me akupym poj ne akupym mex a omu,Apinayé
18420,ja'di fori hiki-ra anakaidivakarahoki hari cristo-ra avakaijokaki hari vahoariha vani adani cristo-ra vakajonira vakadimoni hida hihida deus athi: “hojaki ida ja'di jahaki ja'di kagorahi dadani kaimoni gora namonahava abonoa ni-vanofiki ida ja'di karaho jahani kaba'i ni-vanofiki ida ja'di vanofiravini kaba'i deua binagathogatho'iki ida ja'di karaho”,Paumarí
1541,hamri nhum tee ri kuma ne kam: “kwa na koja me kagaja mar ket ne no ket rajare na pre ra htyk ta akupym htir jakama koja me hwyr wry ne me kam awjare nhum me akupym htir a omu ne kaper ma hamri ne amnhi tomnuj kaga kure kumrex kwa na a ri anhyr ket ne me hwyr ame hexta waa ne” ane,Apinayé
14487,warara'acat iboam co buje bit itakoma o'e ip xepxepayu kay- -zebedeu ipotpoyu kay  beayu itakoma o'e ip,Mundurukú
24132,mayanpis linliyu cal'a chuya ispiritu chalapacucunata nishanta uyaliculcay” nil,Urubu-Kaapor
5393,mbaꞌeta mbaꞌemo peipota tei ndapejoui vy pejojukaxe mbaꞌemo re ndaꞌeveive peiko tei ndapejoui vy pejogueroꞌa rei haꞌe joe pepuꞌaa rupi pendekuai mbaꞌeve ndapejoui mbaꞌeta ndapejerurei,Guarani
15198,ti mꞌ ramaa napah ba mꞌ peed raherꞌoot doo takꞌep ma rakawajaan rakaren ma radejꞌeep,Nadëb
21579,taꞌi uheywytꞌin uheinytꞌin uruikuap kahato ti aikota tupana eikyꞌe kahato pote eiꞌairo kahato ti towano,Sateré-Mawé
23686,ape nɨmɨ agripa kɨɨ ma'mio berenice naa ayuse wiora su'ti sayase me'ra naa nere wɨari tukuhopɨ sahaakara niiwa apera surara wiora tii makakahara wiora ke'ra naa me'ra sahaakara niiwa naa nere tohaka be'ro festo paulore pihi duti o'okɨ niiwi,Tukano
21241,miꞌi hawyi iesui putꞌokꞌe iairu yat ete hawyi iesui toꞌe miitꞌin sem me — yt atiky­ꞌesat i miitꞌin typyꞌi poityꞌi ikuꞌuro rakat yatype e waku peteru iuwau tiaku iꞌewyte iꞌywot ity yn atiky­ꞌesat ikuꞌuro yatype e teke hawyi toipueti itote miitꞌin wak haria hakiꞌyt ikuꞌuro pote teꞌe­ruwak taꞌa­tueko ewy saꞌup ete miꞌiria pe iesui toꞌe — yt eweiwak teiꞌo e eipo­ꞌinik to e yt ikuꞌuro i rat e toket neꞌi wyti e miꞌi pote wak haria toꞌo­ky­ryꞌi neꞌi iesui ehay ete — pywo ti rat ikuꞌuro sese hakiꞌyt iꞌatuꞌe eraꞌa­kasa ro iꞌatuꞌe iesui pe,Sateré-Mawé
17389,wexe enore ana atyo wenati aliterexe exe: tyaijikihalo tyaijikihare maiyanenehalonae kahinaetyaka examaikohareneha hiyeta kaxaikoawiti hoka maisa matyakekoneharenae nawenane akereta nawenatyakere,Parecis
12425,—aniꞌse miikiri upiꞌ kaꞌki innape ikuꞌtoꞌpeuya —taꞌpiiya,Macushi
204,moxitatu puhturu ehtopopyry poko —moro sa matose ritonopo tupime oty sa ropa ritonopo tuisame exiry otyro sa mana moxitatu samo ipuhturu pisarara repe yrome tarykase ahtao ahtako zumo amorihtako toro to esaryme amoriry exiko mana,Apalaí
20454,iwa zeka ikia bo mynakozore uta ikia tuk mopamykyso iwaze harape tuk tsimypamykysonaha  deus bo atsyhyryze mopamykyso: — o myzo kaijo tsipokzitsikikta ahumo tsakureta mozik — my asahi aharereziuwytsa kabaze: — o katsaktsa kaijo humo myhyrizikbaretsa isoho bo mytsaty tsimykaranaha — niaha iwaze atuktsa soho bo siwatu mytsaty tsimykaranaha de niwazuba suao,Rikbaktsa
18051,jesua bianaihota'iki ada makhira adahariki hari kanava kabodinia vaki'dama'aha adani jesus 'dako pitanija avakajoifiani'aha vigaimori'aha adani jesus sidaji bivahojaki kania vakaikahi'aha,Paumarí
13070,'amniy kutognag 'iha' tihi' tu putpu' mog tu moktu moxaha yenoyanen tu' pa xinax mog'ah tu' nox xip 'atikit tu' ha paot xip 'atikit tu' xix maname' tu' nox tihi' tu hamyummugaha' nuy topa yog ham'aktux'ax 'aktux 'unoy xop mutik,Maxakalí
15174,jesus sii hawat do karen do panyyg nꞌaa hahyyh ti mꞌ hajok do ta wꞌoo ha katꞌaa do jesus bahapah ba ka taky hadoo ma tama meteek do sa ha: —hamah er atseg hom karajꞌaa tamyyj je —nang mah,Nadëb
4437,wazeꞌeg henu mehe aꞌe awa omono pawru amo ipupyaikaw pyrer pupe kury omono xiria aꞌe pe no upymunehew imono ywyrapew pehegwer mytepe no ipuhuz katu ywyra,Guajajara
12658,maasa pra iꞌ teeseraꞌmasen wani tariron mii pikiri tiikoꞌmansen pe tiise teeseraꞌmasen pepin awani ipatikari tiikoꞌmansen pe taataretiꞌkasen pe pra miriri yeꞌnen kureꞌne anna esenumenka pepin tari teeseraꞌmasen piꞌ tiise iꞌ teeseraꞌmasen pepin piꞌ anna esenumenka,Macushi
23187,wati dutisere weetika'ya waku tutuaya jesu cristore eho peo nu'kuka'ya wati mɨsa di'akɨre ya'aro weegɨ weetimi nii pe'tirokaharapɨ jesu cristore eho peorare toho weegɨ weemi naa ke'ra mɨsa pi'etiro nohota pi'etira weema toho weera waku tutuaya,Tukano
19938,eu sou o bom pastor; conheco as minhas ovelhas; e elas me conhecem; assim como o pai me conhece e eu conheco o pai; e dou a minha vida pelas ovelhas,Portuguese
1467,hamri nhum sap kato pa me axpen ma: —kwa pyhti myri man hte ijaewjaja axpen wyr akupro ne tirtum ma amnhi jarenh o hkri na e kwa pu me hwyr ne go myri me haper o ri papa ane hamri ne ma hwyr mra ne me haper o ri ixpa nhum am meni pixjaja axpen wyr akupro pa me omu ne me kuri ixkri ne me kam jejus kaper jarenh o me ahkre o ixkri,Apinayé
2238,uatxa iua himarotini apisapanika nisapiretai hite ininia nisakire iaoka apokasaaki himarotariko teoso akiri nininiua nota,Apurinã
17153,jesus kaotyakeheta haxaotyakiraharenai ana hekotata xakaihakatyahitaha ene hatyoharenai tahi hoka jesus eharehena rotita kaotyakeheta enenekeseneha hoka nehena: — kasani ximehexaikohare xisaona naokita — nexa,Parecis
304,osenetupuhtoko kyrixtu etuarimatopopyry poko toseke awahtao xine oeseko omipona ehtoko aomipona ehtoko kure orirykohtao popyra orirykohtao roropa opyno xine toto ahtao aomipona ehtoko oryhmarykohtao roropa,Apalaí
10676,kaiboho aobo tatyyritinytenyota iny rubu‑ribi kedexixakremy kia heka raritinymy ryire moisesi tyyriti‑ki oworusomo ijyy‑ki ryimyhy iwese deuxu rarybere moisesi‑o: —jiary heka abrao deuxu rare ijai deuxu rare ijao deuxu jiary rare,Karajá
7725,penhi'igatu ti ga pe pejikokatuavo ga pe hendupotaruka a'ero ti pe ga pokokwahavi ikwahavuka ga pe nanani nehe,Kagwahiva
3755,maka tawaneim tynwanwandyly umepa iwymary saindyly,Bakairi
5858,haꞌe vaꞌe rire ma po rami ju: “reayvu ꞌra neiru kuery ndee ae rejeayvua rami” heꞌi vaꞌe,Guarani
21365,putꞌok­toꞌe raꞌyn go totiat hawyi tohytpok taꞌyn haꞌyi teꞌyi go pe maꞌato yt yne i haꞌyi hewo go sese tote iraniaꞌin so haꞌyi hewo go puꞌap upi miꞌi koꞌi ti weitaria tuꞌu neꞌi e,Sateré-Mawé
20183,iwaze wastuhu kytsa deus hyrikoso zikwy humo ispirikpowy babata motsasoziuku usta deus hyrikoso zikwy humo deus harere kytsa mysihyrinymyryziuku mektatu deus hyrikoso zikwy humo sesus humo mysispirikpotohinaha usta maku simyitsapyritsa mysizororowykynaha deus hyrikoso zikwy humo zuba,Rikbaktsa
19333,em seguida tomou o calice deu gracas ofereceu-o aos discipulos e todos beberam e lhes disse: isto e o meu sangue da alianca que e derramado em favor de muitos,Portuguese
24157,natac chay acchi aplachimaptinmi liwshimanicunaca damasco malcaman chancuypa pushapamala,Urubu-Kaapor
19827,agora porem o ministerio que jesus recebeu e superior ao deles assim como tambem a alianca da qual ele e mediador e superior a antiga sendo baseada em promessas superiores,Portuguese
16538,nxe³­na¹­jutsu²­ txa²­wa³­ta³­syah¹­lxi¹­lxi¹­ a³­bra³­au²­ah³­lo²­nu¹­tai²­na²­ a²­ne³­tah²­nau³­su²­ ki³­ta³­li¹­ ju³­te²­a²­ nu³­ka³­txi³­sxa³­te²­su²­ yah³­lxin¹­te²­ i³­nxa²­ txa²­wa¹­su³­na²­ wan³­txa²­ sa²­yxo²­we¹­jah³­lxin¹­kxai²­nan²­tu³­ wxa²­e¹­nau³­ai²­na²­ sa²­hau³­ko³­txa²­lxain¹­ju³­ta²­ yu³­tu¹­wi¹­ nxe³­jau³­su²­ tai²­li²­ i³­ye³­kxi¹­nxta¹­wi¹­,Nambikuára
20204,katsaktsa mypetu mysopyk zeka: — o myokzeka wasani tsimaha — iwa tsimykaranaha zeka batu aty tohi yhy mykaranaha deus zuba mype zeka: — o ikiahatsa wasani tsimykaranaha — my iwaze zuba wasani tsimaha iharere hi tisapyrena atahi mymybetesaka niy hy,Rikbaktsa
8401,ky inh kri tog kanhvyꞌ he mu sir ajag to inh jagtar mu ra inh fe tog haꞌ he mu sir ajag ty jesus ki ge ky nytin ky,Kaigáng
16701,ja¹­nxe³­sxa³­ kwa³­jan³­ta²­ so³­ta²­to²­nau³­xa²­ a²­wa²­la²­ka³­lo³­a²­ kwa³­thi³­la³­ka³­lo³­a²­ u³­whi²­kxi²­nyhain¹­te²­ju²­he³­la²­ kwa³­thi³­la²­ a²­ha³­la³­san¹­ka³­lo³­an²­tu³­ u³­whi²­kxi²­nha²­ kwa³­thi³­la²­ u³­nhe³­he¹­nha²­ka³­lo³­an²­tu³­ u³­nhe³­he¹­nha²­ nxe³­ain¹­te²­ju²­he³­la²­ nxain¹­ju³­tan¹­te²­kxa³­yan³­tu³­ a³­nhe¹­lain¹­kxai²­nan²­tu³­ u³­hixto³­nyhai¹­nhi³­nxnxa³­wa²­ ja¹­nxe³­kxe³­hu³­nxe²­ nxe³­te²­ki³­na¹­xai²­na²­ a³­lan²­ti³­hu³­ju³­ta²­ yxau³­ki³­te²­ki³­na¹­xai²­na²­ je³­su²­jah³­lai²­na²­ wan³­txa²­ yxo²­i²­sxa³­ yxau²­xai³­ki³­sa²­kxai³­ a³­lxi²­waun¹­nyhu¹­sxa³­ yxau²­xai³­ki³­sa²­kxai³­ je³­su²­jah³­la²­ txa²­wa¹­ko³­nxe³­ti³­ kai³­ki³­ju³­ta²­ a³­wa²­su¹­te³­jah¹­la²­ a³­ka³­nxi²­ju³­ta³­nu³­a²­ yxo²­i²­sxa³­ yxau²­xai³­ki³­sa²­kxai³­ nxe²­ yxau²­sa²­te³­a³­sah¹­lxi³­he¹­la²­,Nambikuára
26290,dja gu me kum kunga nar dja gu me kube ne nam me a jejuma ane nhym arym me 'exnhikot tu me kuman mema kum —‍nok ba ren me ama “metindjwynh kaben kupa'a ne me kum oro ba” ane ga me ren mema kum “be jeju axwekumrex ga kute benjadjwyr raxbe xedjabe pi'ok kapri ne pramja pumu” ane amre ima ngonhponho pi'ok kaprio te ba me ama omu ane,kayapó
11130,kawiajaiwa taetu itykureꞌema kawiajaiwa tykuara ꞌga ojeꞌegaw are amaꞌjaueꞌem ojeꞌega momoa ekoete te futat ajemogyau aꞌeramu kasi pee nan ine pejejerekoukaa jarejuwarete ꞌga ꞌagesage upe etee futat,Kayabí
22531,niko ne evo jesus xapa ayui paskoa koeku nikeahiko veyo paum ne jesus ina ikoro'ixovo xoko ituko'oviti yane hono'ekexoane ne paum ina porekexoamaka ihikau koane kixovokoxea: —‍viyanoe enepora paum muyom kixo'eko,Terena
12400,uyapuriiya maasa pra uwinipainon tinetaꞌpi piꞌ eeseurima tamiꞌnawiri paapa wani manniꞌ itesaꞌ pe uuri niri itesaꞌ pe miriri yeꞌnen tauya uwinipainon tinapisiꞌpi aapiaꞌnikon itiri mori yekaton wanniya unekaremeki ekaremekiiya apiꞌnikon,Macushi
11224,jeruwarete ꞌga je rerowiarukaa ꞌga amu nupe aꞌeramu nipo ꞌga je rerowiaa futat namonoi futari je tejerowiaara ꞌga amu tejewi,Kayabí
26762,nhym 'y kwy mrynhikam rorok ne kam mrynhime ro'a ingrot ne nhym kam prine o akno,kayapó
7865,igwete jesus'ga hoa'javi onhi'iga tupana'ga pe —‍nde ipotarame terembuhurukari hahyva'ea ji ve e'ia'ja ga tupana'ga pe,Kagwahiva
1625,jejus kot himo my ri akupym meho ho mex ta me ixpe ijaew me ixte tirtum a ixkinh kaxyw jerujare hwyr akupro nhum jejus haxwyja ma hwyr mo pa me hkot me ixpa ho me ixpa xwynhjaja ma hkot mo,Apinayé
24818,bawtisa juanmi tapuchimun natac bawtisa juan carsilchu cayalmi jesus lluy lulashancunacta yachalul ishcay puliwshinincunacta payman cachala chalulmi tapupacula: “amchun cayanqui rasunpa dios cachamushan nishanca icha juctalachun alcapacusha” nil,Urubu-Kaapor
4313,naꞌe amo ae maꞌe uzexak kar ywak rehe aꞌe no mozuhu ipirag maꞌe uzexak kar aꞌe pe heta  iakag izupe heta  iꞌak no umunehew tuwihaw akagapixi haw wakag rehe pitaitaigatu aꞌe no,Guajajara
16676,nain¹­jau³­xai²­na²­ sa²­kxai³­lu²­ ju³­te²­a²­ nu³­ka³­txa²­ sa²­kxai³­lu²­ i³­wa³­txi³­sxa³­ i³­hxi²­ka¹­tai¹­nxa³­ha²­kxai³­ i³­ye³­kxain¹­te³­nah¹­lxi¹­: — jah¹­lai²­na²­ hai³­txi³­ ha³­teh³­nxa³­yu³­ta³­la³­ o²­la³­kxi²­ki³­kxa²­ ya¹­nxain¹­hxai²­nxa³­te³­nai¹­ti²­ti¹­ nxe³­kxan²­ti³­ wa²­nxuh¹­ a³­la³­kxi²­na³­li¹­ ih¹­nxe³­khai³­nxe³­sxa³­ a³­la³­kxi²­khai³­nxe³­sxa³­ i³­ye³­ain¹­te²­la¹­xa³­ ta¹­hxai²­he¹­la²­,Nambikuára
9544,upe-ma ramo omonoꞌomba cinco mbojape rembyre okaru vaꞌe hoꞌu pora rire oheja raꞌe upea omonoꞌo noꞌo omohynyhe nyhe doze ajaka jevy hembyre kwery,Kaiwá
13431,tu miptut ha' moxakux tu kakxop penaha' 'utut manix mutik tihi' yiy nuktettex kakxop keppah tu' kuxa te' yey hak-nay tu hapxop max popmaha' ha takat xexkah ya pipkup yanam 'ata popmaha' xix hapxop puk haxnag tu' hom xix mixux hep 'uhaxnag miha tu' hom,Maxakalí
15205,y gadoo ti hy pong je hana do herꞌoot doo te hub ne he pꞌop haga doo baad y ky dang,Nadëb
14762,kuy bima juk adi wuyetaybit gu ajop wuyetabut am warara'acat pe wuymutaybicat wiwim cuk adi ajop wuyetabut am jesus kay taomunmunat puxim cuk adi ajop wuyaweweap ekawen tag jeku ojuy,Mundurukú
17398,waiyexe maniya nawenatyakeheta  corint  corint exeharenai tahi davi xakai aokowita etake enore waiyexenai aohenerenai nihalaharene tahi iraehenere xowaka iniyalahare enomaneha maotyaneheta hoka hatyo hiyeta haliti waiyexe aokahene waiye kaiserehare atyoite tyaohena haiyaharenae enore atyo iniyalahare enomanenaeha maotyaneheta exahe enomane iniyalahare hoka emaisaheta waiye kaiserehare atyoite hatya haliti tyaonehena enore atyo iniyalahare enomane maotyaneheta hoka,Parecis
14304,— sabado bima eyju ixeedakatkan moises ekawen mupubutbunap puxim sabado bima owebe iwataxipiat mu'ada buje bit eyetakoma juk adi epe'e okay “en jebodoydoy gu kapikpig en” i eyju e'em owebe “en moises ekawen mupubutbun” i eyju e'em owebe “ikereat mujurugrug en” i eyju e'em owebe — io'e jesus,Mundurukú
25914,izarazehe nhihudu nori 're ihaimana u'asi mono te te sima 're i'apisutu mono ze wasu'u to sena wa za aima rowasu'u za'ra wa'wa wa ha cristuhu te 're imori wa 're izadawa nhipese mono o di 're ihaimana u'asi mono pe'ezani te te ima iwaihu'uzeb zarina dure 'rawi ipe'e na te isi'ama 're irosa'rata mono zeb zarina wa to waihu'u dama 're izadawa nhipese mono o na ha isire zudezu nori ama ha ama 're ipe'eze uptabi za'ra mono di cristu ha te te siwi 're we'o za'ra mono wa taha wa te dure iwi 're robzei'o pese ipe'e 'remha ta nori ama 're ipe'eze uptabi za'ra mono wa wa are te isima 're rosa'rata u'asi ipe'e na 're ihaimana u'asi mono ma isipisutu da i'upana za'ra te te 're iwe'o mono da dure cristuhu nhiti i'upana 're ihaimana u'asi za'ra mono da ane ha 're ihaimana u'asi mono ha te te ima 'manhari dai o nhere wa tare isiwaihu'u isire zudezu nori ama 're ipe'eze uptabi za'ra mono zem na ane na wa to aima isiwasu'u za'ra wa'wa 're izadawa nhipese mono o na ha,Xavánte
26632,nhym nija arym amim —‍ija ne rop krare jare anen arym kum —‍tukwa mramri benjadjwyr djwynh kot ne ga are nhym be godja wanh o wynh nho piponh krakri djwy jaum rorok aumbit dja rop krare kukre kam gop badjwy ibe rop krare pyrak tu ima ikrao mex ane,kayapó
17596,— maisaiya atyo hase xairatise hatyatare iraiti xaotyakiyaho hiyetare mitita enokoa waikohekoa harenai maiyareheta hotohariya,Parecis
6300,owidi latopaco ane jiniiɡaticogi pida iniaaɡini liwigo aneotedoɡoji ane ɡodediatetece owidi latopaco nibaketedi pida iniaaɡiniwateda ǥoniotagodi ane jibaaɡatema adinatopiamigi ɡodixaketedi me jaoɡa ɡobakedi pida iniaaɡiniwateda aneotedoɡoji ane najigotoɡowa oninitecibeci ida ɡodixakedi me jaoɡa ɡobakedi,Kadiwéu
22074,koyuhopamaka peturu akoyea exa jesus yoko ixomoiko onokovo ne simaum peturu ape koe po'i kixopati: —‍haina iti po'imaka ihikau ne hoyeno —‍haina undi —‍koene,Terena
22630,kene koekuti xane ovoti omomikokuke ouke peno hakone urukopovo kuveu ovoku veyoponea koekuti apeinoati itea aka'ikaneye okoho'i,Terena
10967,jesuisi‑o ributunyre fariseu mahadu lahi rybe‑di erydyydu mahadu wahe tule bede ywina erydyy mahaduributunyre jerusale‑ribi ritehemynyreri jesuisi erydyyna mahadu tebo risuhoomy riroxireri fariseu mahadu bede ywina erydyy mahadu‑wana jesuisi‑o rityyraxinyrenyre: —aoherekibo aerydyyna tebo risuhoomy riroximyhyrenyre aoherekibo ihetxiu bede ywidyynana rityhynyoreri lahi rybe‑di erydyydu mahadu judeu mahadu‑wana ihetxiu iwidyynana riwinymyhyrenyre tii heka tebo tiu suroduomy riroxiomyhyre tiiboho aona aona wydyna heto‑ribi doosemahadeu tiu heka rohoodile riroxiomyhyre sowemy iwidyynareny rityhynymyhyre bemona butxi womati bese‑wana risuhorenyre,Karajá
22873,yane enepone koyenoati ne noivana unati koeku kene ne akotine okoyenoa unatineoxo koeku ako iyusea koeku ya emo'uke ngereku itukeovo so'ixoti noivuna ne arunoe ako'o ha'a ne arunoe ainovo motovati enomone akoino akutikoko koeku ya uha koeti bibilea ya po'ike bibilea hara koe: “  itea itukovo apeti inixoati akoyeamo aunati xoko ihine anu'ukea ye'akeye xoenaena mani ko'imape yoko inixa ha'a ra arunoe kaha'ayea ko'imayea motova iko'imaxea akaha'a haina pahukovoti oko'ima  itea itukovo itoati ihine akoyea oko'ima epo'oxo enepo hakoti usotine yuhoti iko'imaxeokonomo koane atiu'ixo isoneu ha'a unatiyea kixeaneye akoyea ika'imaxa ihine koati unatimo koeku akoeneye ituke  yane'e enepone iko'imaxoti ihine unati ituke kene enepone akoti ika'imaxa unatineoxo ituke”,Terena
3388,jesus azaga uguondo kadopague taseim modo kua nhetobyry jesus tynynonro modo aga saindyly paru galileia kuyam gadararam gerasa lapyla myani mara aji ezekeho  tara myani azaga uguondo kadopabeom modo aga oxiodylymo tadazepyadodapa myani idalymo tarala axidadybyem tawylymogue kamayno tytazeim wara myani akaemo mara aji einka sakani modoram tadytaozemo mykainane,Bakairi
13408,puya topa 'akuxa mamma' xix 'amutik tihi' hamun,Maxakalí
8861,ti katig ky israel ag tog ti jy nyti jerusalem ta kamu ag paulo kato ag tog vi ty hen ri ke han mu ti jykre pano tugto ag tog mu sir on ky ha ra tog ag my ki krov tu ni,Kaigáng
933,mame totuhse toto tuesapare mame zohko akoipyry tanyse ropa eya xine me ruto pehme mokaro tose me exisasaka kynexine morarame imoihmako tonyohse ropa eya,Apalaí
5041,heta ikuai toꞌo re vy ojererovyꞌaa rupi rive ijayvu vaꞌe haꞌe gui xee voi xeayvu ta ranhe ajererovyꞌaa rupi,Guarani
22994,koati yonoati okovo poulu ne kutipoti jesus ya korintu kuti koe akoti inzoneu ya koeku inzayu'ikopeovo yara yundoe itea itinenoe kuti'inoke ngoetineye vo'oku mani itinenoe ihayu'ikonu ya koekuni inzayu'ikopeovo vo'oku haina'ikopo ahukoti ya undike ne mahi apostuluhiko xepakuke koati kana'uti ko'iyeaneye upanini ako indoponone,Terena
20904,aty motsasokoze tozeka ja deus harere usta my iwaze tapara maku harere niwazuba usta maku deus harere kytsa bo motsasoko,Rikbaktsa
10766,oraru rubumytxitxidyydu rare bedeywidyy oraru rurudyyna rare,Karajá
10486,oraru‑ribi teorehemy atximyhybenyke ijo oraru inyo riwinykeki umywo‑ribi nodu aoko rare ota ota oraru tahe inyo riwinykeki kia ixiumy oludu oraru‑di reake,Karajá
23735,wiogɨ mɨ'ɨ “a'tiro weegɨti” nii'kere keoro weeapɨ toho weegɨ ni'karoakare yɨ'ɨ mɨ'ɨre da'ra ko'tegɨ e'katise me'ra weri masi' masare yɨ'rɨoakɨhɨre i'ya toha',Tukano
15682,ti mꞌ yynh kanaah buuj isaraew buuj nado ta tii ba hawat do ana kan jesus we ti mꞌ takꞌep ma ta kyyh jesus ha tabetsee ba hahyy dꞌ ma ta kyyh: —takꞌep hyb nꞌaa jawyk doo —nang mah —dawi maku panaa —nang mah —y matꞌyyd mehiin takꞌep nesaa do tok y bahoop karapꞌaar hꞌyyb nesaa do ta ha hadak do hyb nꞌaa —nang mah,Nadëb
10569,tahe xiwe dinoduo judeu mahadu dinoduo tamy rarybere paulo aomydyynanamy,Karajá
3647,auka ida ata anaxi tara ise maduruholy amanhekyly waga — kely myani pyma jesus,Bakairi
23313,toho weegɨ jesu yee kitire judeu masa naa nereri wi'ipɨ werekɨ niiwi judeu masare apera naa weero noho eho peosetirare werekɨ niiwi toho niika ɨmɨkohori nɨkɨ maka dekopɨ wa'a mɨhakɨ niiwi toopɨ kɨɨ boka eharare jesu yee kitire were mɨhakɨ niiwi,Tukano
2832,ipikani okitikasaakiua kiripa oitaniri kotxi ikinikana takapekaro oa —itxana,Apurinã
2850,ininia iuaikana akiritana eereka itxana: —kona hisapiretapinikariko apikomoni xesosi pirena kona hoerekapiriko iuaikana xesosi pirena —itxana,Apurinã
16173,yxan¹­ta¹­ so³­ta²­to²­ nu³­ka³­txai²­na²­ ka³­na³­ka³­na³­jah¹­la²­ yu³­la²­ a³­lu²­ta³­wxi²­a²­ te³­sxa³­ je³­su²­jah³­lai²­na²­ a²­ti²­ta³­na³­yu³­tai²­na²­ u³­txi²­ta³­na³­ja³­lxu³­kxi²­sxa³­ u³­tau¹­tain¹­ka³­tu³­ kwen¹­ta²­kxai³­ a²­ti³­ha²­yau³­xa²­ ha³­li³­ka³­ni²­ i³­yau³­xa²­ ha³­li³­ka³­ni²­ ye²­ta¹­hxai²­he¹­la²­ ha³­lo²­ai²­na²­ a²­nu²­a²­ i²­sxa³­ i³­hen³­txi³­sa²­sin¹­na²­he³­la²­ nxe³­sa²­sin¹­jau³­su²­ i³­ye³­kxi²­ti³­hi¹­txa²­lxi³­sin¹­na²­he³­la²­ wan³­txi³­tu³­ yxo²­i²­si¹­nxti³­jau³­nu³­su²­ i³­ye³­kxi²­ti³­hi¹­txa²­lxi³­sin¹­na²­he³­la²­ a²­nxe³­jah¹­lai²­na²­ i³­ye³­kxi²­sa²­sin¹­jah¹­lai²­na²­ wan³­txi³­khai³­xa²­ so¹­lxi³­ e³­jah¹­lo²­su²­ sin¹­na³­la²­ — ha³­lo²­a²­ wi¹­li²­sxa³­ wan³­txi³­tu³­ i³­ye³­kxi¹­nxta¹­i¹­ nxe³­sa²­sin¹­na²­he³­la²­ kxa³­nhxi¹­nu¹­ta²­kxai³­ txa²­wa¹­su³­na²­ si³­yxau³­tau³­a¹­ ha³­teh³­nxa³­nxan¹­jau³­kxai³­lu¹­: — jah¹­la²­ hai³­txi³­ txa²­wa¹­su³­a²­nau³­xa²­ su³­ka³­na³­ka³­na³­te²­su³­a²­ ha³­ta³­nxan²­txi³­ i³­su³­au²­la³­kxai¹­nxa³­lho³­li¹­ nxe³­jau³­xain²­txi³­ ha³­teh³­nxa³­nxan¹­jau³­su²­ ha²­kxai³­ ha³­na³­ka³­lxi³­: — u³­tau¹­tain¹­kxah³­la²­ i²­ain¹­tu¹­wi¹­ nxe³­jau³­xain²­txi³­ ha³­teh³­nxa³­nxan¹­jau³­su²­ ha²­kxai³­ ta¹­hxai²­ti³­ai¹­ti²­tu³­wa²­ nxe³­jau³­xau³­hxai²­tex ja¹­nxe³­sxa³­ kwen¹­tai²­na²­ a²­ya³­la³­tu³­ kai³­ain¹­ta¹­hxai²­ti³­ai¹­ti²­tu³­wa²­,Nambikuára
5276,peteiꞌi gui nhanemoingo rakaꞌe opa maragua yvy re nhandekuai vaꞌera yma voi oaꞌanga rakaꞌe pa haꞌe mamo ete pa petei-tei regua ikuai agua,Guarani
7504,—‍mbiperanuhu ko a'ea anhimomby'a hete ji pe nenduvame ei ga ga pe ga ji mboheha katu emo pe ndapekwahavi ga ma'ga ga mbuhuruka javo ei ga ga pe ga nderekomemuamo tupana'ga nohenduvi te okote'varuhuve'ga nhi'iga jipi tikwaha pa nhande a'ea ei ga ga ki a'e te – kiroki ga ga mbohete tuhe okovo garemimbotarimova'ea rehe – nanongara'ga tupana'ga gwendu katu ei ga ga pe,Kagwahiva
1269,hamri nhum hpanha tirtum kaper o wryk xwynhje hoja o pifti kako na pre ra ho axkrunepxi ne hkakor ta hpanha ra axte ho ja kako hamri nhum mehoja te ne myyti kura nhum hkwy ahtyk ne hira hket ne nhum mytwryre ne kanheti ma ho ane ne myyti pyra ne hkwy ahtyk ne hira hket ne harir jakama nhum kamat kam hira mex ket ne ne arigro ha myytija haxwyja hira mex ket ne,Apinayé
214,yna rypyry ikorokako ropa imehno rypyry korokapotoh sa yna a oya moromeipo wenikehnoko mase yna rypyry poko imehno rypyry poko yna wenikehtoh samo joroko tamuru a yna onukuhpopyra exiko” kaxitoko ritonopo a tykase jezu eya xine,Apalaí
9897,ha hesu katu oiporavo doze kwimbaꞌe-pe omoiru hagwa ixupe: —oromondo-ta erenhemonheꞌe hagwa xe nheꞌe-py eremose-ta anhay heꞌi ixupe kwery,Kaiwá
2746,iuasaaki katxiari apoka ninoamoni katxiari aki auana katxiari aki teoso txari: —ere namarite nitiretakiti hikenakotariko iua sakire —itxa,Apurinã
8824,ky vaha u tog ag kami prer mu ha me “senhor” he tog “inh kosin ve ra inh kosin pir ve,Kaigáng
23404,ni'karoakare tee pehere mɨsa weetisa' maha too dɨporopɨ mɨsa me'ra ya'aro weeseti'karare ba'pati nemotisa' mɨsare naa pihika wa'atisa' mɨsa toho weeka “de'ro weera toho weeti” niisama teere i'yara mɨsare i'ya tu'ti uukahasama,Tukano
20870,tubabatu deus harere papeu humo ziwataha: — deus harere humo hyy ikykara iwatahi iharere soho iktsasoko — niy katsa niwatihi deus harere bo hyy tsimykaranaha iwatsahi iharere kytsa bo tsimytsasokonaha,Rikbaktsa
3729,toenzepa asenagazeze pekodo modo ioday tymegueim tuhuazeim modo wara tahule awienniembamo mawanka ise kurado taunlo jerusalem donro modo toenzepa asenagazeze toenzepa ise deus eagamo iewiaky tadaseguebyday adyorim modope ise tala ise azetadaoze taseim eagonro ata anaxi israelita domodo keba ise jerusalemda xutuim ara aitomo awanikeho ara — kely jesus,Bakairi
2514,ininia iroana iriko aki atamatarina atokori topakanata ikikomoni imaka itanori kasarori ininia ninoa tikoka,Apurinã
727,kumykomo a seropono a typipohse kuahtao xine toto zuno sexiatose mokaro motye kuhse kumyko kapuaono naeroro yronymyryme aomipona sehtone jume orihpyra kuehtohkome,Apalaí
25172,— aiba nori iwapari za'ra wa'aba ahana a nhisi baba wasi'aba'rei wamha wama romnhimimnhasi za'ra di za uba'rene ha te za ware aiprub za'ra taha wa i're iromnhimi'wara ha te za rere'e ai ba dure wa nori ha ate wa za ai'utori ni ane wa to waihu'u — ane te tama nhari za'ra paru ha,Xavánte
12614,maasa pra taꞌpiiya pena moises nuriꞌti piꞌ timaimu eꞌmenukasaꞌ manniꞌ po: uuri etiꞌnokoꞌmatoꞌ wani manniꞌ ituꞌse uuri eꞌtoꞌ piꞌ neken moropai uuri eꞌwakima toꞌ wani manniꞌ anwakimapai uuri eꞌtoꞌ piꞌ taꞌpiiya,Macushi
3343,alapyla salokuzenomo modo awynsaundo modo wara kaunrudyly agaityom modo einwantaunga idanara ayanmo xira kainwenily: koenda lela agonromo emawyadadaunga ara mawanra iwenibyem awyly deus itaumbyry awo waga: “sawo modo eynyna inkaba deus sawo keba modo aga ola koenda” wara iwenibyem awyly,Bakairi
17635,hoka wiso atyo maisa hatyakekone halakijiterehare hotyalinae hoka iniyalahare kaxomokakiterehare hotyali xini wiso atyo tyakekohatiye hotyali hatyo hiyeta ite waiyexe maniya wisekohare kaxomokaka,Parecis
18752,deua asohini bikahihi ida ija'ari kahojai bona asohihi ida kidihojai oniani ida deua bikapoarivini hija bana ni-deua bikapoariki ida ija'ari kidihojai asohini-ra kahiki,Paumarí
26226,nhym kam jeju mema kum —‍ke djam me aje metindjwynh kaben'a pi'ok no'okjadjwy pumunh ket djam me aje me bakukamarebe dawi'a ujarenhja pumunh ket e dawi arkum pra:m kum pram ne arym metindjwynh nhurkwama wadja amrebe: me kadjy metindjwynh mar djwynh nho benjadjwyr rax ne kube abijta metindjwynh nhurkwakam ne me bakukamarema nhy nhym dawi ar metindjwynh nhurkwama wadjan djwy byn kukren kam kot ar tem jamadjwy kunga nhym ar arym kukre djwy me kute metindjwynhma orja tam ne kubyn kukren arkum kunga metindjwynh nho djwy ne me katam kute kur ketkumrex me kadjy metindjwynh mar djwynhbit ne kute kur nhym be dawi ta ne tu kube kukre nhym kam me kute kum axwe jarenh ket djam me aje ja mar ket ga me kute dawima axwe jarenh ketja pumu ne kam ikot ba djwynhmebit ar ima ar axwe jare je to mykam nam a jeju mebe pardjeuma ane,kayapó
14804,kuy ma juk oju troade ka be kawen idipat muwen am iboka watwat pe- -cristo muwen am cebe ip iba'ore jija osunuy iju am emukacugap puxim wuykukukat pit omuju kawen idipat muwen am cebe ip,Mundurukú
16548,nxe³­ka³­tu³­ jo³­au²­ ba³­tis²­jah³­la²­ u³­nhe³­ki²­lho¹­nu²­la²­ a²­ne³­kai²­na²­ pra²­ta²­ka³­lo³­a²­ u³­yhe³­he²­ti³­sxa³­ wain²­ta¹­ka³­lxai²­na²­ u³­hu¹­ain¹­ta¹­hxai²­he¹­la²­ u³­hu¹­ain¹­ka³­tu³­ ta¹­ka³­lxai²­na²­ a²­hi²­sen³­kxai³­lu²­ a²­ha³­ka³­na²­ u³­hu¹­ta¹­hxai²­he¹­la²­,Nambikuára
4517,zezuz wexak kuza hemetarer ꞌym maꞌe aꞌe kury wikuwe zezuz aꞌe pe tupan hapuzuhu pupe naꞌe wapyk in temetarer hyru huwake omono teko wemetarer tupan pe imono e pyrer aꞌe hyru pupe aꞌe wa zezuz umeꞌe wanehe temetarer imono mehe hyru pupe heta teteaꞌu hemetarer katu maꞌe aꞌe pe wa umur wemetarer teteaꞌu tupan pe wa,Guajajara
6343,odaa ja dinotaɡaneɡe midiokiditiwage modi “aɡele daɡa jaaɡataɡa naɡada toonicogo pida jiwinaɡa niɡica anepaɡa dinetetece odaa ane dinete ja nebi naɡada toonicogo” niɡida niciagi eo micotece niɡijo aneeta aneotedoɡoji lotaɡa niɡijo mee “odinilaagaɡaditigi yowoodi codaa oiwi anepaɡa dinetetece odaa ja nebi initoonicogo” odaa niɡijoa iodaɡawadi jiɡidaaɡodigotalo niɡijoa lowoodi jesus,Kadiwéu
558,ynara karyhtao eya xine “emero kure sytatose” ako toh ma repe tuaro pyra toexirykoke yrome axi toto etuarimatoh oehnoko mana atarypoko ma toto nohpo oxietutopitory samo toepatohko zupiko ma toh repe,Apalaí
2122,ininia xesosi xipokapiretari ia isapirena: —niri iaxitikiri iua atokokana txaiko hite maerekati ati kamakasaakii hitemoni himamaxinikaretakania hakixiniree —itxa xesosi,Apurinã
16566,ja¹­nxe³­hi¹­na¹­ a²­nu²­a²­ a³­ne³­ki³­so³­te²­na²­ sa²­kxai³­lu²­ ka³­na³­ki²­nu²­ ne³­ka²­ta¹­xai³­si¹­ha²­kxai³­ a²­nu²­a²­ ne³­ka³­ta²­ an³­si³­wxe³­te²­na²­ sa²­kxai³­lu²­ ka³­na³­ki²­nu²­ a³­ne³­ki³­sotsi¹­ha²­kxai³­ nxe³­ain¹­tu¹­wi¹­ je³­su²­jah³­la²­kxai³­ ta¹­hxai²­he¹­la²­,Nambikuára
18157,hari vakadiania hojaha ada farisio nicodemos oniki mahi ipohiki viahania joma kaba'i binavanavanaha'iki ada jesus hari nicodemos va'ora ni'aha adani ipohina: —ni-akamitha'iaki kaho ida jesus abono-ra vajari'davini moises kohana va'ora nava'isohi'iki adani akadija'ari avikhananavaki: “hari'a ija'ari kabadani asohirini-ra vakahiva adani ija'ari vanasohiva abono vakamitharavini oadani ida abononi vajari'davini avigaravini oadani ida kidihojai hari'a jaharikia avarakhava ida ija'ari” niki ida moises athi papira hojaki ni-akamitha'iaki kaho ida jesus abono-ra vajari'davini ni-asohiki ida kidihojai asohirini akahivini anana'dohiravini oadani — va'ora ni'a'aha ada nicodemos,Paumarí
25667,damama ha dahaimanazem na te za ti'ra nori ma rowahutu tane wa nori ha aihaiba ba wa'aba wa to aima rowahutu za'ra wa'aba ni 're ihaimana u'asi mono zadawa wasu'u na 're anomro we wa'aba mono da dure da te aima 're amhazepa za'ra wa'aba mono nhere wa to ama aima robze za'ra wa'aba ni iwasu'uwe na aiwi 're robzei'o to za'ra wa'aba mono da wa to aima roti pese za'ra wa'aba ni 're ihaimana u'asi mono nho'a 're anomro we wa'aba mono da toi uptabi na te te 're ai'mada'a za'ra wa'aba mono da ta ha ma to te te sima 're aiwe za'ra wa'wa haiwa ama ihaiba na rowa'a na isire 're aihaimana u'asi za'ra wa'aba mono da rowe uptabi na,Xavánte
22624,yane seapane ovokuke mani ho'uxoti inikonehiko yoko ko'ovokutihiko xererekuke ovoku inani ixa: “hiva'axapananu ya elokeko ongovo vo'oku ininjopane ne nzu'usona ivu'ixoti” akoni ixa,Terena
22702,ina kayukopovomaka itukoponea orasaum yoko mopo'apene ituko orasaum kuteati koeku yuho inuxotike enomoponemaka koeneye,Terena
25586,tawamha tame si'ubumroi re te ai'aba're piripihi u darireza hawimha piripi ha besada na isa'ru nhisi ha piripihi u sihutu wamha te tama nhari za'ra: — wa wasima we za'ra ni wa te 'mada'a za'ra da zezusi ha,Xavánte
11910,jejui ꞌga aipo arajaupe ꞌe kwaapa ꞌuina “iporonuwiwet ꞌga jeꞌe are” ꞌjau ꞌga ojeupe aꞌeramu ꞌga ꞌjau oree: —“anurenureꞌi nipo pee je resakeꞌema anure tameje te nipo je resaguꞌjap pejepe” aꞌe ako je pe nupe ko kui aꞌe are nipo nepeneapyoi— ꞌjau ꞌga oree,Kayabí
3781,yam agueondyly keanka: — dez lela awaka anguydo adyry iwaenky awyly metai maka dez pyma domodo tawanu sagudanry modola awara nhenehonly anguydo adyry parutaba ikanobyry aepanagueonduo ola adiempa kula eaga pymaem itomoem aguehonzemo tokala hora awaraem kula,Bakairi
19036,entao ele o chamou e lhe perguntou: ‘que e isso que estou ouvindo a seu respeito preste contas da sua administracao porque voce nao pode continuar sendo o administrador’,Portuguese
25544,tawamha zezusi ha ma to ama tipe'eze zahure itob'a nori ama taha wa ma to tomo upi zahure apa tomo we zahure da te te tomo upi zahure wi awa'awi ma to tito pese zahure te te rob'mada'a we zahure di oto tawamha zezusihi zarina te oto tineb zahure awa'awi,Xavánte
20963,anaeze harakykbyihi tsikururenaha niahatsahi zaktaba tsikukurunaha resio bo bybybyu tsikaha estuba zuruze zopok wasani inabybykyk haramwe sukewy taba inabybykyk iwaze tsikukuruzonaha petok zuruze poteroi bo tsikumukunaha,Rikbaktsa
4214,aꞌe purumuꞌe maꞌe aꞌe wa tupan iamatyryꞌymar romo wanekon aꞌe wa aꞌe rupi wanuwihaw umuzeꞌeg kar aꞌe wa wanemiruzeꞌeg uzeapyaka katu wazeꞌeg rehe wa no wanehe uzeruzar pa wa no,Guajajara
1247,nhum meho nija omu ne hwyr te me ixkinha kep ijaew ket ta hwyr te kanaa nho xwynh na pre ta jejus wyr te ne kam: —ka pahihti jejus ape tirtum kot me ixwyr amenh xwynh jakama xe ixujarenh ma ne ixkama axukapri hket wehe na mekaromnutija tanhma ixpe ixkra ho nhum ixpe omnuj tyx kumrex ane,Apinayé
1310,tirtum kaperja am hamri hta nhum me axtem ne te amnhi pum renh pyrak o hipex ne kam hamaxper ket ne ne hpanha ri me hex xwynhje kaper pix ma nhum ja te me kam mex pyrak na htem a amnhi nhipex ane hamri ne axtem ne tirtum kot memoj nhipex pix parpe rorok ne amnhim mex o mex a hare nom kot hipex xwynh tirtum parpe man a amnhi nhipex anhyr ket ne nom kot memoj nhipex xwynhta mex o mex jakama koja me kot hkot amnhi nhipex xwynhjaja jaje rom kam mex o mex a harenh tum raha ho ri pa,Apinayé
9447,onhemity jave oime temity raꞌyi tape-rupi hoꞌa vaꞌe ha upei ou gwyra opa hoꞌu,Kaiwá
17465,hatyo xatini paulo kaxawaiyanikisaka waiya hatya haliti macedonia yere tityoita hoka nita: — hisohena macedonia xeta hoka hakahinaetya wiso — nexa,Parecis
24619,am quiquiquicunamari licachipa isquirbishacuna cayalcanqui manam papilcunallachu isquirbiycachashachu sinu'a quiquin shun'unchicchu isquirbisha lluy nunapapis licashala ligishalami canpis uyaypamari quiquin jesuspa lulashan cartancuna amcuna capacunqui manam tintasicawan lulashallachu ashwanpa cawsa tayta diospa ispiritunwanlami manatacmi lumi labrashacunallaman isquirbishachu sinu'a nunacunap shun'unmanlamari,Urubu-Kaapor
1081,na pu htem toha nhyhynh panhi kama paxa ne ri papa pahkra tatak ry pakatut gek jao te me panhi piita kama me paxa pyrak ne nhyhynh akupym pamex ne te panhi piita hkot akupym pamex pyrak ja pyra ne koja kris kot panhio nhyhynh a ne ri pa ry tanhma amnhi to ne ra hkapri ne ri pa pu me ja ha omu ne y ha pahkapri ne papa no koja memoj ta hkinh ne pa pu me ja ha omu ne y ha pahkinh ne papa,Apinayé
16603,nxe³­ha²­kxai³­ txa²­wa¹­su³­na²­ wain³­te²­lotsa²­sin¹­ju³­ta²­ so¹­lxi³­ ten³­sa²­si¹­nha²­kxai³­ moi³­se²­ah³­lu¹­tai²­na²­ kwa³­na³­jau³­xa²­ a³­a¹­he³­la²­ je³­su²­jah³­lai²­na²­ wan³­txa²­ so¹­lxi³­ yxo²­i²­si¹­na¹­he³­la²­ nxe³­si¹­na¹­ha²­kxai³­ a²­nu²­a²­ nxe²­ e³­kxi²­sain¹­sin¹­na²­he³­la²­ nxe³­sain¹­sin¹­te³­nah¹­lxi¹­: — moi³­se²­ah³­lu¹­tai²­na²­ kwa³­na³­jau³­xa²­ a³­yah³­lxi¹­nha²­kxai³­ ju³­te²­a²­ nu³­ka³­txi³­sxa³­te²­a²­ ya¹­nxe²­ ko³­nxe³­ti³­ kai³­yah³­lxi¹­lxi¹­ nxe²­ an³­kxe³­tu¹­sain¹­sin¹­na²­he³­la²­ ja¹­nxe³­ju³­kxai³­lu²­ nxe³­si¹­na¹­ke³­la³­te²­kxai³­ je³­su²­ kris²­tu³­jah¹­la²­ ko³­nxe³­ti³­ kai³­ti³­hi¹­sain¹­si¹­nhi³­nxna³­la²­ yxan¹­ta¹­ je³­su²­ kris²­tu³­jah¹­la²­ hai³­txi³­ ko³­nxe³­ti³­ kai³­ti³­hitsain¹­si¹­nxa³­wa²­,Nambikuára
19022,ao amanhecer eles entraram no patio do templo como haviam sido instruidos e comecaram a ensinar o povo quando chegaram o sumo sacerdote e os que os seus companheiros convocaram o sinedrio — toda a assembleia dos lideres religiosos de israel — e mandaram buscar os apostolos na prisao,Portuguese
18070,rajomi kavaranihia okavaraniki bana ho sirisiriki voovooni roiroiki ija'aria bikamithahi ida sirisiriki ithoni ni-biogaki ida sirisiriki hanajaja khani ni-biogaki jaboni hanajaja okha'ini okavarajomiki ada ma'onahai jahaki sirisiriki fori hina ni-ija'aria binokiki khana ni-ija'aria biogaki ada ma'onahai jahaki ija'ari kava'ibodivarani-ra anaabosivini niha bini'a'avini — jesua bini'a'aha ada nicodemos,Paumarí
22831,noixoaneikopo uti yuvati akoinoke seapahiko yane mani porexokonoke omomikopea koati vo'oku itukeovohiko xane akoti akutipo,Terena
3401,aguelymo tindatuo ani kurado atadyguyby modo paulo silas wara aga iewiapadylymo aituo ani pyma domodo tonlo modoram aguelymo: — asaemo azaga etyguewadaunga mampioguhomoem — kelymo toenzepa kehoem ani adapioguolymo sapioguybyem ani kadeia odaxi azetadaolymo — koendane asaemo enahunga nasemagueba itomoem — kewanmy pyma domodo etadadyby modo eniram,Bakairi
13824,hamun nom te yay xax mep 'uyimap pa nom te moyyex yog xat'ax xohix miy 'ohnag pa nom te 'ap-tup nuy 'axat xayiy 'axop yay xax mep 'uyimap texiy nom tik tep-tup nuy yay 'aktux xexka' 'uxohix te yay xax mep 'uyimap hah,Maxakalí
19785,depois disso ele desceu a cafarnaum com sua mae seus irmaos e seus discipulos ali ficaram durante alguns dias,Portuguese
4990,— uzeruzar katu tupan rehe aꞌe — tupan taꞌyr romo aiko ihe iꞌi zanewe aꞌe xixak nehe kury aze ruꞌu tupan upyro putar aꞌe nehe kury iꞌi izupe wa,Guajajara
26195,adjakama kute myjja kuni nhipexkam ne metindjwynh myme ni ar ipex ne mema kum “kama dja me my pro kadjy arym bamme na arkum iren kam arym probit'a ngra ne,kayapó
18882,hora vanaabiniki vahabini bana adani oabono okavarajomivini hiki ida igitha abononi ija'ari deu-ra vakanava'igavini ahovari'iki ida igitha amani onivani fori hija bana vahabini ida oabinina deus kaimoni ohina deu-ra avavakaijokavini mani ida jaboni deu-ra avakanava'igavini hija avakadinahina avanakaidivakia hora vanaabiniha; khai onihi onofiki ida avakadiania khai akhanijabanana,Paumarí
15868,—baad nado be ha da sahonh he be ha rajꞌaa etsee ba tii dꞌ ne paa sa wahe maku rajꞌaa etse pꞌop haga do ky nꞌaa rod hehꞌaat nadoo doo baad nado sa ha jesus wen herꞌoot pꞌop haga do rejaa do hyb nꞌaa da sa ha ta ky nꞌaa rod hehꞌaat nadoo do tarejaa do paa hadoo,Nadëb
4909,— zaneramuzgwer uzeꞌeg nezewe aꞌe wa uzeꞌeg pape rehe imuapyk pa aꞌe wa iꞌi wanupe — tuwihawete ur maꞌe ram aꞌe nehe upuraraw putar maꞌerahy aꞌe nehe naꞌiruz ꞌar pawire ukweraw wi putar umano re nehe aꞌe mehe omono kar putar wemimuꞌe taw nanan aꞌe wa nehe ywy nanan aꞌe wa nehe no pepurumuꞌe peho nehe iꞌi putar wemimuꞌe wanupe nehe — pepytuꞌu ikatu ꞌym maꞌe iapo re nehe iꞌi putar hemimuꞌe teko wanupe aꞌe wa nehe — aꞌe mehe tupan nuzepyk kwaw penehe aꞌe nehe kury iꞌi putar wanupe wa nehe — tuwihawete umunan putar penemiapo kwer ikatu ꞌym maꞌe pewi aꞌe nehe iꞌi putar wanupe wa nehe no iꞌi zeꞌeg kwehe arer zanewe aꞌe pe pexak heremiapo kwer pe pexak hemano awer no pexak hekweraw pawer no pemumeꞌu putar peho amo teko wanupe nehe kury,Guajajara
14094,ocekitpitpiyu deus xe eykukpin cica ixe juk eynae jebekitkiyum ocetaybit iboam,Mundurukú
24666,chaychumi simon pedro: “ma challwa chala lisha” nin niptinmi llapanpis: “ya'acunawanpis lishun-ari” nicuyalcan chaymi juc barcuman lluy ishpipacula chaychumi chay jinantin tuta mana ima challwallactapis chalapaculachu,Urubu-Kaapor
5224,nhanderuete gui imbaraetea re paulo ijayvuague haꞌe nunga ma ipora ete vaꞌeri hyru yapo gui ojapo pyre ramigua py rive roguereko pave oikuaa agua ipoꞌaka etea nhanderuete gui ae oua oregui eꞌy,Guarani
8130,ky jesus ty tope tu ki rir ky tope vy ti my tag to venh jykre tag han ja ni ge,Kaigáng
17060,kalikini ite noximi xisaona nawenani akereta hoka waiyateretyoa nikare kafaka maniya noxaiyateretyoani xiyaiya exahe kalikini hoka hekota naiyateretyoita exe harenae waiyekehalakita xomana,Parecis
15137,ti mꞌ jesus ha hꞌyy kaꞌeeh do kata bꞌeeh ma paw-ro pa ti mꞌ paw-ro basꞌeeg geet pꞌaa henh tabahom enh panang henh ti mꞌ jatꞌiip hadoo paw-ro beh-nabeh daheeh rabahom kan panang derebe had nang doo henh,Nadëb
11880,—aꞌeramu je ꞌa tejua pee tejenujamu pe nesaka tefereꞌemamu tejua— ꞌjau pedro ꞌga ꞌga nupe —aꞌeramu je ꞌjau pe nupe: maꞌeramu ajee je renui pejepe raiꞌi ki ꞌei peꞌje imomeꞌwau jee— ꞌjau pedro ꞌga ꞌga nupe,Kayabí
10374,kai anobohe inytyby ijao ratyrere tiki heka behaloko wedu juhuku rare; idi riwahinyre inydekereny iribile iritxiore riomyhyre tiki‑wana ibroreni riomyhyre,Karajá
21882,miꞌi hawyi wetup ok yt imohey i hat toꞌe ahepe — toꞌiro uiꞌyat kape ahenuk hamo e hawyi waku ereto etiky­ꞌesat pote maꞌato waku putꞌok­ꞌere hawyi erenuk kahato imiium ok ta e yt ereꞌe teiꞌo tope — etum naꞌyn apo meiuwat miꞌu iaꞌakap motypot hamo uhyt mana yt apoꞌere teiꞌo maꞌato etuꞌu yt kat i haty ewanetup hawiat wywo yn waku,Sateré-Mawé
12444,moriya inkamoro yeꞌkakon eseurimatoꞌ etayaꞌnikon manniꞌ waranti uuri niri eseurimatoꞌ etati maasa pra uuri wani pepin inkamoro yeꞌkakon yaipontisaꞌ pe tiweꞌkuꞌsanon maꞌre ipikku pe toꞌ wani piꞌ eesenumenkakon,Macushi
