index,TEXT,LANG
21774,yt naku i watoꞌe aiwepe pai — uito poꞌog iraniaꞌin kai yt naku i watoꞌe aiwa­netup hawe yt miꞌi ta hin i are poꞌog waku watoꞌe — tupana ti waku poꞌog uikai waku watoꞌe miꞌi yn ni aipo­wyro kahato hat watoꞌe waku aikota iꞌe hap ewy aru tutunug yne toꞌe hap waku watoꞌe aipe­rupꞌi hap wywo uito ti miitꞌin yt naku i rakat maꞌato iesui miꞌairo kahato uito ti pauru,Sateré-Mawé
23458,—mɨsa a'to i'yase mɨto diho no'orosa' nee ni'ka ɨtaga apega bu'ipɨ yee turia mɨha'ke tohasome niikɨ niiwi,Tukano
12281,miriri yai pauloya inkamoro emurukuntiꞌsan eraꞌmaꞌpi moropai taꞌpiiya toꞌ piꞌ: —uyonpayamiꞌ uuri wani siriri tipose iꞌ ri imakuiꞌpi unkupiꞌpi ton pra paapa winikii —taꞌpiiya,Macushi
3585,konokuze kula “deus itaumbyry egatuim xina” kewani modo jesus aguely: — tonomeguela itaunga “deus itaumbyry egatuim xina” kewani modo aga udodo kaneru xuhudugue azetydadyby emyenro kula akaemo,Bakairi
8169,ha ra tog ag ty to jykren tu nigti ti ty ag my a panh to mu ra,Kaigáng
8333,fag javo eg ty ty eg senhor mre ke nytin ky eg tog ti mre venh kuprig pir ri ke nyti ge sir,Kaigáng
26509,'e 'y'a ujarenh ne kam jeju ajte kaben kukradja'a pur 'odjwy jakren mema 'a ajaren mema kum —‍kajkwakam benjadjwyr djwynh dja pykakam amim me kwy pytan ar meo ba kam dja meo ajkij 'a ne pur amijakre purkam ne me'o 'y mex renho te ne o te:n arym kre pa,kayapó
4385,aze heta tapuz nehe heta iapo arer nehe no tupan aꞌe maꞌe paw iapo har romo hekon aꞌe,Guajajara
21700,uipo­typot no hap upi iesui toineꞌen kahato uikai ipaꞌau ipotpap kahato uipo pyi iraniaꞌin ywania ekyi hamo tupana kapiat hamo iesui paꞌau ihay kahato uiwe pyi tomikuap koꞌi wo iꞌewyte iesui misepap nug hap toimo­herep kahato uipiit pyi iraniaꞌin ywania pore­ro­kosap tupana miky­ꞌesat nug hamuat hamo ipaꞌau uimoe­saika kahato iraniaꞌin ywania pore­ro­kosap tuwe­wawiat hamuat pywo ti rat yt uhesaika hap kaipyi maꞌato ipaꞌau uimoe­saika kahato sepap nug hamo wuatꞌi ywania ehamo yt uwe i mikuap mesuwat yi totiat nug hamuat koꞌi tutunug uipiit pyi tupana paꞌau uimoe­saika kahato uhewyry tehay sytpok hamuat wuatꞌi tawa puat uipiit yt hesaika hin i pytkai uhewyry wuatꞌi yi totiat wuatꞌi tawa koꞌi puat hamo wuatꞌi yꞌy upi hamuat atimo­herep kahato sehay wakuat aheha­kye­raꞌat hat iesui etiat wuatꞌi miitꞌin me taꞌi mekewat tawa wato ieru­sarei kaipyi saꞌa­wyꞌi areto yne yne tawa puo uhewyry ihay moherep hamo yne yne tawa kape areto te ihay wywo ieru­sarei myi tawa ieriko kape yne muꞌap upi atiꞌa­tu­muꞌe torania miitꞌin iesui ete tupana paꞌau uimoe­saika hawuo,Sateré-Mawé
22141,ixomoiko koyuho ne jesus simone xane ukeati ovokuke njairu enepone exoti koeku ihikaxovoku ho'e judeu hara kixo njairu: —‍ivokovone ihine iti hakone perexoa ituketi ne ihikaxoti —‍kixoane,Terena
7279,a'ero  batista'ga ei ga pe: —‍uhu po ti ga nehe – kiroki ga ji hohe hete huvihavuhuhetero gwaramo ei  batistava'ea ji ki a'e te ako tehe jihi opomobatiza yhya pyvo jate naha ji ikwahavukari ga pe pepohira pejikote'varuhua hugwi pendeaporogita rerojijyja reheve pendekokatua reheve gaha po ti pe pojykauka tupana'ga ra'uvapyryva pe aereve'ga nehe naha po ti ga pendekote'varuhua mombigukari pe mombyryvuka nehe ei  batistava'ea ga mombe'gwovo ga pe,Kagwahiva
4970,arexan aꞌe takihe iapo har aꞌe hemuꞌem teteaꞌu herehe aꞌe tuwe tupan umekuzar hemiapo kwer izupe aꞌe nehe aze ereawaxi nehe ezemupyꞌa hehe nehe ipuruzuka wer herehe aꞌe ꞌar mehe hezeꞌeg henu mehe taꞌe hezeꞌeg naꞌikatu kwaw izupe xe,Guajajara
20230,deus wahoro zubata eze ziknapamykysokonahatsa taparaktsa kapitaotsa moises harere iwatahatsitsa iwatsa zisakpybyrikinaha niwatihi,Rikbaktsa
26281,djwy nhigot dja'a ujarenh ne kam ar imoti'a ren akax nhikjema box nhym kot ba djwynh ar djwyo amak ket katin arym jejuma are,kayapó
2440,xesosi iokanapirena pirateopia auakanimoni iuaikana xesosi misakiretari xoao: —piokanatariko ia nisakire teoso nitirimoni teoso sakire auiakanikata auakarimoni pirateopia sitatxitia: nota maerekati makamakatirano atao inakarinani sapiretakarikarano nota kaposotiireri auitetxi tavii inakori atoko nitxa kotxi nota matakakakiti kona ati totari nota totakiti kona ati matakakari,Apurinã
11847,pejejuka esage pejejee nepejereko tyweri ꞌa nan tee futat pee pejejemireko rerekou esage,Kayabí
6711,ǥodixaketedi ane najigotoɡowa aneotedoɡoji liwigo inioxoadipi jemaa mowooɡotitiwaji anewi aneetece ɡodixaketedi ane najigotoɡowa aneotedoɡoji liwigo,Kadiwéu
20171,suao batista nipuruk naha soho kyze erodes pehatsa sudeutsa hudikhudikwy eze tuze sakarias niy deus wahoro zubata eze ziknapamykysokota niy abias astsabaretsa niy deus wahoro zubata eze nikara abias atsatubaretsa tsekokatsa ziknapamykysokonahatsitsa niwatihi atatsa ioke arao tsekokatsa ikny niy arao niwatihi deus wahoro eze ziknapamykysokota isabeu inarokotatsa,Rikbaktsa
11891,aipo renupawe je tejerowaka tejakyfet katy tejeupe ojeꞌeg maꞌe ꞌga resaka tejerowakawe je sete tatarana renawa resaka tatarana renawa ouru apopyrera tatarana renawa pyter imu ꞌga amu akou kuimaꞌe ꞌjawewara ꞌga akou weteyru fukua ꞌga erekou imunepa ꞌga raitya ꞌga ree imotypawa ouru apopyrera ꞌga pasiꞌa ꞌarimu imotypawa ꞌupa ꞌga ree,Kayabí
5915,omombeꞌu ra haꞌe kuery oendu vy haꞌe javive ojapukai okuapy nhanderuete pe haꞌe vy aipoeꞌi: — ndee senhor ndepoꞌakapa vaꞌe ma yva yvy yeꞌe haꞌe opa mbaꞌe hexe ikuai vaꞌe apoare reiko,Guarani
7165,jesus'ga omomytu'e nhande ve aere jesus'ga nhi'iga'javi he'yive'ga pe: —‍arimo ko nhande hepiakatui mbatera ikwahavagwama a'ereki mytu'e nhande ve ei ga na jitehe ji amomytu'e yvyakotyve'ga pe a'ereki ji akwahavuka tupana'ga ga pe ei jesus'ga ga pe kiroki ga ojiko ji rehe ji nhi'ipo'ruavo – ga po ti nde'ia'javi: “ndakwahavi ji tupana'ga” ei ga okwaha tuhe po ti ga tupana'ga gweaporogitapyahuro nehe ei ga ga pe,Kagwahiva
10395,reerywahare jiary wiohedyymy tarumahatenyte judeia bede‑ki tahe kiamy ao aoko ariritinykre reerywahare timybo akireny rare jiaryboho heka awimy raryberenyre umyreny macedonia hawa mahadu‑o myheka rarybere: —akaia bede seriore mahadu wiohedyymy rexiywinymy ratximaharenyre kau beorau tai tiiboho rexideysananyrenyre,Karajá
25475,tawamha aiba me te timreme na ai'wape zuwaha sire 're inomro mono nori ha a dawabzuri wasu'u na te ai'wape za'ra,Xavánte
26958,me'o kupry kureti mry'a yr nhym kam kadjy mranh djwynh kube  kute ngonhbe  jamynhja 'o ne ima —‍apa amre te ba ama myjja jakre ga omu me'o kupry ne ja tamja ne ngo kuni'a kri ane tamja ne me kuni abenma are me kuni arym abenma kure jare nhym metindjwynh arym axwe man kute o bikenhma kriraxbe babironij ne me'o kupry kure'a amijakre krirax jakam ne myjja punu ne kam kute me'o kupry kureti pyrak nhym apynh pyka djari me o benjadjwyr runh 'yr bao ku'e 'a aben japa nhym pyka kunikot me kuni 'yr ban kam kumex me'o nija ta ne mema kadjwati kango myjja me kute o kom ne kot bibanh kunija kadjwati kangome uba kangome myjja kango kuni ne me kum kadjwati kango jare nga nhym me o ikon ajban kam kureo kumex nam a kadjy mranh djwynh ima ane,kayapó
16550,nxai¹­nha²­kxai³­ a²­nu²­a²­ a²­si³­yxau³­te²­su²­ te²­a²­ sa²­hxi²­ka¹­txa³­ha²­kxai³­ a²­nu²­a²­ kai²­nxa³­te²­lo³­nh³­te²­su²­ te²­a²­ hxi²­kan¹­ti³­hi¹­txai¹­nha²­kxai³­ ai¹­nhxai²­na²­he³­ni¹­,Nambikuára
23637,ni'kɨ apire jesu cristore eho peogɨ niimi niigɨ ako wɨogɨre ako tiagɨ diakɨhɨta ayuse bokagɨsami niiwi jesu,Tukano
13694,'utux hok pu tikmu'un 'og hapxopma'ax kopit hok nuy xo'op'ax ha 'axat hok xix 'axit'ax ha 'axat hok xix nit xan ha 'axat hok xayiy 'aham hok 'utux hok pu 'axat hok xayiy nit xap yiy ta 'aham hok xix 'amuk xexka miy'ax ha 'axat hok xix mayonhex tup 'iha 'axat hok ya' tux hok pu 'axat hok,Maxakalí
17874,exe tehitiya: enore haexare kaexarehenere tahi haiyaharenae atyo sacerdote tyaotaha maisa xakore atyo enore nikare iraexe hoka hoka jesus atyo sacerdote tyaona enore exakere iraehenere xowaka: natyo atyo enore niraeta maisaiya nemaisaita niraini sacerdote ite hisaota mene matyotenehare,Parecis
13353,ha 'un te: —‍notot naxtox 'um yum hok ha konag xupup kox tox tep ha' xut xate kona'ag nom te tikmu'un hinna xe'egnag,Maxakalí
23540,apeye mɨsa weese pe'e ayu nii' nicolaita wametiri kurakahara weesetisere mɨsa nee ka'roaka ɨa wee' yɨ'ɨ ke'ra teere nee ɨa wee',Tukano
24780,anchish curnitillam tucalpamun anchish anjilca curnitillanta tucaluptinnatacmi janay pachachu ayaycachaypanuy nipacuna: “jinantin pachachu lluy cacunaca duynunchicpa salbacuninchicpa maquinmannama canan pasalun; paynamari wina-winaypa mandan'a” nil,Urubu-Kaapor
18499,vaibavi hahavia avaadahaoni'aha adani jahari kaija'ari vahojaribanaonina deus kaija'ari vaibavi va'ora vidara kaimoni vavahojaribanaoniki ida jaboni jerusalem sidaji deua bivajahaki jahari kaija'ari va'ora vanaabinivini va'ora vanofiki adani jerusalem sidaji kaija'arini oniaroa deua biakaronaki ida siho kaha'dini nama kagaarini va'ora nihimahahavi'iki adani jahari kaija'ari,Paumarí
13872,yeyox mog pexkox tu' yumug xuxya yeyox te ham'aktux kux ha' noy te' mogaha pepix pexkox tu' ha' yum topa yim xe'e tu',Maxakalí
25976,tane nhere ane na ha 're ihaimana u'asi mono te te 're wa'apoto mono o di te te sima 're i'awe mono zeb zarina si ma to mari aha na te te wama 're ab'manhari wahaiba na ire 're iwahaimana za'ra mono zeb da ha wahaiba na mari ha aha na wama 're haimana za'ra mono o 'wa'aha are wahaiba ha wama 're haimana za'ra mono o di tane nhere mari aha na te to wama 're haimana za'ra wahaiba na ha wahaiba misi nhere taha wa wa to 're wahaimana za'ra,Xavánte
2562,kitxakapirika ikara atoko itxama nota sapiretaiko hite apikomoni sito atamatakari kinirao oakata sirikaka inakari iuara kamapekari maerekati akixiniree,Apurinã
17044,nexa hoka talatya jihotyaha hatanakoako hatyaoseta kawiyatyaha toli kinatyaxa hoka tyotyaha jiyaha estevao ana hatyohekota nolokasekoatyahene hikoaha menane aka ekakoa xaneha wenakalati nonitata haware ekakoa hoka sehali kakoa mokotyahene iniraeharetyasenae saulo nexarexe xoimahaliti ana isaha haimanasenaiha enomana kaxaikone maheta,Parecis
6593,pida niɡica noko aneotedoɡoji nige yaaɡadi niɡina iiɡo ja nipegi enice leeditibige majacaɡatitiwaji ɡadowooko codaa me niɡinoa ɡalidaɡataka amaleeɡaɡa akati motaɡaneɡeni aneotedoɡoji,Kadiwéu
17529,hiyaiya cristo kaxemakawatikisakehenere akereta atyo wikaxomokaka hoka nikareta tehitiyaite ihiyeta kalore wikakahinaetyaka,Parecis
8628,jesus ty un feg mu vy ty inh ni apostolo vy ty inh ni ha ra tog sy to jykren mu ra tog tope ty isy un jykre koreg ag ri ke han ni ve ni un koneg ag ri ke ag ty un kagten mu en ag ri ke venh kar ne tog isugnym tiꞌ epra ke kar tope ty jene jafa ag kar ke ge mundo tag ki ke kar ag myr,Kaigáng
2125,iua auakasaaki ikamapoxokonitaiko pite itori kakiti apaka,Apurinã
26105,nhym kam me'obe djuda mema amijo amirit ne benjadjwyr bajtem amrebe kute me idji'a pi'ok no'oko amri ne djuda mema amijo amirit ne pykabe garrejakam ne abatanh dja djuda amijo amirit ne amikot me krapti kame ne kam adjwynhdjwy arym ty nhym me kuni kot bajadjwy arym ajma,kayapó
22776,itea enepone ake noneti irihikovoti unatike poke'e enomone kuteati ne xane kamoati ne emo'u ituko'oviti epo'oxo koati exinoati isoneu yane koati apeti unati itukeino ituko'oviti kuteati koeku ne ake noneti porexopoti pohuti sendu ha'i ya pohuti ake ukeaku itukovo sesenta koeti ako'o itukovo tirinta koeti ya pohuti ukeaku,Terena
16516,yxan¹­ta¹­ i²­li³­te²­ i³­nxa²­ nxe²­e³­in¹­kxai²­nan²­tu³­: — txai²­li²­ a²­hoh³­lxi³­su²­ nxa³­nhai¹­ nxin¹­kxai²­nan²­tu³­ txa²­wa¹­su³­na²­ i³­wa³­txi³­sxa³­ i³­hen³­txi³­txai¹­nhe³­la²­ nxe³­sxa³­ i³­wa³­txi³­sxa³­ i³­hen³­txain¹­yah³­lxin¹­te³­nah¹­lxi¹­: — txa²­su³­nai³­ a²­hoh³­lxi³­su²­ sa²­nxa³­nhai¹­ a²­hoh³­lxi³­sa²­nuh¹­se¹­li¹­ nxe³­yah³­lxin¹­kxai²­nan²­tu³­ a²­hoh³­lxi³­sa²­nuh¹­nxa²­tu¹­wa²­ wi¹­lhin¹­khai¹­nxe³­ha²­kxai³­: — ih¹­nxe³­tin¹­jau³­ta³­ i³­wa³­txi³­san¹­si²­lxi¹­ nxe³­nxain¹­jau³­su²­ i³­kwai²­kxi²­nxai¹­nxa³­lho³­la²­ wi¹­lhin¹­sxa³­ u³­hu¹­nxa²­tu¹­wa²­,Nambikuára
24645,maynumi aycha captin uyaypa wisculcuna wiscul: waquincunachu'a “gallinazo” nipacunmi muyupacun; chaynumi amcunapapis uyaypatac can'a,Urubu-Kaapor
11339,yma jane mamaꞌe apoi jarejemifutar imu etee futat rakue aꞌeramu ꞌa moisesi ꞌga ꞌjau agawewi janee rakue: “mamaꞌe tywera kasi peapo ne” ꞌjau agawewi ꞌga janee rakue aꞌere jane aipo ꞌga ꞌeawera kwaaw ire miamu jane jeroꞌwuroꞌwui etee mamaꞌe tywera apou mamaꞌe tywera apo awi jarejeateeꞌem ire nipo jane oi mukuu jarejuwarete ꞌga wi jaremanu re,Kayabí
19777,e eles nada puderam responder,Portuguese
13404,ha ta' mog tu moktu xupep 'atikit tu' tu topa te nom xop ha hammaxna penaha' ha' kuxa hittup xexka' tu hamyummugaha' nuy ka'oga' puyi' kuxa mam xe'e yumug xuxya kopah mo kuma' mog 'umax maname' ya topa koxuk te' ka'ogaha' ha' kuxa yum ka'ok xe'e' ha' puknog xop xohix nuktu yeyox tu yay kotinnaha',Maxakalí
18361,jesus cristo kaija'ari efeso sidajia vahojaki vakadimoni ida papira athini jesus cristo kaija'ari efeso sidajia vahojaki vakadimoni hida papira athini jesus hora honariavini va'ora vaka'da'diki okajirihivini va'ora nava'isohira kaimoni hihida athia jesus va'ora ni'aha: —hovani ogathira ada  boviri ipohina osa'a aniaja  lamparina fori hiki kaathiraki ouro amonahaki kahararakhamania oadahaki ho,Paumarí
7,naeroro tomeseke ehtoko aomiry onetara exiketo sa pyra ehtoko mokaro ritonopo omihpyry ekarone onetara aehtya sero nono po osepynanohpyra tokurehse toto morara exiryke kymaroko roropa mokaro saaro omonoko sytatose apotoimo htaka kapu ae ayhtohpyry omiry rumekaryhtao kyya xine,Apalaí
22967,kaukapainapinoe ituko'oviti hana'iti seanakopi yoko uhepeti isoneuti ukeati xokoyoke ya koeku yukoponi yexi ituko'oviti koanemaka vunae jesus,Terena
1329,hamri nhum me tee ri kuma ne kam ma htyx ne umaj pikap rorok ne htu myrpe hikwy,Apinayé
14083,imenpit ijoceayu mutaybitbinap ekawen muwenuwen on cebe ip jeakag ip inaka ijojom gu ip wekawen pa'arem cexe ip wekawen cocom ma'gu ip — io'e jesus  beayu be,Mundurukú
769,morotoino ynanytoase ahmota xipere kuroko iratozo ae tyryrykane jamihme exiryke morotoino tuna konoto takuohse yna xirixia ehpikuroko toytose yna papiria ehpikuroko roropa mira pona rixiapo pona,Apalaí
5565,haꞌe gui ma rojeꞌoi ju yy rupi haꞌeve eꞌya katy gui yvytu oipeju ramo chipre ypaꞌu katyꞌi rupi roo ijyke yvytu eꞌya rupi yvytu poꞌakaa re haꞌe kuery oo kanoa guaxu re ajukue oipyoa vaꞌe py cilicia haꞌe panfilia yke rupi yeꞌe roaxa ma vy licia regua mirra teta py rovae,Guarani
13326,'ok 'akuxa yum ka'ok topap-xehnag kopah ya' max yamiy kummuk xop kuxa mam ka'ok kamah tu topa yipkutuk tu yay nuhuknam 'ukuxanog tu',Maxakalí
5689,haꞌe ramo jesus opyta vy ogueru ruka haꞌe ovae ramo oporandu ixupe:,Guarani
15499,tii ba setsi dag do aas ka ahoog hyy kan ta hood go hanang do we ha tii ba y maa napah kyyh takꞌep hadoo doo maa eh do pꞌop haga do tob nꞌaa hy pong je hasooh doo ba naa pꞌop haga do bagꞌaas do tyng nꞌaa ba naa hahyy da ta kyyh: “gawatsig hom kan sahonh he” nang,Nadëb
16394,ka³­nxa³­ha²­ta³­nun³­tau³­a²­ se²­sa³­re²­a²­thi³­na²­ a³­wi¹­hain¹­ta¹­hxai²­he¹­la²­ nxe³­tau³­a²­ ko³­ne²­lah³­lo²­su²­ te²­a²­ a²­sa³­wi³­ha³­lxi³­su²­ te²­a²­ a²­wa³­ta³­txi³­nau³­su²­ te²­a²­ yxo²­ha³­kxa¹­ wah³­nxain¹­ta¹­hxai²­he¹­la²­ a²­kxa³­nxa²­ a²­nu²­a²­ ka³­lxa¹­txi³­ i³­kaixtai¹­nha²­kxai³­ a³­ya³­nu²­kxain¹­ta¹­hxai²­he¹­la²­,Nambikuára
11679,kunumiuu ꞌga nane ki emuꞌakwaap nu “pejemuꞌakwaap pejejemogyau mamaꞌe tywera apoeꞌem are” ere ki ꞌga nupe,Kayabí
1692,amnepe ma korma memoj ket ri na pre tirtum kot a me pahpanha amnhirer anhyr kaxyw me pakukama kuta ne am ta nhum amgra ohto ne hapex nhum me pahwyr kume nhum man me pahwyr wry kot a me pahpanha amnhi nhipex anhyr kaxyw,Apinayé
3355,aituo myani jesus kopu vinhugue taseim tamaxi nhedyly deusram aguely: — koendonro ama pabai xira vinhu maundulygue — kely aguenripyryem myani tynynonro modoram aguely: — maka maka wara xira vinhu enywadaunga,Bakairi
25239,wa ha ipawa'aba re 're ihaimana mono o di taha wa iwada'uri zarina si te 're romhuri mono o di tane nhere wa to isima we dapawa'aba ana dama romhuri'wa nori ne te dama 're romhuri u'asi mono da inhimirowasu'u zarina cristu ha da te 're isaze za'ra mono da si da'aha na,Xavánte
22902,kene mariya uha-uha kixoa unakea isoneuke neko emo'uti koane eno itukinoa isoneu,Terena
6333,odaa agripa jeɡeeta festo “ee jemaa me jajipata niɡica ɡoneleegiwa” odaa jeɡee festo “natiinigoi odaa jaɡajipaata”,Kadiwéu
9892,—“ndojeroviasei voi nipo raꞌe hikwai” heꞌi abraao amyri ixupe “nohendusei nipo raꞌe moises amyri rembihaikwe nohendusei nipo raꞌe nhandejary nheꞌe-py omombeꞌu vaꞌety amyri rembihaikwe ave omano vaꞌekwe oikove jevy-ma ramo nohendusei ave ara voi inheꞌe nohendusei ete voi nhandejary nheꞌe” heꞌi ixupe abraao amyri “namondo moꞌai lazaro amyri upe-py” heꞌi ave abraao amyri heꞌi hesu omombeꞌu ramo arandu rehegwa nheꞌe ixupe kwery,Kaiwá
10507,sowemy heka iny ribedeerynymyhyre mahadu tamy awimy ryira irybe dori awireki wahe,Karajá
21163,maꞌato iesui tiwesat — woro­pysei raꞌyn peteru e mio maꞌato yt etikuap te kan hamo woro­pysei e meiuran ti aru maꞌato etikuap taꞌyn uhyt e,Sateré-Mawé
23092,jesu ɨrɨgɨpɨ masare bu'e'ke nii' jesu pahara siru tuuka i'yagɨ ɨrɨgɨpɨ mɨhaa eha nuhakɨ niiwi toho weeka kɨɨ bu'era kɨɨ sumutoho nere nuhakara niiwa be'ro jesu naare a'tiro bu'e nɨ'kakɨ niiwi:,Tukano
8309,ti ha jene je sog ke mu ajag to ha ra sog ver ag ty inh my nen tonh ke javanh sor mu u ty inh seg mu ag isy ag ty inh my nen to mu me kar ky sog vaha ti jenenh ke mu,Kaigáng
17376,hatyaoseta herodes aimenekotya enomanaha hoka hatyo ferakenehena isoa haimako xekohaseti nimako tyoka haokahakala koa hoka waha irae ihiyeha,Parecis
10069,kia wese iny rare uladu wesemy bede aomydyynana rityhynymyhyre juhuu,Karajá
16932,ja¹­nxe³­sxa³­ a²­lon³­ti³­nau³­xa²­ i²­yah³­nu²­la²­ i³­ye³­kxi²­te³­nah¹­lxi¹­: — nxexjah³­wxi¹­ a³­si³­te³­sa¹­he¹­li¹­ ai³­na²­ a³­na¹­yah³­to³­hxain¹­tai¹­ti²­tu³­wi¹­ yxan¹­ta¹­ a³­si³­te³­sa¹­hin¹­kxai²­nan²­tu³­ a²­nu²­a²­ i³­kaixso¹­ja³­hin¹­ju³­ta²­ i³­yau¹­u³­nxta¹­tu¹­wi¹­ a³­si³­te³­kxi²­sa²­si¹­hain¹­jau³­su¹­ nxe³­ta¹­hxai²­he¹­la²­,Nambikuára
19503,sendo justificados gratuitamente por sua graca por meio da redencao que ha em cristo jesus,Portuguese
23676,yɨ'ɨ ni'karoaka jerusalepɨ wa'agɨ wee' espirito santo yɨ'ɨre duti'karo nohota toopɨ yɨ'ɨre de'ro wa'aro wa'arosa' masitisa' a'te di'akɨre masi' nii pe'tise makaripɨ yɨ'ɨ wa'asetiri nɨkɨ espirito santo yɨ'ɨre werewi: “masa mɨ'ɨre bu'iri da'reri wi'ipɨ soroo mɨ'ɨre pi'etika weerasama” nii were yuuwi,Tukano
1138,nom ker ka me kam amnhi jarenh kukama tee ri ajamaxper o ri ama me uma hket ne akuhe ry me ajamaxper o: “hexta waa ne me kot ixkukjer a arigrota a tanhma kot pa we ri me kam amnhi jarenh to” anhyr o tee ri amnhi kukama ajamaxper ket ne koja tirtum karo tanhma me akra hto ka me y ha akatat kot tanhma me kam amnhi jarenh to,Apinayé
15278,te hub ne he keret buuj sa ky nꞌaa taherꞌoot do paah ti hyb nꞌaa manabuuj gedo keret buuj jesus ha hꞌyy kaꞌeeh do daap hadoo do ky dahꞌeeh doo baad raky daheeh hyb nꞌaa baad hadoo do ky nꞌaa rabered hom hyb nꞌaa judah buuj panyyg ub hadoo doo noo kanesa doo mamejo rered hom hyb nꞌaa ajyy baad hadoo do ky nꞌaa ty nꞌaa gesꞌyyk do sa ha mejuu doo,Nadëb
24273,chalapacucunanatacmi chaynu wichachisha cayaptin tutay-walachi diosta ruygacuy-ruygacuy cayalcala,Urubu-Kaapor
3117,jesus ola adakepa toenzepa kehoem pilatos aseguadadyly jesus tasemaguehoem adakepa awylygue,Bakairi
798,ynara nyka ya “pauru toretyke pyra exiko seza a ytoko mase roma tuisary a oewomako ma ritonopo mokaro roropa ewomako mana opokoino” nyka inenyokyhpyry ya josenety,Apalaí
15794,be hyb nꞌaa newe eriij had nang doo er hadoo ne paa tii takꞌep taky nꞌaa etsee paa naeng nadoos hyb nꞌaa ti mꞌ tamawoob he ta baab set ta bod tanadots wat taky nꞌaa etsee do hajꞌaa pꞌaa henh taky nꞌaa etsee tabadoos hyb nꞌaa ka ti mꞌ naeng badots kan pꞌaa henh sa joom ganyyh pꞌaa henh tabeag kan,Nadëb
24759,cay lulaycunapitamari diospa pinacuynin mana uyalicucunaman chan'a,Urubu-Kaapor
2432,pirato ikara atoko inakari ene ikenakotakasaaki iua akixiniree ixinikari: —kiatokopa atxiiti nisikakari xesosi inirekari xesosi isikakini txamari xoteoakori akiripoakata: —pisikakiniari ikira kiki kona sesa moianari pitxaikauako iua sakire: “auitetxi apiananiri nitxaua” sesanoka auitetxi apiananiri —itxana xoteoakori,Apurinã
4959,tupan zanemuawyze aꞌe ko ꞌar rehe tupan zanemuawyze uzeupe aꞌe kury aꞌe rupi nuzepyk kwaw zanerehe nehe taꞌe zezuz zaneruwihawete zanezar umano zanerekuzaromo aꞌe xe,Guajajara
25748,dure ni'wam nori ha te te 're izawi pese za'ra mono wa ai'ute zo 're tob'uzu za'ra mono wamha ta nori u'aba te dure izo 're tob'uzu za'ra — ane ma to wama waihu'u za'ra isire 're iwanomro mono nori ma,Xavánte
334,—mame mokyro kowenu tineru poko erohkety ameke roke toexikihmase ritonopo maro oturutohme kakoxi osenuhmara kynexine ritonopo epataka popyra toexiry enetuputyryke tyya toepurototomase ynororo toemynyhmaryke ynara tykase ynororo “ritonopo iirypyryme roke ase nupunato kueneko myhene” tykase ynororo,Apalaí
12467,epiremati aniꞌ tiweꞌtarumaꞌtisen moro nai akoreꞌtaꞌnikon paapa yarakkiri eeseurima eꞌpai man aniꞌ taatausinpasen moro nai akoreꞌtaꞌnikon paapa yapuriiya eꞌpai man teeserenka pe,Macushi
21950,miꞌi miit panene ewy ihay putꞌok­toꞌe hawyi aikota wati­ꞌa­tu­ꞌyky arui iaꞌyi sese pueti hamuat hap ewy ti aru toiꞌyky miitꞌin wakuaria pueti hamo e miꞌi hawyi toiꞌa­tukat kahato temiitꞌin wakuaria aikota watikat panene pe arui iaꞌyi wakuat hap ewy e tomohey haria toiꞌa­tukat watikat iaꞌyi wakuat ewy iꞌewyte tomohey ran haria toiꞌa­tukat iaꞌyi ape ewy e wasere upi toikat panene pyi hap ewy toiꞌa­tu­patꞌok tomohey haria sese iꞌewyte tomohey ran haria e yt nakuaria i ti aru iꞌape koꞌi ewywuaria mipugha wuat aria yt hasep i rakat pe miꞌiria ti aru toiꞌa­tu­pugha aria wuatꞌi eꞌat piat pe e iuwau oꞌe haria pe,Sateré-Mawé
22728,konokoti akoyea kapayasakinapukoko ne hokoti jesus tumuneke unzexea ra yundoe hara injiko'okopinoe: opoehane yonoku iseneu ikeneke kristu akoti ihaxakeakaka iseneu koane yokoseanakoko hakomaka motovokoko yokovo itupa'ii ixekaka koane hakomaka kepayasokinovokoko,Terena
19352,mais tarde jesus apareceu aos onze enquanto eles comiam; censurou-lhes a incredulidade e a dureza de coracao porque nao acreditaram nos que o tinham visto depois de ressurreto,Portuguese
19563,o que tinha recebido cinco talentos trouxe os outros cinco e disse: ‘o senhor me confiou cinco talentos; veja eu ganhei mais cinco’,Portuguese
17795,wenakalati emaus naho jesus kaotyakeheta hatyo ferakeneta hinamahare enekonihatareha xanetaha wenakalati emaus xeta jerusalem nalita kala -kilometro hatyo wenakalati,Parecis
22205,puvahiko ihae samariya ne jesus koeku ye'exeovone kaxena pihopea jesus ya vanuke kousokone isoneu ne'e pihea njeruzalem yoko ako itoati katavokopea isoneu akoyea piha,Terena
11079,—aꞌere jeoweramu samari ywy pyterimu kwe rupi futat jarewau jarewaema garireja ywy pe— ꞌjau jejui ꞌga oree aꞌeramu ore arawau samari ywy rupi arawau orowaema amunawa mu upe sika ꞌjawa upe orowaema peu ore oropytawaipa yma te janeypy ꞌga jako ꞌga ywy pe monoi waꞌyra ꞌga upe jose ꞌga upe rakue sika ꞌjawa ꞌupa aipo ywya pyri peu jako ꞌga remiywykaiwera ywy kwawukuua ꞌuina ꞌymuawa aje kwara kwawamu arawau orowaema ꞌymuawa upe aꞌeramu jejui ꞌga afuakapawamu aꞌeramu ꞌga wapyka ꞌuina ꞌymuawa remeꞌyꞌwarimu,Kayabí
25393,tane dure wa ha dasire ipodo ha da te ima 're romhuri za'ra mono da we imori o di ti'ai u te 're da'apawapto mono da si wa wei dateme mo isihaiba zawi ana dazada ida'a da da'upana te da'awa'aba da — ane ma to zezusi ha wama siwasu'u za'ra,Xavánte
6936,odaa niɡida micataɡa daɡa ejanaɡatiwaɡajitiwaji lolagi liwigo aneotedoɡoji odaa ejimele me jibaɡatege ane jopooɡatibige ane icoɡoticogi makaamitaɡatiwaji micataɡa niɡina ane nopilaɡaditedio lawodigijedi,Kadiwéu
1509,hamri nhum me kam: —na kot puj me kam memoj japror ket ne no me panho pawtita tanhma na ari kute e me ato te ne omu ne akupyn te ne inhma hare ane hamri nhum ja ma te ne omu ne akupyn te ne kam: —na pawti am kep  pix ne kaxyw tep am pijakrutre ane,Apinayé
15325,ta ti hadoo pꞌop haga do aas ta pa habꞌeeh do ratsebe nesaa do moo hewꞌeet do paa see pꞌop haga do ha tahꞌyy kawareem ba,Nadëb
19427,escrevi a igreja mas diotrefes que gosta muito de ser o mais importante entre eles nao nos recebe,Portuguese
488,—otuhtokose tykase jezu eya xine “onokyh mahno” kary se toh kynexine jezu a repe ihxipyke toexirykoke kara tokurehse toto zuaro toexirykoke roropa,Apalaí
14170,— iceman on e'em eywebe — io'e — wemumujuyu kay itabucat okay dak itabut okay itabucat omudocat kay dak itabut — io'e jesus doze beayu be,Mundurukú
21574,miꞌi hawyi ipotmuꞌe imikyꞌe uito areꞌe peteru pe — aika­ꞌiwat wyti koityꞌi iuepe yepe tote mehi are uiꞌe hap toikuap taꞌyn hawyi tesokpe pag naꞌyn katu­pono yt tesokpe pe i ipotpap pote hawyi pesoꞌe yara pyi yꞌy pe toto iesui kapiat hamo yt pya i maꞌato yara pyi iesui kape  iaꞌag hap ewy yepe kape miꞌi hawyi urutekyi uruesuki wato yepe kape iꞌatu kahato pira wywuat pote ipotyi kahato pote,Sateré-Mawé
23544,naa pɨara yee ɨpɨre masa naa siharopɨ pahiri makahopɨ kuurasama tii makaho jesu cristore naa weheka maka nii' tii makakahara ya'ara nii tihara sodomakahara egitokahara weero noho niima,Tukano
19369,entao me lembrei do que o senhor tinha dito: ‘ batizou com agua mas voces serao batizados com o espirito santo’,Portuguese
12044,miriri yeꞌnen atarakkannitoꞌ koꞌmanniꞌnenya toꞌ maimu ekaremekiꞌpi paulo silas piꞌ taꞌpiiya: —surarayamiꞌ yarimasaꞌ cidade ponkon esanonya man tari amiriꞌnikon rumakatoꞌpeuya —taꞌpiiya —miriri yeꞌnen attikon eserike awani tiiwanmira —taꞌpiiya,Macushi
19196,entao caiu de joelhos e bradou: senhor nao os consideres culpados deste pecado e dizendo isso adormeceu,Portuguese
3333,aituo maria anjuram aguely: — adaraka ise awara aidyly adyka mawanka uguondo ynanabyra — kely aituo anju aguely: — deus ispiriturygue ise madamyly deus tagareim ispiritury onwa aese amezehoem awylygue ise iamudo iazeim “kywymary deus imery” kelygue ezeku deus imery tawylygue ise deus ize ato lela anhekyly — kely,Bakairi
20444,anaeze usta tsaraha puetsikbyita tsihobyknaha ataeze kokokorohyk tsikaha iwaze penise bo tsikukurunaha tsikzikdihi bo tsikozonaha,Rikbaktsa
10200,deysana‑di ibutumy obitimy bisydyynyke,Karajá
17767,hatyo hiyeta xoana hoka hihinaehare tahi hiraesekoaita exahe hatya xoana hoka himaxaiminirita hihinaehare hiyaiya wityotya atyoite enore nahalakoa wiyane hoka hatyo atyoite wisomitere akereta mohena wiso,Parecis
18261,vanofiki ida jesu-ra vanaabinivini hari oniaroa judeus kaija'ari vaipohiki maria-ra vanavanavanahaki vanoki'iki ida jesus kabadani danoki oniani ida vakajari'daravini hija,Paumarí
16256,nxe³­ya³­sai¹­nha²­kxai³­ sa²­ba³­to³­nxe³­ti³­xa²­ thi¹­nai²­na²­ a³­li³­ya³­sain¹­ka³­tu³­: — ka³­wa³­lxa²­ yxo²­ka³­teh³­nau³­a²­ ju³­te²­a²­ nu³­ka³­txai²­na²­ sa²­kxai³­lu²­ txa²­wa¹­su³­na²­ i³­ye³­kxi²­te³­lhxa³­ a³­wxa³­sxa³­ a³­nu²­kxai¹­nhxai²­na²­he³­na¹­ ja¹­nxain¹­tu¹­xa¹­ nha¹­jau³­su²­ ai³­sxi²­ya³­sain¹­na²­he³­la²­ ya³­sai¹­nha²­kxai³­ a³­wxe³­nha¹­nu²­la²­ txu¹­ti³­nau³­xa²­ i³­yau¹­u³­ain¹­si¹­na¹­he³­la²­,Nambikuára
20126,iwaze sudeu sopykwy iwatahatsitsa ibo zumunaha serusarehe ezektsa nitururuknaha sizubaretsa sesus ziharerewabykynaha asaktsa: — beresebuhu sesus tuk mynapykyryk iwatahi hyrikosotsa sapybaratsa humo mysipeha satanas humo nisiksiwyhik — mybarapetu nikaranaha satanas usta inarokota beresebuhu atakta hyrikosotsa sapybaratsa pehakatsa,Rikbaktsa
13738,xaot te hapkummuk miy'ax ha yayhahup pa xaot gay tu' yiy gaynam tu: —‍'ate yeyox mutik mog xop xohix kix putup kaxiy tu' mog tik te 'amanex xop xat'ax hah tu tappet pop pu komen naman yog xexka xop tu' mug nuy yeyox yog putat ha' mog xop muy nuy tik xop xix 'un xop muy nuy kiy tu nuktu yenoyanen ha' moga',Maxakalí
6719,igaataɡa ijoatawece ane diniditeloco aneotedoɡoji lotaɡanaɡaxi niɡica jotigide ijoatawece diniditedini metiɡodiiɡaxi me idinatiiɡatalo ɡodawikodico codaa mowo mabo ɡodaaleɡena joaniɡidaa leeɡodi me inibeoonaɡatibigege lanokegi cristo,Kadiwéu
11867,aꞌeramu jejui ꞌga ꞌjau: —peꞌje itauu peꞌau jui— ꞌjau ꞌga ꞌga nupe aꞌeramu marta ee ꞌjau: —koo naani nura ipysogay nipo nura irupawe ꞌawamu iseri nura— ꞌjau etee ee ꞌga upe,Kayabí
20097,kyze kytsa sizubaretsa: — o mysorokretsa — nikaranaha tahadisahabanahaze zinymyrykynahatsa atsikara piknutsa ty itsatsakyhy arehe ty peryktsa bo zipupukurunaha pok pok pok nikaranaha iwa sete peryktsa inasiharekbanaha kytsa sizubaretsa tahadisahakanaha kwatero miutsa ahatsa iwaze sesus nisipeha: — ahawahoro bo tsiksinahaktsa — niy yhy niaha,Rikbaktsa
2923,uatxa maerekanitxi na paniataikai hite uatxa teoso nitiriakori hitxapekaua ininia hikamari ikinipoko teoso ikapani ininia hauapininiika hitxako teosokata atipirika,Apurinã
12614,maasa pra taꞌpiiya pena moises nuriꞌti piꞌ timaimu eꞌmenukasaꞌ manniꞌ po: uuri etiꞌnokoꞌmatoꞌ wani manniꞌ ituꞌse uuri eꞌtoꞌ piꞌ neken moropai uuri eꞌwakima toꞌ wani manniꞌ anwakimapai uuri eꞌtoꞌ piꞌ taꞌpiiya,Macushi
231,mame tosenuruhkase imoihmakomo kurakokara kurakary ropa eneryke tyya xine sekere kapynypo to sekere tykase ropa jaxiry osetokye exiketo osepune toehse ropa jaxiry toekurakase ropa te ytoytopynypo roropa toekurakase ropa xikihxikihme toytose ropa te tonure pyra aexihpyry roropa toekurakase ropa kure tosenuhmase ropa mame —kure ritonopo mana izyraeu to eseme tykase toto imoihmakomo,Apalaí
14762,kuy bima juk adi wuyetaybit gu ajop wuyetabut am warara'acat pe wuymutaybicat wiwim cuk adi ajop wuyetabut am jesus kay taomunmunat puxim cuk adi ajop wuyaweweap ekawen tag jeku ojuy,Mundurukú
7936,nhiiru pe nanongara mboha'uva gwaramo pejirokwa ti pejikokatua rehe cristo'ga ti tokwaha pendeaporogitapyryva nehe tu katu ti pepy'a ga rurame nehe no,Kagwahiva
22525,yoko simotine kuku ne ayuiti enepone pohuti semana yonoku yane pihone ne jesus ihikaxea ya tempulu enepone hana'iti imokovokuti,Terena
13386,'ate 'ap-tup xa yiy'ax puknog ha 'ayiy paya 'ate 'ap-tup xexka' xa topa pupi ham'aktux nuy 'anoy xop ka'oga' ha' noy te yay mun puxet ka'okgaha' ya' yiy'ax puknog ha ham'aktux paya tikmu'un xip nuy noy pu hamyummuga' puxi' yiy'ax puknog yog ham'aktux yummuga' nuy ham'aktux'ax ha' noy ka'oga',Maxakalí
22145,yexoanoe koeku enepo koyuho uti xepakuke akoyea itukapu ihayu'ikohi kixopitinoe uti pohu kaha'ati uti vitokuxea yokovo epo'oxo hainamaka vitukoti namukope uti tiuketi koyuhoinoake uti ne emo'u ituko'oviti xepakukenoe exoamaka ituko'oviti kana'uyea ra yunzo hainamaka voposikoti vihayu'ikeokono ako kalihuina ko'iyeaneye koeku vovea xepakuke muhikova koeku voveamaka xapakuke po'inuhiko xane,Terena
2652,hitiraokiuatako ikiniotika kristo tiretiniua atokotxikana iuaka isikaua teosomoni kotxi ipina ate ikapani teoso apokaerekatari kristo ipinini ate ikapani peerekari isikiniua teosomoni,Apurinã
23962,jesu kɨɨre niikɨ niiwi: —mɨsa ke'rare ya'aro wa'arosa' aperare wee poo teoya marisere duti yɨ'rɨoka'sa' teere dutimira mɨsa pe'e nee wee wee',Tukano
111,ritonopo jamitunuru tonetupuhnano kurohtao kyrixtu omiry poko ihximyra ase kyrixtu omiry enetupuhnano kurakary waro ritonopo mana emero porehme juteu to ma tukurakase osemazuhme tonetupuhse toexiryke eya xine seromaroro emero eahmako ritonopo mana ikurakatohme tyya tonetuputyryke eya xine,Apalaí
9567,ay ae ojekwaa-ma heꞌi vaꞌekwe ojehexa uka-ma ou-vy nhane resendehara cristo hesu omano-gwi ndaipuꞌakavei-ma nhande-rehe anhay nhande jukaharagwe nhahendu ramo hesegwa nheꞌe pora opa eꞌy reheve nhane moingove vaꞌera nhandejary ndive,Kaiwá
4395,erexak kwez ne erenu kwez ne no maꞌe erearo iko kury epuꞌam ty ezemuzahazahak kar eho ty ezeꞌeg izupe nehe aꞌe mehe umunan putar neremiapo kwer ikatu ꞌym maꞌe newi aꞌe nehe heharaz putar izuwi aꞌe nehe nuzepyk kwaw nerehe nehe iꞌi anani ihewe,Guajajara
18600,asia vara hora ni'aki ada: —osa'a aniaja inoki'iki hada  boviri inoki'iki jaboni hida  lamparina fori hiki kaathiraki ouroa amonahaki ida ni-ija'aria avigaki kaho ada  boviri  lamparina fori hiki kaathiraki nahina hini ira onanamithaki bana ho nahina hinia  boviri fori vihiki adani jesus cristo kaija'ari-ra va'ora vaka'da'diki asia kaarabonia vahojaki  lamparina kaathiraki fori hiki ida  sidaji jesus cristo kaija'aria vavajoronibakhia'iki — hora ni'aha,Paumarí
3214,toenzepa xira ume jesus einwanni modo apyneandyly asenagazedyly wara awylygue einwanni modo kaunrudyly ohoguimbyem amaemo watay taximozeba itaunga mohoguimba amaemo watay ala itaunga,Bakairi
4614,zezuz zanemuꞌe u pe zanezeꞌegaw rehe aꞌe kury amo ꞌar mehe zezuz uzeꞌeg in tupan pe amo taw huwake aꞌe izeꞌeg pawire amo hemimuꞌe uzeꞌeg izupe — urezar uremuꞌe pe tupan pe zeꞌegaw rehe nehe zuaw ai nehe taꞌe aꞌe umuꞌe wemimuꞌe nezewe aꞌe xe iꞌi izupe,Guajajara
10871,iny witxirao joao‑o rehemynyre tiiboho nieru tarasadu mahadu rare bede dinodu‑o tai ryyraxirenyre: —timybo aohebo rokotyynyrenykre,Karajá
16083,su³­na²­ sxi²­ha²­ wxa²­nai¹­ain¹­ju³­ta³­nu³­a²­ i³­yau¹­u³­jau³­su²­ nxa²­ha¹­te¹­ je³­su²­jah³­la²­ e³­ta³­lun²­nu²­la²­ txa²­wa¹­su³­na²­ sxi²­ha²­ a³­li³­ta¹­hxai²­he¹­la²­ a³­li³­tau³­a²­ a²­sa³­wi³­ha³­lxai²­na²­ sa²­kxai³­lu²­ sxi²­ha²­ wi¹­txo³­nain¹­ju³­tai³­ta²­ wa²­na³­u¹­hain¹­ta¹­hxai²­he¹­la²­,Nambikuára
18588,gamoa mitha vani'a'ihi ida makhira vaathi vakava'ihoki'iki ida jesus athi va'ora nava'isohijoravini hi'iki oniaroa ai vihi'aha vajoi'aha jesus ipohina  vihiki vaipohina vakadiania va'ora vananamithavini hi'ihi ida vanoki'iki vakamitha'iki vahoariha-ra va'ora vananamitha'aha jaboni hari hi'adani gamo aba'oi ka'damahani ibavini kania avikha'iki vaonina maria madalena joana  kaamia maria oniki vihiki gamo vahoariha jaboni va'ora vavaipohiha'avini 'dama kania va'ajihina naothinia jesus athi avavaadahaoniva abono vakadiania avikha'aha adani gamo va'ora vananamithara kaimoni vanoki'ikia,Paumarí
7010,aere ga ei jesus'ga pe: —‍mara a'ero ei ga orembo'ehara'ga e'i: “elias'ga na'e uhu aere cristo'ga ruri a'ero” ei ga ei ga maraname ga ei a'ea ei ga jesus'ga pe,Kagwahiva
10393,jiary areysatyhykre rotenawo‑ribi dori arohonykre aixitoedyyna jesuisi kristu tyytybytyhy riwawiohenanykreki kia tahe reeryre deuxu aomydyynana ariwiohenanykemy watxireri waumy‑di jiary arurukeki ada aokokeki aobo jiary araixyruotyhykemy watxireri aohebo arotyynykreki,Karajá
21016,maꞌato karape watu­we­ꞌa­tunug tupana motypot hamo turan yt uhehay teran hin i mekewat atipy piat pusu puo neꞌi waꞌa­tunug haria pyꞌa­setpe maꞌato aimikuap pusu puo yn uhehay teran poꞌog waku wati­ꞌa­tu­muꞌe kurin kurin iraniaꞌin iꞌatu­mikuap sehay puo  sehay yn hap ewy sio ahehay at kaꞌap wetup  sehay ewy yt uwe mikuap i pusu puo,Sateré-Mawé
5770,peikuaa pota avi kanoa guaxu ikuai vaꞌe re haꞌe nunga ma tuvixa ete haꞌe hexe yvytu oipeju ata tei imbojeapaa kyriꞌi vaꞌe py imboguataa kuery ogueraaxea katy rei ꞌra ogueraa,Guarani
25063,aiba nori aimawi rowasu'u'wa nori ha te sima aiwe za'ra wa'wa ta nori nhimirowasu'u si asima 're we za'ra wa'aba mono da to sena tinhimirowasu'u we na te te 're aipawaptob za'ra wa'aba mono da newa e mari da inhimirowasu'u nhiti asina 're aipaha za'ra wa'aba mono da iteme inhimiroti nhipai u o nori nhimiroti si asima 're we uptabi za'ra wa'aba mono da oto,Xavánte
26170,metindjwynh ne kute amijamar 'iry ne kute mema tyx jangjenh nhym me kute amim mar tyx ne kinh na bam ma kum ar ajo a'uw ge ar ama akaben mextire jadja ar aje jeju kritu kot ar amijo abakam ge ar ama akaben mextire jadja gar axikot abenma akaben mextire jare ne kam axikot anhokre kadjwynhbe metindjwynh ra:x ne uma:ja man arym me kunima arenho amirit ne ja kadjy ne ba a metindjwynhma ar ajo idja'wyro ane metindjwynhbe ne benjadjwyr djwynhbe jeju kritu bam,kayapó
7192,nanhi'igahyi ji pe me pemondo tuhe ti jave'yma pyry po pe imondoi hamo a'e ji amombe'u ji pe me macedoniapeve'ga nemimondopotara ko a'ereki ji a'e jiyvyteri pe: henduvame po ti corintopeve'ga imondopotari na jitehe nehe no a'ero po ti ji ikwahavi ganemiarohetea nehe a'e ji jiyvyteri pe,Kagwahiva
12219,miriri yeꞌnen inkamoroya tiaronkon pemonkonyamiꞌ yeꞌmaꞌpi eeseurimatonkon seruꞌyeꞌ pe iwinikii —inna eraꞌmaꞌpi annaya imakuiꞌpi pe moises yeseru winikii eeseurimaꞌpi moropai paapa winikii eeseurimaꞌpi etaꞌpi annaya kaiꞌma —taꞌpi toꞌya,Macushi
16974,ko³­nxe³­ti³­ kai³­tu³­ka³­txa²­ wi¹­li²­khai¹­nxe³­jah¹­lxi³­he¹­la²­ i³­ki³­ha¹­kxi¹­nxtai¹­nha³­ta²­wa²­ i³­lxa³­thin¹­ti³­he¹­xai¹­nxa³­wa²­ a²­nu²­nau³­ai²­na²­ u³­whi²­lho¹­nha²­sxa³­ u³­kho³­nyhain¹­na³­la²­,Nambikuára
9952,“uva mata tee vaꞌe heꞌise xe-rehe” heꞌi ojehe hesu upei heꞌi jevy gwemimboꞌe kwery-pe hesu: —amombeꞌu-ta pee-my xe rehegwa nheꞌe uva mata rehegwa nheꞌe-rami uva mata tee vaꞌe heꞌise xe-rehe uva mata jary heꞌise xe ru-rehe,Kaiwá
21695,miꞌi hawyi iꞌypyryp we iesui tuwatka haty wo watym i turan — uhetu­pana uhetu­pana kat potei uiꞌatoiat en e maꞌato tuwat topusu puo — erai erai irama sapa­tania e,Sateré-Mawé
21637,miꞌi tupono karape — uito poꞌog atikuap e hat putꞌokꞌe ahete hawyi yt aiweꞌeg i hap topy­huꞌat katu­pono mesuwat yi totiat yt uwe i topy­huꞌat ikuap yne hat miꞌi tupono waku wato­py­huꞌat — atikuap teran e haria wo — uimuꞌe ro e haria wo,Sateré-Mawé
16187,nxe³­nu²­la²­ a²­wa³­kxen³­yah³­lai²­na²­ sxi²­ha²­ a³­nxai³­sxa³­ a³­ti³­ain¹­ta¹­hxai²­he¹­la²­ a³­ti³­sxa³­ a³­wih¹­te³­na¹­ a²­nu²­a²­ ka³­lxa²­tu³­ka³­txa²­ wai²­lhu³­ka³­txa²­ kain²­ hai³­ni²­ a³­xa²­ nu³­ka³­txa²­ a³­ka³­nxe¹­ka³­nxe¹­ka³­nxe²­ kai²­nxon³­ya¹­nxe²­ nxe³­yain¹­ta¹­hxai²­he¹­la²­,Nambikuára
9447,onhemity jave oime temity raꞌyi tape-rupi hoꞌa vaꞌe ha upei ou gwyra opa hoꞌu,Kaiwá
15760,ti mꞌ simaw mehem do paa bahapah ba pꞌop haga do sahee sa hꞌyyb tym go hajeng do ramoo toonh ba sa nuu go takaren paawa mꞌ tanoo sa ha dajeer tii dꞌ ranoo tabahajaa hyb nꞌaa hahyy dꞌ ma ta kyyh peed sa ha: —be anꞌoo ha yy tii da y bahajaa hyb nꞌaa y moo sooh ba sa nuu go pꞌop haga do sahee bajeng hyb nꞌaa sa hꞌyyb tym go —nang ma mehem do paa kyyh,Nadëb
6681,niɡida makaamitiwaji ja ɡadapiti leeɡodi me iwaɡati niɡinoa yotaɡa anejitedaɡawa ele midioka limeditiwaji me ɡadexocitigi odaa ee idiokaanaɡa limedi me idexogotaɡagitiwaji naɡana libiwe idoka etaye nigalee yexogotege naɡada libatadi ‘uuva’ jiɡidaaɡenitiwaji idoka akati me awe nige ɡadexocitigi,Kadiwéu
13088,'ugkutok xop: topa 'um komut nim nom pu nu'aktetex hok tu ta tu' kux,Maxakalí
2725,kakiti erekari kamakari teoso sakire mauiakati apakapari teoso sikaenetakiti kotxi auikari teoso sakire teoso sikari isikaenetakiti iua sakire auiakanimoninani teoso paniatakiti iokatsopatakori makamakati misiritaakako teoso paniatakiti iokatsopatakori mauakania maerekati auari txamari auapitika teoso paniatakiti iokatsopatakori,Apurinã
2148,ikara xesosi sakire xika moisesi paniatakiti oereekani pariseoakori pakini tsoata xesosi omanatinina atipirika ipimaanatapikarina xesosi inirekarina xesosi kerokiniri isakire imaikiko ikapani,Apurinã
12303,miriri waranti uuriꞌnikon wani tuꞌke eꞌni tanne tiwin uyesaꞌkon wani cristo yarakkiri eꞌni yeꞌnen miriri waranti tiwin eꞌni tiaronkon pokonpe tuꞌke uyesaꞌkon epantakapiꞌsaꞌ esenyakaꞌma tiwin piꞌ waranti eꞌni tiwin uyesaꞌkon tiise,Macushi
26149,be metindjwynh kute me bakukamareo ba ja ne arym akubyn jejuo tin ne me ga ne ga me pi'a anhon arym abi nhym metindjwynh arym akubyn o tin ne be tam ne metindjwynh arym o wabi nhym arym ubok'anh benjadjwyr rax ne mema nhy kute me utar kadjy mema nhy dja mebe idjaerma amak bo nhym me arym amikam kapriren wanh axwema iren metindjwynh'yr amijo akex nhym kam metindjwynh arym me axwe maro aknon mekam ngryk ket ja kadjy ne metindjwynh arym jejuo wabi nhym mema nhy,kayapó
6642,ajawienatakanaɡa me naɡa alomeɡenitelocotiwaji lotaɡanaɡaxi aneotedoɡoji niɡijo mee ‘naɡajo wetiɡa anoyaladi niɡijo anodabiteɡetini diimigi niɡina natigide jaɡaniaaɡani naɡaca wetiɡa ane daɡaxa mida jaoɡa caticedi niɡijoa eletidi wetiadi anoibake modabiteɡetini diimigi jiɡijaa ǥoniotagodi aneotedoɡoji aneote naɡajo wetiɡa me daɡaxa mida ane jaoɡa odaa jopooɡa niɡida loenatagi’”,Kadiwéu
5549,judeu yvy re haꞌe jerusalem teta py mbaꞌemo pora ojapo vaꞌekue haꞌe javi ma ore roexapa haꞌe gui ma yvyra re omoi vy ojukaa haꞌe gui mboapy araa py nhanderuete omboete ju haꞌe joupe oexa uka guive,Guarani
26148,ba ba ibe djuao ne ba arym prine omu na bam myjja ja kuni pumun kuma ne kam myjja kuni pumun mar pan kam kabem itu myrbe tym kadjy mranh djwynh kute ima myjja 'a karo kabem itu myrbe tym ne bit ije kum rax jarenhma,kayapó
20157,kyze usta itsumuehitsa ibo zumuze: “ikia aokyrysaro ty estuba zuba miu kabo nyny tsiky ikia humo kytsa sinamybyitsa ikia atsuhuk sizojanita bo ba ziksiparik tsimysizozeke zuba batu tywe kytsa nisizozokonaha ikia tsyhyryze ana ty hi kahyrinymyreta iwatahi apokso kapybyreta wytyk eze aokyrysaro iytykik abaka aokyrysaro estuba zuba miu abo nynyrezo my” niy,Rikbaktsa
17127,tyotya jerusalem nali tyaoniterenai judeia koa tyaoniterenai exahe one jordao maniya tyaoniterenai hoka tyoaha enomana semaha maheta iniraine,Parecis
5934,haꞌe ramo sacerdote yvatekueve vaꞌe opa mara ijayvu hexe,Guarani
3767,aituo myani paulo idykauru in-hoguly: — judeu domodo ewy kugu paulo tyandyse kopaelaga ise maingonotoem nhekadylymo “paulo xinaram igonoka tonomedado waga xina nhapaiguehoem” kelymo ise awara kazeinwanda ola kewadylymo kula ise quarenta uguondo awaraem ise sakadoda atuahuybyem awyly paulo sakadyly nhenuendylymo ise tyan-hoem myara saindyly iraynala “ady xina neimpa nenypa wara ise paulo tyanly irayna tawala ise deus xina nhenagazedyly tyampala xina awinduadyly adakuily wara-ro watay” keanrymo on-hondybyem akaemo adaitomoem paulo maingonodyly kula inwanwankylymo — kely myani paulo idykauru,Bakairi
12311,tiise isaꞌmantaꞌsan pepin pemonkonyamiꞌ yonpariꞌsanya imakuiꞌpi kuꞌtoꞌ tiuyaꞌnikon rumaka pra toꞌ waniꞌpi makui poitiritonon yapuri piꞌ toꞌ koꞌmamiꞌpi moropai miaꞌ ke ikonekasaꞌ bronze pe moropai yei konekasaꞌ pemonkon waranti tenu ke tiise eraꞌmanen pepin tipana kenan tiise etanen pepin moropai tiꞌpu kenan tiise asakoi pepin yapuriꞌpi toꞌya moropai imakuiꞌpi tinkupiꞌpikon piꞌ tiwenpenatai teserukon moꞌtanipi toꞌya pra toꞌ waniꞌpi pemonkonyamiꞌ wiꞌpi tiuyaꞌnikon wenai toꞌ enpenata pin moropai piaꞌsan pe tiweꞌtoꞌkon rumaka toꞌya pra toꞌ waniꞌpi moropai seꞌ tapairi wiriꞌsanyamiꞌ yarakkiri tiweꞌtoꞌkon rumaka toꞌya pin moropai amaꞌyeꞌ pe tiweꞌtoꞌkon rumaka toꞌya pra niri toꞌ waniꞌpi,Macushi
9608,xe juka-tama paraꞌe amano ramo pende-rehe ha-py nhandejary xe rerovyꞌa vaꞌera ha pee katu pejerovia tee nhandejary-rehe peiko-vy pejerovia ramo penhemeꞌe tee kuri ixupe penhemeꞌe-gwi ixupe pende rerovyꞌa ay nhande kwery nhanhemeꞌe-gwi ixupe nhande rerovyꞌa ave vaꞌera nhandejary,Kaiwá
18702,hari tessalonica sidajia ohojana kari makhira jaharika'oaki varani hina a'onira vara oni'a'iki ho avakava'ihokiria ida kodivarani,Paumarí
8763,vy ti kamen ja ni ge ti kamen ha han tog ky tog: “inh non kati mu en vy inh kafor ni” he ja ni “inh non katig je tog ke mu ha ra tog ty ijo ke ni en to inh huri ajag my ti ha ve” he ja tog ni  ti jesus to,Kaigáng
1014,jakew kam jejus pumunh pram ta nhum jejus ari jerujare hwyr mo ne jeriko hwyr poj hamri ne kri kahti hkot pry ha mo nhum me ra hkot htu rax ne hkot omunh o mo jakama nhum jakew pe rom nho pahi ma kwyje pe kaxpore hkwy jamynh xwynhje krahtum xwynhja na pre hikaxpore rax ne ta haxwyja kam jejus pumunh pram ne nom am hakooti ne hprihti jakama tee ri kot omunh kaxyw amnhi nhipex nhum me kep amnar rax ne,Apinayé
15861,kareja dak be ma kamera reja dak be saroor,Nadëb
14014,wara'at ka bit opop jerusalem ka buxim ibo ka kabi bewiatka bit ibo ka wuyju ma ibo ka watwat itayxiat it puxim wuyju- -isaque buxim — cug ma wuyju deus xe wuyetabut puye — i wuyju e'em,Mundurukú
17417,tihanare xekohase ityaninai atyo xiso tihanare xekohase ityaninai atyo xiso hoka tyaonitere akereta xisaonita hetati xowakiya atyo aisarexe tyaona maisa atyo iraiti aliterexe awaiyitita maoseratyaliye terota atyo exahe maoseratyaliye kinohare hatyo jikolaharenai atyo xiso hoka iraiti aliterexe niraihena xikakoa hoka maisa xityakekore natyo,Parecis
58,mame ynara tykase  eya xine —ynara roke ehtoko zae roke tineru apoitoko kowenu tinerume onymotyekara ehtoko aomipona ehtoko tykase eya xine,Apalaí
1854,koja tirtum tanhma me akra hto ka me ama axpen kinh pe tanhma axpen to ajuta hto ho ri apa ne me ama akwyje ha ma ho te me kam ama amnhi ta ma pyrak o ri apa a kot kaj me apiita axpen nhipex ane te wa inhma me akinh pe tanhma me ato mex to pyrak,Apinayé
5174,haꞌe rami vy onhemboja vy opoko omano vaꞌe rupa re heraa kuery omombyta vy aipoeꞌi: — kunumi xee aipoaꞌe ndevy: epuꞌa ke — heꞌi,Guarani
10209,tai tahe yju wadee rarybera: —aoherekibo bede teotiinymy tyite adee arelyykre aobo rare —kia hawyy irodu‑wana aritynynykre tiiboho aobo rare,Karajá
14566,— apentak oce'e ipiat pi'ajoap puxim — io'e ip  be,Mundurukú
24914,chalapacucunapami yapa manacun chaynutac jesusninchic masisu shun'uyquichu tacyaycachishunayquipa; chaynu suma sapichacusha cuyacuychu tacyaycalil llapa chalapacu-masiquicunawan jesusninchicpa cuyacuynin maynu-maynu altumanpis lulimanpis mana camacaycu silup camacaynincamapis cashanta tantiaycalinayquipapis,Urubu-Kaapor
26466,mebe kureo djan arym mema kuretuw mebengetme mojdje kukradja mar djwynhma kuretuw nhym me arym kam akreo kumex ne 'yr prot ne o tym ne pa 'amy nhym me runh krapti arym kutep akupro nhym me arym me'yr o box,kayapó
7584,nanime gajatykahavuhua pype tapy'ynhapira hovapiakava itararagi mbytera rupi yvatea hugwi ojyva ua yvyvo jesus'ga rovai pyteri pe soldados'ga nduvihava'ga ami igwete ga hepiagi gamanoa —‍tupana'ga ra'yra tuhe po ahe ei ga javo,Kagwahiva
24630,caynu niyallaptin pucutay ji'alpalcamul niticalpuptinmi manchalicalalisha cacuyalcala,Urubu-Kaapor
9814,moises-pe nhandejary remimombeꞌukwe amombeꞌu-ta: “xe rembiporiahuverekose aete aiporiahuvereko vaꞌera xe rembiereko porase aete areko pora vaꞌera” heꞌi vaꞌekwe moises-pe nhandejary,Kaiwá
7468,—‍anhimombe'u tuhe ko ji pe me jipi ei jesus'ga ga pe emo pe ndaperoviapotaruhui nhinhi'iga nhirembiapoa – a'ea tupana'ga oapouka ji ve – a'ea po ji kwahavukari pe me hamo ei ga ga pe,Kagwahiva
8217,ajag kami u tog hen ri ke mun: “u tog jesus ki ra ky ni javo u tog ti jykre han ti” he sor mu ajag ty ti jykre han sor tu nytin ky tag to sog ajag my: “inh hyn ne tugrin ki kanhran mu a ty ti ki ra ja ti” he mu “a ty ti jykre ki krom vanh ky sog ki kagtig ni “ti my jesus ki ra ky je ni vy” he je sog ke mu a to a javo sog ti jykre han ti inhha ha to a tog ki kanhro ni sy ti ki ra ky je ti” he je sog ke mu ajag ty inh ki jemen ky,Kaigáng
24859,niptin chay mana chalapacu malca-masincuna pablop cuntran shalcul imaymanacta palapacuptinmi mudananta tapsicuyan: “cunca cuchuyniquita quiquillayqui ashiyalcaptiqui'a ya'a manam juchayunachu caya cananpi'a mana-israelcunamannam willacu licusha” nil,Urubu-Kaapor
18791,hoarana ada akadika'da'di jesus cristo kidiania ariabono gahinai anihavini hiki haria akava'ijoahananara kaimoni hoarani ida kanai karajomihi cristo kaija'ari arihija kaimoni,Paumarí
11708,aꞌere ꞌga ꞌy rekoꞌwoka yꞌasiga pype aꞌere ꞌga orepy pireita orepy pirei re ꞌga imukaga ae piryypawa pyu akuꞌau imamanipyrera pyu,Kayabí
14285,guyjom o'kop jesus co'a bewi ade dak o'kop ip jesus tomuju,Mundurukú
6193,odaa noɡodibodiceta niɡida jesus aneote jiɡilaagiteloco iditawece nipodigi,Kadiwéu
1837,ta nhum ha ahtumre nhum jejus tirtum ma amnhi jarenh xa ha ixkre hwyr te ne axa ne kot ho mex xwynhta pumu ne kam: —pa e na ka ra akupym amex nom kwa ker ka axte tanhma amnhi tomnuj to ho ri apa hket ne kot kaj axte a amnhi nhipex ane hamri ne apunuj tyx o wam ate apunujta jakre kam ga ane,Apinayé
5673,haꞌe vaꞌe pe ma nhanderuete ngoo pygua kuery re opena uka ramo henonde rupi ojeroviapy oiko moises oikoague rami avi,Guarani
8929,ky tog kron mu festa to paꞌi en ti ha ra tog ty vinho ni sir ag ty run ja ti ha ra tog ki kagtig ni festa to paꞌi ti u ty festa ki rir ti ag ha vy ki kanhro nyti paꞌi en krem ke ag paꞌi ty vinho ha en kron ky tog un prug mu en je prer mu ky tog ti my: “venh jykre venhmy han a” he mu “ag ty kronkron ven ky a tog ag my vinho ha tavi nim ke mu ve kar ky vinho pagsi vy ha ni ve javo a tog ag my vinho pagsi en nim ven ky a tog vinho ha pe tag nim sor mu ha vaha” he tog festa to paꞌi ti un prug mu en my ha ra tog ki kagtig ni jesus ty goj ty vinho ha en han mu ti ha ky tog ti my e ti ti ty festa kuju ki vinho ha ven sor ky,Kaigáng
1483,hamri ne o poristije ma kam: —e me ma juaw paxis wyr mra ne mut krahta ne pasiiti kama hkra xa ne akupyn o te ne kam ago ane hamri nhum me kuma ne ma me hagjenh xa hwyr mra ne juaw wyr axa hamri ne mut krahta hamri ne pasiiti kama hkra xa ne akupym o te ne kot ha hwyr xwynh ma kugo nhum kumy ne ma katorxa hwyr o te ne kam kugo,Apinayé
4804,pemaꞌenukwaw katu ko maꞌe rehe nehe ty wa amo ꞌar mehe nehe tupan uzepyk putar purehe aꞌe nehe aꞌe ꞌar mehe nehe uzepyk putar tuwe aꞌe taw pe har wanehe nehe uzepyk putar xotom tawhu pe har wanehe nehe uzepyk putar komor tawhu pe har wanehe nehe no taꞌe kwehe mehe ikatu ꞌym maꞌe iapo har romo wanekon aꞌe wa xe uzepyk weraꞌu putar penenu ꞌymar ko ywy rehe har wanehe aꞌe nehe taꞌe wenu tupan zeꞌeg aꞌe wa xe nuzeruzar kwaw hehe aꞌe wa ,Guajajara
3868,aituo pekodo modo egasely inepa kehoem jesus eguepybyry etadadobyry nhodokelymo aseguadadylymo toenzepa kehoem adapanilymo taseaneduo xidadaram todopadylymo ume anguyram negatubamo tientyby modo tindatyby modo wara toenzepa lelala ekuagumo,Bakairi
15017,takꞌep hetsooh do ta jawen ji gadoo do ky nꞌaa hahyyh da he er ahoop doo dooh its tii ha yy peh takꞌep hetsooh doo kabajꞌaa do ta jawen er ha kameta dak do matym go,Nadëb
7864,a'ea ji ei pe me pekwaha ti javo nura ti pe napenhimoandyandyjukari ojipe'ga pe ga imombe'urame hajihea pe me nehe ikatu po pe me ga nhi'igaturame o'mbero tapenhimoandyandyjukari ti ga pe a'e ji pe me,Kagwahiva
4694,naꞌe zezuz umuꞌe maꞌe tymar imumeꞌu haw rehe aꞌe wa kury naꞌaw izeꞌeg awer aꞌe hemitygwer nuzawy kwaw tupan zeꞌeg aꞌe,Guajajara
3168,aituo saudyly ton-honre kehoem aguely: — ara kehoem tadapezeinzeba ika — kely sapezenruram — tahuganeba ika ipaguga — kely paru sahuganuram wara agueduo tapezenremba idyly paru tahuganeba idyly wara,Bakairi
12460,filipeya taꞌpi: —toꞌ yuu yepeꞌ ton pe  wei kaisari esenyakaꞌmanniꞌpi yepeꞌpi tiꞌkasaꞌ ya miiwini tiise toꞌ maꞌre awani tamiꞌnawironkonya iipiaꞌpi mirikki yapisi eserike pra awani —taꞌpiiya,Macushi
18847,jesus kabadani moises kabadani-ra aradaki oigamina jesus kaija'ari hari deus a'onira kaboa'i'iki a'oni jaboni kidiania nama aokhana vakava'ibodivaranijahaki ada jesus deua bikarona'iki ada sasidotxi vakadika'da'di hira kaimoni deu-ra kanikhariaki ada akadimoni haria kakodiavini hiki jaboni ida deus monina-ra akajari'daravini-ra akahivini,Paumarí
8531,ti vi regre to eg tog ki kanhran ha han ti eg my to kar ky tog: “ki kanhro inh ni” he ja ni ge ti vi regre ha ve ha ky eg tog venh ke mu ti ty eg my nen to ja ti to u han man ke tu ti ni ha ha ra tog on ja tu ni ge ti ty on ki kagtig nin ky ti ty eg my nen to ja en ve sor eg tog mu ha vy: kanhka he mu ha ky tog eg ha my to ja ni tope ti,Kaigáng
20901,petok niytyk tseheze pauro nisihyrinymyryky iwatahi myzubaha sesus soho ziwabykynaha sudeutsa sudeutsabyitsa kino niwatihi isoho ziwabykynaha asia ezektsa sizubaretsa isoho ziwabykynaha,Rikbaktsa
10747,kiawese kaiboho urimynodu derarenyre aohebo tatyynyteri ityhy mahadu tahe ararutykynymyhyre tule aradyrenymyhyre soldadu dohodyyna heto‑o tiiboho tule kristunimy aobinamy rarybemyhyrenyre kaiboho ini‑di texininimyhytenyte,Karajá
14993,imen e'em deus ekawen tup: “cekay itabucat soat em icokcok jeenuy jetabucap kug” i imen judeu judeu'umat co'i deus xe jesus cristo soat kukukat- -judeu kukukat judeu'umat kukukat tak imentak ixe soat em xipan soat kug- -“obuywatwan cuy eguy” i'e'em cebe iayu kug- -judeuyu kug judeu'umayu kug tak imen e'em deus ekawen tup: “obuywatwan cuy eguy ocekukukat” i'e'e'ukayu idaxijo- -soat ip idaxijo i,Mundurukú
11432,aꞌeramu ꞌga ꞌga amu muꞌjau ꞌga nui ꞌga remimuꞌemera ꞌga pytuna tusi —pee je amuꞌe ꞌga nui tejepyriwaramu anure nipo je pe monoi kwe pe morogyta esage momeꞌwaramu ꞌga nupe “pejetywer awi pepoiriweramu janeruwarete ꞌga imoiri pe nui pe mogyau wemiayuwamu” ꞌe momeꞌwaramu— ꞌjau ꞌga ꞌga nupe aꞌeramu ꞌga ꞌjau ꞌga nupe nu: “jeremimonorama ꞌga” ꞌjau ꞌga ꞌga nupe ꞌga nupe nane ꞌga opaje monoi —tepajea je amono pe nupe mamaꞌeukwaawa peꞌaawamu erekwara ꞌga nui— ꞌjau ꞌga ꞌga nupe,Kayabí
25065,— tawamha te oto ai'aba're 'ri nhi'riti mono ba dazo sopre mono da tawamha te te danhopete za'ra mono sidapasi ma to te te dazatori za'ra da'aha na 're idanomro we mono ha 're idanomro wasete mono nori zama tawamha da'aha uptabi na ma to 'ri 're wa'wa nho'u ha dasiwi sitom ni apito 'ra imrozem na dasai u dasi'ra'oto wa,Xavánte
9196,ha upei katu heꞌi jevy ixupe nhandejary: “eipirekyti uka mixi katu kwimbaꞌe gwive upea erejapo ramo erepyta vaꞌera xe reꞌyi tee vaꞌera voi” heꞌi abraao-pe upe rire oiko-ma taꞌyry isaquera oiko-ma upe rire oito ary rire mixi oikyti ipire gwaꞌyry pire ha isaque okakwaa rire omenda upe rire isaque omenda rire taꞌyry-ma oiko-ma jacora upei okakwaa ave jaco taꞌyry-ma ave jaco oiko-ma doze taꞌyry nhane ramoigwasu vaꞌe teta ambue mbue-py oiko vaꞌera heꞌi estevao omombeꞌu-vy gn   ,Kaiwá
15423,yyj ha ajyy ha karapee ha na-aaj he tamaherꞌoot do ky nꞌaa hahyyh yyj tawꞌaats he be ky dahe hadꞌyyt he be patug tii dꞌ ne da tawꞌaats he be bahedꞌoo be hꞌyy kata dak do hyb nꞌaa takꞌep hyb nꞌaa jawyk do ha,Nadëb
14464,eyetaybit gu eyju kadaida dadadam wuyju ipi be tamuwexat puje aca kadaim e'em,Mundurukú
20045,iwatsahi asaktsa deus humo simyharerewabybyitsa tu deus nisierekek zimyi tsihikiknaha atsatu mykaranaha iwa deus kytsa nisierekek wytykyryk tahabariktsa tuk batu hy zikaha asiza zuba tahawaky wytykyryk humo zuba ziknakaranaha,Rikbaktsa
4561,tupan uzapo putar ikatuahy maꞌe teko wanupe aꞌe nehe aze uzeruzar hehe aꞌe wa nehe nezewe tupan iꞌi amaraaw pe aꞌe — amo ꞌar mehe ereiko putar ko ywy rehe har wanuwihaw romo nehe nezuapyapyr aꞌe wa nehe no aꞌe rupi katete aꞌe wa nehe no iꞌi izupe — ikatuahy maꞌe erezapo iko ne aꞌe rupi urumuigo kar putar ko ywy rehe har wanuwihaw romo ihe nehe kury niꞌi kwaw izupe numuigo kar kwaw tuwihaw romo hemiapo kwer hekuzaromo xo izeruzar haw rehe zo umuigo kar tuwihaw romo taꞌe umuawyze uzeupe xe,Guajajara
9055,—napeteixairy omenda eꞌy vaꞌe oi oiko ypy ramo nahesairy vaꞌe nomendairy ndahaꞌeiry omendasereꞌy-gwi oi omenda eꞌy vaꞌe ikatu eꞌy vaꞌe oi ave omenda eꞌy vaꞌe nomendasei-gwi heteaꞌe aꞌe ombaꞌapo hagwa nhandejary nhande ruvixa-pe upea-gwi nomendaseiry tomenda eꞌy oiko-vy omendase eꞌy vaꞌe heꞌi omenda eꞌy vaꞌe-rehe,Kaiwá
25961,tane dure wa'ubure nori ha satanasihi nhib'a'uwe simisutu 're haimana za'ra mono nhere dape'e hawi 're wairebe mono da te te sima 're rob'ru za'ra mono wamha te are sisada 're haimana za'ra wa'ubure nori ha tawamha sisada 're sipo'o za'ra mono wa te are wara sina 're si'utori satanasihi nhib'a'uwe nori ha ane ima inhari za'ra wa'aba zeb zarina bezebuhu zadawa para wa'ubure te dama 're anhamra mono 'wa'aha 'rawim nhere te are to sisada 're simasa taha zarina te are to ta nori ha 're si'uprosi,Xavánte
23160,nii pe'tiro judeia di'tapɨre too sumutohopɨre kɨɨre maso'ke se'saa wa'akaro niiwɨ,Tukano
19299,sem duvida alguma o inferior e abencoado pelo superior,Portuguese
24180,chaynutac mushu limanacuyta ishpichi jesusman natac abelpa yawarninpi mas allincunactala lima yawarninmanpis,Urubu-Kaapor
