index,TEXT,LANG
7872,paulova'ea ohoa'ja macedonia pe grecia pe no igwete paulo'ga jesus'gareheve'ga mbuhurukari ojipyri igwete ga ga mbojikohetei jesus'ga rehe ja'javo ga pe aere ga ei ga pe: —‍kiro po ti ji hoi macedoniapeve'ga gwyri pe nehe ei ga ga pe,Kagwahiva
10793,iolo deboinatao ludu tahe irodu rare —kia irumy juhuu rare tahe wiji rurumy rare wahe —tii juhuuu iolo mahaduo rare tii tule ituekre,Karajá
3101,jesus kruz waga iguehoem sakajihobyry aituo myani sodadu domodo jesus nhawadylymo nhadylymo kruz onwa sakajize iguehoem anwa oze tatadaymo myani uguondo simao aga oxiodylymo xidada cirene donro myani maka poji ananobyryem myani odopadyly tiontuo myani sodadu domodo kruz jesus tiankajiho eyam nhananehonlymo — xira kruz saka jesus nhapygue — kelymo myani,Bakairi
8486,ha ve ti jagy pe ha ve ja ag tog nigti macedonia ta ke ag ag jykre ha venh ven je ge ra tog ag my ser ti jagagtar ag nyti ge ty nen u mag tu ag nyti ha ra ag tog ag my ser nin ky ag tog vin mag pe han ja nigti ag jagtar mag mu ra ag ty jerusalem ra jankamy jene sor ve,Kaigáng
21613,piat ewy miꞌi hawyi tuwat raꞌyn ihyemyiꞌa sakpo hawyi mekewat tawa kene­sare e hap wa tote tuwehik miꞌi hawyi itotiaria ikuap taꞌyn meremo iesui putꞌokꞌe hap miꞌi hawyi meremo taꞌatukuap iesui uwe hap miꞌi hawyi taꞌatue­ropoꞌok iꞌahu rakaria kopepyi kopepyi howawi,Sateré-Mawé
1265,pawre kot tirtum mex o mex  tirtumja ahpumunh tyx o ahpumunh tyx ne ukapri ho ukapri ne mex o mex me pahto na pu urak ne a amnhi nhipex anhyr o papa na amrakati kumrex ne me pahto na pahte tirtum jamaxper kot omunh na me pahte hamaxper kot omunh ket,Apinayé
26681,nhym kam me aerbe me ipokri kajma dja nhym me kuni arym omu nam kajma djan ikwa dja myn ma o katon o te nhym me krapti kam no tyn kumex ne abenma kum —‍myj me'o got myjja mex ja'o pumu arkati anen amim —‍e arym ne djam mramri o mex nhym mranh mexja pumu mramri ne kabenkumrex djam kute me axweo biknor ket got mramri kute me axweo biknorkumrex ga kute kam me'oo mex nhym mranh mexkumrexja pumu metindjwynh mexkumrex ane mramri ne jeju kute me axweo biknorkumrex me kute ja mar kadjy ne jeju arym me'o jakryo mex tam ne ja,kayapó
23817,tiitapɨre romano masa wiogɨ masa ya'arare naa wehe dutirare kurusapɨ paa bi'pekukara niiwa toho weero jesu too dɨporo nii'ke keoro wa'awɨ kɨɨ “yɨ'ɨre ɨ'mɨaropɨ tuu moro nɨ'korasama” niiwi,Tukano
24043,natac chay chucaructa cunsintiycunami diospa cuntran imaymanacta nunay-nunay jalutacunanpa jinaman tawa chunca ishcayniyu quilla munashanta lulananpapis chaymi jalutacuyta allacuycuna diospa cuntran jinaman chuya wasinpa cuntran chaynutac lluy chaychu yachacunapa cuntranpis,Urubu-Kaapor
3800,ize tato arala adaidysedonro modo aunloenla ise deus agapa aieholymo igueduomo deus ispirituryam adutuoim ola ise nadahulibamo xuramoem koendapa awyly umela tyigueduo deus aga isemo eyda atoda,Bakairi
2980,atxiiti tximotxio sari hitemoni ininia hapakapariko iua imapikarauatakani ikapani hite sauaki kotxi iua parikauata apiananiri ikapani nota parikauatini atokokana,Apurinã
450,morara exiryke osemazuhme ritonopo poko openetatoko oesekome aehtohme aomipona oehtohkome roropa yronymyryme morara se ritonopo exiryke mame senohne emero ekaroko oya xine mana,Apalaí
18679,hari ija'ari vaipohiki jesu-ra vada vani'a'aha judeus kaija'ari vanava'isohiva abono avigaraha'aha ada jesus vani'abakhiaha: —jesus va'ora akava'ijoaha adani vahoariha cristo hina-ra kahiha deua binagathogathovini-ra kahiha abono-ra akava'ijoava ava akasanakhamakia abono-ra ani'ava — vani'aha,Paumarí
17631,wasema winekonitarenae tyoa nali hoka hairaine kakoa kaxiye mohenahere xawenane xomana xakore hoka maisa wirainexa xema xini nikare tyaonaha,Parecis
24446,niptinmi jesus quiquincunacta tapula: “imanipacushunquimari moisespa camachicuyninchu” nil,Urubu-Kaapor
26587,gwaj baje amim jeju mar tum ne kot arym bamexja dja gwaj arek kot amijo bamor ra'a metindjwynhma bajaxwe ket kadjy arek amijo batem ra'a na gwaj o ane a axikot maro ane dja gar akwy ate anho kre kadjwynhbe —‍ke waj ije metindjwynhkot ar ije amijo iba pram ketkumrex myj kadjy gedja bar myjja wakot ar amikangonho iba anhyr jabej nhym metindjwynh arym ar ama kaben 'o jare gar arym aman kam kot amim akato e ja dja gar ama arym ne gwaj kot amijo batemo ane gwaj arek bamor ra'a metindjwynh kute gwaj bajo mor gwaj arek kot bamor ne atema mum bajo bamat ket ne tu arek katat kot amijo batem nhym tumram metindjwynh kute gwaj baja mex menh gwaj bamextire ne bajaxwe ketkumrexma,kayapó
13606,homa topa yog tappet te yumu'a hamyummugaha' hu: “hapxip 'iha yoneo ha' puknog xop kuxa mam ka'ok putup yeyox kunnix kopah yiy topa te' kuxa kummuk tupmap-tup puyi' kuxa tu max” kaxiy tu xe 'amanam pu ham'apak max'ax 'aktux hu: “topa te 'amun ha hammaxnap-tup ya' hep xop xohix ha hammaxnap-tup xexka xohix tu' hammaxnap-tup” kaxiy,Maxakalí
18460,oniaroa deus vania bianahoki'aha ada jesus abinina naothinia harivani kidipohi arihi'iki hari anokihahavi'ianaki ada jesus ahoki'ina,Paumarí
5831,haꞌe gui xapyꞌa rei xeruguy omoea ꞌra nhanderuete pe mymba omeꞌemby rami pejeroviaa pemeꞌe vaꞌe irura haꞌe rami tei ae ma xee avyꞌa ꞌra haꞌe pee kuery haꞌe javi reve ꞌra arovyꞌa,Guarani
5913,aipoeꞌive ju: “haꞌe kuery ojejavyague haꞌe heko vaiague re peteive henda py naxemaꞌenduꞌavei ma ꞌra rakaꞌe ra peve” heꞌi,Guarani
3062,aituo jesus eyam aguely: — kua itybyem ama kua kyeta wawyly mainwantobyry waga ida lela itynra taseguadazeba ika — kely jesus,Bakairi
964,jezu poetoryme oexirykoke osenekunohpyra ehtoko imehno pyxia poko pyra ehtoko morara kuuruatose pake “tomeseke ehtoko ritonopo awanohtoryko mana imehno nohpo to poko awahtao xine” ynanakene oya xine kymaroko toahmase ritonopo a tyyrypyhpyke pyra kuehtohkome jezu sa kure kuehtohkome,Apalaí
7922,mokonha'ga ko simao'ga andre'ga pavei onhoiru'ga pedro irua simao'ga rera a'ereki ga rehe jesus'ga ono pedro mokonha'ga ko tiagova'ea joao'ga pavei mokonha'ga ko filipe'ga bartolomeu'ga pavei mokonha'ga ko mateus'ga tome'ga pavei mokonha'ga ko tiago'ga simao'ga pavei tiago'ga ko alfeu'ga ra'yra'ga simao'ga ko zelotes'ga nde'yja'ga – kiroki ga ndokoi governo rehe romanos'ga ndehe mokonha'ga ko judas'ga  iscariotesva'ea pavei judas'ga ko tiago'ga iru'ga  iscariotesva'ea aere jesus'ga mondouka okote'varuhuve'ga pe ga pyhyguka ga pe naha dozeve'ga nhaporemo jesus'ga moiruhara'ga,Kagwahiva
5140,mbaꞌeta anhete anjo kuery reraa jepeara eꞌy ou haꞌe ra abraao ramymino kuery reraa jepeara anho,Guarani
14367,gebuje umat'abi be guto ocejeu pao'a oceyadakat igo'abi be jesus e'uap kay ocegebu am ocejekon paulo kabiam oibu'un kawenwenapi oikabia kawenwen o'jem kabia buje yaypan'isuat o'tujowat ip tuk'a be soat ip icokcok o'e i'at'ibit o'jetait puye,Mundurukú
7119,gapya iheipavire jesus'ga imongia'javi opira ojivyra'java mesa pyri oina igwete ga ei gwemimbo'ehara'ga pe: —‍ndapekwahavi pe maranuhurame ga ihejuhui nhandepya javo ei ga tamombe'u ti kiro pe me a'ero ei ga,Kagwahiva
10188,ibutumy bealamahabenyke kaiboho dori kristu ijoi atxitenyte kia adeereny deuxudeewinare,Karajá
4493,zezuz umumeꞌu maꞌywa ꞌyw iꞌa ꞌym maꞌe rehe maꞌemumeꞌu haw aꞌe kury naꞌe zezuz uzeꞌeg wa wanupe kury maꞌemumeꞌu haw imumeꞌu pa kury — heta maꞌywa ꞌyw amo awa ko pe aꞌe opoꞌo zepe iꞌa kwer oho aꞌe pe naꞌiꞌa kwaw naꞌe iꞌi oko rehe uzekaiw maꞌe pe kury — naꞌiruz kwarahy amumaw xe hezur pa iꞌa kwer hekar pa ihe naexak pixik kwaw ezuhaw imugwaw pa nehe taꞌe maꞌywa ꞌyw oꞌok ikatu haw ywy wi aꞌe xe iꞌi izupe,Guajajara
1861,tanhma kot me anhipex punuj to hta ka me ari kam axapenh mex raha ne ker ke tirtum ja ha me apumu ne me ato mex ne ka me ajamaketkati ne axamnhix ri kam axapenh o apa nom kot kaj tanhma amnhi tomnuj to nhum anho patraw ja ha apumu ne ha atak ka amnhi xa htyx kama ama ne ri amnhi pumu no kot kaj akatat kot kam axapenh mex ta nhum amari atak japer ta ker ka amnhi ta kama agryk ket ne ari kam amnhi to htyx kama kam xa ne amnhi ta tanhma ho hket ne hamri nhum tirtum ja ha apumu ne ato mex ne,Apinayé
25725,asire isazei'wa 'mada'a'wa nori nhimiroti ha te za 're iwapari pese za'ra wa'aba mo te te aima 're iroti za'ra wa'aba mono zeb zarina te za mari ha 're i'manhari za'ra wa'aba mo ta nori ha niwapsi te za 're ihaimana u'asi mono ma siwasu'u za'ra te te ai'ama 're iromhuri za'ra wa'aba mono zem na ha taha wa te ta nori ha ai'ama 're hata'a u'asi za'ra wa'wa te te 're i'ai'mada'a za'ra wa'aba mono zem na ha cristuhu zazei'wa 're ihaimana za'ra mono zem na si 're anomro aba mono da ta nori nhimiroti ha 're wapari pese za'ra wa'aba mono wamha to sina te za to ta nori ha te te ai'ama 're romhuri za'ra wa'wa tane nhere 're wapari za'ra wa'aba mono o wamha robzei ana te za te te 're romhuri za'ra ane wamha te te 're aipawapto waihu'u za'ra wa'aba mono o di za ta nori ha,Xavánte
19938,eu sou o bom pastor; conheco as minhas ovelhas; e elas me conhecem; assim como o pai me conhece e eu conheco o pai; e dou a minha vida pelas ovelhas,Portuguese
7701,aere ore hepiagi ypa'ouhua chipre orojohukoty igwete ore kwavi ipyvo orogwovo siriapeve'ga gwyri pe pevo ore herojari cidade de tiro pe a'ereki pevo ga gweno'embota mbatera itayharuhua hugwi,Kagwahiva
16813,kxa³­nhxi¹­nu¹­tai²­na²­ txa²­wa¹­su³­nu¹­tai²­na²­ hi²­sen³­su²­ ju³­te²­a²­ nu³­ka³­txa²­ i³­yau¹­u³­ta¹­hxai²­ti³­ai¹­ti²­tu³­wa²­ ha³­lo²­a²­ wxa³­ju³­ta²­nu³­a²­ i³­yau¹­u³­ta¹­hxai²­ti³­ai¹­ti²­tu³­wa²­ ha²­wxan³­txa³­ jau³­jau¹­xu¹­tai²­na²­ a²­yxo²­ha³­kxa¹­ je³­su²­jah¹­la²­ hxi²­ka²­ we¹­ta³­lun²­ta¹­hxai²­ti³­ai¹­ti²­tu³­wa²­ nxe³­sxa³­ hi¹­nai²­na²­ je³­su²­jah³­la²­ we¹­ju³­tai³­ta²­ a²­nu²­a²­nau³­xa²­ i³­hen³­txi³­si¹­na¹­wa²­ nxe³­si¹­na¹­ha²­kxai³­ txa²­wa¹­su³­na²­ sa²­nen¹­kxi²­ya³­sain¹­na³­la²­,Nambikuára
399,morarame pake hkopyra kynoturune ropa ritonopo kyya xine tumukuru ae tumukuru a senohne emero tokarose ritonopo a ynororo a sero nono tokehko tyripose eya aporo seropoko emero mame tymenekase ynororo ritonopo a emero eseme ehtohme sero nonopoko eseme kapuaoko eseme roropa enara ehtohme ime aexiry saerehkane sa mana ritonopo ime exiry saaro ime aexiry mana ipunaka mame ritonopo ime exiry enepoko mana seropokomo a tyjamitunuru ke tynyritya onenahkapopyra mana morarame seropoko rypyry korokaxipo kyporohne kapu ao tuisamehxo ritonopo maro emero eseme ritonopo mana,Apalaí
16050,txa²­wa³­ta³­nau³­xai³­ wain³­txi³­ i³­yau¹­u¹­nxta¹­jau³­su²­ txai²­na²­ pau²­lah³­lo²­na¹­xai²­na²­ a³­po²­lah³­lai²­na²­ kai³­a¹­jau³­hu³­jau³­sye¹­nxti³­na³­la²­ wxa²­hxi²­kan¹­jah¹­lo²­nau³­xa²­ txai²­la³­ ta³­nxa²­ a³­po²­lah³­lai²­la³­ ta³­nxa²­ i²­li³­te²­a²­ hxi²­kan¹­te²­su²­ te²­la³­ ta³­nxa²­ a³­kai³­xai³­ju³­tai²­na²­ so¹­lxi³­ sa²­nen¹­kxi²­xai³­txai¹­yah³­lxi³­he¹­la²­ nxe³­yan¹­ta¹­ a²­nu²­a²­ a³­xa²­ a³­kai³­nun³­ju³­tai²­na²­ a³­kai³­so¹­ain¹­sxa³­ sa²­nen¹­kxain¹­yah³­lxi³­txa³­he¹­la²­ a²­nu²­a²­ a³­xa²­ ha³­ya³­kxa³­lxi³­su²­ hi¹­ain¹­jau³­su²­ i³­kau³­kxain¹­yah³­lxi³­txa³­he¹­la²­,Nambikuára
11263,ywytyr awi ꞌga neruaw ipe jejui ꞌga ꞌjau ꞌga nupe: —pemomeꞌuaꞌne kasi ꞌga nupe ne pejejekiꞌyramu je feraw ire tameje tepemomeꞌu ꞌga nupe ꞌjau— ꞌjau ꞌga ꞌga nupe aipoa ꞌga nomomeꞌui futari ꞌga nupe aꞌere ꞌga naeapyoi ꞌga ꞌeawer are “je feraw ire” ꞌeawer are aꞌeramu ꞌga imomeꞌwaukaa ajaupe: —maꞌja upe ꞌga aipo ꞌjau janee nuꞌu maꞌja are sipo ꞌga jane muꞌei maꞌja upe sipo ꞌga ꞌi “jeferaw ire tepemomeꞌu ꞌjau” ꞌjau janee— ꞌjau ꞌga ajaupe,Kayabí
2136,katimatinikata sotatoakori ikitiana sikaninanira kanapiria sotato aapokomoni kavaro nopini sikani anikari paoro apikomoni,Apurinã
16207,ye³­jen¹­nau³­a²­ a²­sxe³­xa³­ka³­lxu¹­ta²­kxai³­ a³­wih¹­nun³­ta¹­hxai²­he¹­la²­ yxan¹­ta¹­ a²­we³­sai¹­ah³­la²­ ya³­lu²­kxi²­jau³­xa²­ ain³­kxi²­nha²­ta¹­hxai²­nxa³­he¹­la²­,Nambikuára
4761,aze mo nazur iwer wanupe hezeꞌeg pa ihe aꞌe mehe mo — ikatu ꞌym maꞌe iapo har wa niꞌi wer mo tupan heamatyryꞌymar wanupe aꞌe ukwaw hezeꞌeg aꞌe wa kury aꞌe rupi ukwaw ikatu ꞌym maꞌe iapo har romo weko haw aꞌe wa kury,Guajajara
22185,hako sikovo kea itukeovo xunati ekati exo keku vo'oku poehane vahere koekuti omino xane ne'e itea kiri'akapu sasa'iti omixone ituko'oviti motovati itukeovo enomone exo keku,Terena
14137,kawen idipat co buje wuyetaybit apen deus wuymucugucug iam — jesus cristo kay itabucayu aca cug ma oxe — i'e'em deus soat kabia: — big ma itabut ip cekay — i'e'em deusimen e'em deus ekawentup: — deus emumucugyu soat em itait jeedop ip deus xe itabut ip puye — i,Mundurukú
12848,moro epiremantoꞌ yewiꞌ ta pemonkonyamiꞌ eporiꞌpiiya paakayamiꞌ carneiroyamiꞌ wakuꞌkaimiyamiꞌ ke tiweꞌrepasanon moropai tiniru miakanmanenan moro teesenyakaꞌmatoꞌkon piꞌ toꞌ eporiꞌpiiya,Macushi
16695,nxe³­ka³­tu³­ ju³­te²­a²­ nu³­ka³­txi³­sxa³­te²­nau³­xa²­ sa²­nu¹­sain¹­tu¹­wi¹­ sa²­nu¹­sain¹­sxa³­ ko³­nxe³­ i³­ka³­lxi¹­lu¹­sai¹­nha²­kxai³­ i³­ta³­lo³­waitsai¹­nha²­kxai³­ nxe³­te²­kxa³­kxa¹­ hi³­sa³­ka³­txa²­ u³­hxi²­ki¹­la³­kxi²­sain¹­tu¹­wi¹­ nxe³­sxa³­ ya³­lutsai¹­nha²­kxai³­ sa²­ni³­kxi²­sain¹­tu¹­wi¹­ ha²­wxan³­txa³­ ye³­ha¹­li¹­ ka³­na³­ki¹­ a³­lan²­tau³­a¹­ ka³­ten³­su²­ i³­sa²­yxau³­xi²­na¹­tu¹­wi¹­ txa²­wa¹­su³­na²­ hxi²­kan¹­txa²­ si³­yxau³­tau³­lotsa²­jah¹­lo²­na¹­ha²­kxai³­lu¹­ je³­su²­jah³­la²­ ta¹­hxai²­he¹­la²­,Nambikuára
19043,voce nao devia ter tido misericordia do seu conservo como eu tive de voce ’,Portuguese
20318,jaba unata eze bijoikpe iknykta deus tsumuehitsa kabo inasik deus kabo zipehahik utakta niwatihi deus tsumuehitsa ihumo tarabaja ikykara bijoikpe iknykta tihi:,Rikbaktsa
4180,tupan umumeꞌu wemiapo ram amaraaw pe aꞌe — azapo putar tuwe heremimumeꞌu kwer ihe nehe iꞌi izupe nazuhaw pixik kwaw ko hezeꞌeg ihe nehe iꞌi izupe ipurukwaw kar wer wemiapo ram rehe purupe aꞌe rupi umumeꞌu tuwe aꞌe maꞌe uwer rehe taꞌe ni amo naꞌikag weraꞌu kwaw tupan wi aꞌe wa xe,Guajajara
1123,no me kot amnhi kra hkot htyx ri tirtum kaper jahkre xwynhjaja na htem me ajahkre hpanha kaxpore ha me awyr pix o pa ne me ama tanhma amnhi to hex to ne me ama: —na me ixte pawre kot amnhi nhipex pyrak me ixte amnhi nhipexja kot axpen pyrak anhyr o me ama amnhi to hex nom ixte ho me urak ket kumrex me ixte amnhi nhipex kot axpen pyrak ronhyx pa me urak ne kaxpore ha me awyr o ri ixpa nom ixte a amnhi nhipex anhyr ket kot paj aa a amnhi nhipex anhyr o ixpa hket ne,Apinayé
5171,haꞌe hova oexa ꞌra guive haꞌe ra haꞌe kuery rova re ma oi ꞌra hery,Guarani
6014,digowoo naɡana niale fiigoigo odaa akati mowooɡoti nige dione libiwedi codaa laamotiidi naɡa nokoloɡo odaa joɡowooɡotitiwaji naɡa nipegi limedi ebicitedi,Kadiwéu
8414,ha ra cristo vy katig ja ni ti ty eg ty ti vi mranh ja ty tugꞌ he je tag ki kanhro eg tog nyti ti pi je mranh ja nigtiꞌ tope vi ti inhha,Kaigáng
18599,hari oniaroa va'ora honariavini adani ipohina: —arabo hahavia avikha'a bana ija'ari hahavi-ra vara va'ora vani'a bana omonina jahakia,Paumarí
9922,ohendu-ma ramo upea nheꞌe ndikatui ojohu vai,Kaiwá
14978,yaguybabi'um o'e ip- -adeayu xigxig pa'ore topibiyu o'jojojo ip puye yaguybabi'um o'e ip kawen pa'ore tuibiyu dak o'jojojo ip puye ita'um topibiyu tate o'e — ka'umgu xipacat deus co'iat israel naxegebitbit deus mubuyxi ixe a'obi o'je'ada ip — io'e yaguybabi'umayu,Mundurukú
625,otonohtohko se hkopyra ehtoko osenepotohkome imehnomo a osekurinaryko poko emotyekara roropa ehtoko kasuru tokehko upo typyne exikety amururu se hkopyra ehtoko oupoko kura enahnoko mana uuru tokehko axitao roke mana jarao roke kure oehtohko ritonopo zamaro pyra mana yrome zae ehtoh poko awahtao xine okurohtao xine ritonopo zamaro matose naeroro toretyke pyra ehtoko ousetyko kurakary poko okurohtao xine kure ehtoko morara awahtao xine kure kuhse matose ritonopo a,Apalaí
4046,ne xit ne ty ezapo ikatuahy maꞌe eho iko nehe no ty aꞌe rupi amogwer aꞌe wa nehe no ukwaw putar ikatu maꞌe iapo haw aꞌe wa nehe no ne ai aꞌe wa nehe no tupan zeꞌeg imumeꞌu mehe emumeꞌu zeꞌeg azeharomoete har teko wanupe nehe emumeꞌu zo amo ae zeꞌeg nehe ezeruzeꞌeg eho iko amogwer wanehe nehe,Guajajara
6935,igaataɡa moises mee niɡijo jotigide ‘aweniɡideni ɡadiodi aniaa ɡadiodo’ codaa eledi mee ‘leeditibige moyeloadi niɡijo oko ane beyagi me dotaɡatibige eliodi codaa me eliodo’,Kadiwéu
18793,hari vakaikahi'aha adani makhira jesus bivahojaki kania vavikha'aha ada makhira hoariha jo'o aba'oronisiagaki jorana namania omaki vanofiki ida vavikhajakosivini jesus kania ji'biniki ida gora ija'ari vaipohikia ni-nihanikia makhira jo'o aba'oronisiagaki-ra avavikhajakosiki avavikasiha gora 'da'dini a'ani sohiriama'okia avavikasi'aha vana'bakhamanani'ihi ida gora 'da'dini a'ani kharani'ihi jorai damomisikia avaragari'aha avanahiririrarivini ada makhira ija'ari vajoroniki vakadiania vibarari'aha jesus viaha,Paumarí
20126,iwaze sudeu sopykwy iwatahatsitsa ibo zumunaha serusarehe ezektsa nitururuknaha sizubaretsa sesus ziharerewabykynaha asaktsa: — beresebuhu sesus tuk mynapykyryk iwatahi hyrikosotsa sapybaratsa humo mysipeha satanas humo nisiksiwyhik — mybarapetu nikaranaha satanas usta inarokota beresebuhu atakta hyrikosotsa sapybaratsa pehakatsa,Rikbaktsa
22738,itinoe kokoyono kixoneti xunakoke ituko'oviti koeku kivivoa motovati yenopi xokoyoke enepone vonopea xokoyoke kousexoane ituko'oviti nokone ko'iyea itea poehane ya hunokokuke uha koeti koekuti inamo simapu kaxena,Terena
2808,—eereka okananixiti inaka atoko ipatraotena kanapiria akiritana: “kiatokopa hitxataro nitxineirote” itxana,Apurinã
17773,hatyohare -hare exaotyakiraharenai semaha hoka ehareha tiago  xoaha hiye,Parecis
15109,ti mꞌ marija enyyw hom ma ta ti ta hꞌyyb go ta hꞌyyb go mꞌ tahyb nꞌaa newee mah,Nadëb
18721,cristo hora karonavini kari ni-hora honariavini hiki ida kanai karajomihia okabadanina monina jahakia okavaranina vani hora honariara ada deus aagahai ida cristo monina jahaki ija'aria bikamithahi ida cristo abini'ina ava akasanakhamakia kidimoni hina bikajari'darihi deus bianaja'dihi ida kidimahi nini vani nokiaja ida cristo monina danoki cristo hora ni'ahi: —kodi'ogahai fori hirihi ida ogahai araboa kama'daki araboja vania kama'daja ida ija'ari hora avigariki vakadi'ogahai omonina-ra vara ivani'avini hari'a bana vakadivarani fori hikia kavarani'a nikia ikavaranihi; ni-omonina ka'oa bikaabokaki ida ija'ari kamahi-ra anaja'divini — nikia hora honariaki ada cristo,Paumarí
25770,taha wa te za tama 're iroti pese za'ra mo isazei'wa nori ma imroto nori ama te aima iroti mono ze ha te te siwi 're 'mada'a pese za'ra mono da tawamha isazei'wa nori ha damreme ha te te sina 're 'ra'oto za'ra mono o di za,Xavánte
13212,xix hop pu 'aneo hom ya hapxopmaha xexka topa tu' xi' tut pu 'aneo yak mun ha ya' tut,Maxakalí
22915,enepohikone xane noivokoemaka ituko'oviti kuteati itinoe enepohikone ihae pitivoko inzaunopinoe mbabilonea yuhoikopinoe koane yuhoikopinoemaka marku enepone kuti ngixone nje'exa ikeneke ituko'oviti,Terena
19175,mesmo que eu julgue as minhas decisoes sao verdadeiras porque nao estou sozinho eu estou com o pai que me enviou,Portuguese
24970,niyculuptinmi: “taytay diospa willacuninpischa cayanqui,Urubu-Kaapor
10770,iwese bedelurubina widyydu aohebo rotyynyre wese uritere iwidyyrenyomy tahe teosaremy tamy marybebenyke aobo tiiboho wasimy aohebo rotyynymyhyre ixyruna adee rare tuu maryhemahakeki,Karajá
12253,pedroya maꞌtakiꞌpan warayoꞌ yepiꞌti tiwin wei pedro witiꞌpi  yarakkiri judeuyamiꞌ epirematoꞌ yewiꞌ ta epiremai koꞌmamiiya toꞌ witiꞌpi teeserukon ta judeuyamiꞌ eperepitiꞌpi koꞌmami kaisari epiremai moro warayoꞌ maꞌtaki pe tiweꞌsen eꞌpitiꞌpi miriri toꞌ epirematoꞌ manaꞌta po mori iteseꞌ manniꞌ manaꞌta pia itonpayamiꞌya yaapitiꞌpi wei kaisari teewonsenon nitiri tiniru yapiꞌtoꞌpeiya kaiꞌma miikiri awaniꞌpi asakoi pepin teesenpoꞌpi pata painon,Macushi
2608,xoteo minakaniua poxokoniuatini hapakapariko ati kristo apakapinii atokokana ininia kakiti txari teoso: “peerekai pite” txariko,Apurinã
16979,nxa²­ha¹­te¹­ a²­sa³­wi³­sa²­kxai³­lu²­ jau³­jau¹­xai²­na²­ ain³­kxi²­san²­nu²­la²­ i³­xi²­nu²­nhai¹­ i³­xi²­nu²­la²­ a²­wa³­kxen³­yah³­la²­ i³­hen³­txi³­nu²­nhai¹­ nxa²­ha¹­te¹­ a²­wa³­kxen³­yah³­la²­kxai³­ i³­an³­txi³­sxa³­ i³­ye³­kxi²­te³­nah¹­lxi¹­: “sxi²­je³­na²­ a³­wa³­li¹­se¹­li¹­ nin¹­kxai²­nan²­tu³­ yen³­kxi³­txa²­te²­a²­ sa²­so¹­nha²­kxai³­ yu³­kan²­ta³­kxi²­te²­a²­ sa²­so¹­nha²­kxai³­ ye³­han³­te²­a²­ sa²­so¹­nha²­kxai³­ a²­ha³­lxu²­ha²­ ai³­te²­a²­ sa²­so¹­nha²­kxai³­ nxe³­se¹­li¹­ wa³­su³­txi³­ ai³­txu¹­li¹­” ain¹­nu²­nhai¹­,Nambikuára
13923,xuxya 'um te' xape pena 'ohnag puxix topa yog putat max xak ya' kuxa mam 'ohnag xop 'ukummuk pa nom kummuk xexka nam,Maxakalí
2480,ininia ninoa: —komiri ipi ipi ati pakininokara aua atemoni ipi ximaki apaka aua apakata —itxana ininia xesosi: —himina uai notamoni —itxa ininia imoianariakori minari xesosimoni eereka iua paniatari kakiti xiti topakini eereka ikosekari komiri siko ximaki ipi pakini ininia iua ionakaata iaxiti itxari: —niri pisikakiti peerekari —itxa ininia imaxinikaapotari isikaapotana imoianariakori ninoa sikaapotana kakiti ikinikana nipokota ikinimane: —kamitopekaua ate —itxana eereka imoianariakori apotiitari itetakori ininia xapokaka itxarina tosi kotari iuasaaki siko mio kikiakini nipokota sitoakini amarini pakini nipokota apaka,Apurinã
5482,mbaꞌeta nhanderete re minha peteiꞌi regua eꞌy oi heta,Guarani
20922,sesus: — tapara sinini mykara abaka kytsa kahumo batu sispirikpo,Rikbaktsa
21765,miꞌi hawyi taꞌa­tu­ꞌauka raꞌyn haꞌyru hawyi taꞌa­tu­pugha ipiit mikoi iꞌypia kaipyi e,Sateré-Mawé
13637,ha ta xe' xak kiy'ax noy kahnen kutok te' ya kiy'ax tix ha 'ate' xupak ha yonna'i noy ya' tix te ham'aktux hu: —‍ma kaxiy,Maxakalí
24721,yapa ma niycalimay: icha israelcunaca manachun tantiapacula imata ¡tantiapaculamari puntacta tayta diosmi moiseschu nila: “am israelcunata jamuyasha nasyunpitam silachishayqui mana tantiayniyu malcawanmi pinacuyman chulashayqui” nil,Urubu-Kaapor
15064,takꞌep hyb nꞌaa jawyk do y tedꞌeep da sahonh he nesaa do mahanh hꞌyyb nyyw go y tamahuum da hy pong je tabagꞌaas ba tawꞌaats he pꞌop haga do ji jꞌaa etsee hadꞌyyt he yy tii dꞌ ne he tawꞌaats he,Nadëb
26628,nhym kam arkum —‍gora ar tu amim metindjwynh kamnhixkumrex ba ar ama are gar ama goren me'o kranhwama kum “on amikaban ngo jabatanh mujakam mon tym” ane ne ren okre kadjwynhbe amim “kon biram dja ipex kon” anhyr ket ne tu kadjy amim kamnhixkumrex ne ren amim “be mramri dja ikaben kot a ima o ane” ane kute ren a amim anhyrkam ren kranh mramri a amijo ane mramri ne ba ar ama arenhkumrex,kayapó
8662,ha ri ken ha ve ge ti ty paro kri vavam en ti ag ty tope vi me ky ag tog vesymer: hej he mu sir ag my tog ser ti ha ra ag tog nen kre jare tu ri ke nyti ky ag tog mu si han mu tope mre nen u jagy kute ky ag tog sir tope tovanh mu vesymer u ty tope tugrin ag kato te ky,Kaigáng
17056,hoka nomi: “maisaiya xekohaseti maisa xoana xowaka nanisare kaiyalaharexe manikakahare” hatyaoseta enokoata iraiti nehitiya: “awa atyo kaiyalahare manikakahare hexa enore koxaka waiyexe kanikakere mohenere xaokaka”,Parecis
9308,entero nhandejary remimoingokwe ipora meme voi ndoikoi jaꞌu eꞌy vaꞌera nhatima pora ramo ixupe jaꞌu hagwa-rehe jaꞌu joty vaꞌera ndaipori voi jaꞌu eꞌy vaꞌera upea nhandejary rembijohu pora “ipora ereꞌu” heꞌi nhande-vy jajapo oracao hese ave upea-gwi ndaipori jaꞌu eꞌy vaꞌera,Kaiwá
6168,leeditibige me jajacaɡataɡa ɡonioladi inioxoadipi jiniɡikani deɡeliodi niɡina akaamitiwaji doɡowote me niiɡaxinaɡanadi niɡina mateciɡitiwaji igaataɡa owooɡotitiwaji niɡina aneotedoɡoji nige iwi anigoteta oko daɡaxa me dakaketoɡodomi anigotedoɡowa niɡina ane jiiɡaxinaɡanaɡatece lotaɡa aneotedoɡoji,Kadiwéu
14291,— obadipdipyu — io'e — wetaybit gu juk ixe paiyu kukukat iam wetaybit pima bit imen gu kajuk oce cebe imen e'em deus ekawen tup: eybadipyu kukukat cuy epejomuymuy gu i imen deus ekawen tup e'em — paulo o'e,Mundurukú
8017,“jesus en ha to tag tog ran ky ni tope vi ty ran ky ni en ki ha me: ajag ty po ty in han ky ajag tog po u fon ti ty ajag my koreg nin ky ha ra tope tog po en ha ty in nuna han mu” he ja tog ni tope vi ki jesus to” he tog pedro ti,Kaigáng
24299,masqui paycuna sinalachicusha cayalcalpis moisespa camachicuyninta manam cumpliyta atipapacunchu paycuna sinalachiculcanayquita munapacun nunatucusha: “paycuna atinicunam” nil nipacunanpami,Urubu-Kaapor
9993,onheresende rei vaꞌekwe noe amyri nhandejary nheꞌe reroviaha-gwi nhane mongarai hagwa-rehe upea omombeꞌu-ma nhande-vy nhane apymi y-py nhane mongarai-vy ndahaꞌeiry nhane mbojahu-vy ndoipeꞌairy nhande kyꞌakwe nhandehegwi nhane momanduꞌa mate hesu cristo-rehe nhane mongarai-vy hese jajerovia-gwi nhanhemongarai uka jahexa uka hagwa nhande pyꞌa omopoti-ma nhane resende-vy nhandejary oikove jevy-ma hesu cristo upei omano vaꞌekwe paꞌu-gwi cristo omopuꞌa jevy vaꞌekwe upe rire ojeupi jevy oho-vy yvay-py nhandejary akatua-koty oi ipuꞌaka entero vaꞌe-rehe ipuꞌaka vaꞌe gwive oiko ipogwy-py nhandejary rembigwai kwery oiko ipogwy-py entero mburuvixa jahexa eꞌy vaꞌe gwive ndoikosei moꞌa vaꞌe gwive oiko joty ipogwy-py,Kaiwá
6738,odaa jaɡaɡa eeta niɡijo ninionigi-eliodi ‘jiɡidiaaɡi jajigotaɡawa me iiɡeni ciinco nigotadi’,Kadiwéu
80,arexatere mokyro metau poko erohkety popy mokyro yhtomane apo kueseko mokyro wanohno iirypyryme aexirypo akorekehkato mokyro nexiase ritonopo omiry ekaroryhtao yna a tosezusezuhse itamurume ynororo yna maro mokyro waro exiko oryhmaryino roropa,Apalaí
19082,portanto que todo israel fique certo disto: este jesus a quem voces crucificaram deus o fez senhor e cristo,Portuguese
1949,memoj kot me pahtomnu ta nhum jejus amnhi wyr me kot mar o kuhe xwynhje hwy ne axte me kam kaper ne me kam: —e me inhma ne inhmar tyx ne na hte tirtum kaper tum o me ahkre xwynhjaja amnhi kra hkot me ate amnhi nhihkra kuhonh japje ha me ama karo ho pa ne amnhi kra hkot me axapkur xa ha tanhma me ama karo hto ho pa tirtum kot ja ha me apumunh kot me amex a me ajarenh kaxyw a memoj ta me ama karo ane nom na hte tirtum tanhma me kot amnhi nhihkra kuhonh to ha me omunh xa hkot tanhma me harenh to hket ne ry me axapkur xa pumunh kot me mex a me ajarenh ket ne ja tanhma kam kute hket na hte a me kot amnhi nhipex anhyr a me omunh xa hkot me mex a me harenh ry me mex ket a me harenh ket ne na hte memoj kur a me omu ne am me omu ne ha tanhma me harenh to hket ne am me kaper punuj ry me kaper mex a me mar kot pix ma na hte tanhma me harenh to ane,Apinayé
23337,jesu cristore nee waropɨ eho peo mɨhati'kɨre sɨ'ori wehe peogɨ sorooya ape tero weegɨ ni'kɨ eho peoka be'roaka soroo no'o'kɨ pe'e “yɨ'ɨ apera yɨ'rɨoro ayu yɨ'rɨ nɨ'ka'” nii boosami kɨɨ toho niigɨ wati weero noho waku boosami toho weegɨ o'akɨhɨ watire bu'iri da're'karo weero noho kɨɨre wee boosami apeye ke'rare a'tiro nii no'ogɨre beseya jesu cristore eho peotira “kɨɨta ayuro weemi” nii no'ogɨ niiato toho weetika maa apera kɨɨre ya'aro waku boosama kɨɨ ɨaro weegɨ bopoyagɨ wati ɨaro wee boosami,Tukano
22847,“inixopone ne komititi yonopone ne moheveu unatiponehikomaka ne yuvone koati vahere arineti enepone lepara kamopone ne mokere iyukopovone ne ivokovoti koane koyuhovone xapa xane akoti apeinoati ne inamati ihikauvoti ituke ituko'oviti,Terena
26804,be jeju kute me kukradja kajgo'a djwy nhigot dja jakre nhym ar kute mar ket nhym kam arym ar kaben man arkum —‍mykam ne gar abenma “gwaj baje djwy byr ketkam ne a ar ima ane” ane djam kraxje ar aje omunh ket ra'a djam kraxje ar aje myjja mar ket ra'a myj'a ikaben kute amijakre ar aje mar ket ra'a djam ar ajamakkreja ket,kayapó
1175,—na pre tirtum panhi kumrex o kato ne korma me hkokot ne tirtum ma hamaxper o hkri kaxyw arigromnu ho kato no na pre arigromnu kumrex o kato ne hpanha kaxyw panhi ho kator ket ne ta pa na pre tirtum me akaxyw ixam ne me awyr inhme jakama papxipix na pa hte arigromnu ha tanhma me kot amnhi nhipex to ha me kam karo ho ri ixpa jakama kwar me mamri memojta re ne ixkot hkanhar o mo ane,Apinayé
25621,misi hare te za aihini 're dada'a za'ra taha parip si te za 're ihaimana u'asi mono ha niwapsi da'awaihu'u dawe na dawasete na zama taha zarina te te dama arowairebe mono da oto tane ma to dure cristu ha misi hare dazada dara dawasede ha da'aha na te te oto dama ama 're i'apari mono zeb da ha tawamha ti'ai u apa wei mori zahu wamha dazada da'a da wei mori o di za oto taha zarina dawasede ha te te dure dama 're i'apari mono da ha mare di so 're isimipari za'ra mono nori si te te oto iso'reptu pese za'ra da si te za wei mo apa cristu ha ta nori zo si,Xavánte
11891,aipo renupawe je tejerowaka tejakyfet katy tejeupe ojeꞌeg maꞌe ꞌga resaka tejerowakawe je sete tatarana renawa resaka tatarana renawa ouru apopyrera tatarana renawa pyter imu ꞌga amu akou kuimaꞌe ꞌjawewara ꞌga akou weteyru fukua ꞌga erekou imunepa ꞌga raitya ꞌga ree imotypawa ouru apopyrera ꞌga pasiꞌa ꞌarimu imotypawa ꞌupa ꞌga ree,Kayabí
22885,ina kixoa pilatu: —‍iti'ikopo nati ina yumopa jesus: —‍enepone yepemonuke kauhapu'ikoa indukeova enomone imbuhikino yara kuveu meum enomonemaka nzimino yayeke motovati ngoyuhoyea koeku ne kana'uti kixovokuti yoko uha koeti xane kutipoati ra kana'uti kixovokuti enomone kutipoa ra emo'um —‍kixoane jesus,Terena
16437,nxe³­ka³­tu³­ta¹­ ju¹­nxe²­ yxan¹­nau³­a¹­ ti³­a²­kah³­la²­ se³­be³­te²­ah³­la²­ ta²­ha²­ yxau²­ a²­lo³­na²­ jo³­au²­ah³­la²­ yxau²­ ka²­no¹­a²­ yxau³­ya³­sxa³­ ta³­la²­la²­ka³­lo³­a²­ a³­sa²­ka³­tu¹­sxa³­ an³­sa²­hau³­ko³­ja³­ta¹­hxai²­he¹­la²­,Nambikuára
11741,—awyja te ꞌga ꞌga ree jeparuerowiariweramu tekou— ꞌjau ꞌga jejui ꞌga upe,Kayabí
4852,naꞌe urenu katu izeꞌeg kury urukwaw katu imaꞌenukwaw paw kury nuzeꞌeg kwaw typyꞌak imuapiruru kar haw rehe parizew zeꞌeg rehe zo xatuxew zeꞌeg rehe zo izeꞌeg taꞌe parizew aꞌe wa xe xatuxew aꞌe wa no xe upurumuꞌe muaꞌu tupan zeꞌeg rehe aꞌe wa xe,Guajajara
7809,kiro ji henduvi ikwava'ehava hugwi naha: —‍na tuhe tupana orepojykaharetea ndehe ko yvyakotyve'ga nduvihava epopoakaramo ga hohe pa ereko katu hete e'erame a'itituheva'ea imondovo hahya hupi katu okote'varuhuve'ga pe poro ji henduvi ikwava'ehava hugwi,Kagwahiva
9084,nhandejary nheꞌe raꞌanga rei omombeꞌu vaꞌe kwery ae onheꞌe rei rei ambue kwery-rehe gwembigwaa eꞌy-rehe onhembohory oiko-vy onheꞌe vai rei hese ojapose vaꞌe rei ojapo ave mymba kaꞌagwy rupigwa rekoha-rami oiko upe vaꞌe kwery pene manduꞌa kena mymba kaꞌagwy rupigwa-rehe teko rei-rupi oiko opambaꞌe apo-vy rei oiko mymba kaꞌagwy rupigwa nahiꞌarandui-gwi nhanhapyti vaꞌera jajuka vaꞌera upeixa ete ave heko vai mboꞌeha kwery oiko mymba reko-rami rei ave oiko itavy voi itavy-rehe ohundi-ta voi ixupe kwery nhandejary haꞌe kwery onhombohasa asy uka oiko-vy ambue kwery-pe upea-rehe haꞌe kwery ave ohasa asy ave vaꞌera onhembopyꞌa vai hagwe-rehe ohasa asy vaꞌera oiko-vy ary-rupi rei ogwerohory gwembiapo kyꞌa gwekoha vai rexa uka-vy penhomboaty ha-py jepe hesu-rehe pene manduꞌa hagwa peꞌu mbojape ramo jepe notivei-ma onhembohory-vy rei hesu-rehe jepe hoꞌu joty mbojape pene paꞌu-my notivei-ma hesu reroviaha-rami moꞌa voi oiko pene paꞌu-my pene mbotavy-vy,Kaiwá
13812,xonat te yeyox putox kix mim xahix ha tu mog yiyhep yon tu kopaxux tu' pip yeyox keppah ya' xexka xop keppa putuk ya' xexka xop 'apak putuk tu yeyox kute'ex kummuk kux tu topixxax tox 'ata xut tu mo xax tat ya yeyox yog tu yeyox mogaha haptopah nuy mipkupnix yimup-tex,Maxakalí
21417,aika­ꞌiwat iesui ikuꞌuro mio ta e haria ehakye­raꞌat hamo maꞌato watuꞌu yne hap kaipyi iesui mohey haria pakup takaria teꞌe­ra­ꞌaipok tupana iaꞌakap yat kape pote aiwy maꞌat hat no watoi­neꞌen iꞌewyte aika­ꞌiwat iesui maꞌat hat no watoi­neꞌen katu­pono yt nakuat i yt taꞌa­tu­mohey kahato i te turan watuꞌu iꞌatu­py­ꞌa­setpe mo wuat minug tupa­naria motypot hap miꞌu katu­pono haty kahato miꞌiria ete watuꞌu pote,Sateré-Mawé
19904,ele lhes disse: entao como e que davi falando pelo espirito o chama ‘senhor’ pois ele afirma: ‘o senhor disse ao meu senhor: senta-te a minha direita ate que eu ponha os teus inimigos debaixo de teus pes ’,Portuguese
8413,ty jesus kype ha ra tog kagmi ky je tu ni ver  ti ky tog ag kygpe kan mu ky tog kejen jesus kypeg mu ge ky jesus tog je ni ti ty tope mre vin ky  ty ti kype kar ky ky vaha kanhka tog norꞌ he mu ky tope kuprig vy kanhka ta katere mu ti kri ty sorag ve ti ni tope kuprig ti ky kanhka ta venh vi tog me ha ti ky tog: “ty a inh kosin pir je ty a tog inh fe pe jegti” he mu venh vi ti tope ti,Kaigáng
24845,chay suma puydi yachapacutucucunapi minuslachu manama caya,Urubu-Kaapor
5676,hemimboꞌe kuery haꞌe nunga oexa vy onhemondyipa haꞌe vy aipoeꞌi: — ipiru vyvoi nda figoꞌy,Guarani
10777,ibutumy aomybo iny rarybemyhyre heka ywisidyyna txu tuu rarybemyhyre rierymy timykibo tuu rarybere wahe orarukibo rarybere: —arybe oraru‑ki heka ywisidyyna‑ki atxiteri bitakemy aobo ada aokore aobo,Karajá
26465,jeju garrejakam box ne ajte kriraxbe kanakam box kam ne amrebe kute ngo kajgoo uba kango nhipex jeju box nhym onij kapanakam me'o benjadjwyr kra arym kane,kayapó
25192,i'upana ama 're aiwata za'ra wa'aba mono da ma to romhaiba ha asima i'manhari za'ra wa'wa waihu'u pese newa moroti ihaiba'o na romhaiba 'manhari nhisi ama dure repa na wasi nhisi ama ma to 're aiwata za'ra wa'aba mo waihu'u pese newa ihaiba'o ama ha ta ha ma to asiwi 're imrami aba mo ama 're aiwata za'ra wa'aba mono da a'ubuni wi taha wa wa za oto airom nhiti asatori za'ra wa'wa babironiza na 'ri nho'omo nhisi nhipai u ai'aba'rei wa'aba da” ane ma to wahi'rata nori ma rowasu'u isadawa wasu'u'wa nhimi'ui'ere na 're ihaimana u'asi mono mreme zarina timreme ma to wahi'rata nori ama uwaimra — ane te esitewa ha zahadu dama ipire nori ma rob'razaroto za'ra dahi'rata nori wasu'u na ha,Xavánte
14774,e bu'uap tag aca on jekukum okpiwatpi gu on ikereat mujurugrug ikereat mujurugrug on ikereat opop obinunpe buye,Mundurukú
864,ritonopo enetuputyryke tyya munu tyripose juteu tomo a tytapyiko omotoh pota taka morarame moro munu eneryke ritonopo nenyokyhpyry a juteu to osemazuhme aenurutya onetapara tokurehse munu onenepyra ahtao roke tapyi taka tomose ritonopo nenyokyhpyry osemazuhme aenurutya etapatohme moro emepyry paxikoame tosehpase,Apalaí
25622,aiba nori ha  na ihaiba za'ra ha misi pi'o nhere ma to nasi sisowa're're ama timro za'ra tawamha 're idada'a za'ra mono nori ha 're ihaimana u'asi mono ab're hawi za apa oto te te 're da'ahaiwa'utu mono wamha e 'wai me te za oto 're simasisi zahure — ane te ama siwi sadanha sadusezu nori ha,Xavánte
3469,awylygue awito ara lela amitomoem kaenkadyly,Bakairi
4762,peiko zo ikatu ꞌygwer iapo har romo nehe pepytuꞌu pezeamatyryꞌym ire nehe pepytuꞌu pezeꞌeg ahyahy re pezeupeupe nehe ikatu ꞌym maꞌe iapo mehe penurywete aꞌe rupi pepurapo wer wiwi hehe no aꞌe rupi aꞌe peme kury — pepytuꞌu pezeamatyryꞌym ire nehe,Guajajara
9268,ohexa ramo opondera hese ipiru ramo hemimboꞌe kwery: —mbaꞌeixa ipiru pyaꞌe raꞌe figo mata heꞌi ojoupe hikwai,Kaiwá
23955,kɨɨ a'topɨ etaka kɨɨre nee ka'roaka di'ta o'otikɨ niiwi yuhupɨ o'otimigɨta “be'ropɨ mɨ'ɨ yee mɨ'ɨ paramera nii turiara yee di'ta niirosa'” niikɨ niiwi o'akɨhɨ toho niika terore abraao nee ni'kɨ po'ra marikɨ niiwi o'akɨhɨ kɨɨre apeye nii nemokɨ niiwi taha: “mɨ'ɨ paramera nii turiara ape di'tapɨ niirasama yuhupɨ quatrocentos kɨ'mari tii di'takahara da'ra ko'tera niirasama naare da'ra duti taraperasama,Tukano
18591,vanaaba bana ida honari deus akadika'da'di ka'oa haria nava'isohivini hi'iki mahija avakadihojai asohivini nimania hida va'isohihi athini: “iabononi inakaidivavini vani fori va'ora niha va'oani ija'ari hahavi” nihi,Paumarí
22277,keusokoane ne koekuti nonekuke uha koeti xane,Terena
13919,yiy 'ipkox pi topa pu' nuy hamgayagnag yipkutuk hok nuy nom mutik kumiy ha' xupap-tup,Maxakalí
23407,de'ro wa'a boosari yɨ'ɨ o'akɨhɨ makɨ masɨ weero noho ɨpɨtigɨ opaturi too dɨporo yɨ'ɨ nii'karopɨ mɨhaaka taha mɨsa teere i'yara de'ro tɨ'o ya'a boosari,Tukano
20048,hawa ahabo ziknatsasokonaha imyibara ty tsikykaranaha deus wasaniha humo tsiktsasokonahaze batu ahaty spihikbata ahabo tsiktsasokonahaze wasani tsikykaranaha ba aty tohi ty tyspihikbata,Rikbaktsa
16835,ye³­ka³­lxa¹­txi³­ he³­ja³­lu²­sa²­to³­si¹­nha²­kxai³­ ya³­lxu²­ja³­lu²­sa²­to³­si¹­nha²­kxai³­ sa²­sin¹­toh³­na³­la²­ wan²­txa²­sa²­to³­si¹­nha²­kxai³­ kain²­ waixsain¹­to³­si¹­nha²­kxai³­ nxe³­sain¹­te²­sa²­si¹­na¹­wa²­ hai³­txi³­ txa²­sxi²­khai³­lxa³­ yu³­sa²­si¹­nxa³­wa²­,Nambikuára
15080,ta da hadoo pꞌop haga do pahuunh ajꞌyy ajyy sa hyb nꞌaa pꞌop haga do kawehee dak ti hyb nꞌaa ajyy dooh ranu kajesu ba jesus hyb nꞌaa rakahetꞌaa ba yyj sa ha ka sa hyb nꞌaa ajyy rakawehee padeek tii dꞌ tahadoo do hyb nꞌaa tawꞌaats he ranu kajesuu jesus hyb nꞌaa ji kahetꞌaa ba yynh hanaa nado ajꞌyy ajꞌyy tahana ti yynh yynh hyb nꞌaa nado ajꞌyy kapahuuj kan yynh kapahuuj wat ajꞌyy hyb nꞌaa,Nadëb
17152,pascoa xowakehena hoka pilatos aihikoahitita hatya berexoakota halitinai xaxane ximita hoka nikare irae hatyaoseta tyotya halitinai kawiyahenaha: — barrabas haihikoahetehena womana hoka hatyo haliti xaisaka haohena — nexaha,Parecis
17227,xakore hoka maisa haliti ana mahotikirere waiyexe haomanenae one enokoata axikatya hoka hanakatihaliti aihatikijita enaose akehena hoka nakairati harenae tehitiya ijita exahe hoka kalore aihalahalinikijita xiso — nexaha,Parecis
13860,tu yumug putup hu' xat pu yumug tut yumug put tu hapxe'e 'aktux ha yumug kuxa mam ka'ok nom ham'aktux kopah ha yumug xe xanaha' 'uyiy yumug yayha topak-tok xop te maxap pu hapxop noy xohix topa hak-nay tu' xop,Maxakalí
25735,tane nhere ni'wam nori ha te te saze za'ra o di pe'e tete za'ra wa wanhib'apito 're imorizeb zarina 're idanomro mono zep te wasu'u ha ma to tiwi we'o za'ra danho'a mreme wasete na taha wa paru ha ma to tiwi timori za'ra rowahutuzem hawi zezusihi zazei'wa nori ha ma to te te simro tiranuhu na aiba nhisi te romnhorezeb u awe sidapasi ma to tame te te tama 're rowahutu za'ra oto,Xavánte
9909,arandu rehegwa nheꞌe omombeꞌu hesu ovexa rehegwa nheꞌe-rami ha upei katu heꞌi jevy upe pygwa-pe hesu: —amombeꞌu-ta pee-my anhetegwa vaꞌe jaike ramo xikero-py ovexa oi ha-my oke-rupi jaike vaꞌe ha imondahary oporosakeahaty vaꞌe ave katu oke-rupi ndoikeiry ojeupi ae ohasa xikero ari-rupi oike hagwa ovexa oi ha-my heꞌi —ha oke-rupi oike vaꞌe katu ovexa rerekwa voi heꞌi,Kaiwá
12051,paulo esekaremeki uyunkon paapaya moropai uyepotorikon jesus cristoya amiriꞌnikon pia tiwanmin tiri yuꞌse wai uyonpayamiꞌ moropai iꞌ kaiꞌma tiaronkon saꞌnama piꞌ aakoꞌmantoꞌkon ton tiri toꞌya yuꞌse wai moropai innape tikupikon piꞌ aakoꞌmamikonpa itiri toꞌya yuꞌse wai,Macushi
4491,tupan zeꞌeg ipyahu maꞌe ikatu weraꞌu izeꞌeg kwehe arer wi aꞌe tupan umumeꞌu aꞌe zeꞌeg kwehe arer moizez pe naꞌe moizez umumeꞌu teko wanupe ikatu aꞌe zeꞌeg kwehe arer ikatu weraꞌu zeꞌeg ipyahu maꞌe kury xaxeto kwehe arer aꞌe wa weruzar kar zeꞌeg kwehe arer teko wanupe aꞌe wa uzeꞌeg tupan pe teko wanekuzaromo tuweharupi wa ko ꞌar rehe zaneruwihawete wiko tupan huwa rupi zanerekuzaromo kury zeꞌeg ipyahu maꞌe heruzar kar pa zanewe kury,Guajajara
2343,kakiti uakatari teoso imarore kiikiteri iuaritika axapitiki teoso imarore apiata ikinipoko kakiti imarore poiaoka axapitiki teoso tapara apiata ikinipoko kakiti tapara poiaoka,Apurinã
10892,iweseomy uritere adee rybedu obitimy raremyhywesemy kaiboho ibutumy tuu botyynybenyke kia‑ki obitimy boibeke,Karajá
16203,yxan¹­ta¹­: — txa²­yain³­txi³­la³­ i³­yai³­na¹­tu³­la³­ yu²­na³­li¹­ yxan¹­ta¹­ a³­ne³­wxe³­yah²­lxa³­lxi¹­ je³­su²­jah³­la²­ wan³­txa²­ ta¹­hxai²­he¹­la²­,Nambikuára
1068,meho ni kot jejus kra gregrer ta nhum jejus korma kri pe petan kama simaw nhorkwy kama apkur o nhy simawja na pre hka kro xaper tyx o pa nhum jejus ra arigro ho ha akupym hka ho mex hamri ne akupym o kri hwyr poj ne orkwy hwyr te ne kuri apkur o nhy hamri nhum meho nija hpox a omu ne hamaxper o: —ma koja per jejusja pa ha apkati grere hamri ne ty an pa ma hwyr te ne mehkuxwa xa ho hkuxwa ane hamri ne ken jaka ho kax kam mehkuxwa xaja nhum kumy ne ma hwyr o te hamri ne ho hkra gregrer ne ha hkapir pa ne ho hkuxwa hpa mehkuxwa xa ha kaxpore xohto rax ta nhum a ha hkapir par ane,Apinayé
21649,miꞌi tote ti aika­ꞌiwat iesui ywyt sese wetup ok araꞌa­kasa tiaku e hap het rakat maꞌato miꞌi hawyi yt uwe i atiꞌa­tukuap itote iesui potpo­ꞌo­roria torania peteru hawyi tiaku atikuap hawyi miꞌiria yatype areꞌi­neꞌen  eꞌat hawyi areto e tawa ieru­sarei pyi,Sateré-Mawé
19715,ninguem pode servir a dois senhores; pois odiara a um e amara o outro ou se dedicara a um e desprezara o outro voces nao podem servir a deus e ao dinheiro,Portuguese
6295,ica iodaɡawa yapoace liwai jesus yatitalo apocenigi niɡijo noko judeutedi joɡodinoetege nalokegi odaa niɡijoa lacilodi judeutedi aɡoyemaa diɡidiaaɡite niɡijoa ɡoneleegiwadi midoataɡa licenaɡanaɡatedi deɡepaa eledi noko leeɡodi me saabado noko daɡaxa me ɡoneɡegi joaniɡidaa leeɡodi modipokota pilatos me diiɡenatakatiogi moninoketedini litili niɡijoa ɡoneleegiwadi anoyototelogo nicenaɡanaɡatedi owotibige me age me nigo odaa joɡonikatiniwace nicenaɡanaɡatedi,Kadiwéu
11305,aꞌeramu ajepeja ywagipewara ꞌga itayꞌa mojerepa nu ajepeja ꞌyrete mu ree nu eufrates ty are ꞌga ekoꞌwoka aꞌeramu otypawamu ꞌga naperamu aipo pe rupi ꞌwyriara ꞌga amu nuri kwara poawa katy awi,Kayabí
25983,tesaronita hawi timotiuhu nhimirowasu'u we na paru nori ito za'ra ze wasu'u tawamha timotiu ha ma to we apa wateme tiwisi za'ra aihawi za'ra wa'aba ma to aiwasu'u we za'ra wa'wa ha wei wama awisi wa te wapari ze za'ra di aiwasu'u we za'ra wa'wa ha cristu ha te u asina 're i'umnhasi pese za'ra wa'aba mo asimizawi pese za'ra wa'aba na te u 're anomro aba mo dure iwe na si te u wa'ama 're irosa'rata za'ra wa'aba mo iwazabu za'ra wa'aba da si te u 're asimipari za'ra wa'aba mo ane aiwasu'u we za'ra wa'wa ha wa te wapari ze za'ra di tane to wa nori zama wa te asabu za'ra wa'aba neza wa dure so mapari za'ra ni are wa te i'asabu za'ra wa'aba zeb zo,Xavánte
11212,saꞌa jane tee jarejeaꞌara kwaawa nan tee futat janeruwarete ꞌga ꞌagesagea tee ꞌga reaꞌara kwaawi,Kayabí
8854,ky sog fag men ag my tag to sor mu ge ajag pru to ha tavi nytimni cristo vy eg to ha ni eg ty ty ti tu nytin ky eg jagfy tog venh feg eg ty ty ti tu nyti je ky tog eg kykunh goj ty eg kygpe ky ti vi ty ke ge,Kaigáng
3326,aituo satanasram ajionly satanasram ajiompygueduo myani anju domodo saindyly jesus eyda atoram xuahuze idanara ize ato modo xuduze wara,Bakairi
17485,waiyoliniti iyateliti waiyexe enore isa halitini ana  corint xoare nere “enokoa xane” nita exakerexe atyo: hetati exoa ako katyahe hotohare hatyo najikinita eno xeta xane exoa ako katyahe hoka hatyo najikinita enokoa xaneheta hoka enokoa xaihako xane hoka tyotya waikohekoa enokoa xoaha ekaisetya hawenane kakoa maheta,Parecis
15143,—y da rahaeej dak judah buuj nadoo do sa moo go —nang mah —y da raky nꞌaa ejꞌees y da raky nꞌaa rejaa y da rahetsoos y da rahewyyh y da radajeeb kan —nang mah —tamawoob he ah y jawen paa ba y dꞌ gana wad kan —nang ma jesus,Nadëb
26194,me akukamareme na gam me me katat kute amijo ba kuni paro te paro ten paro ten arek me kamro kapin o te nhym metindjwynh arym meo ngryk ne kam gorma me ajabatanhma panh jare me akukamare ne me abeu jaxwe ketja bino kuretuw ne kam ijukri me ja paro tem tamta: arek o te ne kam djakarij berakij kute irja'yr box ne kam metindjwynh nho kikretime o ngonho ki kaexkam ipookri kubi e ba me ama are metindjwynh ne arym meo ngryk ne ne kam me akamingranyma arym panh jare me ga dja metindjwynh me akukamare kute me imex tumja panh me ajo ajke mramri ne ba me ama arenhkumrex nam a jeju mema ane,kayapó
23819,mɨsa me'rata mari wiogɨ jesu yee kiti nii pe'tiropɨ se'saa wa'a' macedonia acaia di'akɨ mehereta se'saro wee wee' nii pe'tirokaharapɨ mɨsa o'akɨhɨre eho peosere masi pe'ti tohama toho weera teere aperare were wee',Tukano
5423,felix renonde paulo rekokue ramigua omombeꞌua ague petei nhirui ara rire ovae sacerdote yvateve vaꞌe ananias nhomongeta vaꞌety kuery haꞌe petei ava ijayvu vaꞌera tertulo hery vaꞌe haꞌe vaꞌe kuery ma huvixa renonde ojexa uka okuapy paulo rekokue re ijayvu agua,Guarani
13184,yeyox te ham'aktux ha paniye yog xop te' xupak tu yeyox hah yixix kummuk hu' xox yixix tu tayumak ha kumiy hu' gay tu' yixix kummuk,Maxakalí
21531,miꞌi hawyi waku iꞌatuꞌe suraraꞌin hawyi haꞌup taꞌatusat raꞌyn miꞌi hawyi ti taꞌatumaꞌat raꞌyn miitꞌin — taꞌi ipotmuꞌeria teroꞌok ti iesui piit uruket kai iꞌatuꞌe torania pe miꞌi ta iꞌatuꞌe mio ta e hap ti mesup te topyhuꞌat koran te mio ta iꞌatuꞌe iuteuria toꞌope,Sateré-Mawé
349,ynara ako roke ma ritonopo kyya xine “umukuru jezu kyrixtu enetupuhtoko” ako mana “imehno pyno ehtoko” ako roropa mana kyrixtu namorepatopopyry saaro,Apalaí
17976,— xala xamaniya atyo tyakeko ityani hoka hatyoiya atyo maisa kaxawatyakita hoka xala xamaniya atyo maisa tyakekota hoka hatyoiya atyo waiye xawatyaka maisa tyakekore haterore enore ityani hoka xaokanatyakalati kaoka halitinai ana xakore hoka makaliroti waiyeta enomanaha iniyalahare nomaseharenai hoka hatyo hiyeta waiye xawatyaka aokita enore,Parecis
23051,juda jesure i'ya tu'tirare o'ogɨ ke'ra tee oliveira niirore masiwi jesu too dɨporo pehetiri ɨsare sɨ'ori sihawi toho weegɨ masiwi,Tukano
19512,portanto santos irmaos participantes do chamado celestial fixem os seus pensamentos em jesus apostolo e sumo sacerdote que confessamos,Portuguese
22176,yane ina kopuhikopo evo poulu meukeke hara kixoa: —‍unaem kuti ngonoko motovati indeova ne mbahunevo,Terena
19308,inclinando-se para jesus perguntou-lhe: senhor quem e,Portuguese
11680,aꞌerauwe jejui ꞌga awau ꞌga nepejana opo mowyka ꞌga nee —pekyje awi peꞌje pejejua pejefuꞌama— ꞌjau ꞌga ꞌga nupe,Kayabí
7413,jesus'ga omondouka mbatera cinco milva'ea pe aere ojivyrame jesus'ga pyri jesus'ga moiruhara'ga dozeve'ga imombe'upavi gwembiapoa ga pe ojupi jesus'ga ga nderohoi jara'ga hugwi a'ero ga nderogwovo ongae'yi me cidade kotyi ve betsaida kotyi ve,Kagwahiva
12059,miriri eta tiuya pe teepiremasanon esanon yepotori ekoreꞌmaꞌpi kureꞌne miriri yeꞌnen tipon karakaꞌpiiya —iniꞌri imakuiꞌpi inkupiꞌpi yuwapai pra man —taꞌpiiya —imakuiꞌpi pe eeseurima paapa winikii etaꞌnikon man oꞌnon yeꞌka pe epuꞌti piꞌ naati iꞌ yeꞌka pe ikuꞌpai nai —taꞌpiiya —iwipai man —taꞌpi tamiꞌnawironkonya,Macushi
14612,— ocekukukat — fariseuyu o'e cebe — ka'uma buk ocejojojoiap egubapuk cuy ocewebeam — io'e ipimen tak moises ekawen imutaybitbin'ukayu o'e jesus pe,Mundurukú
20842,iwaze deus ahasuk ty ahabo nyny my ikiahatsa deus humo jokboha zuba ahaspirikpo zeka atahi ahanamy ty ahabo nyny my — niy — iwatsahi mytsaty mytsaty byitaha batu tyso: “amy ty sa tsimymydisahanaha amy sa tsipikunaha” niy kytsa deus humo batu sispirikpo iwa mytsaty nikaranaha deus ahazo tsihyrinymyreta ahasuk ty ahabo nyny my ahazo bijoikpe eze tuze ahasoho humo tsihyrinymyreta atahi ikiahatsa bo ahadisahawy ty nyny mykara ahasuk humo kino niwatihi nyny mykara ikiahatsa deus tyryktsa bo mytsaty tsimykaranaha iwa mytsaty tsimykaranaha zeka deus ahanamy ty nyny my deus ikiahatsa bo ahanamy ty nyny mykara — niy iwa sesus sizubaretsa namy soho humo nisispirikpoko,Rikbaktsa
745,mame ynara ako ase ya rokene ohkato ke senohne nae toehse hano ymokomory enahpyme nase ynapyry tokehko enahpyme nase tuhke jeimamyry aropoko ase oseremako roropa ase otuhnoko potu ase eukuru enoko roropa ase takye roke ase” ako mana tymokomokemy tyya rokene,Apalaí
3404,koenda lela aitaunga anguy aga tamekygueba idanara aga koenda lela mitomoem cristo eynyna ypemugudo inakanhe kula amaieholymo watay tapeanzeba itaunga “pabai maka ayetobyry tutuzela ama” kewataunga deusram makala mawanka ise inagazenimo enagazenehoim wara deus itaumbyry awo waga iwenibyem awyly: “ ‘inweanimoem kehobyry ura uraem ityby modo enagazeni enagazeze ura’ kewandymy deus”,Bakairi
1808,jejus akupyn wryk kukama me kot amnhi tomnuj jutre - ne jejus akupyn me pahwyr wryk xwyj ri me kot tanhma amnhi nhipex toja kot paj hpanha ixpri ha ama hare ka inhmar tyx ne ximotre koja jejus akupyn me pahwyr nojaret pu me pahpe hkwyjaja pahpunuj ne papa ne kris kwy hket xwynhjaja koja me amnhi pix kukama hamaxper o pa • jao hikaxpore rax o pikupronh pix kukama hamaxper pe hkwyje pe oxy htyx o pa • ne memoj ta amnhi to jarkrar o pa • ne tanhma hkwyje japry hto ho pa • ne me hipeexa ne me katorxa ha hpijaam ket o pa • ne tirtum a hpijaam ket o pa • nhum meho tanhma me ho mex to nhum me amnhi ta me omu ne am me omu ne amnhi ta tanhma me kam ne hket ne ry me kam: “na am hamri na ka a ixto mex ane na ja mex” anhyr o me kam kaper ket ne • me ukapri hket jakama koja meho tanhma me homnuj to nhum amnhi ta me omu ne kama gryk kure kumrex ne aa gryk o hapex ket ne • ne amnhi ta tanhma hkwyje ho hex to ho pa • ne htyx ri kam hpram xa hkot tanhma amnhi tomnuj to • ne opre ho pijapu pix kukama hamaxper • ne axtem ne kam memoj mex pumunh pram ry memoj mex mar pram ket ne • ne meho ho hkramnhwy hta axtem ne me kam me hkure xwynhje nhihkram haxa • ne hamaxper mex ket o tanhma amnhi tomnuj to raha ho ri pa • ne amnhi to runh o me piita me hakrenh par a amnhi to jarkrar o ri pa • ne amnhi kra hkot kam amnhi nhipex pram xa hkot amnhi nhipex o pa ne kam tirtum kam pram xa hkot amnhi nhipex pram ket ne,Apinayé
23246,mɨsa  wame yeegɨpɨre yeekahasere seri ya'a dutira o'oo'kara niiwɨ kɨɨ keoro yɨ'tikɨ niiwi,Tukano
15243,—tii ba ta baga nꞌaa ky hadoo da hahyy da: “baad be y maherꞌoot hahyyh: sahonh he haj y hedoo do ha ha y hꞌyy kaꞌeeh do ha be badꞌoo do paah rahyb nꞌaa sekog its ne paawa ha y ne he ti tii dꞌ be badꞌoo doo ne hup y ne he ta ti y herꞌoot doo” nang da ta baga nꞌaa baad habok do sa ha,Nadëb
2893,ininia ninoa atapakasaakiri ipoa nopini itipokotini ninoa uakatari kamiri ininia ninoa akiripoakata ininia iua misakiretana: —kataparaxinire hitxako notakara na hipikarauatape —itxana imoianariakori,Apurinã
8182,tope mre sog vemen ti ti ty ajag jagagtan pe han je ti ty ajag kri kupra pe han je ti ty ajag ty jagne to ha tavi han je ke ge,Kaigáng
12302,miikiri ekaranmapoꞌpiuya “aniꞌ kin amiri uyepotori” taꞌpiuya moropai taꞌpiiya upiꞌ: “uuri jesus nazare poinon manniꞌ itarumaꞌti piꞌ aakoꞌmami manniꞌ” taꞌpiiya,Macushi
24598,natac “chay anchish rayucunaca nishanta isquirbisha” niyaptimi uyalilu janay pachapi cay nimuta: “shun'ullayquichu uywanayquipa cay anchish rayucuna limamushanta ama isquirbiychu” nil,Urubu-Kaapor
12598,paapa pemonkonoyamiꞌ amiriꞌnikon judeuyamiꞌ amerekon piꞌpi yaꞌtitoꞌyaꞌnikon wani yeꞌnen miriri wani mori pe seruꞌ pepin yairi moises nuriꞌtiya yenupantoꞌ yawiri ikupiyaꞌnikon ya tiise yawiri pra awanikon ya manniꞌ timere piꞌpi yaꞌtitipon pepin waranti awanikon yaꞌtitoꞌyaꞌnikon wani seꞌ tapairi miitoꞌpe,Macushi
11681,—saꞌa jukyra resagea futat numiamu aꞌere kumi pype omonoramu nomeꞌei futari aipoa jukyra niaꞌwyri futari aꞌea jukyra numiamu aꞌere namuei mamaꞌea aꞌeramu ae imonou imomoa yty apyꞌrarimu nan tee futat je rerowiar awi opoit maꞌe ꞌga— ꞌjau jejui ꞌga ꞌga nupe —ꞌga amu te nipo ajee mamaꞌeaya ojeupe ijesaukaramu opoit je rerowiar awi ꞌga je rerowiaa numiamu— ꞌjau ꞌga ꞌga nupe —ee pejejeapyoweramu ki peapyaka katu jejeꞌeg are— ꞌjau ꞌga ꞌga nupe ꞌga nerawau ꞌga nerekou,Kayabí
20543,pariseutsa sesus bo nikozotoktokonaha sesus nizokparakanaha iwatsahi iktsaziu nikaranaha: — o mybyrykywyze ja hawa pizororowy — mytsaty nikaranaha sesus soho iharerewabymybarakanaha sesus moises harere bo batu yhy nizihikiknaha iwatsahi pykyhytu ibo iktsaziu nikaranaha,Rikbaktsa
17151,awa atyo hatyonai akereta xiraexatya xexe enore atyo koxaka otita xoalini hare xaokitere xiyaxane nahitita,Parecis
8141,ky jesus tog fi my: “inh ha ve” he mu “u ty a mre vemen jen ha ve” he tog,Kaigáng
1291,hamri pa me kutep api ne kri kama me kot jejus kot axpen to hto ne htox xwynhje japer o mo hamri ne nhyri me omu ne me hkot ri ixpa ho ixta u seman nhum prem tirtum karo nhy ha pawre ma kaper ne kam: —kwa pawre me inhma kot ka jerujare hwyr poj nhum xep me kam akure xwynhjaja tanhma anhipex to tirtum karo na a akukama me inhma ajarenh ane jakama kwa hwyr amor ket ne na pa me tee ri akukama ijamaxper ane,Apinayé
7402,mara pendeaporogita naeru ndapejikogi pe jesus cristo'ga rehe naeru pekwaha hete ti pejiyvyteri pe pe napembaragwahavi cristo'ga jikoty'ara rehe penhipavei naeru po cristo'ga ndojikoty'ari pe pavei a'ero po pe cristo'gareheva'ea rui hamo,Kagwahiva
9158,—mbaꞌe pa ereipota xe ajapo nde-vy heꞌi gwemimboꞌe-pe,Kaiwá
24326,chaynutacmi mana suma chalapacucunachupis paynu cawsaycu tacyaycachiyniwan chaymi imanuy cashanman mayanmannupis lluy muyuycu waquillantapis imanuypapis jesusman cutichimunapa lluy caycunacta lulaycu allin willacuynin-laycum chay chasquicucunawan taytanchic unanchaycamashanchicchu caycalinapami,Urubu-Kaapor
18010,avakadiania ohojana kari a'onira onava'isohivini hi'iki ida deus ija'ari hahavi-ra vaka'da'divini bana oogaki ida hora avanokijanaravini bana,Paumarí
6138,inatawece niɡina ane beyagi icoɡotiwece catiwedi ɡodaaleɡena odaa jeɡeo me napioi ɡodaaleɡena”,Kadiwéu
25374,paru ha 're ihaimana u'asi mono ama iwataze wasu'u 're ihaimana u'asi mono ama si wa za 're wawata u'asi za'ra taha ma si tama waihu'u pese di te te 're iwa'apawapto mono zeb da ha zezu cristuhu wasu'uwe ha wa te 're isaze za'ra mono ze ha wa te 're reme za'ra mono ana wanhiptete u'asi ama 're iwanomro mono zeb da ha taha wasu'uwe ha wa to te dama 're wasu'u u'asi dureiha iwasu'uwe ha 're ihaimana u'asi mono te te dama 're awaihu'u mono o di iwasu'uwe ha dama sa'rese ana ma to are 're danomro tane nhere ma to 're ihaimana u'asi mono ha iwasu'uwe ha dama waihu'u oto isadawa wasu'u 'rata 'wa nori nhimi'ui'ere hawimha taha wa te oto isimiwada'urizeb zarina si da te 're waihu'u za'ra daro mono ba da te ama 're isazei pese za'ra mono zeb da ha dure da te 're iwapari pese za'ra mono zeb da ha oto,Xavánte
21197,miꞌi pote iesui tiwesat — ewanetup hawe apoꞌere sio etimohey sese iꞌatu­po­rekuat uito hap sio iraniaꞌin henoi epe uikuap hamuat e iesui morekuat pe miꞌi hawyi piratu tiwesat — uito ti yt ewat eꞌywania iuteu ewywuat hin i e eꞌywania paꞌi koro koꞌi eerut uhowawi ekuap hamo sio waku en sio yt naku i e hap kuap hamo e pyno kat som yt nakuap i etunug uhyt e piratu miꞌi hawyi iesui tiwesat — uito ti mesu­wa­rotiat more­kuaria yt ewywuat i are uito yt miitꞌin poꞌo­ro­kary haty wuat hat i e atiꞌa­tu­po­ꞌo­ro­kary uhemiit yt epoꞌoro hat morekuat sesa yt ewy i uito e morekuat kahato areineꞌen maꞌato yt mesu­wa­ro­tiaria ewy hin i e mesu­wa­rotiat morekuat uito pote meremo uhemiitꞌin uhesu­ra­raꞌin atiꞌa­tu­po­ꞌoro uika­wiano hamo mesuwe miꞌi hawyi meremo tuꞌuka uika­wiano haype e miꞌi pote iuteu ywania yt uipo­pytyk kuap i are maꞌato uito yt mesu­wa­rotiat more­kuaria ewy hin i e iesui,Sateré-Mawé
21923,iraniaꞌin teꞌe­ra­haꞌat kahato ahowawi sio pywo pe wato­mohey sio yt hap kape miꞌi pote aheineꞌen hap mesu­wa­rote aikota iesui ewy hapyk kahato rakat ewy waku wato­py­huꞌat are uiwy­riaꞌin waku watunug hapyk kahato iꞌatue­hamo miꞌi pote meiuran hoꞌopot hap eꞌat putꞌokꞌe iꞌatuete hawyi meremo taꞌa­tu­mohey aikota aito hap ewy miꞌi hawyi tupana motypot hap ete aikota aiꞌewy tukup­teꞌen hapyk kahato watunug wakuat pote mesup iꞌatu­mi­ky­ryꞌi hamo watoi­neꞌen wato­mohey iesui pote — yt naku i nug haria iꞌatuꞌe maꞌato yt pywo pe i katu­pono aikota wetup ywania miꞌiria tukup­teꞌen yt tupana ywania hin i yt aiꞌe hap ewywuat i miꞌiria,Sateré-Mawé
23419,ape nɨmɨ yɨ'rɨaa etawɨ taha cesareiapɨre toopɨre eta ɨsa filipe o'akɨhɨ yee kiti were kusiagɨ yaa wi'ipɨ kariwɨ kɨɨ me'ra toopɨ tohaka'wɨ filipe too dɨporo jerusalepɨre apera seis me'ra ba'ase etiakɨhɨ naa bese kuu'kɨ niiwi kɨɨ me'ra kɨɨ po'ra numia ba'paritira numia marapɨ sɨmɨa moora niiwa naa o'akɨhɨ kɨɨ uuku'kere were turiara niiwa,Tukano
10971,jesuisi rirawyonyre: —inatyhytyhymy adee ararybekre kaiboho deuxu riore habutyhyhykyde biroobenykeki umytuedeona bitabenyotyhy ihalubu biobenykeki umytuedeona‑di aoko atxitenyteri inyo waderodu wahalubumy momodu tii umytuedeona‑di ratxireri tii tahe ikonana txuu rubu‑ribi adiixixanykre,Karajá
26531,myj xebe ne metindjwynh kra ar bir metindjwynh kra ne me kum axwe pram ket ne kum kamy jabe kum gwaj baje jeju kabenkot o bakamyja jabe kum kamy jabe gwaj arym kot mema bakaton me omu me jabe ne metindjwynh kra ar ja ne gwaj omu myj xejabe ne xatanaj kra ar bir xatanaj kra ne me kum axwe pram ne kum gwaj bakamy jabe ket gwaj kam arym kot mema bakaton me omu me jabe ne xatanaj kra ar,kayapó
18054,deus kabadani danoki jahaki ipohiki hari oniaroa jesus athi avavaadahaoniva abonoa bada vani'abakhiaki ida deus kabadani danoki oniani ida vahoariha vanokivini vakava'ibodivaranivini hija rajomi ida badani danoki deus kabadani hini deu-ra khai vani'avini kagorani kavasiribanini bodinia jesus athi-ra vanaaba'iki vajoronibakhiaki amokhini kani ida salomao ibavi jesus athi-ra vanaaba'ikia vavajoroni'iki vahoariha va'ora vavajahaki adani jesus athi-ra vanaaba'iki varani jahakia va'ora vakanavaranihavini kaba'i vifiniki ida vajoronina vakadiania jesus kania vaabono gahinai vanihaki makhira gamo vihiki vaipohiki oniani ida va'ora ana'ba'dibakhiaja mahi hahavi,Paumarí
12040,miikiri paapaya toꞌ karawatoꞌ yaꞌmananipi toꞌ yenu parukon iniꞌ toꞌ karau namai tari aniꞌ saꞌmanta pepin aniꞌ esewankonoꞌma pepin aniꞌ karau pepin iniꞌri aniꞌri neꞌneꞌ moronka pepin maasa pra pena iꞌ kaiꞌma koꞌmannitoꞌ miriri esuwaꞌkaꞌpi yeꞌnen —taꞌpiiya,Macushi
20443,atatsa ibarikta atatu zeka mektatu ba ziaksenaha pihuahua zeka mybarawy ezektsa sopykwy tihi: — atatsa batu imysapy — maha ibarikta mohyrikosokda zeka mektatu piakse zeka wasani my ibo tahyrizikwy zeka mybarawy ezektsa sopykwy humo wasani my,Rikbaktsa
15368,ti mꞌ jesus moo dag ta ha ti mꞌ taky hadoo: —ej y karen —nang mah —hasꞌoo dag —nang ma ta kyyh ti mꞌ nayyw he ka mꞌ ta nahee badoo wat hasꞌoo dag kan mah,Nadëb
10021,jesuisi rexitoenyreriu tii tamyreny rexiwitxiranyre iu rexitoenyreu ityy heka urile rabotoranyre iurahakymy relere tahe tamyreny dexitynynyde eliasi moisesi‑wana tahe rarybemyhyre jesuisi‑wana jesuisi rubunamy jerusale hawa‑ki widee rarybemyhyrenyre kia deuxu bedeywidyynana myna pedroboho rororenyreri idi tahe rexixarenyreu tiiboho jesuisi loosonamy robirenyre eliasi moisesi‑wana tiiboho tuu robirenyre,Karajá
7134,orojuvame pe pyri ore ere'ei pe me ikwehe'i: to'uyme ti ga – kiroki ga ndoporavykypotari okovo tapemondoi ti mbatera ga pe a'ero oro'e hete ore ikwehe'i,Kagwahiva
11551,kwaiwete ꞌga ꞌjau: —sireko tywet ꞌga ꞌjau— ꞌjau ꞌga ajaupe aꞌere ꞌga juru awi tata ruri wereko tywearera ꞌga apisau,Kayabí
22122,kene aza njozafa itukoa ha'a kene njozafa njoraum itukoa ha'a kene njoraum uziya itukoa ha'a,Terena
6128,codaa domaɡa nibeotibigege paulo daɡa yediatece dinyeelo liikoa me ikatice joaniɡidaa leeɡodi melioditibece menidita paulo me dinotaɡaneɡetege,Kadiwéu
14184,— ade mabuk on imuwen pin eywebe gasu bit iba'ore eywebe eyetaybin am wekawen eyguycugcug cica buye — io'e,Mundurukú
4188,moizez weruzar tupan zeꞌeg uzekaiw katu hemiruzeꞌeg wanehe tuweharupi umaꞌereko iko tupan pe umumeꞌu izeꞌeg oho iko purupe no,Guajajara
20756,aba atsikara baba soho ahabo motsasoko ana ty tsimymydisahanaha zeka ba zikumuzanaha ana hi bijoikpe iknykyry deus tuk mywahi tsimynapykyryknaha — niy utakta hi bijoikpe iknykta my mybarawy ezektsa bo iknasik myzubaha mekywatsatu ziyziknaha iky kytsa kahumo sispirikporetsa mohyrikosokdanahaze deus tuk tahawahi mynapykyryknaha atsikara ty sibo nyny my ana hi katsani katsani ty mybarawy ezektsa bo nyny my iwatsahi mynahyrizikponaha asahi deus tuk tahawahi mynapykyryknaha,Rikbaktsa
3702,— tala mara nady ewy tyguyreim duaxi ihuguewadyby ago taise wane newiseba ola tuahuze mara tyguyreim awylygue tala lapyla ara deus itaumbyry idataynrim modo deus tainwansemo wane xira onro anaym adienkyly modo waga kula ola aseguadadylymo toenzepa adype taidyly kula toenzepa tydinherugadyly kula wara ola ize atomo kurado tohoguedyly kula ize atomo awylygue deus nhenananehonlymo deus itaumbyry nidapyra iwaga napaunzebyra wara idylymo deus waga anguyram aguepa idylymo wara,Bakairi
15888,ananijas sapira daheeh rawadꞌii paawa do panyyg nꞌaa hahyyh sa mahang ti awat ma ajꞌyy seeh ta had ma ananijas ta yym sapira had nang do daheeh reseem hom ma na-aaj he tob hood panꞌaa sa ma paah,Nadëb
14275,— ijo buje dao ma epeju juy jesus eju etaybitbit topibiyu kay — io'e aoyu be — i juy epe'e cebe ip: “jesus waram guto o'jetait cum eywap galileia eipi be iboce ixe juy epejojojo” i wekawen kay gebum cuy eyju — io'e cebe ip- -deus ekawen tojotjot'ukat o'e — hm hm — io'e ip,Mundurukú
26762,nhym 'y kwy mrynhikam rorok ne kam mrynhime ro'a ingrot ne nhym kam prine o akno,kayapó
6474,aneotedoɡoji eote me ɡodiwoko niɡijo ane domaɡa ɡoninyaagi codaa eɡeote me ɡodiwoko aniginoa eletidi ane doidetedoɡodomi codaa jinakatonaɡa codaa jiɡidaaɡee me inibeoonaɡatege me ɡodatamaɡateetacetege okanicodaaɡica ane doidetoɡodomi ǥodatamaɡateetetege ɡoninyaco leeɡodi mipokitoɡolocotiwaji odaa jiɡidaaɡee me ɡodaxawaneɡegi enice ipokitoɡolocotiwaji miniwataɡa aneotedoɡoji amaleeɡaɡa eliodi oko odiniotagodetalo aneotedoɡoji niɡina nige nibodicaɡa me ɡodatamaɡateetetege ane domaɡa ɡoninyaco codaa ɡodibinie,Kadiwéu
5424,— ovyꞌa ete ꞌra ivai rei eꞌy vaꞌe mbaꞌeta haꞌe kuery peguara yvy itui,Guarani
9207,—aipo ramo cesar-pe imbaꞌe emeꞌe ne mbopaga uka ramo emeꞌe jevy ixupe ijary-pe ha nhandejary-pe katu hemimbota emeꞌe ixupe heꞌi huvixa kwery-pe hesu —hasy vaꞌe-rehe jepe nhaporandu ramo ixupe omombeꞌu pora joty heꞌi hesu-rehe opondera-vy hikwai,Kaiwá
10735,ityhyna heka rybewihiky‑o iny roholamyhyreu rityhydyymyhyre kristu ityhyna tamy kedehemynykre rybe wihiky oraru‑ki wahe,Karajá
15123,ti mꞌ pꞌop haga do tob nꞌaa yt ha moo hebꞌooh do sa wahe nꞌaa pꞌop haga do tob nꞌaa haga nꞌaa jesus rabahapah ba nayyw he rageeej bong: —mepeem dag mepeem dag —nak mah ti mꞌ pirato ky hadoo: —be ne he hepeem dak y ti dooh y awꞌyyt pe ta ha ky nꞌaa ketyy do ha —nang ma pirato,Nadëb
3687,inweniby deus itaumbyry awo waga enanaguewadaunga: “mohomaendyze mataymo kywymary anhetyby waga lela ohomaendaunga” wara iwenibyem awyly,Bakairi
12839,moropai pilatosya tabua pona imenukaꞌpi moropai itiri meꞌpoꞌpi pakiꞌnan pona jesus nazare pon judeuyamiꞌ esaꞌ taatoꞌ eꞌmenukasaꞌ waniꞌpi mararonkon pepin judeuyamiꞌya miriri erenkaꞌpi maasa pra jesus wiꞌpi toꞌya aminke pra cidade pia moropai miriri eꞌmenukasaꞌ waniꞌpi eseuriwiꞌnankon maimukon ta judeuyamiꞌ maimu ta romanoyamiꞌ maimu ta moropai gregoyamiꞌ maimu ta aweꞌmenukasaꞌ waniꞌpi,Macushi
2762,erekari hikamakasaaki kakiti inirekari imisiritinii,Apurinã
21644,waku eweiꞌe eipyꞌa pe — uito areke teran pai areke teran an mekewat okenꞌypy yt iwato i rakat ewywuat pe areha­kye­raꞌat hap pueti hamo waku eweiꞌe at kaꞌap eipyꞌa pe are yt naku i — waku muki­ꞌite areke eweiꞌe hap ewy eweiꞌe are katu­pono meiuran ti aru iꞌatu kahato tuwe­hytꞌok teran atipy pe aikope tupana toineꞌen morekuat no hap kape wen maꞌato miꞌiria yt tuwe­hytꞌok kuap i katu­pono wehytꞌok hap motꞌi poityꞌi rakaria — muki­ꞌite waku areke saꞌa­wyꞌi iꞌatuꞌe pote e haria pote e yt kat i typy okenꞌypy atipy kape eweikat ro mekewat wetup yn okenꞌypy uiꞌywot kape hap e iesui tuwepiat,Sateré-Mawé
