index,TEXT,LANG
19111,disse-lhes entao: a minha alma esta profundamente triste numa tristeza mortal fiquem aqui e vigiem comigo,Portuguese
22882,keanenoe itinoe apeti ahinoe konokoti peni kixeaku ne yahinoe hako vaherexinoa yiuho keha'ainoati pikeopi vo'oku yexi apeyeamaka yunae vanukeke unaemaka ne yahinoe yoko kitikokonenoe nonekuke,Terena
24843,chalapacu-masicuna imanuypi ayasha capacushayquitari licacaycaliy chay yachayniyucunanuy puydicunanuy alli ca ayllucunapi manam achcachu capaculanqui,Urubu-Kaapor
17475,— xekohaseti koamaniya nawenatyaka tehitiya atyo hatya haliti perolanai niyasehare akereta hoka kaoka hatya perola kaloxaimanexe hoka tyotya betetya haxiyeharenae haikoaheta hoka hatyo sehalise perola iyitere akereta atyo,Parecis
10401,ixi itxenadyyomy inyo bedeerymy ixi‑di rohotinykeki raitxyteke tai tahe bedeery inatyhy‑ki rareke kabede bede eryna tahe deuxu dee itxytena rare kia ritidyyna‑ki tahe roire: —bede erynadu tyhy tabedeerydyyna‑ki deuxu‑o roonodyyre,Karajá
8929,ky tog kron mu festa to paꞌi en ti ha ra tog ty vinho ni sir ag ty run ja ti ha ra tog ki kagtig ni festa to paꞌi ti u ty festa ki rir ti ag ha vy ki kanhro nyti paꞌi en krem ke ag paꞌi ty vinho ha en kron ky tog un prug mu en je prer mu ky tog ti my: “venh jykre venhmy han a” he mu “ag ty kronkron ven ky a tog ag my vinho ha tavi nim ke mu ve kar ky vinho pagsi vy ha ni ve javo a tog ag my vinho pagsi en nim ven ky a tog vinho ha pe tag nim sor mu ha vaha” he tog festa to paꞌi ti un prug mu en my ha ra tog ki kagtig ni jesus ty goj ty vinho ha en han mu ti ha ky tog ti my e ti ti ty festa kuju ki vinho ha ven sor ky,Kaigáng
18754,oniaroa  iscariotes jesus kava'ahi 'badara bini'aha: —jesus vara hora ivani'amanija koda jokoa ira oarakharihi jesua bini'aha: —ivani oa hora iarakhaja bana,Paumarí
8175,jesus ty a ter ke to man ky jesus tog jerusalem ra tig sor mu ky tog vyrmy u ty  ke en ag mre vemen mu ag ty a mre epry jagma mun ky tog ag mre vemen mu ag ty emin jagma mun ky,Kaigáng
20257,abaka katsa batu wasani tsimykaranaha batu isapy tsimykaranaha tozeka ja homa ezektsa sipehatsa mype maha: “tsinazuzuknahaze batu wasani tsimaha hawa tsimaha ahabete sa nymyryhybyitsa tsimoziknaha iwatsahi tsinauzuzuk tsihikikzonaha batu hy ziky” iwa zeka myty sinini mykaranaha mype tysoso byitaha — niy niytahi kytsa pe: — nabo paotaha — niy yhy nikaranaha ziksizonaha,Rikbaktsa
12539,miriri yai oꞌmaꞌ yarakkiri tiweꞌsen warayoꞌ waniꞌpi jesus eraꞌma tiuya pe miikiri entaimeꞌpi,Macushi
1239,ta nhum jejus hkot me pa ho me pa xwynhje meroha ma akupym amnhim hikranh xa ha ixkreja wyr mra ne hwyr agje ne hkri hamri nhum jejus kot me pa ho me pa xwynhjaja amnhi ta hkukja ne kam: —kwa me inhma memoj jare pahihti na pa me tee ri axwakre kama me hkrata ne mekaromnuti janor kapry kwa mon pa me apyra ne ja ho anhyr mex ket ne ane,Apinayé
23392,pedro  wiora tiropɨ naa wa'a'ke nii' pedro ke'ra naa masare uukuri kura sacerdotea api o'akɨhɨ wi'i ko'tera surara wiogɨ apera saduceu masa naa tiropɨ wa'akara niiwa wa'a pedro  me'ra naa masare bu'ese bu'iri puuro uakara niiwa pedro pe'e a'tiro nii bu'ekɨ niiwi: —o'akɨhɨ kɨɨ makɨ jesure weri'kɨpɨre masokɨ niiwi toho weera mari masi' mari ke'ra werika be'ro tohota masarasa' nii werekɨ niiwi pedro saduceu masa nee eho peotikara niiwa masa werika be'ro masasere toho weera pedro masare toho niika tɨ'ora puuro uakara niiwa ua pedro joaore ye'e bu'iri da'reri wi'ipɨ soroo dutikara niiwa naare ye'eri kura yamika'pɨ niikaro niiwɨ toho weera tii ɨmɨkohoreta sacerdotea wiorapɨre were saa masitikara niiwa tee bu'iri pedro ke'ra tii yamire bu'iri da'reri wi'ipɨta duhika'kara niiwa apera o'akɨhɨ wi'ipɨ naa bu'esere tɨ'o'kara pahara jesure eho peokara niiwa too dɨporopɨ jesure eho peo mɨ'ta'kara me'ra niira ɨmɨa se'sarore ba'pa keoka ni'kamukasetiri mil niikara niiwa,Tukano
2016,xairo amanaakiti pirena xesosi kanapiripe ipoa ipiriatini apokitakasaaki kakitipokoni apakapari xesosi ipoxokoniritikana ninoa iatapanatari iua ipinia iua auakasaaki,Apurinã
7009,—‍kiroki ga okwaha – ga pe po ti tupana'ga ikwahavukari koji'iva'ea nehe a'ero po ti ga ikwahahetei nehe ei jesus'ga kiroki ga ndokwahavi – po ga ikwahavi xunhiva'ea a'ea vehevi po ti tupana'ga imoka'nhymbavukari ga pe nehe ei jesus'ga,Kagwahiva
16568,nxa²­ha¹­te¹­ i³­wa²­lu³­xi²­ya³­ti³­an¹­jau³­kxai³­lu¹­: — txa²­hxi²­kan¹­jah¹­la²­ a²­ten³­jau³­su²­ ha²­kxai³­ sa²­si¹­ha³­sain¹­na²­li¹­ nxe³­ya³­ta¹­hxai²­he¹­la²­,Nambikuára
6244,jiɡidiaaɡi pedro niɡicota ica ɡoneleegiwa ane liboonaɡadi eneias joneɡeote oito nicaaɡape midi miwooteloco nipe one alejaado ane daɡadiaa ditineɡe,Kadiwéu
5289,mbaꞌeta penhombopagaague rami ae ꞌra pee ju penembopagaa haꞌe joe pejapoague rami pendere ju ojapoa ꞌra,Guarani
3119,pyma jesus odopaduo xina agala ise amaemo maka enado “tessalonica donro asaemo eagamo awaga xina agueday ainwanda asaemo tazenagazeoly umela ainwandamo” keze xina jesusram aituo ise xinaram aguely: “iemary koendonro amaemo” kely xina aguehobyry waga ola mainwandylymo akelo anano modo jesus nheinwandylymo lapyla wara adaimpani wane tapywado tienmakeduo tuomazeze myara xina iomazely jesus tainwanse mawylymo tiuntuduo tapywado tienmakely-ro waunlo ara kehoem toenzepa lelala xina adawily xina iomaru wara jesus mainwantomobyry waga pyma jesus enadoram idaypyem “ainwanipyry modo asaemo awaga xina agueduo” keze xina,Bakairi
13640,ya topa yog tappet te: “'ate yay nom kutnaha' ya' max no'om ya takat 'uxip putup komen xiam tu' ha kaxiy miptut miy xop te' yay kutnaha mikaxxap takat tu nomha' miy 'ukupkuniy ha kaxiy nom te yay yog xop ka'ogaha' tikmu'un te nom kopa' kuxa mam tu yayhahup putup 'ohnag ya' kuxa hittup” kaxiy,Maxakalí
18123,oniaroa jesua bioga'iki ida vakadivarani nahina hini va'ora ni'aha: —jakana hojava kaho nahina kaimoni athi khanakia avani'aki hida gamo jahaki ida kidibadani kodimoni hini,Paumarí
2033,xesosi oerekaua setxi imoianariakorimoni ati oti xesosi oerekaua iuaikana imoianariakorimoni ipoa txiperiatxi inakori tinia ia atoko iua oerekaua:,Apurinã
9716,gwugwai-py oity yvay-gwi jasytata ko yvy-rehe mbohapy hapyha jasytata ombotyryry heity-vy upe kunha hyegwasu vaꞌe oi upe-py tejujagwagwasu katu hoꞌuse-ma imemby-pe hoꞌuse-gwi oho-ma ohaꞌaro kunha imemby pota vaꞌe-pe imemby-ma ramo hoꞌu-ma hagwa moꞌa imemby,Kaiwá
16873,yxo²­xun³­txi³­ kwa³­na³­nxtai¹­nha²­kxai³­ i²­u³­nxtai¹­nxa³­kxan²­ti³­ u³­yho³­hain¹­yah³­lxi¹­nha²­kxai³­ i³­ki³­ha¹­kxi²­nxtai¹­nha²­kxai³­ i³­kai²­nxa³­totsih¹­nxa²­lxain¹­jau³­su²­ nxe³­nxtai¹­nha²­kxai³­ wxa²­yxo²­su²­nxa²­lxai¹­nha²­kxai³­ nxe³­nxtain¹­ta¹­he¹­la²­ nxe³­nxtai¹­nha²­kxai³­ hai³­txi³­ wa³­lxi³­nha²­yain¹­yah³­lxi³­ta¹­hxa³­nhe¹­la²­,Nambikuára
13914,pa 'axop xohix te topa pupi ham'aktux 'iha' kuxa mam hok xop moxakux puxix ham'apax tu yay yog hapxopma'ax kummuk tu' yayhahup ha topa te' kopit putup hamun te hamyummug hah ha topa te hampe'paxex yummugap-tup yiy nu'xup putup 'ukuxa te' yey tu' tu: “ya hamun topa te 'axop mutik pip” kaxiy,Maxakalí
3695,aguelymo: — messiaslaka ama deus ingonotybyla xina kazenokuda — kelymo aituo myani jesus in-hoguly: — akeala uguely-ro watay yeinwantaymba ise amaemo apaiguelymo-ro watay “deus ingonotyby wawyly tainwanse amaemo” uguely-ro watay uhoguwabyra ise amaemo,Bakairi
22326,koimaiti poreu ne vahere kixovokuti ina kixovokoxopamaka jesus: —‍enepo ava xane vaherexoti ituke itavokinoke hokeonu ne pohuti xapakuke ra kalihunoe kutiponuti yusikoneni ika'akeokono eno pu'iti mopoi anukuke tumuneke koesayu'ixea isoneu po'i xane inani kurina'ekakana uneke ya mar maka hakone koesayu'ixea isoneu,Terena
16871,txa²­wa¹­su³­na²­ so¹­lxi³­ kwa³­na³­jau³­xai²­li²­ hxi²­kan¹­txi³­ i³­ye³­kxi²­jah¹­lai²­la¹­wa²­ jah¹­la²­ so¹­lxi³­ o²­la³­kxi²­ki³­ju³­ta²­ wi¹­ta³­nxa²­ ko³­nxe³­ta³­nxa²­ a³­ya³­txi²­jah¹­lai²­la¹­wa²­ jah¹­la²­ so¹­lxi³­ a²­nu²­a²­ sa²­wa²­su¹­ta³­nxa²­ a³­na¹­hxa³­ta³­nxa²­ hxi²­kan¹­jah¹­lai²­la¹­wa²­ nxe³­ha²­kxai³­ wxai²­na²­ sa²­kxai³­lu²­ wxa²­e¹­nan¹­jau³­kxai³­lu¹­: — hxi²­kan¹­jah¹­lo²­sa¹­xa¹­ txai²­la¹­ nxa¹­ha²­kxai³­ txa²­wa³­ta³­xa²­ yxo²­i²­jah¹­lan²­ta³­ a²­ko³­nxe³­ti³­ kai³­ju³­ta²­ ko³­nxe³­ti³­ i³­yi¹­li²­na¹­ju³­ta²­ hxi²­ka¹­na¹­xa¹­ nxin¹­jau³­su²­ nxe²­ e³­kxi²­nha²­yah³­lxi³­txa³­he¹­la²­,Nambikuára
8027,ky tog ag my: “ajag my pira u kagmig tu” he mu ky ag tog ti my: “hy” he mu,Kaigáng
20563,sesus ispe niy: — uta aba amyikaha bo ba zikumu ikiahatsaktsa myikaha bo zeka wasani my tsimykaranaha aparakbaha asahi deus harere bo batu yhy zikaha kahumo tahakyrikinaha ikiahatsa humo ka batu siakyri uta kahumo zuba sakyriretsa nikaranaha utakta ispe my: “ikiahatsa ahamysapybyitsa tsikykaranaha” my iwatsahi kaharere humo tahakyrikinaha,Rikbaktsa
20949,zinymyrykynahatsa deus bo nisakibazikiknaha iwaze serusarehe bo ziksizonaha sakuretsa nikaranaha,Rikbaktsa
313,toximose toto ahtao akapu towose oturuse ynara tykase ynororo eya xine ritonopo zuzenu poe —okyna pyra konopo oehpyra exiko mana tykyrysa ahtara exiko roropa mana emero pata to punero tomiryko ke roropa apotukehnoko ma toto etuarimako roropa toh mana tykase akapu toto a morarame kyrautiu seza kowenu tuisaryme toehse ahtao konopo toehkehse rahkene,Apalaí
7649,po nhande imohemi nhanderekote'varuhua imombe'gwovo tupana'ga pe a'ero po ga imombori nhanderekote'varuhua nhande hugwi a'ereki gwembi'ea rupi ga oko jipi o'erame tamombo ti ga hugwi javo a'ero ga imombori tuhe a'ereki ga heaporogita pyry ga nhande mboheaporogita pyry no ihyva nhanderekote'varuhua nhande hugwi,Kagwahiva
636,oepyase xiaro sero nonopoko ezurume amorepatoryko ase ritonopo omiry poko jenetuputyryhtao oya xine oorypyryko poko pyra exiko matose ixinukuturu htoko ytoketo sa pyra exiko matose saeremae ytoketo sa roke exiko matose,Apalaí
26300,kute me karo punuma akjer ar rwyk ten kam arym kot ba djwynh kwy aro ram ne ja ar arkot kranh'a abir ketjao ram ne ja nhym me krapti ar'a akupro nhym mojdje kukradja mar djwynhme ar akta kabeno aben japanho dja nhym jeju arym me omu ne me aerbe box nhym me kuni kam no tyn kumex ne 'yr prot ne kum —‍djam arym ne ga box djam arym ne ga box ane,kayapó
19297,peguei o livrinho da mao do anjo e o comi ele me pareceu doce como mel em minha boca; mas ao come-lo senti que o meu estomago ficou amargo,Portuguese
413,moro tymerose ritonopo omiryme “kunukurakane ritonopo kurame tyrise ynororo” tykase moro tymerose aparao poko roke pyra kypoko xine moro tymerose roropa tukurakase kuexirykoke ritonopo a kurakome tyrise sytatose roropa kueseko jezu esemakapohpo enetuputyryke kyya xine,Apalaí
12336,tiise paapaya manniꞌkan mori kuꞌnenan pia mori tiri inkamoro yapuriiya moropai tiwanmin tiriiya toꞌ pia tamiꞌnawironkon mori kuꞌnenan judeuyamiꞌ pia moropai judeuyamiꞌ pepin pia niri itiriiya miriri waranti paapaya ikupi maasa pra yairi paapa wani tamiꞌnawironkon yarakkiri aniꞌ timenkai pra,Macushi
22188,noixoane jesus neko eno yoko'omaka ne po'i ihikau akoti omotova okovo xererekuke hara kixo eno: —‍kuti ixepane xi'ixa ra'a —‍kixoane kuteanemaka yuho'inoa jesus neko ihikau: —‍kuti ixepane memaina —‍kixoane ukeatine yaneko kaxe omopone mariya neko ihikau jesus ovokuke katarakopati,Terena
20862,iwaze haramukuka bo iktsa niy inamybyitatsa tu okyrysaro suk bo korok niy atatsa okyrysaro suk bo okyrysaro kaha tihi petok tsibik zuba korok niy,Rikbaktsa
3086,akaemo macedonia eynynonro modo acaia eynynonro modo wara jesus einwanni modo deus ize ato ara lela amidylymo nutumo tiuntuduomo amitomo ara lapyla adaidyse awylymo “tessalonica donro modo ara aguine” kelymo,Bakairi
15139,tiit sa sii aa mejuu na aa hyyj seeh hajoo nuu me aa mety dak tii baad tahꞌyyb hedo hadꞌyyt he ta wob tamasa hyb nꞌaa baad be ha tahꞌyyb ee dak do hyb nꞌaa takꞌep tahꞌyyb hedo dak dajeer be bataa do ha be tamasa hyb nꞌaa,Nadëb
5369,mbaꞌeta opo py oguereko ma trigo mbovevea haꞌe vy ombovevepa ꞌra haꞌyi oi vaꞌe trigo raꞌyi ete omoi pora ꞌra omoi poraaty py haꞌe ra ipirekue ma oapy ꞌra tata ogue eꞌy vaꞌe py,Guarani
21084,maꞌato watym naꞌyn hawyi iesui mohey haria tipo­wyro raꞌyn iwetem hap ete yrysakag wato pe taꞌa­tu­mo­ꞌapyk taꞌyn yi kape haity pe tawa ekurara ywaiti rakat sakpo taꞌa­tue­notem naꞌyn sauru yi kape,Sateré-Mawé
15840,ti mꞌ simaw ky hadoo: —ha yy kuut eh do paah —nang mah —ti ne he —nang ma jesus —baad a kyyh —nang mah,Nadëb
18165,jesus cristo kasorara fori hiki varani hina ivani kodisai timoteo iabono nadano bana ivakaijoka ida jesus cristo kania iakaramisini ira kajoamoraha'oadahavinia,Paumarí
15483,jesus rabepeem dak doo ba ti anang joom ti mahang tagadak papuuj kamag hood pa go ragagots dak doo,Nadëb
16885,kwen¹­tai²­na²­ yuh³­xai²­nan¹­tu³­ka³­txa²­ ko³­nxe³­ti³­ kai³­ain¹­ju³­ta²­ a²­yo³­ha²­ ain³­nha²­ta³­lu²­nain¹­na³­li¹­ txa²­wa¹­su³­na²­ si³­yxau³­tau³­a¹­ ain³­nhain¹­ka³­tu³­ ko³­nxe³­te²­lo³­tain¹­tu¹­wi¹­ kwen¹­tai²­na²­ ha³­lo²­a²­ hau³­kon³­na³­li¹­ nxe³­ha²­kxai³­ kwen¹­tai²­na²­ yuh³­xai²­nan¹­ko³­xa²­ a²­wa³­kxen³­yah³­la²­ sa³­ta³­na²­jah¹­la²­ u³­nhu³­sa²­ta³­ain¹­tu¹­wi¹­ ai¹­nha²­kxai³­ txai²­na²­ txa²­wa¹­su³­na²­ a²­hxi²­kan¹­ta²­ si³­yxau³­tau³­lotsa²­kah³­lo²­na¹­xai²­na²­ sa²­kxai³­lu²­ sa²­so¹­sa²­sxa³­ sa²­ka²­la¹­hetsain¹­sxa³­ su²­lha³­sain¹­kxai²­nan²­tu³­ a²­nu²­a²­ yxo²­ha³­kxa¹­ i³­kaixsa²­so¹­ai¹­na¹­tu¹­wi¹­ ta¹­hxai²­he¹­la²­,Nambikuára
17534,tyakekoti waiyoliniti xoaha nohinaeharenae maika xihalahare xisaona tyotya xihasakaharetyaka kakoa xijiyehena hoka hiyaiya xityakekoneya jiyahaotya exehare hasakaharetyati hoka exahexeya xikinatere xisaona exe harenae waiyekehalakita xomana,Parecis
14920,filipe o'ju andre mukuyjo am — gregoyu jesus co pin — io'e filipe andre be xepxem ip o'ju jesus mukuyjo am oajem ip cekay — gregoyu ejo pin — io'e ip jesus pe,Mundurukú
9010,ha pee katu pejerovia-ma arakaꞌe hesu cristo-rehe pehayhu-ma arakaꞌe ixupe pejohu pora tee ixupe oi jepe kente kwery hese ndojeroviai vaꞌe upe vaꞌe-rehe nhandejary nheꞌe kwatia-rehe oi vaꞌe heꞌi ave: “ndovalei upe ita heꞌi oga omopuꞌa vaꞌe imboyke-vy ha ojohu vai jepe upe ita oga pytahoha ramo oiporu oga pytahoha voi upe ita” sl  heꞌi nhandejary nheꞌe kwatia-rehe oi vaꞌe,Kaiwá
5660,haꞌe gui aipoeꞌive ju xevy: — kunha itavy rei vaꞌe oguapy oinya yy ma joegua eꞌy-eꞌy vaꞌe heta vaꞌe kuery amboae yvy regua haꞌe amboae rami ijayvu vaꞌe kuery,Guarani
21633,miꞌi tupono mesup ti uhehay wyti aikota nagnia ehay enoi haria iꞌewyte wani wani e haria tukupteꞌen mani puk ewy hap ete ti uhehay e taꞌi yt eimi­waure aheman yt ete i ti uhehay e pyno eiweꞌeg wo o eiwa­netup hap man puk hap pupi mekewat sehay wetup nagnia mienoi hap pupi e,Sateré-Mawé
8756,eg ty rico nyti sor ky tog inh my eg ty tope vi mranh ha me ti kanhmar eg tog nen u to enꞌ nen u to enꞌ he ti ky tag tog inh my eg koken ha me ti ky eg tag to nugme ki var ke mu pi je ha niꞌ eg ty jankamy mag to en ky eg tog nen u koreg kar han sor ti ka jare koreg ri ke ti ni eg ty jankamy mag ve sor mu ti venh jykre koreg ve tag to u ag tog jesus ki ra tovanh huri ky ag tog vesyrenh mu ha ag ty jankamy mag to ha nyti tugnin,Kaigáng
20411,sesus tihi: — iwatsahi tsimyzapykykynaha zeka deus ahabo nyny my deus bo tsipiberikinaha zeka tsimozikahanaha hokbowy eze huahua tsimaha zeka hokbowy ty zoksapare my kytsa deus bo myzapykykynaha zeka asahi piaksenaha kytsa deus piberikinaha zeka mozikahanaha kytsa hokbowy baze huahua mahaze hokbowy zoksapare my deus bo tsizapykykynaha zeka kytsa watsa asahi hokbowy baze huahua maha — nikara sesus nipamykysokozo,Rikbaktsa
6215,pida noɡowajipata niɡijo latematigo niɡijo iwaalepodi oyakadi ina daɡa dinetoletibigiwaji odaa aɡoyiwaɡadi,Kadiwéu
26522,me bikpronh djakam dja me ar akangan me neje bom ar ame ne arik ar aja amim “dja ba ar kupa nhym kot metindjwynh arym kum ikinhkumrex” anen arym ar abi,kayapó
6340,odaa jiɡidaa aneotedoɡoji lotaɡa modi “nigica ane yemaa me dinabaketibece ele me dinabaketibece leeɡodi ǥoniotagodi”,Kadiwéu
11271,aꞌeramu ꞌga uꞌaa yaruu pype wemimuꞌe ꞌga netee awau ꞌga oyaapa awau ojekoka taumanuta ywy are,Kayabí
9567,ay ae ojekwaa-ma heꞌi vaꞌekwe ojehexa uka-ma ou-vy nhane resendehara cristo hesu omano-gwi ndaipuꞌakavei-ma nhande-rehe anhay nhande jukaharagwe nhahendu ramo hesegwa nheꞌe pora opa eꞌy reheve nhane moingove vaꞌera nhandejary ndive,Kaiwá
11543,ꞌy rajape ꞌarimu jejui ꞌga ataawet emyrera ꞌga ijag ire jejui ꞌga ꞌjau wemimuꞌe ꞌga nupe: —peꞌje pejewau pejeꞌaa yaruu pype pesaita pe pejewau pejeyaapa je renune je apyta raꞌne tamono ꞌga ꞌga ꞌwyr ipe ꞌjau nu— ꞌjau ꞌga ꞌga nupe aꞌeramu ꞌga awau ꞌga wi ꞌga rejaa ojeteeꞌi ojewi ꞌga o re jejui ꞌga awau ojeupia ywytyra rupi ꞌuwarete ꞌga upe ꞌga awau oporogytau ojeteeꞌi futat ꞌga awau akou,Kayabí
21585,toineꞌen emaꞌat hap unesimu minug mote waure wo ereineꞌen miꞌi hap ete emaꞌat hap kai toi epiat iwete­weru hap pote uito ahaꞌup nug iwete­weru hap ok ta ahaꞌup nug yne iwete­weru hap are,Sateré-Mawé
23570,wiogɨ ɨpɨtɨ uagɨ kɨɨre puuro bu'iri da'resami bu'iri da'reri wi'ipɨ kɨɨre pi'etika wee dutisami tee nii pe'tise kɨɨ wapa moosere wapa yee pe'otigɨ toopɨ nii nu'kugɨsami nii werewi jesu,Tukano
4684,aze teko ikatu wa nehe tupan ukwaw putar maꞌerahy ipuraraw paw wi wapyro haw aꞌe nehe upyro putar wa nehe ukwaw ikatu ꞌym maꞌe iapo har wanexakaw aꞌe no amo ꞌar mehe umumeꞌu putar wanemiapo kwer aꞌe nehe wanehe uzepyk pa aꞌe nehe,Guajajara
19119,quando ouviu a multidao passando ele perguntou o que estava acontecendo,Portuguese
5653,haꞌe gui heta vaꞌe kuery onhemongarai uka vy ou vaꞌe pe  aipoeꞌi: — pee mboi ramigua mavaꞌe tu aipoeꞌi poxya ou vaꞌera gui peo jepe ꞌraa rami,Guarani
26452,e amrebe me'o kute mojdje kukradjakot amijo ba ketja nhym me'o axwekot omu biram me'o amanhkrut nar kon amanhkrut ne ikjeket me'o jaxwekot arym noo omun are nhym me arym panh kubi kum kapri ket ne tu kubi axwe panh,kayapó
10671,—wanyry heka rarybera: —adoosekre ixyby ariywinymy aritamadyynykre aodohodyyna heto davi juhuu riwinyre idi tahe resere ixyby ariwinykre tai tahe judeukodu mahadu‑ribi iuhe riwaorykre wamy rityhynykemy wanyry deuxu kiamy heka tiiboho rarybekre ibutumy jiary retarenyreki kawesemy wanyry tuhyy rarybemy raremyhy tule wiji ihyre,Karajá
25658,tawamha ma rowa'u ha wawi tiwatobro za'ra rowa'u'u za'ene ha taha wa asisasi ha sa'ete di,Xavánte
3277,koenda tiuntuduo myani pedro idaly maria   ise etyram toenzepa myani jesus einwanni modo tara awyly pedro nhetaguehoem deusram ekaze mara atanra saintybyem myani pedro pyanta ton ton nhedyly nhenahunguehomoem ingasedyly wara tara tawaneim rode myani anguy pyanta aieni awyly ese idaim itanru tindatuo myani pedroem awyly nhutuly toenzepa kehoem myani iomazely tuomarugue pyanta nenahunguebala myani odopadyly tagase kehoem tara atadyguyby modoram egatuze: — pedro awaka kuohonro — kely myani,Bakairi
14782,kariwa jebekitkit mujemjem jetabixewi yukpiwatpin ma jekupinap tag jeku am wuyju dak ixeyu buxim ma jesus kay wuyetabun puje wuyukpiwatpin ma wuyeku but “ocekpiwatpin ma oceku but” i'umgu juy epe'e ikereat mugeap ojuy eyukpiwatpi gu juy epeku- -deus ukpiwatpi aca,Mundurukú
3605,xira augueho iwaunsedanry einwantanry wara watay tawala niwantaguebyra awyly agueho kajiwantaguedaunda ola,Bakairi
20058,tsipany tsihikik zeka ba okpitsiki ziky atahi izikwy ty sizubaretsa bo mysiwatawyky iwatahi sudeja boktsa — niaha,Rikbaktsa
17711,jesus aiyatolokiheta pedro nakero hatyaoseta jesus haxaotyakiraharenai kakoa hikoahenahitaha xahohisakoatyakalati hanakota hoka xaneha rotita tiago  xoaha kakoa simao pedro andre xoaha hana nali xeta,Parecis
11508,natejemifutara apou rui je ruri ywag awi temuarera ꞌga remifutara apou etee je ruri— ꞌjau jejui ꞌga ꞌga nupe,Kayabí
17808,maika enokoa nali xixiyehare xamoka xaheta maniya hatyo nali atyoite maisa kirakahare aiyalaharetitene exahe kaijikali tyaonita exahe hoka maisaiya kaiwarexenai isoaha hoka kaiwitene,Parecis
10994,wadoroto wowydyna tamy rewahinymyhyre reeryre ibutumy rubuhetowo‑ki awityhymy wahare iribi dori arohonykre kai watyytyby teriote rubuheto‑ki jiary ariore obitityhy rare tai waumyde rasunyotyhy,Karajá
14500,ce'adaap aweg tobuxik puje ade iwataxipipiayu o'ju ip paulo kay jay oajem ip ixeyu dak o'gu'ada'ada paulo xipat ip o'e,Mundurukú
1078,meo patrawjaja kot tanhma kam me apenh xwynhje ne me ape me o patrawjaja ker ka me ama me apenh xwynhje ho mex ne me apenh a me kam axakjer o ri apa hket ne tam me hipex kaxkwa kama me panho pahi maatija maanen kep me o pahi maati jakama a me hipex mex anhyr o apa tam na kam me pahpiita me pajape ho axpen pyrak e ker ka me a me hipex anhyr o ri apa,Apinayé
6860,odaa niɡina natigide idaaɡee yeyaɡaticoace onateciɡidi oko analee nepilidi aneotedoɡoji ane iomaɡaditedicoace leeɡodi meliodi meletetema aneotedoɡoji iomaɡaditedice oko leeɡodi meliodi meletetema idiɡida aleeɡodi diɡinoa niɡicoa loenataka anele aneo aneotedoɡoji me ninitedibece igaataɡa daɡa iomaɡaditedice aneotedoɡoji niɡina oko leeɡotedi loenataka odaa agotaɡalee yakadi me ikee meliodi meletetema oko niɡina me iolatedicoace,Kadiwéu
11070,aꞌeramu jejui ꞌga ꞌjau ꞌga nupe: —awyja te owyk jeraity are raꞌe— ꞌjau ꞌga ꞌga nupe —tee naje rui— ꞌjau tee ꞌga rewiri oo maꞌe ꞌga ꞌga upe aꞌeramu pedro ꞌga ꞌjau ꞌga upe: —kwaiwete te ꞌga ꞌa ki ja aꞌeramu ꞌga okwaapaweꞌemamu ojopypypypyk te ꞌga ꞌa— ꞌjau pedro ꞌga ꞌga upe,Kayabí
22049,yane vaukone ne komititi hara koe yuho vaukea: —‍jesus amoripono ndavi yokoseananu —‍koene,Terena
956,eponarohme sa toytose mokyro jezu a ekaropotohme —onoky mokyro oewokaneme tykase,Apalaí
22409,yane ina keno'oko po'i anju omoti ihaku xeru ituketi ya oro xe'o koene nonekuke ne ata imokonoku iparaxokonoke ituko'oviti ina porexokono eno xeru neko anju motovati oro'okea nonekuke ituko'oviti ya xoko ata enepone ainovoti oro hane ovo nonekuke ne ivatakoku natixea ituko'oviti xane kixo orasauna uha koeti kasasa'iupo ituko'oviti neko xeru koeku oro'okeovo xoko ihaku xeru pe'ukuke vo'u anju ukea ikurihea ne oro'oeti xeru simoti xoko ituko'oviti xane kixoati ne orasaunahiko kasasa'iupo ituko'oviti,Terena
21534,taꞌi eipy­ꞌa­setpe urutu­kup­teꞌen eikyꞌe kahato haria wo urutu­wehum kahato ehete miꞌi pote eheropat haria wo uruto­py­huꞌat katu­pono uruiꞌa­tu­kyꞌe kahato eipe,Sateré-Mawé
14494,— imeneju juy eya'opicugcug epesop wa'o kay — io'e — eyaguyba'um gu juy epesop wekawen kay xipan eya'opicug pima waram jeyetaybin wekawen xipan'um pima bit jeyaguyba'um wekawen kay — io'e,Mundurukú
15831,tawꞌaats he baad be kanah tawꞌaats he baad hadꞌyyt he be hꞌyy kae be hꞌyyb eyym manah be hꞌyy kahejoj,Nadëb
24866,caynu cashanta chuya ispiritupis tantialpachimanchicmi cay nishanwan: “tayta dios caynutam niyan: ‘chay muyun nunacunamanmi limalicusha caypi: camachicuynita umanmanmi chulaycusha; shun'unmanpis isquirbiycushami’ nil”,Urubu-Kaapor
25634,— zezusi nazare nhihudu e mari zo te we aimo e wa'uprosi da te we aimo a ha ima aiwaihu'u pese di 're ihaimana u'asi mono we te te asatori na ha aiwe uptabi di a ha — ane te 'maha,Xavánte
12795,tiaron pensa pata koꞌmanniꞌnen felixya tinoꞌpi drusila judeupaꞌ yarakkiri siꞌma paulo yanno meꞌpoꞌpi eeseurimatoꞌpe iꞌ kaiꞌma innape jesus cristo kuꞌtoꞌ tiuya piꞌ tiise paulo eseurimatoꞌ eta tiuya pe iꞌ kaiꞌma paapa pia mori pe eꞌnipai moropai iꞌ kaiꞌma uuwaririꞌnikon etiꞌninman eꞌpai awani ekaremekiiya ipiꞌ moropai iꞌ kaiꞌma tiwinanoꞌpi wei yai pemonkonyamiꞌ piꞌ taa paapaya yai aniꞌ witi kaꞌ pona aniꞌ witi apoꞌ yaꞌ yekare ekaremekiiya eta tiuya piꞌ pata koꞌmanniꞌnen enaꞌpi eranneꞌ pe miriri yeꞌnen taꞌpiiya: —aasiri man atiki iniꞌri anetapai wani ya ayanno meꞌpouya —taꞌpiiya,Macushi
18804,oniaroa gaa'aha ada sasidotxi vakadika'da'di maina vahararana bodi pania jesu-ra nana'dohi'aha: —igathanivini inofiria ida ira vakanavaranihavini,Paumarí
23417,mari wiogɨ opaturi a'ti nukukapɨ a'tiri nɨmɨ mari nee wakutiri nɨmɨ niirosa' ni'kɨ yahagɨ yami wakutiro yahagɨ a'tigɨ weero noho a'tigɨsami kɨɨ dihatiri nɨmɨ a'tiro wa'arosa' puuro bɨsɨse me'ra nii pe'tise ɨ'mɨaropɨ niise pe'tia wa'arosa' nii pe'tise ɨhɨ pe'ti diha wa'arosa' a'ti di'takahase pe'e ke'ra ɨhɨ bahu dutirosa',Tukano
18648,paulo karajomi ida makhira kidigamo khama vaabono vakavahojakhamavini hari oigamina avarigajahaki'iki hida varani a'onira vara oni'avini hiki bana avarigaki ida arabo kaka'da'dini kava'isohihi jiriki nahina binofiki nahina binofiriki kidiarabo kaija'arinia bada vani'aja kaimoni arihokina oadani anaabaki ida arabo kaka'da'dini kava'isohihi jiriki ariabini'ina naothinia ni-anaabajanaki,Paumarí
7906,onhimomby'a hearuva'ga heayhea pavei jesus'ga ei ga pe: —‍tapemombe'ui tuhe ti nhiremimbogweravahea nhiremimonhimomby'ava'ea ojipe'ga pe ei ga,Kagwahiva
4390,tazahuran teteaꞌu umaiꞌu waiko aꞌe pe wanuwake aꞌe wa ywytyruhu rehe aꞌe wa — aze nepurumuhem kar wer urerehe ko awa wi nehe uremono kar pe tazahuran wanehe nehe uruixe putar oroho wanehe nehe iꞌi tuwe tekwe ikatu ꞌym maꞌe izupe wa,Guajajara
7825,haka i'ae'ymame hepiakatuhara'ga gwakavondo imomboa jugwi a'ero haka itinigame ga imbojatykai imomboa tata pe imbokaita ei ga a'ea ja ko ga – kiroki ga ndojikoty'ari ji pavei ei ga,Kagwahiva
25701,ihaiba na 're dasaihuri mono wamha dure iwapru da te 're ahuri mono wamha te za isire 're dahaimana u'asi za'ra wa ha wa za dure isire 're imori u'asi za'ra,Xavánte
6991,pida aɡica doɡowooɡotitetiwaji pida ee baɡa jowooɡodi deɡejitaɡawatiwaji me diɡicoateda me jowooɡodi odaa jeɡee awitakegi digo anenitiwaji mawitaka pida jowooɡodi eiodi codaa mejiwaɡadi lotaɡa,Kadiwéu
14592,imeneju soat em oceju kawen deus eju eywebeam eyaweg tobuxik puje ocebu'u gu ocesop jekawen am eywebeam imen oceju e'em deus pe: — bay ocekitpitpiyu juy egutaybin apen ebikuy ixeyu be jeku am iam — i — ixeyu juy egutaybin apen xipat exe iam apen ikere exe iam tak — i oceju e'em — iboam itaybit cica je'e ip ebiogbuk ixeyu mutaybitbin puye — i oceju e'em cebe,Mundurukú
1965,ne hamynh xwynhja maanen tanhma ho apenh to ho mor kama ra ne kume,Apinayé
6490,pida icota modinilakidetege aneotedoɡoji igaataɡa ja igo me iwi anigotediogi niɡina baɡalee newiɡa ijaaɡijo oko baanaɡa nigo,Kadiwéu
13908,komen xexka yog tikmu'un kuxa mam 'ohnag tu xe: —‍komen konay yog tikmu'un xuy putup xix komen metxax yog tikmu'un xuy kamah topa te hapxopma xe'egnag komen kopah paya hapkummuk ha yayhahup 'ohnag hu hapkummuk miy pax paxpu topa hapxopma xe'egnag komen hittap tinok yog tikmu'un keppah xix komen hittap xinom yog tikmu'un keppah puxix yayhahup xexkah nuy tu kummuk miy kux tu xagok ha mo'tat'ax tu putok ha yay mo'niy pu tikmu'un xohix ya yayhahup pena' haptup mo'nap-tup 'iha topa te hapxopma'ax xohix kopit putup tu komen metxax yog tikmu'un kuxa kak-tognag xix komen konay yog tikmu'un kuxa kak-tognag paya komen tinok yog tikmu'un kuxa ka xexkah xix komen xinom yog tikmu'un kuxa ka xexkah,Maxakalí
14071,gebuje jesus o'jekawen ibubut adeayu be — karem gu eydadaybot epesop — io'e — gasu eybubut ade — io'e — kapikpig'um pima dak soat kug eyju gasu ma,Mundurukú
7685,soldadosva'ea gweroho paulova'ea roma pe aere festo'ga ei soldados'ga pe: —‍pembo'avuka ti kiro cadeiapypeve'ga paulo'ga kiro itayharuhua pype ga mondovo cesar'ga gwyri pe italia pe ei ga soldados'ga pe igwete ga paulo'ga nderohoi julio'ga pyri ga ko soldados'ga nduvihava'ga ga oporavyky gwuvihavuhu'ga pe roma pe onhimongyavo igwete soldados'ga paulo'ga nderohoi javo julio'ga pe: —‍embo'a ti cadeiapypeve'ga nderogwovo kiro ei ga ga pe jihi lucasramo aho paulo'ga ndupi no igwete ore avi itayharuhua pype cidades de adramitiohugwiva'ea pype —‍toroho ti imbojoapiapiavo cidades asiapeve'ga gwyri pe ei ga igwete ore avi ipype orogwovo aristarco'ga oho ore rupi no macedoniapeve'ga gwyripeve'ga cidade de tessalonicapeve'ga,Kagwahiva
26529,ikabenja kot ne me amrebe: me bakukamarema kum “benjadjwyr djwynh kute myjja'a amim karo djam me'o kute mar kati kam djam me'o kute metindjwynhma myjja'a karoma ne kum ‘gedja ga a ane’ ane arkati metindjwynh ajbit ne kute myjja kuni mar” nam me a me bakukamarema ane nhym be gwaj bajbit ne gwaj karo kot kritu djumaro badjumar ne arym baje mar kute amikaben'a amim karoja gwaj arym baje mar tam ne ja,kayapó
9966,mbojape mbovuha rehegwa nheꞌe-rami arandu nheꞌe upei heꞌi jevy: —mbaꞌeixagwa nheꞌe aiporu-ta aikwaa uka hagwa pee-my nhandejary nhande ruvixaha heꞌi —mbojape mbovuha rehegwa nheꞌe-rami amombeꞌu-ta —kunha oipyhy huꞌi ojapo hagwa mbohapy mbojapera ha huꞌi-py omoi moi imbovuha ijavyte-rupi voi ojeheꞌapa hese indive ovu ombovupa-ma ixupe heꞌi hesu nhandejary nheꞌe iru hetave tave oi vaꞌera rehegwa kwaa uka-vy,Kaiwá
24934,chayura imanichwantan tayta dios ya'anchicwan caynuna cayaptin'a mayanta ya'anchicpa cuntranchic canman,Urubu-Kaapor
11977,opaje mu futat kristu ꞌga mamaꞌe esage apou janee ojeꞌjawe jane mogyau uꞌeawer imu etee futat ꞌga iapou janee “je rerowiat pejepe pejejemogyau aꞌeramu je pe mogyau tejemiayuwamu pe katuꞌoka tejeupe pe nupe teꞌeawer imu etee futat aꞌeramu nipo je pe mogyau tejeꞌjawe etee futat mamaꞌe esage etee futat iapoukaa pe nupe” ꞌjau ꞌga janee aꞌeramu ꞌga uꞌeawer imu etee futat jane mogyau ojeꞌjawe futat ꞌga rerowiareꞌema ꞌga te nipo ajee wea omyi mamaꞌe tywera apo are etee futat aꞌeramu nipo ꞌga mamaꞌe tywera etee futat iapou ajemogyau aꞌere pee naꞌga ꞌjawe rui kristu ꞌga opaje omono pe nupe ojeꞌjawe pe mogyawamu mamaꞌe esagea pe nupe iapoukaawamu,Kayabí
3033,enanaguewadaunga idanara kura domodo koenda asewaniwadyby epywaze kywymary jesus awyly tawaneim pyma alela,Bakairi
19293,entao eles voltaram para jerusalem vindo do monte chamado das oliveiras que fica perto da cidade cerca de um quilometro,Portuguese
6211,niɡijo odoejegi limeedi neɡenota meeta ‘iniotagodi jakaditedaɡadomi deez beexotedi me jibake naɡajo beexo ananajicitiwa’,Kadiwéu
4028,naꞌe zezuz wexak teko teteaꞌu aꞌe wa kury uzemonoꞌog huwake wa aꞌe rupi uzeꞌeg ahyahy tekwe ikatu ꞌym maꞌe pe imuhem kar pa — ne tekwe ikatu ꞌym maꞌe iapyha ꞌym maꞌe ne uzeꞌeg ꞌym maꞌe ne iꞌi izupe — ehem eho ꞌaw kwarer wi nehe ty eixe wi zo eho hehe nehe iꞌi izupe,Guajajara
14891,dao ma o'jewede ip cexewi sorarayu- -paulo mupokupok ojuyayu  be sorarayu kukukat tak yaguybabi'um o'e yaguybabi'um o'e paulo cesar ebekit iam itaybit puye o'subogbimukirikat puye dak soat ip oibu'un paulo kaykay am,Mundurukú
14094,ocekitpitpiyu deus xe eykukpin cica ixe juk eynae jebekitkiyum ocetaybit iboam,Mundurukú
20048,hawa ahabo ziknatsasokonaha imyibara ty tsikykaranaha deus wasaniha humo tsiktsasokonahaze batu ahaty spihikbata ahabo tsiktsasokonahaze wasani tsikykaranaha ba aty tohi ty tyspihikbata,Rikbaktsa
8562,“ajag ha vy ty inh mre ke nyti ajag ty inh mre ke nytin tugnin gir ty ge jeꞌyn ni to ha nytimni isugrin ajag ty isugrin u ty ge to ha nytin ky ajag tog iso ha nyti ge” he tog jesus ti,Kaigáng
23318,jesu naa ɨpɨtɨ eho peoka i'yagɨ do'atigɨre niikɨ niiwi: —mɨ'ɨ ya'aro wee'kere akoboho no'o toha' niikɨ niiwi,Tukano
25304,isisanawa nori ima asawi pese za'ra wa'aba nori ha ma'ape iwapari pese za'ra wa'aba ti'ai ama ate simari ana te za 're haimana za'ra 're ihaimana u'asi mono zawi pese 'wa nori ha tane nhere wanhib'apito zazei'wa 're haimana za'ra mono wa ma to ta nori ha pisutu za'ra ubure mari iwe re 're haimana za'ra mono da tama 're isoprub za'ra mono zeb zarina ma to dure tama pisutu za'ra rowe uptabi na i'rata 're haimana u'asi za'ra mono da 're isamra mono zeb ama te te tama iropisutu za'ra zeb zarina,Xavánte
16704,nxe³­jau³­xai²­na²­ a²­nu²­a²­ an³­yan³­nu²­kxain¹­tu³­ka³­txa²­ a²­ne³­nxe³­na²­ ain³­kxain¹­ka³­tu³­ ha³­lo²­a²­ a³­la³­kxai¹­nxa³­kxe³­su²­ e³­ain¹­te³­nah¹­lxi¹­: — ta²­li¹­na²­li¹­ nxe³­nxa²­ha¹­te¹­ a³­lxi³­te²­ nu³­ka³­txa²­ e³­ain¹­te³­nah¹­lxi¹­: — oh³­xan¹­jah¹­la²­ e³­kxi²­te²­sin²­ju²­li¹­ ta¹­hxai²­he¹­la²­,Nambikuára
21725,miꞌi hawyi mesuwat yi totiat toineꞌen turan ahepiꞌi sese iesui ihay tupana kape tuwak popuo tepiat hatyꞌu hap wywo tohetup hetup tehay wo — papai papai e uihep en guꞌuro po pyi e uiku­ꞌuro hap kaipyi uihep o en guꞌuro po pyi e haty wo miꞌi hawyi tupana tiwesat — pywo uhaꞌyru atunug aru eꞌe hap ewy e worohep en guꞌuro pyi e uimo­typot kahato hat en mote e uimi­ky­ꞌesat ewy neꞌi ekuꞌuro pote e eremohit kahato miꞌi pote woro­mo­typot uhaꞌyru e emietup ok ta worohep en guꞌuro pyi e,Sateré-Mawé
9477,domingo-py orojogweroaty onhondive orokaru hagwa orokaru jave ore manduꞌa hesu-rehe omano vaꞌekwe-rehe ha paulo omondo mondo gwesa koꞌe ramogwara-rehe gwapera-rehe upea-gwi onhemonheꞌe ijaty vaꞌe-pe pyhare mbyte peve onhemonheꞌe nheꞌe oiko-vy koty joapy apy-py orojogweroaty haty-py heta oi tataendy upe-py oi kariaꞌy hery vaꞌe eutico ogwapy oi-vy okeꞌi-my gwenda-py oke-ma oi-vy gwapehyi ramo paulo nheꞌe omonge ixupe onheꞌe joty oi-vy ramo upeixa-gwi oke oke oi ha-gwi hoꞌa oho-vy yvate-gwi mbohapy koty oi ha-gwi hoꞌa ogwejy hese ohupi heꞌogwe reraha-vy hikwai —omano ete-ma voi nipo raꞌe heꞌi moꞌa hese hikwai,Kaiwá
3826,jesus ola aguely: — natawabyramo ise amaemola ipynirymo aunduwataunga — kely — ara xina anipyra ise enra toenzepa dinherupe-ro watay lela taise duzentas moedas prataguetogue lela mera idanara ipyniry adanadyly ady peba xina-ro wara — kelymo {tokala iguandyly awanopyry epywado mawanra myani tokala moeda pratagueto},Bakairi
24291,niptin felipe curriycul ashuycunanpami ligiyata uyalila cay niyata: “chipinanman uwishta apaycuya-yupaymi apalalin millwanta lutuptin upalla quidacanumi mana imactapis limalculachu pin'aypa uyshulachipacul ni mayanpis tincuninman licayculachu chayura milaynincunapi mayanlla limaycalinmanta cay allpachu cawsaynin chincayaptin'a manama jucpis canchu” nil chaynu uyalilculmi felipe tapula: “taytay cay ligishayquita tantiayanquichun” nil niptinmi chay nunaca: “imanuypatan ya'a intindiluman mana pipis tantiaycayachimaptin” nin nilculmi: “taytay cay-laduman ishpimuy” nil carritanman ishpichila,Urubu-Kaapor
1899,nhum pre a me kam kaper ane hamri nhum poristi krahtum kramnhwyjaja kuma ne awjana ne ma akupym hkrahtum nhorkwyja wyr mra nhum ra jejus kam apenh xwynhta akupym ho mex nhum mex ne ri mra hamri nhum me akupym poj ne akupym mex a omu,Apinayé
13694,'utux hok pu tikmu'un 'og hapxopma'ax kopit hok nuy xo'op'ax ha 'axat hok xix 'axit'ax ha 'axat hok xix nit xan ha 'axat hok xayiy 'aham hok 'utux hok pu 'axat hok xayiy nit xap yiy ta 'aham hok xix 'amuk xexka miy'ax ha 'axat hok xix mayonhex tup 'iha 'axat hok ya' tux hok pu 'axat hok,Maxakalí
24302,niptinmi: “isquirbisham cayan: ‘manam tantallawanchu nunaca cawsanchic’ nil” nila,Urubu-Kaapor
97,seromaroro emero pyra zokonaka roke zuaro sytatose ritonopo zuzenu poe emero pyra zokonaka roke imehno amorepako sytatose roropa,Apalaí
4151,aze peneimaw uꞌar ꞌyzygwar pupe mytuꞌu haw ꞌar mehe nehe aipo napemuhem kar kwaw aꞌe wi nehe ꞌyzygwar wi nehe iꞌi wanupe,Guajajara
2118,ipikanani napa atoko posio pesito inakori auitetxi txapekaua ininia perisi sipe perisi nirekari xoteoakori apokaerekatiniri iua ininia isini apisa isikakari paoro ininia paoro kaikotapanika kateia aki,Apurinã
5402,haꞌe ramo jesus opyꞌapy guive ipytue ata vy aipoeꞌi: — mbaꞌe re tu pee kuery pejerure yva guigua hexa pyra re anhete aipoaꞌe pevy: aygua kuery pe ndojapoai ꞌra peteive — heꞌi,Guarani
11149,aꞌjea futat je ꞌi jeꞌeawer imu mamaꞌe jeapo resakarera ꞌga papa katu katueꞌemauwe nipo tejua tejewya— ꞌjau jejui ꞌga ꞌga nupe,Kayabí
12608,aniꞌkan inkamoro paapa maimu etatiponoꞌsan moropai yawiri pra esiꞌsan tamiꞌnawironkon manniꞌkan moises nuriꞌti nimoꞌkaꞌsan egito pata poi,Macushi
21098,tuwat aparap i mekewat tawa pyi turan typy ok yt ihapytig i rakaria muꞌap epe upi apyk pe tukupteꞌen miꞌiria tikuap taꞌyn iesui ut hap hawyi teꞌeru­we­powat iesui kape — erahaꞌat ro uruewawi mehi urukyꞌe hap wywo iꞌatuꞌe uruehakyꞌeꞌi meti uruto mehi iꞌatuꞌe urupo­wyro en uhyt iꞌatuꞌe taꞌi morekuat tawi saipepiat ti en iꞌatuꞌe,Sateré-Mawé
8363,ky povo ty israel ag to jykren ni ge ha me israel kre ag to tope my ag tog nen u pun ti ti pun jafa kri pun ky ag tog ko ti ge ag ty kon ky ag tog ty ag ty un my pun mu en mre ke nyti ge sir eg ty ty jesus mre ke nyti ri ke,Kaigáng
9502,orohasa asy pende-rehe ha-py oroikwaa uka hagwa pee-my hesu cristo rehegwa nheꞌe pende retave tave hagwa pejerovia-vy hesu-rehe upeixa ramo oi ara hetave tave ojerovia vaꞌe hesu-rehe “atima xe jary” heꞌi meme ara hikwai hetave tave oi vaꞌera omombaꞌegwasu vaꞌe nhandejary-pe,Kaiwá
4907,naꞌe upyhyk zezuz kanek kury uzeꞌeg tupan pe ikatu haw rehe uzeꞌeg wemimuꞌe wanupe no — pepyhyk ko kanek nehe ty wa peꞌu kar ipor imono pezeupeupe nehe,Guajajara
12768,maasa pra inkamoro tiaronkon pikironkon ipikkukon pepinon ewomi kupi siriri eꞌmaiꞌ pe iipia tiise ipikkukon ˻eꞌmaiꞌ pe paapa maimu etanenan˼ tiaronkon yentainokon ewomi pepin ˻maasa pra innape imaimu kuꞌsaꞌ toꞌya pra awani yeꞌnen˼ —taꞌpi jesusya,Macushi
2959,aapokotxi aki hiiroakasaaki hitxako: “erekari teoso sikakiti kaikotako hitekata” hitxako,Apurinã
10605,xiwena ryikemy bede ryire moisesi bede ywidyynamyna aoutxumy tahe dehemynyde marie jyje‑wana kia idi riwinyrenykemy tahe jyje ridykemy jerusale‑o idi ratxireri tai uladu‑di roirenyre deuxu‑o riteosinykemy kiamy heka inynyry ritidyyna‑ki roire weryrykeki deuxu dee rawahidyykre tii uladudelaa weryrykreki,Karajá
1175,—na pre tirtum panhi kumrex o kato ne korma me hkokot ne tirtum ma hamaxper o hkri kaxyw arigromnu ho kato no na pre arigromnu kumrex o kato ne hpanha kaxyw panhi ho kator ket ne ta pa na pre tirtum me akaxyw ixam ne me awyr inhme jakama papxipix na pa hte arigromnu ha tanhma me kot amnhi nhipex to ha me kam karo ho ri ixpa jakama kwar me mamri memojta re ne ixkot hkanhar o mo ane,Apinayé
12018,jesus piꞌ surarayamiꞌ oꞌmaꞌta surarayamiꞌya jesus yariꞌpi pata esaꞌ governador pilatos yewiꞌ ta governador yewiꞌ eseꞌ pretorio tonpakon surarayamiꞌ muurukuntiꞌpi toꞌya tamiꞌnawiri,Macushi
26449,ije ar ama pi'ok no'okkam ne ba ityx ne ar ama 'a karo te ar aje arym ikaben mar jabej ba akubyn ar ama are gar ajte ama metindjwynh ne tu kum ikaprin tu ima idjapenh dja'a karo ba arym kaben kot ar ama ikaben jare ije me bajtemma metindjwynh'a ujarenh ny jarenho iba kadjy ne ima kritu jejuma idjapenh'a karo myj kadjy bir ije metindjwynho kinh kadjy ije 'yr me bajtemo akex nhym me kum mexma dja me tu amim jeju markumrex nhym metindjwynh karo arym meo mex tam dja metindjwynho kinhkumrex,kayapó
15658,kanebꞌooh do ky nꞌaa be ky nꞌaa napah da ti hadoo ne he be eyym manah ti awat ne da ta ti hedoo doo ti hadoo ne he dooh takaja na ba badak hahy baheej jeng doo haj nꞌaa see babuuj rakanebꞌooh da haj nꞌaa see babuuj sa daheeh haj nꞌaa sa wahe nꞌaa rahꞌyy kawereem da haj nꞌaa see sa wahe nꞌaa we hajong haj nꞌaa ba asꞌaah da hajong haj nꞌaa ba kꞌaats katajuus da,Nadëb
15229,ti mꞌ je padꞌyyt he garirej haj nꞌaa ba tob pꞌop haga do panyyg rayd naherot do yt ha jesus ma meteek mah tamaherꞌoot ma sa ha pꞌop haga do ji tabagꞌaas do ky nꞌaa hanam doo je padꞌyyt he mꞌ tabaheso hom sahonh he sa naheeh tabaheso hom na-aaj he hꞌyyb nahejooj padeek do nahee hajꞌaa,Nadëb
26604,nhym kam jeju kot ba djwynh arkum —‍gedja gar ajo ma ikot abikamenh pram jabej kwarik wanh amidjwynhbit mar ket dja ga amim “djam ba ije amijo ikinhma kati” ane dja ba ityk kadjy inho pite'y myn itokry: dja ga ija amijakren aje anho pite'y mynh man prabe ama atokry pyma ket ne ama ijabe ra'a ne ma ikot ajkame,kayapó
5560,mil maꞌety re anha ombotya haꞌe onhemboete ju vaꞌe kuery oexaague haꞌe gui petei anjo aexa yva gui oguejy ouvy vaꞌe opo py ogueru yvykua roke peꞌaa haꞌe petei corrente tuvixa vaꞌe guive,Guarani
25976,tane nhere ane na ha 're ihaimana u'asi mono te te 're wa'apoto mono o di te te sima 're i'awe mono zeb zarina si ma to mari aha na te te wama 're ab'manhari wahaiba na ire 're iwahaimana za'ra mono zeb da ha wahaiba na mari ha aha na wama 're haimana za'ra mono o 'wa'aha are wahaiba ha wama 're haimana za'ra mono o di tane nhere mari aha na te to wama 're haimana za'ra wahaiba na ha wahaiba misi nhere taha wa wa to 're wahaimana za'ra,Xavánte
23473,naa tɨ'o masitima na'i ti'aropɨ niira weero noho niima o'akɨhɨ masare ayuro weesere masitima o'akɨhɨ yeere waku si'ritira tɨ'o masitira weero noho niima toho weera o'akɨhɨ tiropɨ kati nu'kusome,Tukano
23762,naa toho niika tɨ'ogɨ arao naa duti'karo nohota ni'kɨ wekɨ wi'magɨ weero noho bahugɨ ouro me'ra yeekɨ niiwi be'ro kɨɨre eho peora ekarare wehe ɨha moro peokara niiwa toho niika naa yee'kɨreta bose nɨmɨ wee e'kati peokara niiwa,Tukano
1548,hamri nhum poristi krahtum pawre ha amyne nhum poristijaja une ne kax o me hkaxprexa ho axkrut ne ho hkaxpre pa hamri nhum me hkrahtum pawre ha me hkukja ne me kam: —kwa me ato inhma jahti jare tanhma na hixi te tanhma na we amnhi tomnuj to ha na ka me a hipex ane ane,Apinayé
10115,jesuisi ryryre tamyreny ryyraxire: —ijoi moo rokoreny utura aobo temytenyta rirawyonyre: —aokore wa,Karajá
16865,nxe³­sxa³­ moi³­se²­ah³­lo²­nu¹­tain²­txi³­ i³­ye³­kxi²­te³­nah¹­lxi¹­: “txa²­wa¹­su³­na²­ hi²­sen³­kxai³­lu²­ su³­na²­ wan³­txa²­ i³­hen³­txi³­jah¹­la²­ sa²­si¹­ha³­nxti³­tu¹­wi¹­ txai²­ya¹­yxe¹­nxti³­tu¹­wi¹­ txa²­wa¹­nu³­ka³­txi³­yah³­lo²­sa²­tu¹­wi¹­” moi³­se²­ah³­lo²­nu¹­ta²­kxai³­ nxe³­ta¹­hxai²­he¹­li¹­ te²­ya¹­nxe³­sxa³­ i³­sa³­e²­ nu³­ka³­txu¹­ta²­kxai³­ ha³­lo²­ai²­li²­ ho³­hain¹­tau³­u¹­tai²­na²­ jah¹­lain²­txi³­ an³­si³­te³­kxi²­ta¹­hxai²­he¹­li¹­ wa³­la³­ka³­txa²­ si³­na³­i²­ka³­txa²­ a³­nu²­kxi²­sxa³­ yxau²­xai³­lain¹­tau³­a²­ oh³­xan¹­jah¹­la²­ e³­kxi²­hi¹­na²­ a³­si³­te³­kxi²­ta¹­hxai²­he¹­li¹­ a²­nxe³­tau³­u¹­tai²­nan²­tu³­ txa²­wa¹­su³­na²­ wan³­txa²­ ain³­kxi²­nu²­la²­ txah³­lxa³­ka³­lo³­a²­ u³­wha²­li¹­lho¹­ain¹­ta¹­hxai²­he¹­li¹­ nxe³­jau³­xu¹­tai²­na²­ ain³­kxi²­ki³­jau³­nu³­a²­ u³­hu¹­ne³­ta¹­hxai²­he¹­li¹­,Nambikuára
9449,ogweru ixupe kunumi hikwai ha anhay katu ohexa ramo hesu-pe omboheteryryi-ma mita kunumi-pe hoꞌa oho-vy yvy-py ijapajerei oiko-vy yvy-rehe ijuruyjui ramo,Kaiwá
5488,haꞌe nunga rupi irmao kuery penheangu ke pee kuery regua nei peteive pyꞌa re oi eꞌy agua pejerovia eꞌya nhanderuete oikove vaꞌe penheꞌe rendua gui pendepeꞌaara,Guarani
2145,maerekani matamatakoni omitikiko iuasaaki kakiti anikari kiki maerekati matamatakoti auaitotakiti xesosimoni isakirauata mosiareti itxaua iua maerekati matamatakoti xika xesosi erekapeka txikitakari iua iuasaaki kosiarepeka kasakirepeka itxa,Apurinã
16962,nxa²­ha¹­te¹­ pe²­jah³­la²­ i³­ki³­ha¹­kxi²­sxa³­ i³­wa²­lu³­xi²­ti³­an¹­jau³­kxai³­lu¹­: — nxexsa²­lxi¹­ jau¹­xai²­li²­ ko³­nha²­ti³­hexte²­txa³­wi¹­ ta¹­hxai²­he¹­la²­ nxa²­ha¹­te¹­ e³­ta³­lun²­hi¹­na¹­ ka³­la³­ka³­la²­a²­ i³­yxai²­lxi²­ta¹­hxai²­he¹­la²­,Nambikuára
17136,maetonanehare xaiyatelikisakeheta haxowaka makakoahena iraexatyati kamae aosehena hoka pedro  xoaha xane iraexatyakalati hana xeta ferakiti nihatyaka hatya haliti iraexatyakalati hana kanase nali tyaonita maetonanehare terota tyaona xisoakalati waiyeharexe nexahitere nali mokahitene axa maheta olo iraexatyakalati hanako ijoiterenae nonitata maheta,Parecis
2062,ati ikanokati ikinimane imakasaaki imokaiakari apoka itakaro katsotati ahoisi atoko inakaro ahoisi sauaki kona otxa iposo atoko ikorape itxa takari aneeka atoko oriuata iuasaaki kakiti imarotapekari katsotati ahoisi atoko inakaro auapeka kona otxa ininia katakareri nitiriakori apoka iauitemonina “auitetxi pite takaro takariki erekaro nanipa oina katsotati” itxana ninoa —“amokaiakari takari” itxa —“pinirekatari amaporokiniri” itxana initiriakori,Apurinã
15176,pꞌooj ub ta ky nꞌaa rod tsyt he ta we kaseew bong do ha taky nꞌaa enooh doo tii da pꞌop haga do badꞌoo hyy ka tamejo kan hyy ka er mahang takꞌep ta hejoj me er hedꞌeep doo ta karom dawi maku panaa ha,Nadëb
16408,nxa²­ha¹­te¹­ pau²­lah³­lo²­nu¹­tai²­na²­ wan³­txi³­kxai³­lu¹­ te³­sxa³­ ai³­ain¹­tu³­ka³­txa²­ i³­ye³­kxain¹­te³­nah¹­lxi¹­: — nxe³­jah³­lxi³­wxi¹­ wa³­lxi¹­jah³­lxi³­he¹­li¹­ nxe³­ah³­lxin¹­ka³­tu³­ si²­lah³­la²­ ti³­mo²­jah³­la²­ wa³­su¹­txi³­ a³­ne³­hitsa³­si¹­hain¹­yah³­lxin¹­jau³­su²­ i³­ye³­kxi¹­txain¹­yah³­lxi³­he¹­li¹­ nxe³­ta¹­hxai²­he¹­la²­,Nambikuára
13341,ha 'un te' yummug hu' nun tu nuktu yeyox pata yika mohamniy tu' yipkutuk hu yay puxu'ux tu hapxopma xohix 'aktux,Maxakalí
4041,ero aꞌe pirat aꞌe no aꞌe ꞌym mehe uzeamatyryꞌym maꞌe romo wanekon aꞌe wa uzemyrypar wi wa kury,Guajajara
17479,nexa hoka exekohase airakoaneharetene hoka emaiyareheta ekotane hoka halakisene hoka xaneheta,Parecis
17695,— maisa hiyehenahitene halitinai konita naokare kasani hikaxaikoahene tihanare xoalini hare iniyalahare nonitata naokita,Parecis
265,oripo saaro sytatose kyyrypyryko rumekaryhtao kyya xine tukurikase roropa kuahtao xine oripo kura sa sytatose typyne exiketo samo kyyrypyryko poko pyra exiko sytatose kueseko poetoryme kueseko omi poe kure roke exiko sytatose kure tyriry poko rokene,Apalaí
970,orutua ko menekatopopyry jezu a me tymaro toto ytotohme morarame toytose ynororo ypy pona typenery to roke tarose eya,Apalaí
2367,ikorapokoriti xesosi auakasaaki imarotari satanasi atamakaerekatiniri iua ininia satanasi atamakaerekatakasaakina kakiti iua posotari isikataparatinina ninoa,Apurinã
4198,pezeꞌegaiwete zo nehe pezeꞌeg zo maꞌe kwaw par ꞌym ai nehe pezeꞌeg urywahy e zo ikatu ꞌymaw rehe nehe aze pezapo nezewe nehe naꞌikatu kwaw peneko haw nehe penemiapo kwer naꞌipurag kwaw tupan huwa rupi nehe aze pezeꞌegatu tupan pe nehe ikatu haw imumeꞌu pa izupe nehe ikatu weraꞌu nezewe mehe nehe,Guajajara
5396,tyra pa ndapeikuaai teve templo re opena vaꞌe kuery voi templo py ogueru pyre gui okaru ꞌraa altar rupi ombaꞌeapo vaꞌe kuery voi altar ary omeꞌe mbyre gui ae ꞌra hoꞌu,Guarani
23983,toho weera “masi pe'oka'” niira meho niira tohama toho niika aperare naa wakusere bu'era ke'ra meharota tohama a'ti ɨmɨkohokahasere uuku me'rira ke'ra meharota tohama a'te a'ti ɨmɨkohokahase naa “tɨ'o masi'” niisere o'akɨhɨ a'tiro weesami teere meho niise waro wa'aka weesami,Tukano
7733,tupana'gapyrive'ga ko ha'oe'yve'ga yvagipeve'ga oporavykyavo tupana'ga pe ga nhaporemo opokopoko yvyakotyve'ga jipi a'ereki tupana'ga e'i ga pe: “peho ti ga pyri yvya koty ga pokoga – kiroki ga hugwi ji amombo gandekote'varuhua tuhu ti ga upa ji pyri avuirama nehe javo” ei tupana'ga,Kagwahiva
17357,hiyaiya xala xamani atyo emehexaikoharene aoka hoka hatyo atyo ihinaehare iniyalahare nomaseharene hatya,Parecis
1381,nom me kam ma ho tirtum ma amnhi jarenh ta me papajaja na pu htem me kurom paxamnhix kam amnhi jarenh o papa na pu htem kam amnhi jarenh kaxyw ne hixet prek a paxapir ket ne te ra me pahte ma kaxkwa hwyr o kri hwyr paxapir ne pano ho omunh pe kam amnhi jarenh pyrak o krija mex o mex kama kaper o me wryk xwynhjaja ohto o ohto na htem kama hkinh raha ho pa ho pa ne o kri hwyr na hte hkra xapir xwynhjaja ri pa ne me papajaja na pu htem kam amnhi jarenh kaxyw ne te kaxkwa kama kuri pakuhe ne kam amnhi jarenh pyrak o amnhi nhipex te me pahpe hkra kot wa pyrak jakama me pama uma hket nhum pre tirtum ra o kaga kama me pakutep amnhim me panhixi ha kaga hpa na hte memoj piita hamar o hkri ne krija kama amnepem korma kris kot me pahwyr wryk ket ri nhum ra amnhi kaxyw tirtum kot hamaxper mex xwynhjaja haxwyja ra kama ri pa ra tirtum kot me ho hkra jakama nhum me kuri ri pa ho pa,Apinayé
195,tuisa poetory zae exikety zae pyra exikety roropa —naeroro ritonopo poetoryme nymyry matou tuaro exiketyme matou etatoko pahne tuisa konoto kynexine typoetoke exikety morarame imepy pona toytory se toexiryke typoetory toiro tyrise eya imehno eraseme “ypoetory otuhmanohponeme mase jesahpyo” tykase ynororo eya,Apalaí
22964,enone nguxea ne seno ikotivexea isoneuke ne pahunevo koane kurikopea itea ako akaha'a kurikopea ixomoyea kapine hoyenohiko akoti itukapu ima,Terena
23475,aperopɨ ke'rare o'akɨhɨ yee kiti ohaka puripɨ kɨɨ makɨre a'tiro niikɨ niiwi: mɨ'ɨ sacerdote nii nu'kugɨsa' melquisedeque nii'karo nohota niigɨsa' niikɨ niiwi,Tukano
10484,jesuisi rarybera: —inatyhymy koaoboka habu‑o isiratyhyre deuxu‑o tahe ibutumy aona aona isiraore,Karajá
10299,inyo rityhynymyhyreki tii ywisidyydu idi rehuotyhy iny rityhynyomyhyreki tiihe aohokymy dyynana‑txi riteonykremy deuxu idi ratximyhyre tii dori jesuisi rityhynyohyymyhyre deuxu riore dela wahe ibinatyhymy iny aomydyynana bede bedemy ryira tai bede luru‑ki rira tamy awira tuu loosona nadeu tamy ibinare tai tahe deuxu riteonykemy idi ratximyhyre,Karajá
8062,ky ag tog ti to ju jagy han mu “ti ten je eg tog ke mu” he ag tog mu sir jagne my venhkan ke kura en ki tog a ty nen han ke tu en han ja ni jesus ti judeu ag jykre tovanh ky ha ra tog tope to: “inh panh vy ty ti ni” he mu ge ti ty veso: “tope ri ke inh ni” he ve ha ky ag tog ti to ju mu paꞌi ag,Kaigáng
13110,ha monayxop namix te: “puya topa 'uyog hapxopma'ax kummuk ha' pago puya yay yog kummuk'ax ha' kummuk xop mug ka'ok puya' pena hok xix hapxop xak'ax tu' hittupma hok” kaxiy,Maxakalí
11745,judeuramu ore upe etee te davi ꞌga aipo ꞌga ꞌi naani judeueꞌemamu pe nupe nane ꞌga aipo ꞌjau nu werowiaramu janeruwarete ꞌga ꞌi abraao ꞌga upe rakue: “je rerowiar ape ekou aꞌeramu ene ꞌawamu ejesageramu jee mamaꞌe tywera apoareꞌema ꞌjawe futat ene ekou jee” ꞌjau ꞌga ꞌga upe rakue,Kayabí
13813,—‍ha 'iyaet yog tikmu'un xop xohix noy na' mog tu moktu xohix xexka' ha hamyaxatamuk xohix nog 'iha topa te yay yog ham'aktux xutigaha' tu ham xexka hom 'amanam mokputox pu' ha tik puknog noy xip 'eyit tu' nom te yoye yummug 'ohnag tu kokexmax putuk tu' gaynam tu yumug monayxop xuygaha' tu' xat 'ugay tu' hu: “'utut tek-tok pit put puya' nim haptopa' puyi' xok” kaxiy,Maxakalí
9294,—ha upea oikwaa-ma ramo imombaꞌapohare heꞌi hese: “hiꞌarandu nipo raꞌe xe rembigwaikwe xe mbotavy hagwa” heꞌi gwembigwaikwe-rehe heꞌi hesu arandu nheꞌe tembigwai rehegwa nheꞌe-rami omombeꞌu-vy ha hesu heꞌi ave: —haꞌe-ta katu pee-my koꞌaygwa pytu mygwa-rami oiko vaꞌe hiꞌarandu voi ombovia uka hagwa gwapixa-pe ha oi arakatu pygwa-rami oiko vaꞌe nhandejary-rehe ojerovia vaꞌe nahiꞌarandu porai gwapixa ndive oiko pora hagwa,Kaiwá
24160,“tayta diosnatacmari jinantin pachachu lluy nunacta suma-suma cuyal japallan cuyay chulinta cachamula payman chalapacucunaca juchanchu manana wanunanpa ashwanpa wina-winaypa allin cawsaycachuna cawsananpama,Urubu-Kaapor
13005,'axape xax kummuk ha putup tep-tex ha tu hapxop hom 'ohnag xix topixxax hom 'ohnag pa: “puya topa xa hammaxna' xayiy 'axit max nuy 'axax max tat kamah” kaxiy,Maxakalí
22764,itea exea jesus isoneuhiko hukinovoti kixovokoxea: —‍na koeti kixineanenoeye ne iseneu kuti itukovoxo akoti he'onoke'e ngixea ra isayu'ixovoti: “ituyopone pehunevo” ako'o “yexepukapa yenapa” ngixea,Terena
2740,iuasaaki ninoa totiakori ati txari notamoni: —kona pitxiapatape patamata ikiraa akiti atoko inakari iua xotaa apika mekaniriakori auite iua tavii apika mekaniri iua oerekapekari satanasi poiaori inini iua apiata ininia iuanani posotari ikatamekiniri iua aatsopa iapiriakori iuanani posotari imakatxakiniri ninoa setxi popitari —itxa iua toti,Apurinã
19661,e disse jesus: sigam-me e eu os farei pescadores de homens,Portuguese
26333,ne kam ajte me tyk dja ket dja jare ne “aj me ja dja me inho pyka'yr box ketkumrex ne ikot me tyk dja ket djakam tyk dja ket ketkumrex” ane,kayapó
12449,inkamoro yeꞌkakonya tenupatoꞌkon yawiri tuꞌke pemonkonyamiꞌ koꞌmami akoreꞌtaꞌnikon toꞌ yeseru nura kupi piꞌ toꞌ koꞌmami seꞌ tapairi wiriꞌsanyamiꞌ yarakkiri toꞌ koꞌmami inkamoro nikupiꞌpi wenai tiaronkon eseurima piaꞌti kupi siriri imakuiꞌpi pe innape paapa maimu yairon winikii,Macushi
7250,—‍ahendu katu ji tupana'ga nhi'iga nhinhimomiranama jipi ei jesus'ga jiruva'ga pavei ji apygi ga'apykavakatua rehe jitekovo aheruvihavuhuhetero na jitehe ti ga apygi ji pavei – kiroki ga gwendu katu tupana'ga nhi'iga onhimomiranama jipi gaha ti ji ga reroho yvagi pe ga mboapyga ji pavei jiapykavakatua rehe ga mongovo nehe toko ti ga aheruvihavamo javo ei jesus'ga ikwatijaruka ji ve —‍a'ea nhaporemo ti ere tupana'gareheve'ga pe cidade de laodiceia pe ei jesus'ga nde ve ikwatijaruka ji ve,Kagwahiva
1598,ta nhum kamat nhum pawre gor ne no ne amyti nhum kewe pahihti jejus axte hwyr kato ne kam kaper ne kam: —pa pawre e kwa ker ka mamri axamnhix ri atar me kam ijarenh raha ho ri apa ne amnhi kama akahak o ri me hkot apa hket ne kot paj atanopxa nhum meho tanhma ato hket ne kri ja kama koja me ohto ne ixkot amnhi xunhwy ane,Apinayé
19367,o espirito do senhor esta sobre mim porque ele me ungiu para pregar boas novas aos pobres ele me enviou para proclamar liberdade aos presos e recuperacao da vista aos cegos para libertar os oprimidos e proclamar o ano da graca do senhor,Portuguese
3197,jesus einwanni modo iwymary adala kula aini keba nida anguy adakepa itoem iwaga tywyein-ro watay tokalela iwydy nida tawala idanara adienkyly modo imanani tawala ajimanani anguy awankuem ietanry axigodo tatyda tajitaze lela waunlo; enomedadyly xutuim wara nida,Bakairi
18352,arabikhaja'ihi ida ija'ari vaba'ona ka'damahani ibavini ipohiki deus athi-ra vanaaba'iki kohana vaipohiki avahoki'iki 'dama kania vikhaonani'iki jesus ahoki'ina naothinia jerusalem sidajia avi'oi'aha adani ija'ari avahoki'iki ija'ari vahoariha va'ora vanoki'aha,Paumarí
18434,onivani fori hiki ada honai abono  mil jiniro 'ba'dani-ra gathaniki bada nina vani bigathaniki ida  mil jiniro 'ba'dani hoariha,Paumarí
8193,eg jagre tugrin eg tog ki kanhro nyti ti ty eg my a ty eg my nen to ja en ven kan ke ti kejen eg tog venh ke mu ha vemni eg ty ty ti tu nytin ky ky tog eg my ser tinh mu ky eg tog ti my vi ha han ke mu ti ty ty un mag jen ky,Kaigáng
25302,robzepata za'ete wasu'u tawamha ma dure tama waihu'u za'ra: — nimaha na te za asiwi i'mada'a za'ra wa'wa 're ihaimana u'asi mono te te siwi iwe'o pe ha te te dawi irosawizeb ama isa ha aha wasu'u na rob'ui'ere ha 're sore za'ra wa'aba mono wamha ma'ape ama 're rosa'rata pese za'ra wa'aba mono za waihu'u za'ra wa'aba da tawamha ane ha za oto dare romhaimana wamha rowasete si te za a'a dare 're sa'wari taha wa zudeza na danhipti'a nho'omo nhisi ama 're isi'ubumroi mono nori ha wara sina te za sisa're ete 'raiha u ta nori ha tiwi simani za'ra da dure siso'reptu za'ra da ni'wam nori ha 'ri nhisi hapa ama si'ubumroi wamha tinhibrob zo sisisi o di za a'a 'ri para u one hare te za dame sisa're ete 'raiha u ta nori ha dure ni'wam nori ha buru ama te te romhuri za'ra wamha 'ri teme sisa'rei mono o di za apa tisi'ubuzeb zo mare di one hare te za dure ta nori ha ete 'raiha u dame sisa're,Xavánte
22862,ina koe ne jesus: —‍enepone xane kamokenoati ne emo'u ituko'oviti yoko itukoati enomone indukomaka enom yoko mbo'inuhiko —‍koene,Terena
25664,tawamha dasi'wape haiwa nho're ama ma to watobro haiwa ama romhuri'wa ha mide na isisi ha dure haiwa ama isire tama iromhuri'wa nori ha te ho'ora haiba ne ropoto siwamnari haiba za'ene ha siwi 'wape tawamha ho'ora haiba ne ropoto siwamnari ha ma to sina ana haiwa ama tama iromhuri'wa nori me tane nhere ma to mide nori ha ama ai'ute za'ra taha wa haiwa ama 're haimana waihu'u za'ra mono o di za oto tawamha ho'ora haiba ne ropoto siwamnari ha ma to siwi time ti'ai u apa mori to da ta ha satanasi wanhitob'ru ta ha dureiha wahi na isihaiba ubure tizadawa nhipese na te te 're ida'a'rami mono 're ihaimana u'asi mono zadawa para newa ti'ai ama daro mono ba tawamha wa'ubure nori zama isib'a'uwe zama ma to isire siwi samra ti'ai u apa si'aba're to da ane wa to te ab'mada'a inhoto 'rowim ne,Xavánte
10976,kristu heka itxeo‑ki rurure irururenyo wahe jiary warurunarenyko oraru‑ki tahe deuxu ratximyhyre iruruna‑di tii‑wana heka inyboho heka ratximyhyrenyre iruruomy tai awanarenyle watxireri tahe tii‑wana deuxu ruruna‑wana watxireri,Karajá
21078,iꞌewyte atikyꞌesat uhehay ehehay wo topyhuꞌat einapin uhepiat hap ok ta e miꞌi hawyi eimi­muꞌeria uimohey haria atikyꞌesat uhehay nug haria wo teꞌero­pyhuꞌat e atikyꞌesat miꞌiria uhepiat taꞌatu­napin hap nug haria wo tukupteꞌen at kaꞌap takaria hap atikyꞌesat e miꞌi tupono eweiwat ro iraniaꞌin ywania yne muꞌe hamuat turan ti aru yt eiweran hin i eweiwat katu­pono uito ti aru areto eiwywo aikope aikope eweiwat hap upi areto wy eipo­wyro hano areto wuatꞌi eꞌat pe ikahuro hap putꞌokꞌe hap kape areineꞌen eiwywo wuatꞌi eꞌat pe e iesui ahepe temiitꞌin me toran naꞌyn uimiwan uito ti iesui eropat hat sese mekewat  ok takat mateu,Sateré-Mawé
24336,chaymi pilato: “manachun caynu juchachaycalishushayquita uyalinqui imama” nin,Urubu-Kaapor
15080,ta da hadoo pꞌop haga do pahuunh ajꞌyy ajyy sa hyb nꞌaa pꞌop haga do kawehee dak ti hyb nꞌaa ajyy dooh ranu kajesu ba jesus hyb nꞌaa rakahetꞌaa ba yyj sa ha ka sa hyb nꞌaa ajyy rakawehee padeek tii dꞌ tahadoo do hyb nꞌaa tawꞌaats he ranu kajesuu jesus hyb nꞌaa ji kahetꞌaa ba yynh hanaa nado ajꞌyy ajꞌyy tahana ti yynh yynh hyb nꞌaa nado ajꞌyy kapahuuj kan yynh kapahuuj wat ajꞌyy hyb nꞌaa,Nadëb
7442,a'ero ahe ei ga pe: —‍penhi'ipo'ru ti penduvihava'ga ganhi'iga rupi te ti pemono'ono'ogatu itambere'ia ahe hugwi ei ahe tape'ei ti ahe ve: “koji'i ti embuhu ji ve” a'ea ti tape'ei ei  batistava'ea ga pe,Kagwahiva
6125,idi ica oko niɡidi lapo-nelegi napaawaɡateloco ida ica ligegi idiaaɡeledi jeɡeledi ligegi me napaawaɡateloco eliodi ica me dayaagetiogi neɡepaaɡicota niɡijo goloneegi me daɡadiaa yowooɡodi niɡica anewi odaa ja iiɡe niɡijoa iodaɡawadi moyadeegiticogi paulo minitaɡa liɡeladi iodaɡawadi ane dotete,Kadiwéu
19877,e assim tambem um levita; quando chegou ao lugar e o viu passou pelo outro lado,Portuguese
26672,ar kute kanhetire mar djeruxarekam box ne arym me kukjero te ar mema kum —‍nhynh ne me'o prireja dja kube mebe idjaer nho benjadjwyr rax kanhetire kute rwyk'a amijakre ne bar arym omu myt apox dja'anh ne bar omun kam amre 'yr ten arym box ije kum rax jarenhma box ane nam ar a mema anhyro temo ane,kayapó
20601,asaktsa taha bo zuba mytsaty mynakaranaha iwahi mozihikiknaha zuba mykaranaha ustsaktsa deus hyrikoso bo yhy mynakaranaha deus harere zuba mysipehaka iwa deus mozihikik ana ty hi zuba mykaranaha,Rikbaktsa
4032,zezuz umukatu uzeꞌeg ꞌym maꞌe aꞌe kury aꞌe mokoz awa oho aꞌe wi zezuz wi aꞌe wa kury waho mehe we amogwer teko werur amo ae awa izupe aꞌe wa zezuz pe hexak kar pa aꞌe wa nupuner kwaw uzeꞌegaw rehe aꞌe taꞌe wereko tekwe ikatu ꞌym maꞌe uzehe aꞌe xe,Guajajara
24459,jinaman'a dios suma-sumata llaquipaycalishushayquipimi paycuna llapan shun'unwan amcunapi manaculcan'a,Urubu-Kaapor
19560,no senhor todavia a mulher nao e independente do homem nem o homem independente da mulher pois assim como a mulher proveio do homem tambem o homem nasce da mulher mas tudo provem de deus,Portuguese
21850,pyno aika­ꞌiwat emiit sese tikiku e hap het rakat atipo­ꞌoro ehowawi uhehay wywo atipo­ꞌoro aikota aikota areineꞌen mesuwe hap enoi hamo tikiku waku kahato atipueti miꞌi ti tupana ehay yt iꞌatoiat hin i aheywyt sese aikywyt miit sese miꞌi miꞌi pote atipo­ꞌoro tikiku ehowawi katu­pono atiky­ꞌesat tohenoi ehepe aikota urutu­kup­teꞌen hap enoi hamo miꞌi hap eweikuap hawyi eiwepit kahato taꞌi eimoe­saika aru eipyꞌa pe aimi­mohey iesui mohey hap ete aiwo­ꞌo­kyꞌe hap ete are,Sateré-Mawé
18585,avakadiania vahojaki adani kodija'ari vahoariha tiatira sidajia va'oaniaroa ni-vanaabaki ida gamo ka'ojomo'ihi athini ni-avaabononi avaka'ojomo'ivini hi'iki ida varani vahoariha vanaonivini jahari athi ahojakia ni-nahina hoariha a'onira ohonariafiahaki ojoirina oadani hora avakava'ipahiniravini vani hojai jahakia bana vakahojai,Paumarí
25341,'re ihaimana u'asi mono ha ma to zezusi ha dama tiso da te dasiwi wiri da wawasete na 're wanomro mono wa ma to dure haiwa'utu taha na te te 're wa'awesamri mono da wawasede ha te te oto wa'ama 're ab'mada'a to mono da 're ihaimana u'asi mono ha,Xavánte
11723,aipo ojeupe ꞌerauwe ꞌga ꞌga nerawau myter ipewara pype ꞌga munepa ꞌga pyjuꞌa munepa ꞌyjepanuu kwara pype aꞌere ꞌga imotywi ꞌga nee tyyp ꞌjau agawewi futat ꞌga pofaa itaju pyu typ,Kayabí
12300,miriri taa judasya yeꞌnen inkamoro waniꞌpi marari pra taatausinpai miriri yeꞌnen  pia tiniru tiri tiuyaꞌnikon taꞌpi toꞌya itepeꞌpi pe,Macushi
