index,TEXT,LANG
13808,topa yog ham'aktux hittap ha yeyox te hamyummugaha' ya topa yog tappet hittap te' xuktux homa tik hittap 'iyait te topa pupi ham'aktux tu tappet tu kax'ami' tu yeyox 'aktux hu: “'ate yay pupi ham'aktux'ax ha hamyummugaha' nuy tikmu'un yummuga' nuy hapxopma'ax hittap xop 'aktux ya homa topa te ham xexka xohix miy xix honha ha tikmu'un te nom hapxopma'ax ka'ok yummug 'ohnag” kaxiy,Maxakalí
18886,hari vahojamaniha adani gamo ava akasanakhamaki kania abinina vanokivini napaja pa'itxia galileia kaarabonia jesus hojana kari jesu-ra vavaipohihabakhia'iki adani gamo jesu-ra vakaijahitavini jaboni gamo vahararana vahojaki adani maria madalena tiago jose vihiki vakadiamia maria oniki jaboni hojaki zebedeu kaisai vakadiamia jaboni hojaki gamo vahoariha vakadiania,Paumarí
3026,azaga tokala horas ituo myani jesus adaenkely: — — kely “pabai adaituoka wodokely” keze aguely,Bakairi
11023,aꞌeramu aerea ꞌjawarueꞌem aepo upe: “nafutari je ene” ꞌjawarueꞌem aeakaga nane aepy upe: “nafutari je ene” ꞌjawarueꞌem nu nan tee futat jejui ꞌga rerowiaaramu jane niꞌearui jarejaupe: “narafutari ore ꞌga” ꞌjawarueꞌem,Kayabí
15136,ji pooj je hawat do ha takꞌep ji hyb nꞌaa matakee do ky nꞌaa hahyyh dooh baad kristo hadoo y hado na ba dooh baad hadꞌop do y hado na ba ti hadoo ne he takꞌep y hyb nꞌaa tamꞌaah kristo jesus hadoo y bahado dak hyb nꞌaa ka ti hyb nꞌaa y tabaseew hom,Nadëb
15,otuhtoh konoto poko sero mame morara kary etaryke tyya toiro jezu maro ynara tykase jezu a otuhtoh po —takye exiko ma toto ritonopo maro otuhtoh konoto po exiketomo tykase ynororo,Apalaí
25275,zezusi ha darireza ama te te 're ida'apawapto mono zem na rowasu'u tawamha bada sebrezeb u ma to iteme tasi'awisi za'ra ni zezusihi u dahaze mono ba wa'ubure re 're idanomro mono nori zama ma iteme awisi za'ra ni ubure 'ri aha 're 're idasi'ubumroi mono nori ha ma iteme tasi'ra'oto ni 'ri nho're uwaibaba,Xavánte
6959,odaa jesus ja igidi meeteta “ajakadi igaataɡa madi lotaɡanaɡaxi aneotedoɡoji diniditeloco ‘jinaɡa adineenitalo ǥoniotagodi aneotedoɡoji’”,Kadiwéu
3100,trombeta ton-honre kehoem ajidyly deus “xira iwy onwa wopaji taintoem akuze keim tuhugue tamytaze ise adyoly kura anguydo imeom alela” kely tindatuomo “tindatondyzeba xina” kewanmomy ara aguelymo myakawandy maka agueho nemaemba tawylymogue kyaneda lelala myakawandy mara nhekylymo kyanoem lelala awylygue myakawandy moises aguely: “tapane kehoem ura ianugue” kely,Bakairi
7900,huvihava'ga e'i omoiruhara'ga pe jipi: “peporavyky katu ti ji ve a'ero pejikovo nhinhi'iga rupi” ei ga ga pe,Kagwahiva
9488,upea-rehe haꞌe jevy-ta pee-my xe rembihayhu kwery hesu reroviaha vaꞌe: pende pyꞌa poti potive hagwa peho katu haꞌe ogwahe jevy ramo pene rembiapo vai eꞌy reheve pende pyꞌagwapy reheve pende topa hagwa nhandejary,Kaiwá
7501,igwete jesus'ga ei ga pe: —‍tamombe'u katu tuhe pe me ei ga kiroki ga oko te'varuhu jipi – ga ndipiro'yi tuhe okote'varuhua hugwi gandekote'varuhua ipopoaka hete ga ndehe a'ero ei ga ga pe,Kagwahiva
16558,ja¹­nxe³­jutsu³­nxe²­ a²­nu²­a²­ a³­xa²­ i³­nxu²­kwai³­lxu¹­si¹­nhe³­jau³­su²­ i³­la³­kxi²­te²­lo³­tu³­ne³­kxai²­nan²­tu³­ ja¹­nxe³­ya³­sah¹­lxi³­he¹­la²­ te²­ya¹­nxe³­sxa³­: — a²­nu²­a²­ a³­xa²­ txa²­yen³­kxa²­ wa²­nhu¹­ai¹­na¹­tu¹­xa¹­ su³­na²­ i³­la³­kxi²­te²­lo³­tu¹­sa³­ha²­kxai³­la¹­ nxe³­ki³­kxai²­nan²­tu³­ hxi²­kxau³­xa³­sxa³­ wa²­nhu¹­ya³­sain¹­yah³­lxi³­he¹­la²­ te²­ya¹­nxe³­nun³­sxa³­ su³­na²­ hxi²­kan¹­txi³­lo³­te³­kxai²­nan²­tu³­ a²­nu²­a²­ a³­xa²­ sa²­hau³­ko³­ja³­sain¹­yah³­lxi³­he¹­la²­ nxe³­ne³­kxe³­su²­ a³­wi¹­wi¹­nxe²­ nu³­kxun³­txi³­: — txa²­yxo²­ka³­nau³­ai²­na²­ whai²­na¹­ wi¹­lain³­nha¹­nha¹­ nxe³­ki³­jau³­su²­ a²­nu²­a²­ a³­xa²­ sa²­hau³­ko³­ja³­sain¹­yah³­lxi³­he¹­la²­ te²­ya¹­nxe³­nun³­sxa³­ a²­nu²­a²­ khauh³­lxa³­ti³­hin¹­sxa³­ yxau²­xai³­lain¹­tu³­ka³­txa²­ i³­ton³­tu³­ka³­txi³­su²­ ta³­nxa²­ he³­ja²­lun¹­tu³­ka³­txi³­su²­ ta³­nxa²­: — wi¹­lhin¹­sxa³­ thai³­ti³­la²­ sa²­hau³­ko³­ta¹­tu¹­xa¹­ nxe³­ki³­kxai²­nan²­tu³­ ka³­lih³­kxi²­nha²­ki³­jau³­su²­ sa²­hau³­ko³­ja³­sain¹­yah³­lxi³­he¹­la²­,Nambikuára
25761,zezusi ha za ida'azem na dure za apa ihaiwa'utuzem na isiwasu'uzem na rowasu'u tawamha ane te zezusi ha tama siwasu'u za'ra tisire 're inomro mono nori ma: — ti'ai ama dasire ipodo ha 're ihaimana u'asi mono te te ima ipisutuzeb zarina wa za robzepata za'ete wama roti'wa nori ha te za siwi iwe'o za'ra ihi nori ha sasedoti ipire nori zama dure dama rowahutu'wa nori zama te za siwi iwe'o za'ra tawapsi te za dasiwi iwiri ni tawamha bada maparane i'ama si'utori o re wa za haiwa'udu apa — ane so'awi ma to zezusi ha tama siwasu'u za'ra tama irob'rasutuzem na ha te te ama waihu'u siromo za'ra da tawamha pedru ha ane tama isiwasu'u za'ra ze ha te te tiwi sawi da te sima sapro zezusi ha tisire nori nhiti,Xavánte
19500,mas no dia em que lo saiu de sodoma choveu fogo e enxofre do ceu e os destruiu a todos,Portuguese
104,tyxitase jezu morarame morara kaxipo kytone ropa maata takoro kohmase tokare pyra —tuisa kynako oya tykase takorony a,Apalaí
16807,nxe²­e³­ain¹­ti³­kai³­lu²­ je³­su²­jah³­lai²­na²­ a²­sa³­wi³­ha³­lxai²­na²­ ka³­na³­ka³­natsxa³­ wa³­nxin¹­ta²­ si³­yxau³­kah³­lai²­na²­ a²­sa³­wi³­sa²­ yau³­son³­kxi²­nu²­la²­ yu³­la²­ kain²­ta³­wxi²­a²­ hxi²­te³­nha²­ta¹­hxai²­he¹­la²­ nxe³­te³­na¹­ a²­ne³­nxe³­na²­ a²­ne³­wi¹­tau³­a²­ uh³­nxe³­i²­la³­ta¹­hxai²­he¹­la²­,Nambikuára
20860,ustsa tysisapywykynahaktsa kiristu watsa tsipisapywykynahaktsa atahi myhumo tsimypokzitsiareta iwatahi mysapyzeky nihyrikosokda tapara kytsa siraratsa ziknasibakanaha iwaze deus bo ziknasiwezokonaha ana humo hi simysapybyitsa nikaranaha deus nisiokzohik atawatsa sesus nihyrikosokdaze mymysapybyitsa tsikykaranaha deus ihumo nimyokzohik deus tihi: — o sesus kiristu mybarawy ezektsa sapyzeky nihyrikosokda ta humo kakureta hawa jokmorenikia waok myze kakureta anawahi sesus nihyrikosokda iwatahi ibo iktsa myze kakureta my mybarawy ezektsa humo tsimypokzitsiareta babata ziwatawy — niy,Rikbaktsa
18956,oniaroa judeus kaija'ari vanava'isohiva abonoa vani'aha: —kadavarani-ra akamithahi; aogajahakihi ida bajadi iva'ini-ra nahonariahihivini abini'bo'da'iki ada abraao kohana vaabinihananaki adani deus athi vanamoniva abono ija'ari iathini-ra naabaki ni-abinini ikahiki,Paumarí
12973,jesusya taꞌpi ipiꞌ: —innape ukupi piꞌ nai ayeraꞌma piꞌ wai figo yeꞌ yoꞌkoi tauya manniꞌ wenai tiise miriri yentainon eraꞌmaya pe nai ayenkuꞌtiuya pepin kaꞌ esettapuruka eraꞌmaya pe nai moropai inseriyamiꞌ enuku moropai toꞌ auti eraꞌmaya pe nai uuri pemonkon pe kaꞌ poi iipiꞌpi pia —taꞌpi jesusya,Macushi
9396,—haꞌe-ta pee-my haꞌu-ma kuri uva rykwere ay ae katu ndaꞌu moꞌavei-ma ha upe rire katu xe ru pende ruvixa oiko haty-py haꞌu jevy vaꞌera heꞌi —upe-py agwahe ramo uva rykwere pyahu haꞌu jevy vaꞌera pene ndive haꞌu jevy vaꞌera heꞌi gwemimboꞌe kwery-pe,Kaiwá
4433,naꞌe tupan heko haw pe har upapar hemiruzeꞌeg aꞌe wa taꞌe ipurumuapyapyk wer waner rehe aꞌe wa xe wanehapyka rehe aꞌe wa xe umumeꞌu waneta haw ihewe —  waneta haw aꞌe wa iꞌi ihewe kwehe mehe izaew umuzag  waꞌyr aꞌe wa taꞌyr umuzag waꞌyr teteaꞌu aꞌe wa no aꞌe tupan heko haw pe har umuapyapyk her izaew taꞌyr wazuapyapyr wanehapyka rehe aꞌe wa umumeꞌu waneta haw ihewe wa zuta izuapyapyr wa hu izuapyapyr wa no kaz izuapyapyr wa no azer izuapyapyr wa no natari izuapyapyr wa no manaxe izuapyapyr wa no ximeaw izuapyapyr wa no erewi izuapyapyr wa no ixakar izuapyapyr wa no zepuru izuapyapyr wa no zuze izuapyapyr wa no mezami izuapyapyr wa no iꞌi ihewe,Guajajara
14891,dao ma o'jewede ip cexewi sorarayu- -paulo mupokupok ojuyayu  be sorarayu kukukat tak yaguybabi'um o'e yaguybabi'um o'e paulo cesar ebekit iam itaybit puye o'subogbimukirikat puye dak soat ip oibu'un paulo kaykay am,Mundurukú
1372,kot paj nhyrma akupyn me awyr ixwryk kaxyw hamri ne ixpimxur kam ixwryk ket ne koja pika piita hkot me pa xwynhjaja anhipe ixwryk kam ixpumu te me piita anhipe me kot na haxenh pumunh pyrak o kot kaj me anhipe apiita ixpumu,Apinayé
14964,ipiatpi'ajojom eyju deus ebekitkit puye imenpuye deus je'e eywebe: — cedag ma eywebe soat em oxe eydop am — i — on soat kukukan pima oxe ma epesop cuk adi eyetaxi epesop ipiatpi'ajo am puye — i je'e deus eywebeixe cug ma e'em soat em ma,Mundurukú
13634,hapxop xohix nog'ax tu yayxaxoga'ax ha tikmu'un te' xat hok pu miy hok pa topa te' xat 'ohnag ya' xat'ax puknog te hamyummug putuk paya' hitop ha' xat pu pexkox yog nu'kutna'ax pu nu'xup nuy yay xax te kutuk paya' koit ya' hitop tu tikmu'un yog hape'paxex maxna 'ohnag tup-tup'ax kummuk pu hupma 'ohnag kamah,Maxakalí
20562,mysukyrytsitsa humo mysipokzitsinaha kyze sesus tihi: — tubabatu myzotsa kytsa nisihyrinymyrykynaha: “ahaututsa pauktsitsa humo tysipokzitsikinahaktsa kytsa asaktsa ahasukyrytsitsa mysisapybyikinaha” niaha uta hi ahape: ahasukyrytsitsa niwatihi tysipokzitsikinahaktsa kytsa asaktsa pahamyijakanaha sitsyhyryze deus bo tsimypamykysokonahaze tihi: “o deus myzo mysukyrytsitsa bo tysisapywykta” tsimaha iwa tsimaha zeka ahazo wata astatu tsimaha ihyrytsa tsimoziknaha atahi haramwe nizukni haramwe aparakbaha bo naharamweke kytsa simysapyretsa kytsa simysapybyitsa bo kino niwatihi naharamweke deus hyritsik myziwoko simysapyretsa bo simysapybyitsa bo kino niwatihi aparakbaha bo pisapywyky ikiahatsa tihiktsa ahasukyrytsitsa bo tsipisapywykynaha ikiahatsa ahaututsa pauktsitsa bo zuba tsipisapywykynaha zeka ustsa kytsa bo batu deus mytsaty “kaokzeka ahamysapybyitsa tu tsimykaranaha” my asaktsa simysapybyitsa tu atsatu mykaranaha siotutsa pauktsitsa myharape pokzitsikinaha ikiahatsa batu ahamysapy siwatsa zuba tsimaha,Rikbaktsa
14072,gebuje iboceayu agokatkat o'tujowat ita'umat osunuy ixe agokatkat cekawen pa'oreat tak o'e ixe ibiogbuk kereat imuyde'um'umm puye o'tujowat ip o'je'ada jesus a'obi ijojom o'e o'je'ada buye xipan kawenwen o'e- -ibiogbuk kereat kug tuibit o'e o'je'ada buye,Mundurukú
4333,— urezar aze uker e upa aꞌe nehe aꞌe rupi ikatu putar aꞌe nehe uruꞌe izupe uzeꞌeg zezuz urewe imano haw rehe nuzeꞌeg kwaw iker haw rehe nurukwaw kwaw imano haw rehe izeꞌeg awer ure — iker haw rehe izeꞌeg aꞌe uruꞌe izupe,Guajajara
25645,tawamha te zezusi ha asa wama nhari za'ra ane: — 're dasaihuri mono wamha dama 're rowe za'ra mono di za tane wa ha we izatori'wa te te i'ama irotize ha te isina uwaimrami wamha ima rowe di za inhimiromhuri ha te tama uprosi wamha ima rowe di za dure — ane zezusi te wama siwasu'u za'ra,Xavánte
2108,nota hitari iaxitikiri posotari ikinipoko ninireekiti nikamini tomatiko otisaaki kotxi apiananiri nitxaua —xesosi txana ninoa pariseoakori,Apurinã
24527,nishanpimi: “jerusalenta linami chaychu ya'a rasun nunap chulintam prinsipal yashacuna puydi sasirduticuna llapa yachachicunincuna suma-suma nacachipamal wanuchipaman'a jinaptinpis quimsa muyunpitam icha cashan shalcamusha” nila,Urubu-Kaapor
19557,tenho muito que lhe escrever mas nao desejo faze-lo com pena e tinta,Portuguese
15766,ti mꞌ jesus kyyh tamaa napah ba mꞌ ananijas ky hadoo: —waheh y nꞌaa hajong ta ky nꞌaa raherꞌoot ha yy sahonh he y ky nꞌaa napah nesaa do tamoo wat do jerusarenh ba a ha hꞌyy kaꞌeeh do sa ha —nang mah,Nadëb
26545,dja gar ari me o nekrex prokam amikran o adjakinho aban ar mekbe o abikenho aba djam metindjwynh kute ar ama anho myjja nhorma anho nekrex djwynh kute ar ama orma arkati,kayapó
13840,'ognu putat xe'egnag hak mog xate 'a' mug putahat 'ugyikagnag ha 'axip yik kuxa hittup” kaxiy,Maxakalí
17252,tehitiya nexa: jesse jikolahare ite tyoa kaotyakaite hoka majudeuneharenae xekohase tyaona hoka exahita atyoite atyahaharetyoahenaha,Parecis
5565,haꞌe gui ma rojeꞌoi ju yy rupi haꞌeve eꞌya katy gui yvytu oipeju ramo chipre ypaꞌu katyꞌi rupi roo ijyke yvytu eꞌya rupi yvytu poꞌakaa re haꞌe kuery oo kanoa guaxu re ajukue oipyoa vaꞌe py cilicia haꞌe panfilia yke rupi yeꞌe roaxa ma vy licia regua mirra teta py rovae,Guarani
24835,tapula: “chalapaculcashayqui ura chuya ispiritu pudiracuycushulanquichun” nil niptinmi: “manam imaypis chuya ispiritupi'a uyalipaculachu” nipacula niptinmi: “chaynu captin'a bawtisacushayqui ura ‘piman chalapacu’ niltan bawtisaculcalanqui” nin niptinmi: “bawtisa juan limapapamashanman chalapaculmi” nipacula niptinmi: “rasunpa juan'a bawtisala diosman cuticamucunatam natac yalpanquichun ‘ya'ap ipata shamucamanmi chalapaculcanqui’ nipacushushayquita chay jesuspimari cala” nila nishanta uyalilalilmi: “cananpi'a jesuspanam casha” nil bawtisachiculcala chaychu pablo maquinwan yataycuptinmi diospa ispiritun paycunapi pudiracuycula jinaptinmi mana yachashan limaycunachu dios cusapi limacuyalcan willacuynintapis willacucuyalcantac chay lula nunacunaca chunca ishcayniyu umricunam capacula,Urubu-Kaapor
406,okyokynahtao ritonopo nenyokyhpyry morotona oehse tuna kurokuro kamexipose kurakokara ehse osemazuhme aepukahpyry roke kurokuro kane aka mokyro roke ekurakase ropa,Apalaí
3479,mara kata saguhoem ayanmo kaingonotyby maintainduomo aurutomobyry waga tajityenze ani amaemo arala ola ara ayanmo kainwenihobyry waga adapa lela wawyly atywananehon-homobyry waga saguhoem kajityenda lelala wane ilema-ro iwera ola tuomare ura “izepa mato adientobyry waga tajityenze xina xina inakanhe aitobyry xygakega” deusram myguehomobyry waga izepa ato amanhetomobyry waga majityendylymola mawanka deus ize ato awylygue mara kata waga kainweniduo inakanhe awidyly makeba keanka amaemoem,Bakairi
13139,topa te' yanan putup pa nom kummuk xop te yay yog putat kummuk kopa' mog ha tikmu'un te nom penap-tup hu topa yog putat max 'aktux kummuk putup,Maxakalí
2862,amaneri makatxi pirena kona kakiti tapanetari makatxi kitxakari makatxi mata amaneria makatxi mata amaneri itxikika ininia kitxakari tsorakita amaneri sako aamata kamakori kona kakiti takari iaria amaneri sako kitxakari aamata kamakori aki itakiniari koanatxi kitxakari aamata kamakori tsorakita ininia iaria xikepoata ininia koanatxi kikeikari sako amaneri aki itakaaka iaria amaneri iua atokokana kona hikoketari kitxakari sakiretxiti amaneri sakiretxitikata,Apurinã
11906,perowiat kasi mamaꞌe amuteea ne ꞌga amu nipo ꞌga muꞌjau mamaꞌe sigaty are iꞌupyreꞌem are “pejeaꞌgu ki iꞌupyreꞌem awi” ꞌjau nipo ꞌga ꞌga nupe aꞌere ꞌga nemimuꞌefera nape muesagei jarejuwarete ꞌga upe kristu ꞌga momeꞌua etee futar iki perowiat ꞌga momeꞌua te jane muesage jarejuwarete ꞌga upe ꞌga rerowiaaramu,Kayabí
2363,ininia petro akixiniree ixinikaxitita: —kanatokopa itxa ikara nitapone iuasaakipeka konerio iokanatakini apokapekari simao aapoko apokana simao aapoko toremoni,Apurinã
11545,ꞌawamu jeꞌarasigamu tekou “awyi ajee je mueatee mamaꞌe tywera apo awi ꞌu” ꞌjau je tejeupe aꞌere janeruwarete ꞌga te je mueateeukari jejui kristu ꞌga upe aꞌeramu je mamaꞌe tywer awi tejeateeramu aꞌeramu je jarejuwarete ꞌga muorypa ee tejetee je jarejuwarete ꞌga jeꞌega renupeꞌema tekou “ꞌga jeꞌega renuwa tareko esage tejee” ꞌjau futat je numiamu aꞌere je naapoaꞌuweri tejee opajea ꞌga ae upe imureꞌemamu ae nuapoi futari mamaꞌe esagea ꞌga paje mu te ae mamaꞌe esage apoi,Kayabí
22002,itikina iseneu kixo'ekone ra yunzo'inopi yoko mihe'okinopeatimo vunae ne iseneu motovati uha kixi yexi koeku,Terena
14826,— ibimamamaat ekawen coco'ukat osunuy ikabogatka be — io'e jesus — tuybe deus ya'obuyxi gu ian o'e warara'acat kug tak ibuyxim gu osunuy — jesus o'e,Mundurukú
15871,ji hajaa do hehꞌaat do ky nꞌaa hahyyh be mahang pꞌop haga do ji ha karen do tahapah tedꞌoo doo ta tii ha tahꞌyy ganang tedꞌoo doo tawꞌaats he baad tabawat do ha tameteeh ta tii tawꞌaats he kanasabꞌee doo go baad hadoo do tamoo wat pꞌop haga do karen do hapah doo dooh takasabe ba,Nadëb
8202,ajag ty isovanh tu nin ky ajag ty isy ajag my nen to mu en to jykren ky nytin ky ky inh my nen kar to vimni han je sog ke mu ajag my ajag ty inh my nen to vi mu en ti ha vemni,Kaigáng
16767,ja¹­nxa¹­jau³­su²­ yain³­txa²­ yxo²­ha³­kxa¹­ wi¹­na³­la²­ yxan¹­ta¹­ a²­i²­li³­te²­ yain³­txa²­ i³­yain³­yah³­lxin¹­ju³­ta³­nu³­a²­ wxa²­wa³­ta³­xai²­na²­ i²­so¹­sxa³­ yxaih¹­sxa³­ ko³­nxe³­ti³­ kai³­ain¹­kxai²­nan²­tu³­ i³­yain³­yah³­lxi³­txa³­he¹­la²­ wxa²­wa³­ta³­xai²­na²­ txa²­wa¹­su³­na²­ hxi²­ka²­ we¹­kah³­lai²­la¹­wa²­ nxe³­nxti³­kxa²­yuh³­su²­: — yain³­txai²­na²­ yxo²­kwain³­sa³­nha¹­ yah³­lxin¹­kxan²­ti³­ i³­yain³­yah³­lxi³­txa³­he¹­la²­ wxa²­wa³­ta³­xai²­na²­ i³­yxaih¹­sxa³­ su³­na²­ ko³­nxe³­ti³­ i³­yi¹­li¹­nxti³­kxa²­yan³­ti³­su²­ ya³­nxta¹­wa²­ nxe³­ha²­kxai³­: — ka³­yxuh³­xa²­ wi¹­na³­na¹­ na¹­kxan²­ti³­ wa²­nhi²­na¹­kxai²­nan²­tu³­ txa²­wa³­ta³­xa²­ hi³­ka²­ so¹­lxi³­ yain³­jah¹­la²­ i²­so¹­sa²­sxa³­ i³­yxaih¹­sxa³­ ko³­nxe³­ti³­ kai³­kxa²­yan³­ti³­sa¹­ nxe³­ki³­kxai²­nan²­tu³­ a²­nxe³­te²­a²­ ka³­yxuh³­xa²­ wa²­nhi²­ya³­sah¹­lxi³­txa³­he¹­la²­ te²­ya¹­nxe³­sxa³­ yain³­txi³­yau³­xa²­ un³­jau³­xa²­ i³­na²­ki³­ju³­ta³­nu³­a²­: — txa²­wa³­ta³­xai²­na²­ i²­so¹­sa²­sxa³­ ko³­nxe³­ti³­ kai³­kxa²­yan³­ti³­sa¹­ nxe³­ki³­kxai²­nan²­tu³­ i³­na²­ya³­sah¹­lxi³­txa³­he¹­la²­ te²­ya¹­nxe³­nun³­te²­nu³­nhu³­sxa³­: — ha³­lo²­a²­ i²­li³­ju³­ta²­ kai³­a¹­tu¹­xa¹­ yxan¹­ta¹­ kai³­a¹­kxai²­nan²­tu³­ txa²­wa³­ta³­xa²­ i²­so¹­sa²­sxa³­ i³­yxaih¹­sxa³­ ha³­lo²­a²­ ko³­nxe³­ti³­ kai³­kxa²­yan³­ti³­sa¹­ nxe³­ki³­kxai²­nan²­tu³­ a²­nxe³­te²­ ha³­lo²­a²­ kai³­ya³­sah¹­lxi³­txa³­he¹­la²­,Nambikuára
10588,kia habu iny wiribihitximy risynykemy bede aomydyynana luudu mahadu deuxu tyytybytyhy‑di aoko ratximyhyre,Karajá
2877,kotxi ninatxitakasaaki nipokori hisikano niposonatakasaaki aparaa hisikano ati itixiti nikasaaki hinirekano haapoko napokini nimamakanisaaki kona makatxi hisikano namianatakasaaki hinikatano kateia aki nauakasaaki himotikaetano” itxanako kakiti maerekani,Apurinã
1637,me ape ijaew ket xwynhjaja te me ate akuni kama pi hpa jakar ne ixkre kapem par a hanhor ne ha kaxpreta pyrak jao jejus kot amnhi xunhwy nhum me ato hkra kure kumrex no ijaew te me kep ixkre kapem parta pyrak jakama tirtum kot akupym hanhorta tanhma kep kute hket kep tirtum kena kot tanhma kep kute jakama koja me hkot amnhi xunhwy nhum amnhi ta me omu ne me ho hkra kure kumrex,Apinayé
23644,api juda iscariote meheta jesure niiwi: —wiogɨ de'ro weegɨ mɨ'ɨ niisetisere ɨsa di'akɨre i'yogɨsari de'ro weegɨ a'ti ɨmɨkohokahara mɨ'ɨre eho peotira ke'rare i'yo weeti,Tukano
25876,tawamha zezusi ha te oto sina ama simire'e ete na ane: — oro 're ihaimana u'asi mono zadawa wasu'u na rob'ui'ere ha 're sore za'ra wa'aba mono za aima waihu'u za'ra wa'aba o di bete ane ibaiha na rob'ui'ere ha: “ete tomhapa we ha 'ri na'ratazeb da ha we uptabi nhere wasete newa 'ri'wa nori te te are siwi iwe'o ha 'ri na'rata uparizeb da te oto 're sa'wari u'asi pire na ubure danhib'apito ha ma to ane ha pisutu 'ri na'rata uparizeb da pire na 're isa'wari mono da ha taha wa ane na wa te ama 're rosa'rata za'ra mono wamha wa ama 're watob'uzu u'asi za'ra wa nori ha” ane dureiha wahi'rata nhimi'ui'ere na rowasu'u ha,Xavánte
23510,mɨsa pe'e a'ti nukukapɨre pehe waro kɨo' nii pe'tise mɨsa ɨasere kɨo yɨ'rɨoka'sa' mɨsa a'tiro weero noho nii' wekɨ naa weheatoho dɨporore ba'a di'i yohasami kɨɨ weero noho mɨsa ke'ra pehe kɨose bu'iri bu'iri da're no'orasa',Tukano
21947,miꞌi hawyi teꞌe­ru­we­wa­netup kahato hawyi teꞌe­roꞌe toꞌope — kat potei iesui aimuꞌe yt miwan enoi haria ewy i raꞌyn iꞌatuꞌe miꞌi ti morekuat ewy raꞌyn wen iꞌatuꞌe,Sateré-Mawé
13673,ha nemix xop yog tik kama' nun tu tu' penaha' tu noa'yen tu' mog,Maxakalí
6429,niiɡaxinaɡaneɡegi aneetece nalataɡaneɡegi moditibece niɡijo jotigide ‘niɡina ane yaladi naɡana lodawa odaa leeditibige me yajigota notaɡanaɡaxi me ikee naɡa yaladi lodawa’ pida ejitaɡawatiwaji inoatawece ɡoneleegiwadi anoiiɡe lodawa mopi odaa naɡani iwaalo nige wadotace odaa niɡini ɡoneleegiwa nalatoɡodi jeɡeo me doɡolaɡataka naɡani iwaalo codaa niɡini gela lodawa naɡani iwaalo jaɡaɡa doɡolaɡataka idoka yakadi malati ɡadodawa nige ɡadoɡolaɡati,Kadiwéu
1644,nhum tee ri me kuma hamri ne me kam hpram xa hkot me kam parapas ma ure ne poristi hkwyje ma jejus a amyne ne me kam: —toe me mamri hwyr te ne htak hamri ne kapot a me hpar xa ha pika hwyr o te ne pi kahpa ha anho ane,Apinayé
18037,deus monina a'onira ananamithahi avakamitha'ihi avanaaba'ihi avarigaki ida ija'ari athini hirini ida akadivarani deus athi hini avarigavini mani ida avakapoarijahakivini hija oniani ida deu-ra ani'abakhiavini hija: —jahaki ida va'ora ikajoamoravini iathini-ra vakajari'darara kaimoni — akhaniki hari deua bada bini'ahaha'oadahaki ida kidibadani ija'ari vajari'dariki vava'i bodinia,Paumarí
21712,mio ta e iesui pote paaꞌe neꞌi raꞌyn hawyi toto iesui kaipyi yt iwepit i raꞌyn katu­pono iwat heka­reꞌen iwato kahato pote yt toimoꞌe teran i,Sateré-Mawé
21826,kat pote atikuap taꞌyn kat pote taꞌa­tu­ꞌauka teran hap taꞌi iuteuria eko ete yn toiꞌa­parap miꞌi atikuap hawyi yt atiky­ꞌesat i kat pote yt kat i saꞌag sese tutunug ikytyt hamo iꞌauka hamo e,Sateré-Mawé
21153,maꞌato iesui tikuap hawyi toꞌe iꞌywot pe — yt erekenꞌe teiꞌo e uimohey yn no en e miꞌi hawyi typyꞌi rakaria iraniaꞌin iesui yt tiky­ꞌesat i tuwat yne hap temiitꞌin yn peteru tiaku iywyt iuwau wywo yn toiky­ꞌesat tuwat hap miꞌi hawyi tuwat raꞌyn iairu yat kape miꞌi hawyi putꞌok­ꞌi­ꞌa­tuꞌe tuꞌisa yat pe turan miitꞌin typyꞌi poityꞌi taꞌa­tu­pueti wak haria teꞌe­ruwak ihay pirik kahato piꞌa hin ikuꞌuro pote miꞌi turan iesui teke netap we hawyi toꞌe wak haria pe — kat potei eweiwak e kat potei ehehay pirik e yt ikuꞌuro i ti piꞌa maꞌato toket neꞌi ti e mio ta e pote wak haria toꞌo­ky­ryꞌi iesui ete miꞌi pote wak haria iesui tiꞌa­tu­sopo raꞌyn iꞌyat pyi miꞌi hawyi toko­kaꞌat ity iꞌywot iuwau tiaku peteru wywo yn naꞌyn ikuꞌuro rakat kape,Sateré-Mawé
10678,ibotoijo heka rubuwabede iraymy roimyhyre rowese rare tiiboho iny itxenadyydu rare irybe heka hemylalatyhyju wese rare,Karajá
22094,koeku itukeovo ya xunakoke ituko'oviti ngopuhikopea ndemoniuhiko koati iyuseoti simeovone kaxena natixea ituko'oviti xepakukenoe,Terena
10262,tule hawyy tadi oludumy arisynykre tule iriokorese tariorelahi oludumy arisynykre aoma inyo oludu heka tasy mahadu oludumy rarekre boluu adireny boreny heka boibekre kia luumy heka boibekre tai tahe iratyremy boibekre aokokeki tahe waluuokeki tahe wahoro mahadumy aoko boibeke,Karajá
15783,be hapee dag kan ta tii ti hyb nꞌaa pꞌop haga do be taky nꞌaa edeng da ta tii da be moo hedo ba ta majii moo go rahaeenh do ky nꞌaa jesus herꞌoot do panyyg nꞌaa hahyyh ti mꞌ jesus ky hadoo enh: —dooh sahonh he be ky nꞌaa hadꞌyyt tado ba ta ti y herꞌood wat doo y hapah ta ti sahonh he y aseew dak doo hahyy da pꞌop haga do kyy kerih do y aseew hom do see ky nꞌaa: “si y hawa do y tahyb nꞌaa wareem dak” saaw- kameta kan ta ti kerih doo go ta ky nꞌaa ka,Nadëb
3202,aituo myakawam anju mariaram idaly aguely: — tuomare ika maria kywymary deus agala koendonro amaem adientoem — kely,Bakairi
16869,je³­su²­jah³­la²­ ya³­lu²­ju³­ta²­ i³­yau¹­u³­jau³­su²­ nxa²­ha¹­te¹­ ha³­lo²­a²­ whai²­na¹­ ka³­nxa³­hi²­khai¹­nxe³­ta¹­hxai²­he¹­la²­ a³­lan²­ta²­ ne³­ka³­ka³­thi¹­nan¹­tu³­ a³­ka³­nxa³­hi²­ta¹­hxai²­he¹­la²­ a³­sa²­ti¹­ta³­xi²­tau³­a²­ so¹­lxi³­ ha²­te¹­ti³­ye²­ta¹­hxai²­he¹­la²­,Nambikuára
23375,yɨ'ɨ “bu'iri kɨora niima” niigɨ meheta wee' yɨ'ɨ too dɨporo nii'karo nohota mɨsare ma'i' mari katira ni'karo me'ra nii' werira ke'ra ni'karo me'ra nii nu'kurasa',Tukano
23528,jesu cristo yee kitire wereka masa teere tɨ'oma tee kitire tɨ'oka be'ro eho peoma,Tukano
11047,—aꞌeramu nipo ꞌga oporonupa ee jee: “maranime sipo ore ene resagi enepyꞌarayparamu raiꞌi maranime sipo ore ene resagi eneꞌyuwejamu raiꞌi nu maranime sipo ore ene mureꞌema orojeꞌwyr ipe raiꞌi maranime sipo ore ene resagi eneraityeꞌemamu raiꞌi maranime sipo ore ene resagi enekaruaramu raiꞌi maranime sipo ore ene resagi moromunepawa pype ene renamu raiꞌi” ꞌjau nipo ꞌga oporonupa ee jee,Kayabí
5366,mbaꞌeta mokoigue pea py ai jave aipoaꞌeague rami ae ju ꞌra xeayvu ay pee kuerya py nai vy aipoaꞌe ymave rupi ojejavy vaꞌekue pe haꞌe amboae kuery haꞌe javive pe guive: peteigue ju avae vy xee noromboaxyvei ma ꞌra mbaꞌeta peikuaaxe anhete pa cristo gui ae xeayvua haꞌe vaꞌe rima naꞌikangyi ꞌra pee kuery mbyte haꞌe ra pendevy pe oexa uka ꞌra opoꞌakaa,Guarani
1639,—amnepem me pa xwynhjaja na prem me apyra ne a memoj nhipex anhyr o pa nhum tirtum ja ha me omu ne am me omu ne ha tanhma me hipex to hket ne korma me kot kaper mar ket jakama nhum pre ja ha me omu ne am me omu ta na ra me pahte memo karo nhipex o mepahpam ne me pama kaper me pahte hpanha amnhi kaxyw am kot pix ma pajamaxper o papaja na kam hpram koja nhyrma tanhma me pahte amnhi nhipex to ho papa ha me pahpumunh kot tanhma me pajarenh to ne amnhi ri me htir tum ne me pa ho pa xwynhje jare ne amnhi ri me pa hket xwynhje jare na pre ra a me harenh anhyr kaxyw arigro hta arigrota a kot hpri ha kam tanhma me pajarenh to kaxyw na pre ra jejusja xam kaxyw na pre akupym ho htir ne akupym ho htir jao kot nhyrma kam tanhma me pajarenh to xwynh a ho amnhirit ane,Apinayé
24477,chaynu jinashtin jerusalenman yayculuptinmi llapa nunacunaca tapunacucuyalcan: “pitan cay nunaca” nil,Urubu-Kaapor
6091,lemeɡegi  batista niɡijoa nokododi herodes ninionigi-eliodi nipodigi galileia ja dibodicetibige jesus,Kadiwéu
24576,manatacmi adanchu satanashwan inganachicuca sinu'a walmin evam pishi shun'u cayninwan ganachiculcul juchacta lulala,Urubu-Kaapor
10311,kiamy heka habu tahawyy‑di ryirake iwese habu taumy luure wese tahawyy luumy ryirake iny tahawyy luukeki kia‑di ixiluuke,Karajá
7730,igwete pedro'ga ei ga pe: —‍judeus'garuiva'ero ko pe peko novia pe atyvi ko ji rekoi judeuramo novia ei ga pekwaha reki pe oreramonhava'ea nhi'iga ore ve jipi tapehoi judeus'garuive'ga pyri javo “tapejihe'ari tuhe ti ga ndehe” ei ahe ei pedro'ga emo tupana'ga okwahavuka ji ve gweaporogita a'ea rehe oji'i ei ga ga pe “ite'varuhu terei jara'ga pe” ei tupana'ga ji ve oji'i ei ga,Kagwahiva
10742,tiu heka rihitxinyotyhy aoma jesuisi kristu luureki wahe aohokymydyynana dori rakatxireny tii heka iny rirubunyrenyke iny rama rirubunyrenyke inieruomy bede brebuwo‑ki rakatxirenyke inymyreny rarybemyhykre iny rirubunyrenykre ta deuxu inywanarenyhyy ratximy ihyre tiu heka deuxu‑ribi ao iny rihitxinyrenyotyhy,Karajá
9008,upei hesu omaꞌe hese kwery ha heꞌi jevy: —pene manduꞌa kena nhandejary nheꞌe ohai uka vaꞌekwe-rehe “ndovalei upe ita heꞌi oga omopuꞌa vaꞌe imboyke-vy ha ojohu vai jepe upe ita oga pytahoha ramo oiporu oga pytahoha voi ita” sl  heꞌi nhandejary kwatia nheꞌe,Kaiwá
19972,quando isso se tornou conhecido de todos os judeus e os gregos que viviam em efeso todos eles foram tomados de temor; e o nome do senhor jesus era engrandecido,Portuguese
22836,yoko enepohikone noivokoe ituko'oviti ukeatinekene ko'iyeaneye ikeneke koati enomonemaka ihaxiko hokea yoko enepone ihaxiupo hokea enomonemaka ponopo nonekuke yoko enepone ponopone nonekuke enomonemaka porexo itukeovo hana'iti ihayu'iuti kaha'inepoatimo vanukeke,Terena
20249,— hawa hatsa sa zinymyrykynahatsa tuk tsimyharape pehakanaha — niy,Rikbaktsa
22489,yoko enomone yaneko okoku ora ivarereo neko eno kopopoti vahere haxakoati kuveu neko hana'iti imokovokuti koati kukukeke ivarereo ukeati vanukeke yonoti poke'eke iyuyomaka ne poke'e epo'oxo itaukexomaka ne mopoi,Terena
8496,judeu ag jykre si ky kejen fariseu u ag tog jerusalem ta junjun mu jesus ta tope vi to professor ag mre ha jesus my ag tog vi mu,Kaigáng
26112,ba ar ama are gar ama dja gar muw ne akapri rax nhym be me kum ikinh ketja dja me kinh dja gar akapri ten kam i arym akinhkumrex mramri ne ba ar ama ja jarenhkumrex,kayapó
7910,iponhimamava'ea aere jesus'ga hoa'javi gajatykahava pype pevo ga rekoi iponhimamave'ga,Kagwahiva
7380,—‍o'a onga jo'ajo'ara jerusalemmeva'ea rehe dezoitova'ea rehe ahe jukavo siloepeve'ga gwyri pe pe'e po pe pejiyvyteri pe: “tiruahu dezoitova'ea ojipe'ga hohe jerusalemmeve'ga hohe nura ahe rehe onga jo'ajo'ara ari” a'ea po pe ei naeru —‍a'e ji pe me: pe ndapejapyakakatui ahe rehe a'ereki jerusalemmeve'ga oko te'varuhu ahe ja pepohi ti pejikote'varuhua hugwi pepohire'ymame jugwi pe nhaporemo po ti pemano no pejigwovo hahyva'ea ruvihava pype nehe ei jesus'ga ga pe,Kagwahiva
8743,ha ve tope ha ne tar tavi niꞌ ha ky tog eg ty ti my nen u to vin ky tog eg ty ti my nen u to vi mu en kafor han ki kanhro ni ky tog eg ty nen u to jykren mu kafor han ki kanhro ni ge,Kaigáng
15316,ti mꞌ damas-ko ba ti awat ma jesus ha hꞌyy kaꞌeeh do seeh ananijas had nang doo ti mꞌ jesus kasee ta ha ta sꞌeeh hadoo doo go ti mꞌ jesus ky hadoo ta ha: —ananijas —nang mah —hꞌeed ba ageet yyh jesus hyb nꞌaa jawyk doo —nang mah,Nadëb
9255,ha hesu ae katu ndojapoiry inheꞌe heꞌi joty ixupe: —tereho katu nde satanas heꞌi joty ixupe —koꞌa-rami ae oi nhandejary kwatia nheꞌe heꞌi ave ixupe hesu: —“pemombaꞌegwasu katu tupa pende jary-pe ixupe anho mante pehendu pemboete-vy” heꞌi anhay ruvixa-pe onheꞌe mbojevy-vy,Kaiwá
17119,hatyaoseta  xema tyaoniterenai xaneheta hoka jesus iraehena halitinai kakoa  tahi: — xiyanehenere maharexakahare xahalakoahenere  xowaka xoare hare xatyahita xiyaiyane maheta xoana kana kase hoholati hoholaitere xoare hare xiyane xiyaiya xoana hatya haliti waiye nimere xasemehena waiye nimerenai exahe waiye tyaoniterenai atyo hati wahaharexenai ako tyaonita,Parecis
21677,uruwy­riaꞌin koitywy uruhetup kahato ehupi poꞌog poꞌog tupana mowepit haria wo eweikup­teꞌen hap iesui miky­ꞌesat ewy kahato uruikuap taꞌyn ti koitywy tupana mowepit haria wo raꞌyn eweikup­teꞌen miꞌi ta raꞌyn pytkai ti uruhetup poꞌog poꞌog ne iꞌewyte yt waure­ꞌe­weiꞌe teiꞌo iesui kaipywiat einapin uruepiat hap ete,Sateré-Mawé
17465,hatyo xatini paulo kaxawaiyanikisaka waiya hatya haliti macedonia yere tityoita hoka nita: — hisohena macedonia xeta hoka hakahinaetya wiso — nexa,Parecis
4073,ihe pawru ihe amaraaw hemimino romo aiko ihe tuweharupi aruzar zeꞌeg kwehe arer ihe aꞌe rupi aze mo zapuner tupan hemiruzeꞌeg romo zanereko haw rehe nezewe aꞌe mehe mo aiko weraꞌu mo amogwer wanuwi paw rupi katete ihe taꞌe aruzar tuwe aꞌe zeꞌeg kwehe arer ihe xe hezexak kar ire  ꞌar imumaw mehe heru omonohok kar hepireraꞌi aꞌe azexak kar izaew hemimino romo mezami hemimino romo aiko emerew romo aiko — zutew wa zaꞌe emerew wanupe aha tuwe zeꞌeg kwehe arer rupi moizez zeꞌeg kwaw par romo parizew her maꞌe romo aiko ihe amo ꞌar mehe aexak zezuz rehe uzeruzar maꞌe ihe wa kury weruzar zaneruwihawete zezuz zeꞌeg oho waiko aꞌe wa noho kwaw zeꞌeg kwehe arer rupi wa kury aikwahy wanupe amonoꞌog zauxiapekwer ihe wa aruata waneraha taw nan ihe wa aekar zezuz hemiruzeꞌeg ihe wa wamunehew kar pa wapetepetek kar pa ihe wa zeꞌeg kwehe arer kwaw par parizew her maꞌe romo aiko aꞌe ꞌar mehe ihe aze mo aꞌe rupi tupan zanemuigo kar wemiruzeꞌeg romo aꞌe mehe mo aiko mo hemiruzeꞌeg ikatu maꞌe romo ihe nuiko kwaw nezewe aꞌe rupi nazeꞌeg kwaw nezewe tupan pe ihe — o aha tuwe nezeꞌeg kwehe arer rupi ihe aꞌe rupi aiko neremiruzeꞌeg ikatu maꞌe romo ihe naꞌe kwaw izupe kury xo zaneruwihawete rehe zo azeruzar ihe kury xo izeꞌeg zo aruzar ihe kury nazeꞌeg kwaw zeꞌeg kwehe arer heruzar haw rehe hereharaz heremiapo kwer wanuwi paw rupi katete kury taꞌe azeruzar zaneruwihawete zezuz hezar rehe kury xe heruzar pa kury xe aꞌe rupi namumeꞌu kwaw heremiapo kwer kury heremiapo kwer nuzawy kwaw heremityk kwer ihewe taꞌe xo nezewe zo akwaw katu putar zaneruwihawete nehe xe taꞌe xo nezewe zo aruzar putar nehe no xe aꞌe rupi zaneruwihawete hemonoꞌog uzehe aꞌe pitai teko ai uruiko ure kury aꞌe rupi tupan nuexak kwaw heremiapo kwer kury — aruzar tuwe nezeꞌeg kwehe arer ihe naꞌe kwaw izupe nan — azeruzar zezuz heruwihawete rehe ihe kury emeꞌe zo heremiapo kwer rehe nehe emeꞌe heruwihawete hemiapo kwer rehe nehe taꞌe aiko pitai teko ai zezuz inuromo ihe kury xe aꞌe tupan pe aꞌe rupi tupan numeꞌe kwaw heremiapo kwer rehe kury — erezeruzar neruwihawete zezuz rehe kury aꞌe rupi nekatuahy heruwa rupi kury neruwihawete zezuz ai kury iꞌi tupan ihewe kury,Guajajara
16404,yxan¹­ta¹­ je³­su²­jah³­la²­ wan³­txi³­kxai³­lu¹­ i³­wa²­lu³­xain¹­te²­an¹­jau³­kxai³­lu¹­: — nxe²­nxa³­i¹­ a²­wi³­nai²­la³­ ta³­nxa²­ a²­ha³­ka³­nai²­la³­ ta³­nxa²­ a²­we³­sai²­la³­ ta³­nxa²­ hai³­txi³­ ko³­nxe³­ti³­ kai³­ai¹­nha²­kxai³­ ye³­han³­si¹­hain¹­ju³­ta³­la³­ yu²­nxa³­i¹­ yxan¹­ta¹­ txa²­wa¹­su³­na²­ si³­yxau³­tau³­a¹­ nu³­kxun³­khaixju³­ta²­ ye³­we²­txi²­tu¹­wi¹­ nxe³­kxai²­nan²­tu³­ su³­na²­ nu³­kxun³­ju³­tai²­nan²­tu³­ a²­nu²­a²­ yxo²­ha³­kxa¹­ i²­ain¹­tu¹­wi¹­ ja¹­nxe³­te³­lhxa³­ kxa³­nau³­ai³­ta²­ jah¹­la²­ ye³­han³­sxa³­ a³­li³­la¹­nha²­he³­li¹­,Nambikuára
22471,akoikopo yihoikiku yutoeke muise koeku ne exepuhikopeamo ne ivokovoti enomone yane koyuhoyeaku koeku ne kali xuve tikoti ixomoti irumeko akoti ara'akapu xoko yuho'inoa ituko'oviti ne muise enepone koeti: “undi ituko'oviti kuvovone abraum kuvovonemaka izaki yoko njako” koeti,Terena
19888,portanto confessem os seus pecados uns aos outros e orem uns pelos outros para serem curados a oracao de um justo e poderosa e eficaz,Portuguese
1199,—na pa pre inhipeexa rum amne me awyr wry hamri ne kam hpram xa hkot tanhma amnhi nhipex to hpar o mo ne ra akupym hwyr inhnojaret kaxyw ane nhum pre a jejus me inhma amnhi jarenh ane,Apinayé
11183,aipo pedro ꞌga ꞌeramu ꞌga amaraꞌneramu ꞌga nee —aruapisi ore pee nanamu aipo peꞌje oree— ꞌjau ꞌga ꞌga nupe,Kayabí
24610,jesusmi licalin juc chalapacucunamanpis lluy caycunapi limay-limay cayalcaptinmi jesus paycunap chawpinchu licalilun: “allinllachun jawcana capacuy” nil,Urubu-Kaapor
12960,miriri piꞌ taꞌpi jesusya: —inna seruꞌ pepin innape uuri eꞌtarumaꞌti waranti aweꞌtarumaꞌtikon niri —taꞌpi jesusya —tiise tauya pepin apiꞌnikon umeruntiri wini ereutaki moropai kamaiꞌ wini ereutaki tauya pepin apiꞌnikon maasa pra uyunya taa kupi siriri manniꞌkan uupia ereutatonkon timenkaꞌsan piꞌ toꞌ ereutatoꞌpe,Macushi
22276,noinjoane ingorokovone nonekuke kuti koene ivongovotine ina ipihoa ne vo'u exope njokoyoke koane kixeonu: —‍hako pike undine itukovo turi koane hunokoku ne uha koeti koekuti,Terena
10302,kamy ta bidiwyonydenykre: —inybohole riroximy roiremyhy wahawareny‑ki tobedeerydyymyhy,Karajá
12798,tinmu tiriꞌpiiya aasaꞌmantatoꞌpe timini kamoꞌpi cristoya imakuiꞌpi toꞌ eꞌtoꞌ moꞌkatoꞌpe innape ikupi toꞌya wenai paapaya toꞌ eraꞌma yairon pe miriri wenai yairon pe tiwani ekaremekiꞌpiiya maasa pra penaronkon cristo esenpo rawiri esiꞌsan nikupiꞌpi imakuiꞌpi wenai toꞌ tarumaꞌtisaiꞌya pra man inimikiꞌpiiya tinmu iipiꞌpi pikiri tiise taripai iꞌ kaiꞌma yairon pe tiweꞌtoꞌ ekaremekiiya jesus cristo nikupiꞌpi wenai miriri yairon pe tiweꞌtoꞌ wenai innape jesus cristo kuꞌnenan kupiiya yairi toꞌ eꞌtoꞌpe,Macushi
1839,na ka me ra axohto ne a amnhi nhipex ane ne atyx ri memoj kukama ajamaxper pe pawta ku jejus kot me pane htykja ma ajamaxper ket pe atyx tanhma ajamaxper to pe hkwy hkur o akri myrape na ka me ra ja ha axa ne ri apa ne me akwyjaja ra htyk rax ne,Apinayé
8099,ky ajag tog ki kanhro nyti isy ajag mre nin ky ajag my ti jagy nim sor tu ni ti ha ra sog neji ajag vatanh ta ajag krin ti ajag my sog neji on ti,Kaigáng
8518,ky jesus tog ti my: “a jyjy he ri ke ti” he mu ky tog: “mil” he mu “e tavi eg nyti” he tog nen-koreg ti ky tog to viꞌ to viꞌ he mu jesus ty ema en ki ti kutem tu ni je,Kaigáng
26911,e gora ar mekbe ije djakam ar ku'eja ma dja gar gadjwy aje ar ro'a mekbe ije djakam aku'e man prabe ar o'a atokryn aka djan akaprin ar aba kwarik wanh gar ate akra ket dja gar a arkot ane me kute prine aro bikenh nhym ar tokryjadjwy gora ar ar ama dja gar ar o'a aka djan atokry ne be tam ne ja gedja ba ajte ar ama myjja 'odjwy jare,kayapó
22345,koeku kasahikea ape irihikovoti xe'okuke xene yane keno'okone ho'openo oti nikopati neko ake noneti,Terena
5248,haꞌe rami ra jesus aipoeꞌi haꞌe kuery pe: — napeneꞌarandui haꞌe peneaka rata vaꞌe perovia agua profeta kuery omombeꞌu vaꞌekue cristo ndaꞌu ndoiko vai ꞌra ri guexakaa py oike agua — heꞌi haꞌe rami vy moises ayvukue gui omboypy vy profeta kuery haꞌe javi ayvukue re ijayvu guekora re ipara oi vaꞌe omombeꞌu porave vy,Guarani
19769,jesus perguntou ao pai do menino: ha quanto tempo ele esta assim  desde a infancia respondeu ele muitas vezes o tem lancado no fogo e na agua para mata-lo mas se podes fazer alguma coisa tem compaixao de nos e ajuda-nos,Portuguese
14722,— eyaguyisum eyju jekukum ijodi bima — i juk adi o'e cristo wuywebe — soat em deus xe eyetait epesop eye'u buje dak — i juk adi o'e cristo wuywebe,Mundurukú
189,moro saaro ma serohne oryhmatopopyryko eneryhtao oya xine ynara enetupuhnoko matose okyna pyra ma ritonopo emero eseme exiko moro enetupuhnoko matose tykase jezu eya xine,Apalaí
23738,koo marapɨ weri'karo weero noho marire ni'karoakare a'tiro wa'a' too dɨporopɨre moise duti'kere yɨ'ti ni'iwɨ yuhupɨ jesu cristo kɨɨ werika mari ke'ra weri'kara weero noho wa'akara niiwɨ toho weera jesu cristo werise me'ra mari moise dutise doka nii'kere du'u no'owɨ ni'karoakare jesu cristo weri masase me'ra kɨɨ yara nii' marire o'akɨhɨ ɨaro weeato niigɨ kɨɨ yara sahaka weekɨ niiwi,Tukano
25343,tawamha zezusi te asa tama nhari za'ra: — wa ha wa za a'a asadanhari na aima ama wa'rami za'ra wa'wa tawamha i'uwaibaba ima waihu'u za'ra wa'aba wapsi wa za asa aima wasu'u za'ra wa'wa ni'wa sadawa para te dama 're i'ab'manhari mono na ha ane wa za asadanhari za'ra wa'wa: e 'wa sadawa para ma to zuwa ha a dawabzuri ha te te dama 're ab'manhari bete e 're ihaimana u'asi mono zadawa para e dazadawa para — ane ma to zezusi ha sadanhari za'ra te te tama waihu'u za'ra da a'a tawamha 'rawi te sima nhari za'ra dama rowahutu'wa nori ha: — e niha wa za tama waihu'u za'ra ni one wamha 're ihaimana u'asi mono zadawa para a dawabzuri te te dama 're i'ab'manhari mono na wa te tama waihu'u za'ra wamha te za wazadanhari na sahu za'ra ane: “e niha bete zuwa batitaha nhimirowasu'u ha saze za'ra wa'aba o di dame” tane nhere tare dazadawa parap si a dawabzuri te te dama 're i'ab'manhari mono na wa te tama waihu'u za'ra wamha wa za wasina wapahi za'ra ni dama niha da te wama rob'manhari za'ra o'umnhasite e mari wa zuwa batita ha 're ihaimana u'asi mono zadawa wasu'u'wa 're imori na da te 're saze za'ra mono wa — ane te 'rawi sima nhari za'ra,Xavánte
20134,sinija jobonita bo izumuze kytsa bo nitsaso nitsasokoze mybarawy nitydydykyk tu abaka mytuk mopamykysokozo atahi: — mybarawy pitydydywyzo mybarawy pitydydywyzoze bijoikpe kino niwatihi pitydydywyzo — niy,Rikbaktsa
21534,taꞌi eipy­ꞌa­setpe urutu­kup­teꞌen eikyꞌe kahato haria wo urutu­wehum kahato ehete miꞌi pote eheropat haria wo uruto­py­huꞌat katu­pono uruiꞌa­tu­kyꞌe kahato eipe,Sateré-Mawé
7015,jesus'ga omombe'u jerusalem mondurugagwama —‍aere po ti pe hepiagi soldados'ga cidade de jerusalem atimaname nehe naha po ti he'yjuhuve'ga tavukari jerusalemmeve'ga pe nehe a'ea repiagame po ti pe ikwahavi jerusalem mondurugwerihava nehe ei jesus'ga,Kagwahiva
8088,“tope vy ajag ve konan mu venh kar ty ajag to vi ha han mun ky ajag my ti ha ti venh kar ty ajag to vi ha han mun ky ha ra tog tope my koreg ni ge ja ag tog nytigti u ty ajag my vi ha han mu en jogꞌjog ag on ky tope vi to ka me en ag my vasy ag my ag tog vi ha han ja ni ge ag ri ke ajag tog nyti on ky tope vi to ka me en ri ke ajag tog nyti venh kar ty ajag my vi ha han ky ha ky tog ajag ve konan mu tope ti” he tog jesus ti ag my,Kaigáng
5133,— haꞌe gui ay ma senhor po py romboaxa ayvu nhanemboaxya regua rupi vy penembaraete agua mbaꞌeta ijayvu ma ipoꞌaka penemombaraete vy pendevy guara omeꞌe agua ikyꞌa eꞌy vaꞌe kuery haꞌe javi reve,Guarani
2988,ininia xotasi kamikapirireri misakiretari xesosi: —koerekareri atauako notakani xesosi apakapapiretari: —ari pitepitikara,Apurinã
21716,tupana paꞌau wakuat yn aimo­weꞌeg kuap tehay wakuat moherep hamuat saꞌa­wy­ꞌiwuat sehay waiꞌe hap koꞌi tupana henoi iuteuria kape waku kahato miꞌiria maꞌato yt aimo­hapyk kuap i tupana wanetup hawe katu­pono yt watunug kuap i yne miꞌi koꞌi maꞌato sehay pakup iesui etiat wo tupana paꞌau aimoiei­neꞌen kuap iraniaꞌin iwepap kuap kahato tupana ehay maꞌato yt taꞌa­tu­hetup i tupana paꞌau me — uimuꞌe ro kat som ereꞌe mesuwe hap kuap hamo yt iꞌatuꞌe i teꞌe­ru­wa­netup mesuwat miwan tupana etiat — atimo­wepap kuap hawyi aheha­kye­raꞌat raꞌyn iꞌatuꞌe yn tupana miwan etiat aheha­kye­raꞌat kuap iꞌatuꞌe toꞌope miꞌi hawyi taꞌa­tu­mo­wepap kahato ahut ewy yt taꞌa­tukuap i taꞌa­tu­pyꞌa pe pytkai miꞌi hawyi ikuꞌuro rakat ewy tukup­teꞌen tupana ehay ete kat pote sehay yn taꞌa­tukuap pote maꞌato tupana paꞌau wakuat yt aimuꞌe i miꞌi hap ewy neꞌi katu­pono tupana paꞌau aimuꞌe aipyꞌa pe aiwa­netup hawe aimuꞌe kahato tehay ete miꞌi hawyi aimoiei­neꞌen weꞌeg tehay wo miwan kaipyi,Sateré-Mawé
360,jezu roke kyyrypyryko korokaneme mana toiro imepy kyyrypyryko korokane pyra jezu rokene tykase peturu eya xine,Apalaí
2626,piito parikauatakasaaki piito tapara apiaapota ininia erekari piparikauatini apiaerekata pixinire parikauatini pixinire auaki inini ikapani pixinire ikorasaaki auaki ininia pauapikako teosokata atipirika ikara nisakire atao erekari ikinimane auikiniri ikara erekari ikinimane kaminiri ikara ininiakara iteene aparikauata teoso ikapani pasapaniri iuaritika aparikauatapitipo kotxi aauikari teoso sakire teoso mipikati sakire iua ikinimane kakiti maerekani makatxaakari itxaua iua makatxakari isakire auiakani maerekani maerekani misiritikoataa imasikanina ikapani,Apurinã
17789,hatyo nase halitinai atyahitaha zacarias exahe tyotyaha hakaharetyoahitaha ehowitiharene iraexatyakalati hanako kakoa,Parecis
7950,jesus'gareheve'ga ndepiakatuhara'ga ti toko katu a'e ji tegwete ojipe'ga nemimbojahava ga ndehe a'ero ojipeji tehe ti ga togwereko gwembireko'ga tojiko ti ganda'yra'ga jesus cristo'ga rehe toakwaha ti ganda'yra'ga no hendukatuavo ganhi'iga po ojipe'ga omombe'u katu ganda'yra'ga ko oko te'varuhu javo a'ero ti ga tokoyme jesus'gareheve'ga ndepiakatuhara'ga po ganda'yra'ga ndekokatui a'ero pyry ga jesus'gareheve'ga ndepiakatui gwa'yra'ga mogitakaturo gwaramo,Kagwahiva
12620,moropai jesusya taꞌpi toꞌ piꞌ: —moises nuriꞌti nitiriꞌpi pepin miriri penaronkon yuu ton ˻tiise miriri paapa nitiriꞌpi˼ tiise uyun nitiri siriripe aapiaꞌnikon yairon ayukon ton kaꞌ poinon miriri ayukon ton paapa nitiri iipi kaꞌ poi moropai enen tiikoꞌmantoꞌkon ton tiriiya siriri non po tiikoꞌmansenon pia,Macushi
15218,pꞌop haga do taah ne he eer baad pꞌop haga do sahee meteeh er hꞌyyb tym ha,Nadëb
730,tyjamitunuru enepoko mana “kure ase imehno motye” kanano tahpahpose eya imehxo se toto exiryke,Apalaí
18534,avarigaki ida cristo jahaka'oana jahaki ida avarigavini ija'ari hojai sohika'oakia kahojaiki deus kaisai hini,Paumarí
20183,iwaze wastuhu kytsa deus hyrikoso zikwy humo ispirikpowy babata motsasoziuku usta deus hyrikoso zikwy humo deus harere kytsa mysihyrinymyryziuku mektatu deus hyrikoso zikwy humo sesus humo mysispirikpotohinaha usta maku simyitsapyritsa mysizororowykynaha deus hyrikoso zikwy humo zuba,Rikbaktsa
23901,kɨɨ toho niika ni'kɨ moise duti'kere bu'egɨ jesu tiro wa'a uukukɨ niiwi: —masare bu'egɨ mɨ'ɨ no'o wa'aro mɨ'ɨre siru tuu sihagɨti niikɨ niiwi,Tukano
19781,ah que queres conosco jesus de nazare vieste para nos destruir sei quem tu es: o santo de deus,Portuguese
4366,amo zeꞌeg kwehe arer kwaw par parizew her maꞌe aꞌe wa ur ipyr uzemuzahazahak kar pa izupe aꞌe wa no amo xaxeto hemetarer katu maꞌe xatuxew her maꞌe aꞌe wa no ur ipyr aꞌe wa no wanexak mehe zuaw uzeꞌeg ahyahy wanupe — mozaiw ai peiko pe mozaiw uxiꞌu teko wazuka pa aꞌe wa nezewegatete pemuꞌe teko temuꞌemaw rehe pe wa no tatahu pe wamono kar pa pe wa no iꞌi wanupe — aipo pepuner pehemaw rehe tupan wi nehe aipo nuzepyk kwaw penehe aꞌe nehe ni amo napemuhem kar kwaw zepykaw wi aꞌe wa nehe iꞌi wanupe,Guajajara
8734,tope ty eg jagagtan sor eg senhor ty jesus cristo ne isar han tiꞌ ha ky sog ti ha my vi ha han ti ti ha ne iso jykren ky inh kupregꞌ sy ti ranhraj han je ky tog veg mu sy to tar ni ti ti ty isar han ky sy ta kryg ke tu ve ve isy ti ranhraj han je vasy sog ti my vi konan ja nigti ti vog konan ja sog nigti ti to ju pe han ja sog nigti ge ha ra sog ti ki kagtig ni ja nigti ky sog ti ki ra sor ja tu nigti ge ha ky tog inh jagagtan sy ti ki ra je,Kaigáng
21223,miꞌi hawyi typyꞌi rakaria watꞌymo iꞌewyte yianmiaria iꞌatu­wepit kahato — ereke ro ereke ro morekuat tawi saipepiat iꞌatuꞌe taꞌatuehay pirik wo waku kahato en atipy kaipywiat iꞌatuꞌe taꞌi tupana mimo­typot kahato en iꞌatuꞌe katu­pono tupana motypot hat en pote iꞌatuꞌe waku sese waku sese tupana iꞌatuꞌe,Sateré-Mawé
571,ritonopo enetuputyry poko sero nase mame ynara tykase jezu typoetory tomo a —naeroro ynara ako ase oya xine otyko poko toretyke pyra ehtoko anapyryko poko roropa toretyke pyra ehtoko oupoko poko roropa toretyke pyra ehtoko tupoke pyra oehtohko poko toretyke pyra ehtoko ynara exiryke kure kuehtohko ma tonahsa motye kuhse tose motye kuhse mana morararo upo motye kuhse kuokoko mana tykase jezu,Apalaí
2546,ininiara ikinika kaiokatsoparerini pariseoakori pakini paniatakiti hikamako kotxi ninoa sapiretari moisesini sakire teoso oerekakiti ikara erekari txamari kona ninoa kamari moisesini paniatakiti ikara erekari ininia ninoa kamakiti atoko hikamape kotxi isakirena erekari txamari ikamakitina erekari,Apurinã
6665,ja nipegi niɡica noko aneotedoɡoji me iloikatidi niɡina oko leeɡotedi niɡinoa libeyaceɡeco jiciaceeketege naɡana niale anidiwa onateciɡidiwa nokododi odaa ja nakagidi napalite litodi inoatawece niɡinoa niale ane daɡa yajigo ela anele onakagidi odaa oyokoletiogi minitaɡa noledi,Kadiwéu
6960,niɡina liico dakaketibige me ikatece aneotedoɡoji me iiɡe laaleɡena eneɡegi diɡica laɡaliigi me jixomaɡatiwece niɡina gameelo catiwedi niɡina etakado libegi”,Kadiwéu
26993,nhym jeju arek omunho nhyn kam arkum —‍ba ar ama are me'o 'uwti ja ne o myjja ket ne tu me kuram o pi'ok kapri raxo ten metindjwynhma kunga me kuni kuram pi'ok kapri raxo ten kum kunga me ja ne me o pi'ok kapri kumex ne kam 'a katam ne kumex ne kam 'a katamja metindjwynhma kunga nhym bep me'o nija ne o pi'ok kapri kete pi'ok kapri ngrire ne tu kum kuni nga o kute amikadjy myjja byr ne kren ne tin kadjy metindjwynhma kuni nga kum 'o nor kete kam ne ba ar ama “nam me kuram pi'ok kapri rax ne kum kunga mramri ne ba ar ama are” ane,kayapó
19181,quem e minha mae e quem sao meus irmaos  perguntou ele e estendendo a mao para os discipulos disse: aqui estao minha mae e meus irmaos pois quem faz a vontade de meu pai que esta nos ceus este e meu irmao minha irma e minha mae,Portuguese
19330,mas por isso mesmo alcancei misericordia para que em mim o pior dos pecadores cristo jesus demonstrasse toda a grandeza da sua paciencia usando-me como um exemplo para aqueles que nele haveriam de crer para a vida eterna ao rei eterno ao deus unico imortal e invisivel sejam honra e gloria para todo o sempre amem,Portuguese
5832,haꞌe gui itakua gui oe vy onhamba jogueravy onhemondyipa haꞌe okyje reve okyje vy avave rei pe nomombeꞌui ranhe,Guarani
4623,aze amo uzeruzar maꞌe iranahy iko aꞌe nehe peruzeꞌeg peho nehe — emaꞌereko katu tuweharupi nehe peze izupe nehe aze heta ukyze katu maꞌe pepyr wa nehe aze heta ikag ꞌym maꞌe pepyr wa nehe pemono pekagaw wanupe nehe no aze teko uzapo ikatu ꞌym maꞌe peme wa nehe pepuruzukaiw zo wanupe,Guajajara
14400,— kariwa jekapikpik'ukat kay pimaap itaybit cicaat kudadam je'e xipacat mugege'ukat kudadam je'e igo kapikpik'ukat warara'acayu kukuk'ukat kariwa a'obiat irere bima ip soat em ixat je'gum ip cebe- -warara'acayu be- -kapikpik'ukayu be jexat o am awero am ip cebe icug am je'gum,Mundurukú
4736,aꞌe ꞌar mehe nehe napenoz kwaw maꞌe ihewe nehe azeharomoete ko hezeꞌeg ihe aze penoz wyzai maꞌe heru pe herer rehe nehe umur putar peme aꞌe nehe,Guajajara
16544,nxe³­sa²­si¹­nha²­kxai³­ hai³­a²­ ko³­nxe³­ti³­ kai³­sin¹­te²­txa³­wa²­ au²­li²­thin¹­nha¹­ju³­ta²­ kai³­sin¹­te²­txa³­wa²­ a²­nu²­a²­ a³­xa²­ a³­ke³­tu¹­sin¹­te²­txa³­wa²­ txa²­wa¹­su³­na²­ wan³­txa²­ ko³­nxe³­ti³­ yau³­xa³­lxi³­ i³­yatsin¹­te²­txa³­wa²­ nxe³­ha²­kxai³­ hai¹­nxe³­sxa³­ ya²­la³­tu³­ju³­ta²­ so¹­lxi³­ o²­la³­kxi²­sin¹­te²­sa¹­wa²­ nxe³­nha¹­jutsu²­ txa²­wa¹­su³­na²­ yen³­nau³­a¹­ wi¹­kai³­nha¹­ju³­ta²­ a²­nu²­a²­ yxo²­ha³­kxa¹­ a³­la³­kxain¹­jau³­su²­ i²­sain¹­sin¹­na³­la²­ kris²­tu³­jah¹­lai²­na²­ a²­wxi²­kin³­ti³­ton³­ju³­tain²­txi³­ txa²­wa¹­su³­na²­ a²­wxi²­kin³­ti³­ton³­ju³­tain²­txi³­ nxe²­na³­la²­ nxe³­ju³­tai²­na²­ kris²­tu³­jah¹­lai²­na²­ wan³­txa²­ wa³­nxin¹­jau³­xai²­na²­ i³­hen³­txi³­ki³­kxai²­nan²­tu³­ txa²­wa¹­e¹­na²­ sa²­hau³­ko³­tu¹­nhe³­jau³­xa²­ i³­hen³­txi³­ki³­ta³­la²­ ha³­lo²­a²­ i³­ha²­te¹­kxi²­ne³­jutsu³­nxe²­ kris²­tu³­jah¹­lai²­na²­ wan³­txa²­kxai³­lu²­ txa²­wa¹­e¹­nau³­ai²­na²­ i³­la³­kxi²­ti³­hi¹­te³­na³­la²­ nxe³­yan¹­ta¹­ kris²­tu³­jah¹­lai²­na²­ wan³­txa²­ i³­hen³­txi³­ki³­sxa³­kxai²­nan²­tu³­ a²­nu²­a²­ ko³­nxe³­ti³­ i³­yi¹­li²­ju³­ta³­nu³­a²­ yu³­te²­nu³­ka³­txai²­na²­ so¹­lxi³­ wan³­txai²­na²­ kris²­tu³­jah¹­lai²­na²­ wan³­txa²­ yu³­ai¹­nxa³­lho³­la²­ a²­nxe³­tu¹­ka³­txai²­na²­ sa²­kxai³­lu²­ sa³­ta³­na²­jah¹­la²­ yuh³­xan¹­ko³­xai²­na²­ a²­su³­nu²­su²­ ki³­lxo³­nha²­jah¹­lai²­na²­ hi²­sen³­su²­ wa²­la²­ a³­ye³­ti¹­jutsu³­nxe²­ wan³­txai²­na²­ sa²­no¹­te²­ju²­he³­la²­ yxo²­i²­ain¹­kxa²­yan³­txi³­sa³­,Nambikuára
23845,tii maka efesopɨ niira judeu masa apera judeu masa niitira nii pe'tira tɨ'o se'sa wa'akara niiwa toho wa'asere teere tɨ'o ɨkɨa jesure wio pesase me'ra wakusetikara niiwa,Tukano
7526,a'ero ga apyni tapy'ynhapipyryva repiaga ipype emo ga ndoki ipype kiro simao pedro'ga vahemi ga reviri okiavo ipype igwete ga hepiagi tapy'ynhapipyryva no pevo tuvi jesus'ga akaga mamanipyra no a'ea ko irupe'i tuvi tapy'ynhapipyryva hugwi onhimamana oina,Kagwahiva
10102,fariseu kiamy robireu ixideele rarybera: —kia habu deuxu rybeduo aoko rare tuukeki tii hawyy rieryke aohawyybo tii ratxireri,Karajá
12977,tiise miikiri umi esaꞌya tinmu yarimasaꞌ eraꞌma tiuyaꞌnikon yeꞌnen inkamoro umi eraꞌmanenya taꞌpi: “aꞌki miseri inmu wiipaiꞌnikon maasa pra iꞌ pensa tiyun saꞌmanta yai miseri ena umi esaꞌ uuriꞌnikon pe aweꞌtoꞌpe iwipaiꞌnikon” taꞌpi toꞌya,Macushi
12946,inkamoro witiꞌpi epose moropai eposaꞌ tiuyaꞌnikon ya yai attitoꞌpe taa piꞌ toꞌ koꞌmamiꞌpi ipiꞌ tikoꞌman pe miikiri surarayamiꞌ esaꞌ yewiꞌ ta taꞌpi toꞌya: —miseri piikaꞌtiya eꞌpai awani maasa pra mori pe tiweꞌsen miseri —taꞌpi toꞌya —maasa pra anna yonpayamiꞌ saꞌnamaiya marari pra moropai miseriya epereꞌnitoꞌ yewiꞌ ton koneka meꞌpoꞌpi anna ton pe —taꞌpi toꞌya,Macushi
25523,rowahutu'wa zaha te za pi'oi mroto nori wi isibro ha te te tiwi 're uprosi za'ra tane nhere te ta nori ha danho'a 're ihaimana u'asi mono ma 're mreme zusi ha 're haimana we uptabi za'ra mono newa taha wa te te dama 're i'arob'manhari mono zem nhipai u te za 're ihaimana u'asi mono ha te te tama 're rob'manhari za'ete za'ra — ane ma to tama waihu'u za'ra tisire 're inomro mono nori ma,Xavánte
25126,'re ihaimana u'asi mono nhimiroti zarina si te za 're aihaimana u'asi za'ra wa'aba mo isimizawi pese zem hawi asina tiwi 're aipaha za'ra wa'aba mono to da dure wanhib'apito zezu cristuhu nhimizawi pese na dama 're isopru mono zeb zo te za asina 're asimipari u'asi za'ra wa'aba mo 're ihaimana u'asi mono 'rata 're aihaimana u'asi za'ra wa'aba mono zeb da ha te te aima isomri za'ra wa'aba zo,Xavánte
15819,pꞌop haga do hyb nꞌaa ji bawat do ky nꞌaa hahyyh ti hyb nꞌaa ka kristo ahob wat do hyb nꞌaa badak hahyy ba tabawat noo go tawꞌaats he kristo hꞌyyb hado dak be hꞌyyb tawꞌaats he be gadoo be ahoop doo je hahob wat doo dooh nesaa do ha tahꞌyyb dag wad ba hadꞌyyt he,Nadëb
26806,nhym be ar ga ne metindjwynh arym amijo ar apytan kritu jeju kot ar ajo ba ne arym gwaj bama kritu jano nhym box ne arym gwaj bama katat kaben jarenhkumrex gwaj kam arym markumrex ne kot arym bakra mexkumrex nhym metindjwynh ajte kritu kot arym gwaj bama axwe ket jare gwaj arym ta mexo bamex ne nhym ajte krituo gwaj bajaxweo panh mex,kayapó
17153,jesus kaotyakeheta haxaotyakiraharenai ana hekotata xakaihakatyahitaha ene hatyoharenai tahi hoka jesus eharehena rotita kaotyakeheta enenekeseneha hoka nehena: — kasani ximehexaikohare xisaona naokita — nexa,Parecis
15367,tiir ba naa marakate bahom toremajida ba tanu dang ta tii ba aa begꞌaas jesus ha hꞌyy kaꞌeeh do sa we set adeb ba aa tabꞌees sa sii,Nadëb
26102,mykam ne kute amrebe me bakukamarema me apytar jarenh ket bir ga kritu kute ajbir pykakam abena me bamenhja pumu kam ne me kajkwakam aparma abena me bapumunho nhy kajkwakam me benjadjwyrme me runhme ne me jakam me bapumunho nhy me baje amim jeju mar kunija pumunho nhyn arym me bakot metindjwynh raxma kato me kute me bakot metindjwynh raxma kator kadjy ne metindjwynh kute amrebe me bakukamarema arenh ket mema kute me abajtem pytar ne kute abena me bamenhja kute arenh ket nam me me bapumunho nhyn me baja abenma kum —‍be djam mramri ne djam metindjwynh kute prine abena me menh mar mexkumrex nam myjja kuni ketri amim me'a karokumrex djam kabeno kute amikaper kar kati nam benjadjwyr djwynhbe jeju kritu'yr meo akex nhym tu kute ar meo bakumrex djam metindjwynh no ket got ga prine kute aben a me menh mar mexkumrexja pumu ga me kute abeno obikwa mexkumrexja pumu ane nam me me bapumunho nhyn a abenma ane me kute kajkwakam a abenma anhyr kadjy ne metindjwynh kute amrebe me bakukamarema arenh ket kute mema me abajtem pytar ne kute aben a me bamenhja jarenh ket,kayapó
14690,ibocewi jesus wuyjuyu mutaybitbin o'e deus eju kawenwenap'a be- -yabogat'a be — apenpuye “cristo davi naxegebit- -deus emunae” i'e'em moises ekawen eymutaybitbin'ukayu — io'e jesus — davi o'jekawen deus biogbuk a'obi imen ixe e'em ixe emudupmubararaktup pe: cristo okukat- -deus emunae i deus o'jekawen cristo be i xik'i ekay itakomaayu a'obacaap cuy ogu'um io'e i a'o kay kuyjobin jeedop ip io'e i en ixeyu kukan'um pima oxema juy eguy io'e i imen davi kuyje o'tupmubararak deus biogbuk a'obi — io'e jesus,Mundurukú
8999,eg ty tope vi mranh sor kyn ge ni ha ny ve ni ky eg tog to en ti eg ty to en ky eg tog to jykren mag ni ky eg tog sir han sor mu eg ty han sor ky eg tog han mu ky eg ty ti vi mranh ve sir kar ky eg tog mranh manꞌ mranh manꞌ he mu ge venh jykre pano ve sir ha ra eg tog to nugme ki var ke mu inferno ki,Kaigáng
20014,arakipus pe tsimaha: — o arakipus mypehakatsa sesus hyriziktsokzawy humo zipeha anaty tsimykta — tsimaha,Rikbaktsa
6034,odaa jiɡidaa oyatedigi moiatetedibeci jesus odoletibige nimaweneɡegi moyeloadi leeɡodi me icilatidi niɡijo ɡoneleegiwa me saabado,Kadiwéu
18434,onivani fori hiki ada honai abono  mil jiniro 'ba'dani-ra gathaniki bada nina vani bigathaniki ida  mil jiniro 'ba'dani hoariha,Paumarí
5397,haꞌe ra pee ma aipopeje: “nguu eꞌy vy oxy pe amongue aipoeꞌi ꞌra: ‘mbaꞌemo pevy peguara areko vaꞌekue ma nhanderuete pe ju amboaxa’ heꞌi tei haꞌeve” peje haꞌe rami vy tuu haꞌe ixy napeipytyvo ukai,Guarani
16732,nxa²­ha¹­te¹­ sa³­ka³­ri²­ah³­la²­ i²­ai¹­nha²­kxai³­ hxi²­waun³­txi³­sxa³­ o²­ta¹­hxai²­he¹­la²­,Nambikuára
3595,ienanaji cristo eynyna kypemugu  tarala ywanwansela waunlo ara ani; tarapa ola myani maka awylygue ani iwaga kaseguadadyly aituo eaga koxiobyra wituo ani inepa tarapa kaxiguely macedonia yan-yam udahoem,Bakairi
13152,'ukux yeyox te hapxopma noy punethok kamah 'ukax'ami yeyox yog hapxopma'ax xohix xexka' puxix pip'ax tappet xohix xexkah 'ate hampekpaxex ham xexka putuk'ah tappet xohix ya ham xexka kutognag pa nom tappet xexkah tu ta tu' kux,Maxakalí
11252,“jarejuwarete ꞌga mogytaawa renamu je mamaꞌe apoi enee” ꞌjaramu pee jarejuwarete ꞌga upe nane futat peꞌje poromu omogytaawa pype futat ꞌga reni aꞌeramu pee aipo ꞌjaramu ꞌga upe futat ꞌjau pejejemogyau aipo ꞌjaramu— ꞌjau ꞌga ꞌga nupe,Kayabí
26075,ar ga dja gar ama aben kaprin abenma aben rerek ne aben jaxwe maro aknon abenkam angryk ket mykam bir ga metindjwynh arym kritu tykkot kute ar ajaxwe maro biknor ne ar akam ngryk ketja pumu kam dja gar aben jaxwe maro aknon abenkam angryk ket,kayapó
20761,izo ije ahatsa sesus deus wahoro zubata bo zioktyhyryknaha niahatsahi izotsa serusarehe bo sesus zioktyhyryknaha tubabatu moises deus harere ziwatahaka sudeutsa bo: — kyze estuba byzoje zirahaze makuskyry nipuruk ikiahatsa ziknapamykysokota bo siraratsa ty nyny tsimaha ziknapamykysokota siraratsa ty deus okze mysiba — niy iwaze makuskyry je wasani niyzikzo tabykyhy humo tsakuretatsa iwatsahi sose maria iwatsa serusarehe bo tahatse deus wahoro zubata bo zibykyknaha iwatsahi ziknapamykysokota bo zibykyknaha deus bo sesus ziwatawykynaha,Rikbaktsa
18375,cristo kania aakaramisiki hari a'onivani judeus kaija'ari avihiriki vara a'onira oni'aki bana ho judeus kaija'ari a'onira vanaonivini ija'ari siikosida vakarajomiriki deus kaija'ari avihirini-ra vakahibakhiaki adani va'oaniaro vaabono vani'avini: —harivani aogaki ada deus kidija'ari arihiki hari avahojaki ida siikosida karajomihi aasafi namania — vakhaniki adani a'onivani judeus kaija'ari avihiriki vakava'ihoki bana ida cristo-ra avarigaravini kari avahojani niha ninini mahi 'bo'dakari ni-avarigaki ada cristo ni-deus va'ora nagathogathoki adani judeus kaija'ari vihiriki kidija'ari vihira kaimoni oniani ida arabo hoariha kaija'arini fori a'onira nihaja mahi 'bo'dakari deus va'ora nava'isohi'iki adani judeus kaija'ari kidiva'iponahi a'bo'dakia va'ora nava'iponi'bo'davini hi'iki jaboni ida va'ora kajoamorabakhiavini a'onivani judeus kaija'ari avihiriki avakadimoni hirihi hida deus kava'iponahi a'bo'daki ni-nahina deus a'onira nava'iponi'bo'darihi ni-avanokhaki ida nahina jahaki deus a'onira no'avini kaimoni avahokini oadani avaabinini naothinia jaboni ni-avarigaki ada deus hojana hojarina nimania ida avakadimahi cristo-ra avarigaravini kari,Paumarí
3352,maka kaneru odo koendonro emyenro ura utuda pabai; pabai tutuze ura wara ynynonro modo tutuze lapyla ura kaneru odo koendonro taguydo nhutuho ara on-hondybyem ura ynynonro modoem yiguehoem,Bakairi
1716,ta nhum me ja wa ho hamexkrut ne tanhma wa kot amnhi tomnuj toja myrape jejus kot wa hpir kaxyw hkot maanen wa o te,Apinayé
6622,leeɡodi jowooɡotaɡa aneotedoɡoji ane yewikatiditace ǥoniotagodi jesus odaa oko aaɡaɡa icota meote me ɡodewiɡatace leeɡodi me yewikatiditace jesus odaa aneotedoɡoji ɡodawanaɡaditediwage me ɡodadeegite lodoe,Kadiwéu
310,nymerohpyry ropa sero ynymerohpyry moro oneneryme konohno kaju opyno ase ipunaka ywy ase  tamuxime exikety,Apalaí
10376,kaiboho tahe tiwatatenyohyyte jiary tahe aratarenyre kaiboho boibenykemy sowemy aona aona wiwihiky botyynybenyke tule kia aona aonamy tule roihyykemy tai tahe aomy waha‑ribi wani‑di bexitoenybenykeki adee riwahinyhyy rareke,Karajá
4001,zezuz ukwaw tuwe uzehe wazemupyꞌa haw aꞌe naꞌe iꞌi wanupe — marazawe tuwe pezemupyꞌa herehe maꞌenugar hezeꞌegaw nazawaiw katu kwaw ihewe — amunan neremiapo kwer ikatu ꞌym maꞌe kwez newi aꞌe kwez izupe — epuꞌam nehe epyhyk nerupaw heraha nehe eata eho nehe aꞌe putar izupe nehe maꞌenugar zeꞌeg nazawaiw katu kwaw ihewe apuner ikatu ꞌym maꞌe imunanaw rehe ihe amukatu putar ꞌaw awa ihe nehe no aꞌe rupi pekwaw putar hekagaw nehe ihe awa taꞌyr romo aiko ihe naꞌe uzeꞌeg ipari maꞌe pe kury,Guajajara
20547,iwata humo ba zikmykyriwy atsy wata ipe tsimy: — o katsy deus harere bo wabyty iharere bo hyy tsimy ikia sesus humo tispirikporeta tsimykta — tsimaha,Rikbaktsa
13637,ha ta xe' xak kiy'ax noy kahnen kutok te' ya kiy'ax tix ha 'ate' xupak ha yonna'i noy ya' tix te ham'aktux hu: —‍ma kaxiy,Maxakalí
13533,ha' yanmun xupep'ax te xe': —‍topa te nom putup yi' max kaxiy,Maxakalí
9152,ha hesu katu ohexa ramo ojaꞌo vaꞌe ojoko ixupe —ani pejoko tei mita ou vaꞌera heꞌi —tou katu xe renda-py heꞌi joty hesu —haꞌe-ta pee-my: koixagwa omoiru-ma vaꞌera nhandejary gwuvixara-pe heꞌi,Kaiwá
12317,miriri eraꞌmaꞌpi inenupaꞌsanya miriri kureꞌne teesenumenkai toꞌ waniꞌpi miriri taasaꞌ jesusya piꞌ moropai inkamoroya taꞌpi: —iꞌ kaiꞌma see aawaꞌpiꞌta miriri kaꞌneꞌ pe —taꞌpi toꞌya,Macushi
3405,adara kepamo lagala akeala jesus aguely awyly tutuze tawylymogue,Bakairi
17993,tyoa kaoka womana hoka iya paulo jiterone hoka olatya hakiji hawaotyali xoaha hiye hoka nehena: — exakere nexa isekohaliti waiyexe: “exakerite exe jitero waikate kaxolatyaka jerusalem nali judeunae hiyeta kaxekakaite majudeuneharenae ana xoalini hare tyomaha maheta ekakoa” — nexa,Parecis
5837,— haꞌe gui ma petei samaria pygua oguata ouvy vy oaxa avi haꞌe rupi haꞌe vaꞌe ma oexa vy omboaxy,Guarani
18861,ija'aria ni-binofiki ida deus varani hina ka'oa hini-ra ogavini oniani ida va'i bodini vara nini asohirikia deua biva'ahavini hija ija'aria ni-bikaabokajanaki ida bikava'ibodivaranijahakivini oniani ida badani bada ni'avaharikia kanabadanini hija,Paumarí
2796,ininia xesosi txaro: —pitari iuaikana auapanikako,Apurinã
17312,enaose ferakenehena ite hoka kaotyakehena enore xaokalita hatyo atyo kalorexenae xekohase xekohasetinae xekohase hatyo atyo haterore kalorexe waiyexe,Parecis
9023,upei ogwejy jevy ou-vy yvyaty-gwi ogwejy jave heꞌi: —anive eremombeꞌu tei ne rembiexagwe avave-pe heꞌi —ha upe rire katu xe nhande rykeꞌy tee vaꞌe amano rire aikove jevy rire ae katu emombeꞌu katu ne rembiexagwe heꞌi ixupe kwery omanda-vy,Kaiwá
22426,seti koeti kixoku koeku imainevo ituko'oviti ina ngamo koati honoti emo'uti inu'ixoati ne sasa'iti kuveu yuho'ixoati ne seti koeti anju hara koe yuho'inoa: —‍pihenenoe yara kuveu meum yavaka ovati ne seti koeti enovopeti enepone imainevo ituko'oviti —‍koene yuho'inokono,Terena
12927,moropai taꞌpiiya: —eꞌmiꞌsaꞌkaki erepanki damasco pona miari iꞌ ankupi ton ekaremeki toꞌya,Macushi
24028,natac willacuynita uyaliyal mana casucucunata manam ya'achu caraycusha cay pachaman chaypachu manamari shamula sinu'a salbaycunapami natac mayanpis jamuyal willacuynita mana casucucunata caraycul muchuycachinanpa cayannam chay quiquin willacuyllami unanchaycushan muyuncachu muchuycachin'a,Urubu-Kaapor
25187,ti'ab re mram na 're ihaimana mono re ha ma to mra ha ima 're isomri za'ra wa'aba mo dure 'rubu re ma to a ha ima 're i'ob za'ra wa'aba mo dure asire o nhere ma to izo 're atob'uzu za'ra wa'aba mo asorowa u ateme 're izasi aba mono da i'uza o re ma to asiwi 're i'uza za'ra wa'aba mo dure ihaze wa ma to asiwi 're ipibui wa'aba mo dazazeb 're 're iza mono re ma to dure asiwi 're izabu za'ra wa'aba mo ane na 're ipawaptob u'asi za'ra wa'aba mono wa haiwa ama te za oto isire 're anomro u'asi aba mo imama ha ai'ama 're isib'a'uwe za'ra wa'aba mono zeb ama ha” ane na wa za nimaha na ha tama isiwasu'u za'ra inhimire niwi isimasam nori ma,Xavánte
11033,jejui ꞌga pyykawet aipo ꞌga nupe ꞌga ꞌe ꞌga ꞌamamu ꞌga pyykara ꞌga ꞌua owaema ꞌga nupe  ꞌga ꞌga nerua pe resaukaa ꞌga nupe —ꞌau ꞌga ruri jepi— ꞌjau ꞌga ꞌga nupe aꞌeramu ꞌga ꞌga nerawau peu tenune ꞌga ꞌupa ꞌga nupe aꞌeramu ꞌga ojekyita ꞌga rewiri ꞌga porogyta ꞌga ꞌamamu ꞌga ꞌua owaema jejui ꞌga upe aꞌeramu  ꞌga awau ꞌga rerowyka ꞌga retywape pytea,Kayabí
5197,haꞌe rami py joo rami eꞌy ijayvu vy ojaꞌo joegui barnabe ma  ogueraa vy yy rupi oo chipre katy,Guarani
24720,jawca cawsaychu yachayta manam lisipacunchu,Urubu-Kaapor
16345,nxe³­ne³­lha²­kxai³­ ya³­lu²­ti³­hitsa²­jah¹­lai³­ ih¹­nu¹­la³­ta³­ kwa³­non³­nha¹­ju³­ta³­la³­ sin¹­te²­la¹­xa³­ ih¹­nu¹­la³­ta³­ khauh³­lxa³­ti³­sa²­nhin¹­tau³­la³­sin¹­te²­la¹­xa³­,Nambikuára
11892,yma je ꞌi ikue: najeremiayuwa rui pee ꞌjau je ikue aꞌere nipo anure je aipo teꞌeawer ipe te futat je ꞌi: je futat ꞌa okoeteete maꞌea ꞌawamu pee futat jeraꞌyramu ꞌjau nipo je ꞌjau je ikue” ꞌjau oseja ꞌga ikwasiaa kaꞌaran are rakue,Kayabí
9217,upea-rehe pevyꞌa katu pee peiko vaꞌe yvay-py pee yvypory kwery ae katu pevyꞌareꞌy vaꞌera anhaygwasu ogwejy-magwi kuri yvy-py ygwasu-py ave pee peime ha-py ogwejy ay opoxyha-rupi ogwereko-ta yvypory kwery-pe ygwasu pygwa-pe ave haꞌe oikwaa-ma voi gwenondera ndoiko puku moꞌavei-ma upe vaꞌe-rehe ay haꞌe ipoxy eterei-ma heꞌi omombeꞌu-vy xe-vy,Kaiwá
4577,amo awa aꞌe pe hekon aꞌe pawru iꞌir romo hekon aꞌe wenu tuwe wazeꞌeg aꞌe mehe wixe zauxiapekwer hapuzuhu pe kury pawru pe uzeꞌeg pa kury weminu kwer imumeꞌu pa izupe kury,Guajajara
9592,ha ohexa ramo ixupe hikwai: —upe vaꞌe ndahaꞌei nhande reꞌyi heꞌi —judeu kwery vaꞌe rehegwa voi upe vaꞌe heꞌi hikwai nokiririsei voi are are eterei ijayvu okwa-vy ara pyte-py kaꞌarugwasu peve onheꞌe hata hata peteixa onheꞌe hata okwa-vy: —tuvixa mbaꞌe diana nhande kwery efeso pygwa vaꞌe jary heꞌi,Kaiwá
6040,odaa simao pedro ja yotaɡaneɡe yatita libaaɡadi dipokota me igetece jesus ganigepitiɡijo ica aneeteta me yajigo midi neloɡododipi,Kadiwéu
23090,nicodemo seri ya'awi taha: —de'ro wee espirito santo me'ra bahuata basiosari,Tukano
1488,hamri nhum me hkwyjaja ma pawre o mo ma kri pe atenas wyr o mo hamri ne hwyr o poj ne kama kure hamri ne ra akupym perej wyr nojaret nhum pawre me kam: —e ker ka me ma akupym mo ne siras me ximotre wa kam ijare ke war amnhim nojaret ne tokyx man ixkot wa mo ane,Apinayé
14945,itabutbut xipat gu xe'e owebe ibiat o am iap kay bima bit iguycug je'e i'o buje — ikereat gu xe'e o'gujurug — i je'e jewebe ma — deus xe'e ipiat supi'ajoat owebe — i je'e jewebe maitabutbut pima o'jo'o imenpuye xipat gu tuybe osunuy cexe iboap xipat deus xe iap kay wuyetabut'um pima wuyju dak ikereat mujurugrug iboap mujurug puje,Mundurukú
24657,wanucunatam lulayninman-cama caraycun chayuratacmi licalu juc jatun yula tacunacta tacunintawan chaychumi allpapis silupis maychu cashanpis mana camalal lluy chincacuna,Urubu-Kaapor
18443,a'onira oakava'ijoavini-ra avanofiravini mani ida deus avakadisidaji-ra kava'ipahinivini hija bana,Paumarí
26605,kam ne bar arek kum idjapenh iba arek pykakam inhi ja'a ar iba jabej bar benjadjwyr djwynhma idjapenh ne ije o kinh kadjy amima nar bar ityk ne kajkwama item jabej bar benjadjwyr djwynhma idjapenh ne ije o kinh kadjy amima ar ije o kinhma ne bar kum idjapenh ar iba,kayapó
3894,arala amaemo-ro wara amanhedyse matomo adyesela amaemo; deus amanhedysemo ato amanhedyseba amaemo agonromo tala ato waga tasewanizela amaemo agonromo aga tatuebazela amaemo wara deus amanhedysemo ato keba amanhekylymo awyly tanehonze awara jesus einwanni modo aito ara inkaba amidylymo,Bakairi
17296,— aliterexe nomita xihiye — nexa jesus: — memaiya tyaohenahitaha hoka sehalinaiya kawiyatya — nexa,Parecis
