index,TEXT,LANG
14610,eyxe bima waremtag gu juk adi ocekukuku cug ma juk adi ocekukuku eyetabutpe ocekawenkere gu juk adi ocesop eyweju eyetaybit cug ma juk adi ocekukuku iam deus tak itaybit iboam,Mundurukú
13931,tikmu'un kuxa yum ka'ok yeyox kopah puxix topa' kuxa kummuk tupma' pa topa te tikmu'un kuxa kummuk tupma nomha' tu' xat'ax hok ha' tupmaha' ha moyyex yog xat'ax te yumu'a hamyummugaha' xix tik hittap xop te topa pupi ham'aktux tu yumu'a hamyummugaha kamah yiy topa yog tappet te: ya hamun kaxiy topa te' kuxa kummuk tupmaha' pu tu kuxa max 'ukuxa yum ka'ok yeyox kunnix kopah yiy topa te' tupmaha' ya' hep xohix te yay putuk ya yoneo yog tikmu'un xix nom xop te yoneo xop ha' puknog ya yay putuk ha topa te' kuxa mam ka'ok xop xohix tupmaha' pu tu kuxa max,Maxakalí
8488,“u ag tog ajag jykre kugrynh sor ti ha ky ag tog eg ty eg kur kygfa ri ke han ti en ag my tog vi ha han ke mu tope ti ka kane ty eg rinrir han ti en ko je ag tog ke mu ky ag tog cidade en janka ra genh ke mu ge,Kaigáng
17961,berexo filipos naliye tahi haxowaka wiyaneta iraexatyakalati aose nali xeta hoka tyoa ahalakoatya wiso hatya wakahalo tihanare kamilakoretita hatyo xoimahaloti hoka otita xoalini hare ahetakoti maniya hoka exekohasenae kalore olo resebityahita exakaini hiyeta,Parecis
1060,no kot kaj me a me hipex anhyr ket ne me hwyr mra ne me mar o akuhe hamri ne te me ate me hkot amnhi nhipex o amnhi nhipex pyrak ja pumaj ker ka me nhyri me omu ne me htep ket kumrex,Apinayé
18081,avaigamini-ra avaka'ivanitihi avaabononi avakanakaidivakhamajahakivini-ra vananokia bana deus kaija'ari kodiania vahojaki a'onira vaka'ivanitiki hadani onofiki ida akadika'da'di jesus cristo a'onira kajoamoraha'oadahavini onofiki ida deu-ra avanofijahakivini onofiki jaboni ida ma'onahai jahaki khama avarajahamisihahavini nimania hida deu-ra okanikhariavini avakadimoni hahavi hari ida vani oamani kodivarani anokhomi'ini paulo athi hida,Paumarí
19017,como o pai me amou assim eu os amei; permanecam no meu amor,Portuguese
528,moro saaro kyrixtu ritonopo nymenekahpyry tamoreme pyra tooehse ritonopo ynara tykase eya “umukurume mase seroae omyme jehtoh ekarono” tykase ynororo,Apalaí
14425,waram jesus epit puje galileia eipi watwat icokcok o'e iwiwim ip puye agokatkat oajem jesus kay,Mundurukú
16535,nxe³­ha²­kxai³­la¹­ txah³­lxa³­kxa³­txai²­li²­ kwa²­sa²­ta³­yu³­to³­kxai²­nan²­tu³­ kain²­ a³­ni¹­to³­ta³­lxi³­hi³­nxna³­li¹­ yxan¹­ta¹­ txah³­lxa³­kxa³­txai²­li²­ a³­hi³­sa³­nhe¹­ta²­lxi³­kxai²­nan²­tu³­ sa³­txe¹­ha²­kxai³­ a³­ya²­lu¹­txa²­lxi³­hi³­nxna³­li¹­ je³­su²­jah³­la²­kxai³­ nxe³­ta¹­hxai²­he¹­la²­,Nambikuára
12208,miriri yeꞌnen teesenkuꞌtii pra eꞌti ayonpakon imakuiꞌpi kuꞌnen wenairi tuutii ayeserukon mori pe aweꞌtoꞌkon kiꞌmaꞌtaniꞌti,Macushi
5488,haꞌe nunga rupi irmao kuery penheangu ke pee kuery regua nei peteive pyꞌa re oi eꞌy agua pejerovia eꞌya nhanderuete oikove vaꞌe penheꞌe rendua gui pendepeꞌaara,Guarani
21130,miꞌi hawyi  ok takaria iꞌatue­huhu iꞌatu­rania tukup­teꞌen iꞌatupo pe iꞌatu­mipy wuat,Sateré-Mawé
18775,hari vadanoki adani deus ibavi kaija'arini vakadibadani danoki jaboni vadanona biaradaki ida deus athi ka'ojomo'iva abono 'badara vadanona kaba'i deus ibavi kaija'arini deus viaha vahojana ni-va'ora vakanavaranihaki adani ija'ari vanokiariki nama vahojaki varani jaharikia ni-va'ora avanaathidanoarariki jaboni,Paumarí
1049,pawre kot jejus mex o mex a me grer jarenh ne jejusja mex o mex amnepem korma me pahte harenh mar ket ta pu prem harenh ma hamri ne mex o mex a pagrer o papa ne pagrer o: kris kep mepahpam ta na pre me pahwyr wry ne me pahpyra ne i ho i ne kato nhum pre tirtum karoja mex o mex a hare nhum tirtum kaper o me wryk xwynhjaja omunh o pa nhum ahpynha pika piita hwyr tanhma kot me pane amnhi nhipex to ha harenhja anhgra nhum hte me hkwyjaja harenh ma ne amnhi kaxyw hkot hamaxper ne hkot amnhi xunhwy ta nhum pika kama apenh jatur xam kume nhum tirtum akupym amnhi wyr ho api na pu htem a jejus mex o mex a pagrer ane,Apinayé
25407,tawamha sasedoti ipire nori zadawa para ma to zezusi ha dasiwi pawasisi ni da te dasiwi saproni da piratuhu u ta ha zudeza na danhipti'a nho'omo nhisi ama da'mada'a'wa romanu nori nhib'apito uptabi nhimipisudu tawamha iteme da te dasiwi awisi wamha ma to tama haiba nhomri ni zezusi ha piratuhu ma,Xavánte
15974,ajꞌyy koh-nerijo had nang do panyyg nꞌaa hahyyh panang sesareja had nang doo ba mꞌ ti awat ma ajꞌyy koh-nerijo had nang doo isaraew buuj nado mꞌ tii roma buuj warahen nꞌaa  hadoo do sa wahe nꞌaa itarija warahen nꞌaa tꞌii henh katꞌaa do sa had,Nadëb
15482,takꞌep ji hyb nꞌaa jawꞌyyk do panyyg nꞌaa hahyyh ti mꞌ mosees ky nꞌaa jawꞌyyk do ma mehetek do see bana tamaa napah ma raky kedag bong do jesus daheeh ta ha mꞌ baad ma jesus ky gadoo sa ha rakeꞌaanh doo ti hyb nꞌaa mꞌ teaanh mah: —ny hadoo do pꞌop haga do mejuu do see takꞌep ji hyb nꞌaa jawꞌyyk tamejuu do wob bahanh —nang mah,Nadëb
4193,— aze teko upuranu penehe nehe — marazawe mehe pekwaraw putar zumenaꞌyr pe aze iꞌi peme nehe — zanezar uputar aꞌe peze izupe nehe iꞌi wanupe,Guajajara
4241,aze pekwaw tupan hemiapo putar haw nehe aze pezapo nehe aꞌe mehe teko upuraraw kar putar maꞌerahy peme wa nehe aꞌe mehe tupan uzapo putar ikatuahy maꞌe peme nehe pemurywete kar pa nehe aze pezapo ikatu ꞌym maꞌe pezar wanupe nehe aze aꞌe re pezar pepetek aꞌe wa nehe tupan nuzapo kwaw ikatu maꞌe peme nehe aze xo ikatuahy maꞌe zo pezapo pezar wanupe nehe aze aꞌe re pepetek wa nehe aꞌe mehe tupan uzapo putar ikatu maꞌe peme nehe pemurywete kar pa nehe,Guajajara
10928,tii ihetxiu rybe inatyhy ibutu lau rexiwore wiji tahe rexitynynyre ityhydyydu mahadu dee kia‑o deuxu rexitynynykemy ratxireri iwese aowiwihiky taloosona ratxireri ibutu iny witxira dee kristu inywo‑ki kia tahe iny irarosona rare,Karajá
19120,entao lhe perguntaram: onde esta o seu pai  respondeu jesus: voces nao conhecem nem a mim nem a meu pai se me conhecessem tambem conheceriam a meu pai,Portuguese
22593,itinoe patarauxati konokoti poneovo kixeaku ne yahinoe akoti yaupu'ika yexoati apeyeamaka yunae vanukeke exoti uha koeti koekuti,Terena
7684,—‍pe'e katu pe pe'erame ji ve: “heregwovo” na tuhe taho ti ji jigwovo pea rupi kiro ko'emame no a'ea py'rovo no jigwovo cidade de jerusalem me a'ereki jerusalem me jate ga tupana'ga nhi'iga mombe'uharava'ea juka pota jipi pevo jitehe po ti ga tajijuka nehe naeru ei jesus'ga ga pe kiro jesus'ga ei cidadepeve'ga pe jerusalemmeve'ga pe:,Kagwahiva
19167,este ali chegando e vendo a graca de deus ficou alegre e os animou a permanecerem fieis ao senhor de todo o coracao ele era um homem bom cheio do espirito santo e de fe; e muitas pessoas foram acrescentadas ao senhor,Portuguese
20582,niytahi ananias niparak sudas wahoro bo nitsukze tatsyhyrypetsa ty sauro harek humo paik niy ipe niy: — o kaziky sauro mypehakatsa abo zikpeha ta kino ikia damasko ske buruk tsinyhik atahi abo zikpeha iwatahi ahyriziktsa mysizororowy iktsazo tsimy deus hyrikoso abo mozumu atuk mynapykyryk iwatahi zikpeha — niy,Rikbaktsa
21397,katu­pono saꞌa­wy­ꞌiwuat weꞌeg kahato haria ikuap teran tupana maꞌato yt putꞌokꞌe i iꞌatu­weꞌeg hap tupana kuap hamuat hap katu­pono koitywy tupana tiky­ꞌesat kahato mekewat yt iꞌatu­weꞌeg i hap kaipywiat ariaꞌyp posak etiat neꞌi ikuꞌuro rakat mohey haria eheha­kye­raꞌat hamuat hap poꞌog tupana iweꞌeg miitꞌin kai katu­pono tupana miky­ryꞌi wo toineꞌen miitꞌin weꞌeg kahato hap e,Sateré-Mawé
24751,¡licapacuy-ari tayta dios maynu-maynu cuyalmi ya'anchic nunacunallacta “chulimi capacunqui” nimanchic ¡rasunpa chulinmi canchic natac cay pachachu nunacunaca quiquin taytanchictapis mana lisiyalcalma paypa chulin cashanchicta mana lisimanchicchu,Urubu-Kaapor
9007,pejapo katu oracao nhandejary-pe ore-rehe neꞌira opa ore nheꞌe oromombeꞌu-ta vyteri ore reꞌyi kwery ay orojerure-ta pee-my: “pejapo katu oracao nhandejary-pe ore-rehe opa-rupi pyaꞌe osarambi hagwa nhandejary hesu rehegwa nheꞌe enterove omboete hagwa inheꞌe” upeixa voi ogwahe vaꞌekwe pee-my inheꞌe,Kaiwá
17807,hisohena ali xekohaseti hisaona maheta kasani ali waikohekoa haokitere akereta tyaona waokita enokoa nali kaomakitere akereta,Parecis
8568,ky sog fy mu inh my tog e ti u ty livro kavan ke tu tin ky eg ty ti ra ven je,Kaigáng
11484,ojewyr are janejararete ꞌga jane muꞌjau aꞌeramu ꞌa jane ikwaapa ꞌga jewyawa rupi ꞌga rerowiaaramu jane jarewau jarejeupia ꞌga rowosou amanu maꞌefera ꞌga naꞌne awau ꞌga rowosou aꞌere imanueꞌemamu jane jarewau ꞌga repejana ꞌga rowosou aipo ꞌara rupi jejui ꞌga ruri ojypa wafukaita wemiayuwamu jane upe ywagipewara ꞌga ꞌwyriara ꞌga nane futat nipo wafukaita nu aꞌere nipo ꞌga jumiꞌaranuu pyi ꞌga nupe aꞌeramu nipo jane kristu ꞌga rerowiaaramu jarewau jarejeupia ꞌga rowosou amanu maꞌefera ꞌga naꞌne ꞌga imonou imowywya ywy awi ywy awi amuꞌe re ꞌga awau ojeupia kristu ꞌga repejana,Kayabí
16188,a²­nxe³­jah¹­lai²­na²­ sa²­kxai³­lu²­ wan³­txa²­ wa³­nutjau³­su²­ ain³­kxi²­nu²­nha²­wa²­ a²­nxe³­jah¹­lxain²­ti³­na¹­wa²­ a²­nxe³­jau¹­xai²­na²­ a²­nu²­a²­ wan³­txa²­ hxi²­kan¹­txi³­ i³­yau¹­u¹­jau³­sxa³­nu²­nha²­wa²­ a²­nu²­a²­ wan³­txa²­ hxi²­kan¹­txi³­ e³­xa³­nu²­nha²­wa²­,Nambikuára
15704,ta jawen mah pꞌop haga do ky nꞌaa rod seeh erisew had nang do hawat noo go mꞌ hajok ma nahee enah doo rog manahuuh do isaraew haj nꞌaa ba ti hadoo ne he mꞌ dooh mꞌ sa nahee erisew ado hom ba jaam ne mꞌ set he tanahee do hom namah had nang doo sirija had nang do buuj ma tii —nang ma jesus sa ha,Nadëb
23296,diakɨhɨta were' o'akɨhɨ kɨɨ tutuasere kɨo' kɨɨ ɨsare ayura wa'aka weemi toho weera ayuro wee masi' ya'ase ke'rare ka'mu ta'a masi',Tukano
14698,eyxewi gu deus ekawen o'jebapuk- -cexewi ma- -deus xewi eywebe a gu deus jekawen o'guwen- -soat pe ma imeneju: — oceju aca cedag ma je'awerorom deus eju kawenwenap'a be — i'umgu juy epe'e,Mundurukú
11300,aꞌere ꞌga yꞌway ryru pyyka nu eramaꞌjau ywau nu aꞌeramu futat ꞌga ojeꞌega monou ꞌuwarete ꞌga upe nu: —auꞌjete yꞌwaya eremut oree kiapiꞌni— ꞌjau jejui ꞌga ꞌga upe aꞌere ꞌga imua oree —peꞌje itykua pawe pawe koa yꞌway jerya futat aꞌereꞌereꞌi nipo ꞌga amu je jukai jery rekoꞌwoka aipoa jery jekoꞌwoga petywera omepy jemanu are futat jeruwarete ꞌga pe katuꞌogi kwaiwete ꞌawamu karupaꞌmia nepejukauꞌjawi pejetywera mepyawamu poromu futat ako ꞌga jeꞌeg ymanera aiꞌi aꞌere ꞌawamu ꞌga jeꞌeg yaua ꞌawamu jerya tee pe pirei petywer awi— ꞌjau ꞌga oree —jemanu are tee jeruwarete ꞌga petywera moia pe nui je rerowiaaramu ꞌawamu poromu futat janeruwarete ꞌga jeꞌeg yaua ꞌawamu aꞌea ꞌga jeꞌega nimojopyꞌruawi futari ꞌawamu— ꞌjau ꞌga oree,Kayabí
26712,be ga me'o me benjadjwyr'oma apenhja pumu kute amim pi'ok kapri kwy byr kadjy benjadjwyrma ape nam kadjy kum ape:n arym o ino re nhym kam benjadjwyr arym kum pi'ok kapri nga apenh panh ne kum pi'ok kapri nga djam kajgo got kati apenh panh ne kum kunga,kayapó
23009,a'te weero noho mɨsa ke'ra yɨ'ɨre siru tuu si'rira i'ya bese mɨ'taya nii pe'tise mɨsa kɨosere niisetisere du'u si'ritira yɨ'ɨ bu'era nii masitisa',Tukano
21272,miꞌi hawyi toto i raꞌyn iesui wetup getap kape towy­riaꞌin nywo miꞌi tote apoꞌi­ꞌa­tuꞌe iesui pe — uhyt kat pote som yt uruihep kuap i mekewat ahiag uruto iꞌatuꞌe raꞌyn,Sateré-Mawé
17299,hatyo hiyeta haiyanae xekohaseti exahe isekohaliti niyasehare jesus cristo xema tyaohenerenai hoka emawenekoaretyakahoha nonitata kaiyakehenahitaha xakore hoka hatyo najikinita iniyalahare ehaikoakihenahitene hoka hatyo ximita tyaohititerenai atyoite hetatiye hawenaneha xahehare howitiharene axomokanikihenaha imiyanaose xowakehena hoka,Parecis
3020,ady keba wane keanka ityda asewanily ume iwera ola iemawyadaniem itybyem ityam odopaduo imawyadaze lapyla wara kaingonodyly ise mera ymery ara kainwyneguyly koenda edaenkuga iedaenkuho arala edaenkuga,Bakairi
25221,taha wa te za 're iropei wa'aba mo a'uwe mono ba dama 're izadawa wasu'u za'ra wa'aba mono da a'uwe mono ba da te 're izaze za'ra mono da taha zarina inhimiroti 'mada'a'wa 're dahaimana za'ra mono da oto da te 're izaze za'ra mono sidapasi te za a dawabzuri ha dama 're i'manhari za'ra wa'aba mo imama nhisi na dure inhisi na dure imama pe'ezani nhisi na ta nori zadawa para,Xavánte
13531,'ate xe ham'aktux kutignag ya topa ha puknog xop yog xat'ax nun honha nom tek xat 'ohnag pa' max pu tikmu'un xohix yummug 'ate yognu 'atak putuppax nuy miy tute nom xohix xat 'apu yumu mog kaxiy,Maxakalí
22307,yoko inama'axo kuri'uxovo akoyea omotovopinoe okovo ne titu vo'oku puyakoponeova okovo uso keyeyinoe itiki ne yuho koane vo'oku kixeakunoe tiyi ina simopi koane vo'oku akoyeamaka kepayasakinapanoe,Terena
20234,iwaze sesus meky mekywatu simyitsapyritsa ty nisizororowyky sihyrikosotsa sapybaratsa hi nisiksiwyhik ispe: — nabo paotaha — myze iharere bo hyy sisopyk niaha hyrikoso sapybara sesus humo sihyrinymyretsa atahi deus zipehata zinymyrykynaha iwatahi sesus ispe niy: — soso byitaha — niy iwatsahi batu harere,Rikbaktsa
10983,tahe jesuisi‑o rarybere ixinamy watyky‑o rerike awimy relerenykemy ibutumy tamy rerire heka reytere,Karajá
2328,iuaa xoteoakori apotiitaua iuamoni iuasaaki ninoa txari iua: —pite teoso mereekiti pininiaua pisapiretaua akokaxiti anirekari aimarotiniri ikara —itxarina,Apurinã
4264,tupan zaneru uzapo kar maꞌe paw rupi katete izupe aꞌe xo zaneruwihawete zo uzapo maꞌe ywy rehe har aꞌe wa uzapo maꞌe ywak rehe har aꞌe wa no ni amo ae teko nuzapo kwaw maꞌe izypy mehe aꞌe wa aze mo zaneruwihawete nuzapo iwer ywy aꞌe mehe mo naheta iwer mo ywy,Guajajara
5251,haꞌe gui ikuai rakaꞌe sete joegua tujave vaꞌe ma omenda vaꞌekue ri taꞌy eꞌy re omano vy guaꞌyxykue oeja guyvy pe,Guarani
14501,o'jojojo'ibiyu jesus e'eap o'guwenuwen warara'acayu be- -jerusalem ka beayu be,Mundurukú
554,ynara ako ase ritonopo a opoko xine “papa kapuaono kure roke opoetory to tyriko toretyke pyra tyriko toto” ako ase morara ako ase jezu kyrixtu kuesekomo a roropa enara,Apalaí
8795,ky ajag tog eg mre eg senhor jykre ki ty krom kenh ke ki kanhro nytinh mu ge ajag jykre ty ti my ha nyn je eg ty venh jykre ha han ky eg tog ti my ekre kane ha en ri ke han ti ajag ty tag han ky tog ha ti ky ajag tog tope ki kanhran ha han ke mu ge sir,Kaigáng
21818,miꞌi hawyi yara wato puo raꞌyn tuwat tawa antiokia kape taꞌa­tu­mi­po­ꞌo­roria kape teꞌe­ra­ꞌaipok i raꞌyn aikope saꞌa­wyꞌi tuwat iesui ehay sytpok hamo hap kape miꞌi hap kape teꞌe­ra­ꞌaipok i raꞌyn taꞌa­tu­potpap kahu raꞌyn hawyi teꞌe­ra­ꞌaipok i raꞌyn aikope panape pauru powyro hamuat taꞌa­tu­hetup tupana pe hap kape i raꞌyn teꞌe­ra­ꞌaipok,Sateré-Mawé
2873,teoso nitiriakori atao inakani kona xatiki akerokari akamakiti kakitimoni ininia kakiti kona txari: “ninoa kerokari ikamakitina atao minakati isapiretiniua” itxana teoso nitiriakori atao atxaua aauini ikiniotika oerekari kakiti teoso nitiriakori atao inakani aniniua kotxi amiteenekari amaxikiko amiteenekari amisiritiko amiteenekari katsiiri,Apurinã
17078,haiyanai xakore atyo semaha iraiti xekohaseti enokoatare maniya nawenatyaka tahi akiti hoka maisa atyo waiyekehalakere enomanaha hoka hatyonai atyo hanakatise exoahenere ahoti kilihi akereta tyaonahitaha hoka tihanare tyoa hoka iyehitita enonyahitaha kairaityakehenere ihiyeha hoka maotyanehenahititene,Parecis
26619,nam nirejama ja jarenho nhy nhym kot ba djwynh arym 'yr box ne ar omu jeju kute kum kabeno yrkot arym ar omu ne te kute ar marma arkam no tyn dja ne bit kute nija'a kukjer ne kute kum —‍myj ne ga kum arenho nhy mykam ne ga kum akabeno nhy anhyrma ne arkum uman arek ku'e,kayapó
20926,iwaze mytukytsa amy ty katsa tsipahahyrinymyrykynaha pykyhytutaha tynakaranahaktsa amy ty katsa ikiahatsa bo tsiwatahakanaha pykyhytutaha tynakaranahaktsa tapara ustsa kytsa nimyhyrinymyrykynaha ana hi mysopyk niyzik ikiahatsa kino niwatihi mysopyk humo tsikspirikpotohinaha hy ana tyhi tsimykaranaha,Rikbaktsa
23633,mɨsa tɨ'o ya'aka yɨ'ɨ a'ti di'tapɨre ayuro niisetiatehere miitigɨ weepari nii wee' yɨ'ɨre eho peose bu'iri masare dɨka watise miitigɨ wee',Tukano
12820,innape jesus kuꞌnenan tarumaꞌti sauloya estevao wii toꞌya tipo tiaronkon innape jesus kuꞌnenan jerusalem ponkon karawaꞌpi marari pra moropai inkamoroya estevao esaꞌriꞌpi yuꞌnaꞌtiꞌpi miriri weiyu yai innape jesus kuꞌnenan manniꞌkan jerusalem ponkon eꞌtarumaꞌti piaꞌtiꞌpi innape jesus kupi toꞌya wenai moropai kureꞌnan inkamoro ataimerunpaꞌpi moropai toꞌ witipitiꞌpi judeia pata pona moropai tiaron samaria pata pona tiise jesus naipontiꞌsan neken koꞌmamiꞌpi miari jerusalem po,Macushi
22895,vo'oku uha koeti koekuti ituke vo'u ituko'oviti ainovo unati epo'oxo itukovo vikoro'ixinovatine xoko ituko'oviti ako yusika kuti kixeokono akoti aunati koati sasa'iti vo'oku yuho ituko'oviti emo'uke koane vo'oku vitukinoa orasaum,Terena
26432,kriraxbe kapanakam me gadjwy djam me aje amijo adjamran aje amijo raxma djam me aje amijo rax ne aje araxo aje kajkwa tepma kati dja metindjwynh aparma me biknor tokry djama me ame ga kam me atokrybit ma,kayapó
15860,baad y karen kristo y bahapah hahyy da ti y karen: y karen y bahapah ha yy he ta hejoj tagana wat noo go tagadoo doo y karen y bahapah ha yy he kristo ahoop doo y karen y bahapah ha yy he tadajep doo kristo dajep paa er hyb nꞌaa ti hyb nꞌaa y radajeeb ba ta hyb nꞌaa y karen y gadoo ne ti na-aaj he sahonh he ta ti y karen y bahapah ha yy he ta jawen y pꞌop haga do ganꞌyyh hyb nꞌaa dejep do mahang,Nadëb
11106,aꞌe renupawe imajatykapyrera ꞌga amaraꞌneramu ajemogyau paulo ꞌga ree aꞌeramu futat ꞌga wafukaita: —efesu pewara jane diana futat jane maira— ꞌjau ꞌga wafukaita ajemogyau,Kayabí
7279,a'ero  batista'ga ei ga pe: —‍uhu po ti ga nehe – kiroki ga ji hohe hete huvihavuhuhetero gwaramo ei  batistava'ea ji ki a'e te ako tehe jihi opomobatiza yhya pyvo jate naha ji ikwahavukari ga pe pepohira pejikote'varuhua hugwi pendeaporogita rerojijyja reheve pendekokatua reheve gaha po ti pe pojykauka tupana'ga ra'uvapyryva pe aereve'ga nehe naha po ti ga pendekote'varuhua mombigukari pe mombyryvuka nehe ei  batistava'ea ga mombe'gwovo ga pe,Kagwahiva
8982,ag ty paulo kato vi  dias tug ky paꞌi ty ananias vy ta jun mu cidade ty cesareia ta tope tu ki rir ti to paꞌi mag ve kofa ag vy junjun mu ge ti mre u vy vi kafor han ti ge ti jiji ha vy: tertulo he mu ky ag tog paꞌi mag ty governador my paulo to mu on ky ti kato vi ky,Kaigáng
7725,penhi'igatu ti ga pe pejikokatuavo ga pe hendupotaruka a'ero ti pe ga pokokwahavi ikwahavuka ga pe nanani nehe,Kagwahiva
23795,jesu surara toho niisere tɨ'ogɨ tɨ'o maria wa'akɨ niiwi kɨɨre too siru tuura pe'ere niikɨ niiwi: —a'ri romano masɨ yɨ'ɨre ayuro eho peomi diakɨhɨ mɨsare were' a'ri weero noho eho peogɨ nee ni'kɨ israel kurakɨhɨre boka ehatikati mɨsare weregɨti pahara judeu masa niitira a'ri weero noho yɨ'ɨre eho peorasama naa nii pe'tirokahara judeu masa niitimira o'akɨhɨ wiogɨ niiropɨre niirasama naa ke'ra ɨ'mɨsepɨre mari judeu masa yekɨ sɨmɨa abraao isaque jaco me'ra duhi ba'arasama,Tukano
25714,tawamha zezusi ha hara 'raiha na te ha ireme ma taha pari ma pe'e hai'uto,Xavánte
13939,tu' xat hok pu' noy ha' xupxet hok pa 'axop te 'anoy ha' xupxet kamah tu topa komut xop putup nog paya topa komut pet tu xate' xupxet nuy puknog xop gaya' ya 'akummuk,Maxakalí
2477,hikenakopiretariko neenamatxi ene uaimoni otakoxiti apaka iuaritika hipikarauatape kotxi auapitikako neenamatxi txamari itixi xipokini oti apokapanika ikara inakari apisapanika ati uaka neenamauatako ati uakakata apanakini auite inirimanekata neenamauatako apanakini auitekata inirimane pakinikata atiataa kakiti inikoriariko natxi atiataa amianari inokanako kakiti atiataa itixi iakeekatako,Apurinã
7864,a'ea ji ei pe me pekwaha ti javo nura ti pe napenhimoandyandyjukari ojipe'ga pe ga imombe'urame hajihea pe me nehe ikatu po pe me ga nhi'igaturame o'mbero tapenhimoandyandyjukari ti ga pe a'e ji pe me,Kagwahiva
13336,ham max te tex punethok pop ha hapxop punethok xokax tu' tuk ha hapxa xuxya hittup ha topa te nom pu hammaxnaha' ha ham noy te mimyam punethok pip xix mixux kummuk pip yiy topa te nom pu hapkummugaha' ha tikmu'un te' goy hax nam tikmu'un te topa yog putat xak tu hapxa kummuk putuk hapxopma kummuk tu',Maxakalí
26393,nhym be on jakam djuao ra:x nam mema arenho ban mema kum “kajkwakam benjadjwyr djwynh kute amim me utar ne ar meo ba 'yr” anhyro ba nhym kam me krapti kuman amim benjadjwyr djwynh mar pra:m me kute mramri ne me krapti kute kikre ngrirema ngjex pram ne kute 'a kute aben nhinganhja pyrak me kute ari 'a ikjeo aben renh ne 'a kute aben nhinganho kumex ja pyrak ne jakam me kute o anhyr ra'a amrebe: me me bakukamarema benjadjwyr djwynh boxma are metindjwynh kukwakam ujarenh djwynh aben kukam benjadjwyr djwynh boxma are: mojdjedjwy are: nhym kam me bakamingranyrekam djuao arym katon ajte tam jare benjadjwyr djwynh box jare,kayapó
3444,on-hondybyem lela itaunga akea lelala amyguehomo nida amanhekylymo nida wara ara ise on-hondybyem mawylymo sodadu tywanxiery ienipyry ara iozeno lela aietaunga mara tuhohu tykary wara xuahuruem sodadu nhekyly wane myara ise awara ioze lela amidylymo watay una iwakuru tadasemagueho maengatuhomoem on-hondybyem itaunga ara-ro watay koenda lela ise deus aga mawylymo sodadu wane tuhuru etary tyese taseguebyday neweseba taitoem myara ise awara tadasemagueho maengatulymo watay jesus cristo einwandyly kajimowadaunda satanas angahumo sagaikeze kely jesus mainwampyra mitomoem watay aguely kajidataunda sodadu wane atuahuhobe tuduery ipy tohorein-am tyazepa taitoem myara ise awara jesus mainwansezedylymo awahulymo akea kuru asemaguerin-em mawylymo xutuwadaunga mauntulymo watay satanas ayanmo “emakeybyem inkaba amaemo” keduo adaunloenla agueho mainwantaguedaymba ise amaemo sodadu tyangahu ety tyese tuduery tyangahuda tyapa itoem myara deus itaumbyry deus ispiritury nhuduypy angahumo odaji ietaunga aduerymo agueho main-hoguhomoem sodadu typygue apeando ara,Bakairi
21652,miꞌi hawyi taꞌa­tu­ꞌa­tu­moma kahato miitꞌin yi totiaria  kaipyi  ok miit taꞌa­tu­moma kahato miitꞌin maꞌato miꞌi pytkai iraniaꞌin yt ikuꞌuro i rakaria yt teꞌe­ru­we­morem hin i tupana kape teꞌe­ra­ꞌa­kasa yne hoꞌopot hap pytkai yt paaꞌi­ꞌa­tuꞌe hin i taꞌa­tu­mo­typot re ahiagnia taꞌa­tunug ne tupa­naria hekat rakaria ihup ikytsig ikaꞌay rakaria taꞌa­tu­ꞌa­tu­mo­typot re miꞌi hawyi taꞌa­tu­mo­typot yt ihapytig i rakaria tupa­naria taꞌa­tu­minug koꞌi yt kat kuap haria i yt hewyry kuap i rakaria taꞌa­tu­ꞌa­tu­mo­typot kahato te yt taꞌa­tu­mo­typot teran hin i taꞌa­tunug hat sese taꞌa­tu­ho­ꞌopot pytkai yt teꞌe­ra­ꞌaipok hin i tupana sese kape iꞌewyte taꞌa­tu­minug saꞌag koꞌi yt taꞌatoiat hin i miitꞌin auka haria wo te teꞌe­ro­py­huꞌat iꞌewyte paini koꞌi wo te tukup­teꞌen ne miitꞌin maꞌat hamo taꞌa­tu­maꞌat hap topy­huꞌat mekewat paini mimo­herep yt nakuaria i tukup­teꞌen ne iꞌatue­waire atuewaire te sero­ꞌok­ꞌi­ꞌa­tuꞌe te miꞌiria tupana tiꞌa­tu­ꞌa­piheg kahato pytkai yt paaꞌi­ꞌa­tuꞌe hin i iꞌatu­minug saꞌag nug hap ete maꞌato poꞌog taꞌa­tu­ꞌa­tunug yt tupana miky­ꞌesat koꞌi i miꞌi hap kape araꞌa­kasa yne uito iesui mikyꞌe iuwau uimu­ꞌetu aikota aru hap,Sateré-Mawé
3851,xira kata kainwenily ola anguy tadasenogudyly kerim modo awyly mauntuhomoem “messias makeba awaka jesus kamakeze deus ingonotyby makeba” kewani modo konokuni modo kula cristo izepaom modo ara agueim imery jesus neinwampyramo watay nhunwym deus neinwantaymbamo lapyla,Bakairi
23741,jesu si'oo'se weero noho kɨɨ niise nii' jesu masare bu'e nemogɨ a'tiro niiwi: —yɨ'ɨ a'ti nukukakaharare si'oo'se weero noho nii' yɨ'ɨre siru tuura na'i ti'aropɨ niira weero noho niitima yɨ'ɨ naa me'ra nii nu'ku' naa de'ro weeatehere i'yo' toho weera ayuro niiseti masima,Tukano
20216,deus ziwatahaka tsihyrinymyreta hiba sizubaretsa mytsaty maha zeka “uta zuba mypehatsa” sisopykyktsa asahi mysipykik iwaze kytsa siharere tsihikbyitsa moziknaha,Rikbaktsa
5999,haꞌe ra jesus ma haꞌe kuery ojeupe ae ijayvua oikuaa vy aipoeꞌi: — mbaꞌe re tu po rami ri pendeayvu pendepyꞌa py,Guarani
16574,ja¹­nxe³­jutsu²­ txa²­wa¹­su³­na²­ wan³­txa²­ i³­yau¹­u¹­ju³­ta²­ a³­ten³­khai¹­nxe³­jah³­lxi³­he¹­la²­ yxan¹­ta¹­ wan³­txa²­ yau³­a³­lxa³­ti³­ e³­jah¹­la²­ i³­kwai²­kxah¹­lxi³­txa³­he¹­la²­ txa²­wa¹­su³­na²­ wan³­txi³­su²­ nu¹­kxan²­ti³­na²­,Nambikuára
2314,saoro xerosaree apokini saoro apokasaaki xerosaree inirekari xesosi moianariakori imoianatini txama ikinikana pikari iua kona auiritarina iua moianatinina ninoa kotxi auikarina iua atao auikiniri xesosi sakire,Apurinã
2792,ininia iua apotiitana sasetotxi auiteakori kaiokatsoparerini pakini ininia erotxi pimaana: —nanipa teoso mereekiti iponaniako —itxa,Apurinã
7511,nhanderuva'ga yvyakotyve'ga gaha onhi'igahy nhande voja'irame nhande mbo'eavo nhande mongovo gwemimbotarimo naha ko pyry a'e ji javo nhande ve tupana'ga ki a'e te ipotari nhandepyryva naha ko pyry pe me javo “tapyry ti ga ji ja okokatuheteavo” ei ga nura ga nhande mbo'ei onhi'igahyavo nhande ve imondovo hahyva'ea nhande ve toko katu ti ga javo,Kagwahiva
17868,hoka jesus nehena: — hawaiyehena kaiserehare hiyekohase enore hisaonehena exema maniya takita hahekohena ekoamaniya takita — exe iraiti atyo masakarexe waiyexe tyotya xaotyakiyahonai konitare,Parecis
20354,iwaze diabo sesus bo imysapybyikia ty zipehaka sesus iharere humo batu yhy niy diabo nipamykysobaze zerekekspyk,Rikbaktsa
24243,cawsayninchicpis limayninchicwan tincunmanmi cay jesusninchic yachachipamashantam amcunamanna willaycalimuc: diosninchic'a suma-sumanin acchima; paychu'a yanawyaya tutapa uchucllapis manamari canchu,Urubu-Kaapor
18219,jesus ipohina vajoi'iki kidiania hari oniaroa jesus kania vajoi'aha adani  vihiki vaipohina khai vakhani'aha jesu-ra vani'aha: —bajadi ai vihina-ra ahonariahi; ai vihi'aha afonana bajadi-ra ani'ahi: “jesus ira honariavini iakara'oni” oniani ida bajadi ariathi-ra vanaabavini hija,Paumarí
24707,chayta yachalmi jesus nila: “imapita micuyllapi llaquicuyal pinanacuyalcanqui manalachun tantiapacunquipis licapacunquipis shun'uyqui pasaypi lumiyashachun cayan imama,Urubu-Kaapor
889,mame mokyro onokyroimo orihxipo tosemakapose ropa ahtao tuisame mame exiko mana osemazuhme aporo mame nexiase imeipo mokyro enahkapoko ritonopo mana,Apalaí
16528,nxe³­tau³­a¹­ txa²­wa¹­su³­na²­ i³­sa³­e²­ nu³­ka³­txa²­ a²­yxo²­ha³­kxa¹­ a²­ko³­nxain¹­ju³­ta²­ sa²­wa²­su¹­tain¹­tu¹­wa²­ a²­nxe³­ju³­ta³­nu³­a²­ su³­na²­ ha³­teh³­nxa³­nxa²­ u³­wha²­li¹­la³­kxi²­ne³­te³­nah¹­lxi¹­: — si³­au²­thi³­nan¹­tu³­ka³­txa²­ a²­nu²­a²­ a³­li³­la³­ki²­ne³­lhxa³­ u³­hu¹­nhe³­tu¹­wi¹­ wxa²­wa²­su¹­te³­jah¹­lo²­nu³­ai²­la¹­i¹­ a²­nxe³­jah¹­lo²­nu³­ai²­na²­ ja³­ko²­ah³­lu¹­tai²­na²­ a²­ne³­kan¹­tu³­ka³­txa²­ yxo²­ha³­kxa¹­ a²­ko³­nxain¹­ju³­ta²­ wxa²­wa²­su¹­tain¹­tu¹­wi¹­,Nambikuára
8551,“sy ajag my nen tonh ke mu vy ver e nyti ha ra tog ver ajag my me jagy ti ha ky sog tonh ke tu ni,Kaigáng
25469,tawamha ni'wam nori si te zezusihi ma nhari za'ra parisezu nori ha: — o ha sabadu na te te pese nhere te te 'mada'a pese o di romhuri zaharizem na roti ha 're ihaimana u'asi mono ha we te te satori o di we te te satori 'wa'aha te are te te 're 'mada'a pese isimiroti ha — ane te zezusihi ma nhari za'ra tawamha ihaiba amo nori ha te rowasu'u za'ra dure: — 're mori wasete 'wa'aha are waihu'u pese o di mari dama i'manhari waihu'u'o ha te te dama 'manhari da ha — ane zezusihi ama ma to tasisada 'rami za'ra ni,Xavánte
9290,ay katu emondo ne rembigwai simao piari pedro-py ohenoi vaꞌe ave emondo jope teta-my,Kaiwá
15760,ti mꞌ simaw mehem do paa bahapah ba pꞌop haga do sahee sa hꞌyyb tym go hajeng do ramoo toonh ba sa nuu go takaren paawa mꞌ tanoo sa ha dajeer tii dꞌ ranoo tabahajaa hyb nꞌaa hahyy dꞌ ma ta kyyh peed sa ha: —be anꞌoo ha yy tii da y bahajaa hyb nꞌaa y moo sooh ba sa nuu go pꞌop haga do sahee bajeng hyb nꞌaa sa hꞌyyb tym go —nang ma mehem do paa kyyh,Nadëb
23449,yɨ'ɨ wakutiro a'ti mɨsare karirare weero noho boka eha peha si'ritisa',Tukano
9602,upe-ma ramo heꞌi: “ndaxe puꞌakavei-ma upe ijaty vaꞌe kwery-rehe” heꞌi “xe rairo rei-tama hikwai opoxy-gwi xe mongyhyje rei-ma hikwai” heꞌi ojeupe ikyhyje-vy upea-gwi ojerure y-rehe upea y-py ojepohei atyra-py ojogweroaty vaꞌe kwery resa-py ojepohei: —xe poti-ma heꞌi —ko heko jejavy eꞌy vaꞌe ndajukasei heꞌi —ndaxe pyꞌa vairy hese pene nheꞌe-py ae katu ojejuka vaꞌera hesu heꞌi hesu-rehe pilatos,Kaiwá
7652,na jitehe tupana'ga ei ji ve: “ndehe ti ere okote'varuhuve'ga pe peko te'varuhu pe javo” ei ga ji ve ei jesus'ga a'ereki ji ko yvagipeva'ea yvyakotyva'ea ko ji no ei ga,Kagwahiva
24806,ama-ari juchapa munayninwan aysachicuyalcaychu nitac casucuyalcaychu,Urubu-Kaapor
9539,mbohapykwe jevy xe nupa vaꞌekwe yvyra-py roma yvy pygwa kwery oi ave ojogweroaty voi vaꞌekwe xe-rehe xe api api-vy ita-py mbohapykwe onheapymi pymi vaꞌekwe xe ryru kanoagwasu ygwasu mbyte-rupi ahasa moꞌa ramo ygwasu mbyte-py rei ajepyhy rei vaꞌekwe ai-vy xe ryru kanoagwasu hoꞌypy-ma ramo ygwasu mbyte-py rei apyta vaꞌekwe ai-vy petei ary pyhare peve ai vaꞌekwe upe-py amano hagwa moꞌa ,Kaiwá
142,jezu zonetopopyry morarame joze moroto kynexine arimateapono toytose ynororo pirato a ynara tykase —jezu ekepyry se ase zonetohme tykase ynororo pirato a joze jezu poetoryme kynexine yrome juteu to tuisary zuno toexiryke tokare pyra roke jezu poetoryme ynororo kynexine morarame —aroko tykase pirato exiryke jezu ekepyry arone rahkene zonetohme mame joze maro nikotemu kynexine jezu ekepyry arotozome kynexine nikotemu mokyro pake orihpyra ro jezu ahtao koko aytohpyry jezu enese mokyro a tauku pano tarose  kirume ixtaratu esety mira aroe enara kynexine inarotyamo,Apalaí
26956,nhym be gora amijano dja dja gar amidjwynhbit maro aban arym tu myjja karo nho mry kreno aba nok ga ren tu o mry kreno abao ren me'oo akex jabej nok ga ren me'o kute amim jeju mar rerekreja metindjwynhbe o akex jabej nhym ren ate ar ba jabej kam gora amijano dja nok ga ren o me'oo akex ne ren kam aje myjja kute me par tok nhym me rorok pyrak ga amim —‍djam ije myjjao metindjwynh karo nhipex nho mry krenkam metindjwynhbe ajma ikuten ijaxwe kati ije krenkam ajma ikute ket myjjao metindjwynh karo nhipex ne kajgo o mrydjwy ne kajgo anhyro aba aje amim anhyro abakam ne ga tu myjjao metindjwynh karo nhipex nho kikretikam ten me iko'a nhy nhy:n arym o mry kre nhym arym me'o kute amim jeju mar rerekre awyr box ne arym amim omu djam kute 'a amim karo ketma got kati dja amim —‍je ba badjwy kreno iba ane kute metindjwynh mar rerekreja dja amim anen arym kreno ba,kayapó
457,kapu ae enehpohpyry tonahse atamurukomo a ona po toorihse toto,Apalaí
13418,ha yeyox te: —‍ya hamun 'axop xohix tek penap-tup ya tikmu'un kutok penap-tup 'ugyum putup topa ka'ok yim xe'e tu' 'axop te kamak penap-tup 'ukxip putup pexkox kopah tu ta yixop-tup hamgoy xexka kopah kaxiy,Maxakalí
18539,va'ora oni'aki bana adani: “a'onira onava'isohiki bana ho oigamina vahoariha vakanahinariki-ra avakajoamorabakhiarihi; ni-hora avakajoamoraki” va'ora onava'isohiha,Paumarí
11046,aꞌerauwe pedro ꞌga wekwawera momeꞌwaupap ꞌga nupe uꞌama,Kayabí
21429,pyno saꞌawyꞌi so ihainia so haꞌyruꞌin sok  ok takaria miꞌiria so iꞌatueykeꞌet iharyꞌi raꞌyn maꞌato so yt tomepyt i te turan ikuꞌuro raꞌyn iꞌatueykeꞌet,Sateré-Mawé
14338,eya'odip cica ma aco'i eybiogbuk pe eyju kawenwen deus eju imenpit eyweju je'aweroromayu buywatwan gu eyju,Mundurukú
9355,are-ma ndokaruvei ave upe-ma ramo oho paulo kanoa pygwa oi ha-py heꞌi ixupe kwery: —maꞌera nerehendui raꞌe xe nheꞌe xe iru kwery heꞌi —maꞌera peju joty kwehe raꞌe creta ykoi-gwi ndapejui ramo ndojehuiry ara nhande-vy mbaꞌe heꞌi —nanhamombo reiry ara raꞌe nhamboyru vaꞌekwe heꞌi ixupe kwery,Kaiwá
6711,ǥodixaketedi ane najigotoɡowa aneotedoɡoji liwigo inioxoadipi jemaa mowooɡotitiwaji anewi aneetece ɡodixaketedi ane najigotoɡowa aneotedoɡoji liwigo,Kadiwéu
20999,wasani tsimykaranaha wastuhu abaktsa kytsa anabo hi iktsa maha kaharere ty atsatu mykara bykyzehu zuba mohyrikosokdanaha,Rikbaktsa
5742,haꞌe gui ma tapeo hemimboꞌe kuery haꞌe pedro pe aipopeje: “galileia katy jesus oo ꞌra penerenondera haꞌe py ma pexa ꞌra aipoeꞌiague rami” peje,Guarani
13342,ha ta' yag noy te mimyam xox xop kopa' naha' ha kaxiy tikmu'un te ham'aktux 'apak pa hapxip kutognag 'iha' yaykuxop punethok ha tayumak nog ha ham'aktux xaxok ha' nog,Maxakalí
25588,tawamha awa'awi ma to wahudu aiba ha tiza'warize ma to ti'a rob u ma to ire watobro danho'a taha wa ubure ma ama tatob'uzu za'ra ni 're ihaimana u'asi mono ama te dure ama tawata za'ra ni ane ma to dasima rowasu'u za'ra ni: — ane ha niwa wa te i'mada'a za'ra o — ane ma to dasima rowasu'u za'ra ni,Xavánte
6611,micataɡa diɡidiwa ɡonaalewe miniwataɡa aneotedoɡoji jinaaleweeɡa leeɡotedi ɡobeyaceɡeco pida aneotedoɡoji ja yedia niɡijoa ɡonaalewe odaa aɡaleeɡica ɡonaalewetalo leeɡodi cristo ja yedia ɡonaalewe niɡijo me yeleotedeloco nicenaɡanaɡate,Kadiwéu
1572,ne wam ixte me ama kagata nhipex ket ri na pa pre tee ri me ate amnhi nhipex a me ajarenh ma ne me akaxyw hipex ne kama me ate hpijaam ket xwynhta kot tanhma amnhi nhipex to ha omunh ne am omunh o ari hkot apa ha kagata kama me ama akir hamri ne xitre ma kugo nhum kupy ne ma me awyr o mo ta ka xep prem kama hare ne ama ne amnhi kama apijaam ne ne akapri ne ajamaxper o:—hexta waa ne am hamri na pawre a me ijarenh ane na pa me a amnhi nhipex ane ne amnhi tomnuj tyx ne aneta nhum xitre akupyn ixwyr poj ne inhma me ajare pa me ajarenh ma ne tee ri ijamaxper ne ijamaxper o:—hexta waa ne mon pa pre axtem ne a ri me kam ixakjer ane na na xep prem kagata kama hare ne kuma ne hkapri htyx ne aneta am hamri na pa pre a me akaxyw hipex ne memojta a me ama ixakjer ane na ka xep prem kama hare ne ama ne tee ri ajamaxper o ra akapri ne nom tirtum kam hpram xa hkot na ka prem ja ha amnhi pumu ne a akapri ane ta xep ra akupym tam amnhi nhipex ne akupym tirtum kot amnhi nhipex mex ne jao akupym akinh ne ri apa jakama am hamri na pa pre me awyr wam kagata menh ne memoj ta a me ama ixakjer ane,Apinayé
6,tymokomokakara ma enahpyra amaro xine yrome okyna pyra ase amaro xine orihnoko ase,Apalaí
892,morarame jerusare ameke pyra toehse ahtao ypy oriwera poe osema yhtoryhtao imoihmako ynara tykapitose —kure mase ritonopo tykase tatakyemase toto opore toremiase toto ritonopo nyrihpyry eneryke tyya xine —kure yna tuisaryme tyriko ritonopo kueseko omi poe aepyhpyry ynororo toretyke pyra ehtoko kapuaokomo kure roke ritonopo syritone tykase toto,Apalaí
1786,hamri nhum me tee ri amnhi ta me kuma ne awjana ne akupym jejus wyr mra ne kam me hare hamri nhum juaw me xiakre wa me harenh ma ne me kama gryk ne ne jejus ma: —kwa pahihti na na me axtem ne amnhi ne me pahkure jakama e kwa pu me kaxkwa rum me hipy kuwy hpok kwy re ke me hkaxar pa na ane,Apinayé
23789,jesu kɨɨre niiwi: —mɨ'ɨ yaa wi'ipɨ tohaagɨsa' mɨ'ɨ makɨ katisami niiwi kɨɨ jesu toho niisere tɨ'ogɨ kɨɨ yaa wi'ipɨ tohaa wa'awi,Tukano
4616,herehe uzeruzar maꞌe aꞌe wa hakagwer ai wanekon aꞌe wa aze amo haka naꞌiꞌa kwaw nehe aꞌe mehe hehe uzekaiw maꞌe omonohok putar aꞌe nehe weityk hakagwer iꞌa ꞌym maꞌe kwer aꞌe aꞌe rupi maꞌywa ꞌyw ikatu weraꞌu putar aꞌe nehe iꞌa katu weraꞌu putar aꞌe nehe no,Guajajara
19158,o senhor daquele servo vira num dia em que ele nao o espera e numa hora que nao sabe,Portuguese
26150,exepame potuname akaku ar arym amre iwyr box ba arym ikinhkumrex gar amre iwyr abox ket ne ikot o kangonh ket nhym kam ar arym iwyr box ne ikot o kango ba kam arym ikinhkumrex ne wakam ar gadjwy amybym dja gar arym aman idjo'a akinhkumrex dja ar wam ten box gar ar aman abenma ar mex jare,kayapó
5292,haꞌe ramove kunha vaꞌe oeja ovy yryru teta katy oo vy haꞌe rami vy aipoeꞌi teta pygua kuery pe: — peju ke jajeꞌoi pexa agua petei ava xerekokue haꞌe javi mombeꞌuare haꞌe ndaꞌu cristo eꞌy ri — heꞌi,Guarani
15749,manꞌoo mana nesaa do aa tahꞌyyb tatuk aa mamo nꞌaa jesu nesaa do yb mahanh tahajaa na-aaj he ji erii ba: “aa mamo nꞌaa jesu nesaa do mahanh” [om ne ti sahonh he bagaa hadꞌyyt doo om ne ti hejooj hadꞌyyt doo om ne ti ji jꞌaa etsee hadꞌyyt doo ti ne he tawꞌaats he]” nak da beeh,Nadëb
4281,aꞌe rupi uzapo tapuzran aꞌe wa upupyaikaw tapuzran wa mokoz ipupyaikaw paw ipupyaikaw paw ipy uhuaꞌu weraꞌu inugwer wi aꞌe uhu weraꞌu maꞌe aꞌe — ikatu ꞌym maꞌe heta ꞌymaw her romo aꞌe teko omono tatainy aꞌe pe wa omono wyrapew aꞌe pe wa no omono typyꞌak tupan pe imono pyr aꞌe pe wa no,Guajajara
13168,'apu topa pu ham'aktux mokuma mog,Maxakalí
18958,a'onira onava'isohi'ianavini hiki hida deus kania aakaramisina-ra aogavini deus ma'onahai jahaki-ra karona'avini ava'i bodinia hojara kaimoni oniani ida deus akadiania akaramisina-ra aogavini hija aogaki ida deus kania aakaramisina jaboni,Paumarí
18182,jesus va'ora nakaidivaki adani jerusalem sidaji kaija'arini hari kidivarani anokhomi'aha ada jesus va'ora ni'a'aha: —jerusalem sidaji kaija'arini va'ora avanaabinibakhiaki adani deus athi namoniva abono ja'dia va'ora avanagahabakhiaki adani athi avikhava abono deus va'ora karona'iki avakadiania kaba'i a'onira onakaidivaki ho onofiki ida a'onira oakava'ijoavini arakava kidisai-ra bihini nabo'ania najoroniki fori a'onira onihavini-ra onofibakhiahi ni-avanofipa'itxiki,Paumarí
19259,embora eu mesmo tivesse razoes para ter tal confianca se alguem pensa que tem razoes para confiar na carne eu ainda mais: circuncidado no oitavo dia de vida pertencente ao povo de israel a tribo de benjamim verdadeiro hebreu; quanto a lei fariseu; quanto ao zelo perseguidor da igreja; quanto a justica que ha na lei irrepreensivel mas o que para mim era lucro passei a considerar perda por causa de cristo mais do que isso considero tudo como perda comparado com a suprema grandeza do conhecimento de cristo jesus meu senhor por cuja causa perdi todas as coisas eu as considero como esterco para poder ganhar a cristo e ser encontrado nele nao tendo a minha propria justica que procede da lei mas a que vem mediante a fe em cristo a justica que procede de deus e se baseia na fe,Portuguese
23167,yɨ'ɨ o'akɨhɨ makɨ masɨ weero noho ɨpɨtigɨ yɨ'ɨre were ko'terare nii pe'tiropɨ o'oo'gɨsa' “nii pe'tira ya'aro weerare toho niika aperare ya'aro weeka weerare neeoya” niigɨsa',Tukano
18455,hari hojaki ida ija'ari abononi niha nini hahavi hihavija kaimoni ida ija'ari ija'ari sa'ani kabadani fori hirihi ida 'damani kabadani ija'ari nokhoni 'ba'dani kabadani fori hirihi ida moroboni kabadani,Paumarí
3167,nhamuimbygueduo myani kopae xykylymo ume iduery ipi ezaji idaly trigu ewy samuin-hobyryda myani joiu trigu ipery ara iazeim joiu keho newiseba kula nuduwapyra adaunlo joiu adaunlo trigu wara awyly xutuhoem keho ewy nhamuinly samuinrimbyryem myani idaly aituo myani trigu ewy joiu ewy wara samuimby iazewadyly ago itaynly azekiba kehoem ewisewadyly wara aituo myani sodo aga tawanuneim modo mara joiu trigu-empa awyly nhedylymo aituo myani apa ezary sodoram idalymo aguelymo eyam: “trigu ewy kulelama keanka mamuinly tara apa ezay; toenzepa ola joiu trigu duaka anguyka keanka joiu ewy mara ezaxi samuinrim” kelymo — aituo apa ezary sodo in-hoguly: “uduery keanra keanka samuinrim” kely — eaga tawamuneim modo aguelymo: “joiu xina nhonkedyzeka ama iwea lelala” kelymo,Bakairi
25000,mori wamha aiba nori ha ma to isire ai'aba're ta nori nhisi za'ra ha ane: sopaturu ha piroho 'ra ha bereza ama 're isamra mono dure aritacu nori seduduhu me tesaronita ama 're isimasisi zahure mono ha dure da'izu derebi ama 're isamra mono ha dure titicu ha toropimuhu me azi'a ama 're isimasisi zahure mono ha dure timotiu ha ta nori ha ma to wawana ai'aba're torowadi na 'ri nho'omo nhisi u tame ma to wazo mapari za'ra,Xavánte
17650,kalini niraehena xikakoa haiyaharenai ana xoalinihare metaharexe waiyekehalakitere hare akereta hoka xiso atyoite xahekohena niraehenere xikakoa kakoa,Parecis
4266,zane zezuz rehe uzeruzar maꞌe zane xipytywagatu agwer awa zane wa nehe taꞌe zeꞌeg azeharomoete har imumeꞌu har romo wanekon aꞌe wa xe aꞌe rupi zaiko tupan zeꞌeg imumeꞌu har ai zane nehe no wainuromo zane nehe no,Guajajara
15257,bꞌaa kajatsek do ha kristo bahob wat nesaa do er moo bok do paah er dejep hyb nꞌaa hadoo nesaa do ha er ky nadahe wat hyb nꞌaa nesaa doo y hanang pe tii baad hadoo er babok hyb nꞌaa ka tahob wat ta rog be bahub padeek hyb nꞌaa,Nadëb
9033,oporandu heta hesu-pe ha hesu katu nonheꞌeiry ixupe,Kaiwá
21648,miꞌi hawyi iꞌatuꞌok hawyi taꞌa­tu­pugha yne yara pytꞌat koꞌi miꞌu yꞌy pe aheꞌyara wato ipotyꞌi kahato pote e,Sateré-Mawé
10270,ruxetoena ywina‑wana deuxu‑ribi adeereny kanakemy watxireri tule jesuisi kristu inynyryreny‑ribi,Karajá
12227,miriri yuuku toꞌya eserike pra awaniꞌpi,Macushi
7639,ahe rendupavire jaytata'ia kwahapyra'ga hoi a'ero ogwovo belem me ga horame jaytata'ia – kiroki jaytata'ia ojipiuka ga pe kwara ipora koty – kotihi akoja jipiukara'javi ga pe ogwovo ga nenonde ogwovo jesus'ga rehei katu opytavo garuhava arimo horyory hete ga jaytata'ia repiagame ogwovo ovahema tayri'ga ruhai pe,Kagwahiva
26767,jeju kute me punuo mex nhym kam jeju garrejakam pyka kunikot mema kukradja jarenho ba apynh mebe idjaer bikpronh djari mema arenho ba ne kaj be ujarenh ny jarenho ba benjadjwyr djwynh kute pykakam amim me utar ne ar meo ba'a mema ujarenh ar ba ne kam arym apynh me kaneme me punuo mexo ba,kayapó
6273,odaa saulo jeɡenitinigiiɡo codaa wajipata ica ane dotaɡa anee “saulo saulo igame leeɡodi ina madiatenitibece”,Kadiwéu
15937,—bꞌaa bah gahehꞌook do tꞌaah nado ti hahyyh marija nado ta yyn tsijaag joseh simaw  nado ta wakaan sahonh he ta anh ba abꞌeeh er pa nꞌyy henh naa tahapah doo ta hejoj —nak ma tabawang do babuj nꞌaa sa kyyh,Nadëb
7322,copo ga ipyhygi ipype oko vinho hehe ga nhi'igi tupana'ga pe nde pyry hete nde imbuhua ore ve javo onhi'igire ga pe ga ei omoiruhara'ga pe: —‍koro ei ga ga pe imondovo copo ga pe pema'ema'e ti pejive i'gwoi'gwovo ei jesus'ga ga pe,Kagwahiva
1071,hamri ne jejus ma:—kwa jahti ne me ijapoj ne me kot amnhi xa htyx kama hamak tum xa hwyr me ixrenh ket ne hagro hkwy muj wyr man me ixre pa me hpanha hwyr man hagje na anehagroja kii me kep amym hixet a ri apkur o pa nhum me a jejus ma me hwyr amnhi to hwyr ane hamri nhum me kam:—toe to me tam hwyr man mra ane,Apinayé
12165,moropai miriri uva yasuꞌkaꞌpi toꞌya waranti manniꞌkan pemonkonyamiꞌ eꞌtiꞌkaꞌpi cidade po pra miriri itenseꞌ yaꞌ min waniꞌpi uva yekku waranti eepaꞌkaꞌpi marari pra eseuwarapo  quilometros kaisari min ekaꞌtunsaꞌ kiꞌpi waniꞌpi moropai mai winikii awaniꞌpi tiwin metro arakkita pairi kaisari imairono waniꞌpi,Macushi
19634,a graca do senhor jesus cristo seja com o espirito de todos voces,Portuguese
8509,a to sog ha tavi ni hy ha tavi sog ni a to a to sog tope mre vemen ti ti ty a my nen ha kar nim je a kaga tu ni je ke ge tope to tar a tog je tag ki kanhro sog ni a mre ke ag tog inh ki junjun ky ag tog inh my to a ty venh vi ha non ti mu ti a ty to tar ni ti ky tog inh my ser pe ti,Kaigáng
3605,xira augueho iwaunsedanry einwantanry wara watay tawala niwantaguebyra awyly agueho kajiwantaguedaunda ola,Bakairi
493,ritonopo waro sytatose ynara tykase ynororo “ywy roro emypoko ase ywy roro ypoetory to epehmako ase” tykase ynara tykase roropa ynororo “ypoetory to apiakako ase” tykase kuesekomo,Apalaí
14866,— poma ip tujowat kariwa — io'e ip jesus pe — urupuyu je'awerorom igemat kay i'o am imenpuxim deus ja'jem ipiatpi'ajoan ikereat mujurugrug'ukayu be — io'e jesus,Mundurukú
16496,nxa²­ha¹­te¹­ fes²­jah³­lo²­nu¹­tai²­na²­ wan³­txi³­kxai³­lu¹­: — se²­sa³­re²­a²­thi³­na²­ kan²­txi³­ u³­ti¹­kxai¹­na¹­he³­li¹­ nxe³­na¹­ta¹­ ye³­jen¹­na²­ i³­na¹­tu¹­wi¹­ nxe³­na¹­kxai²­nan²­tu³­ wxa²­hxi²­kan¹­txi³­nau³­ i³­nxai²­na²­ a³­nhi¹­ti³­ten³­sah¹­lxin¹­kxai²­nan²­tu³­ a³­nhi¹­syah¹­lxin¹­tu¹­wi¹­ ja¹­nxe³­yah³­lxin¹­kxai²­nan²­tu³­ti²­ ko³­to²­la³­kxi²­ju³­ta²­ yu³­ke³­la³­te²­kxai³­ wain³­txi³­ i³­yau¹­u³­sah²­lxin¹­tu¹­wi¹­ nxe³­ta¹­hxai²­he¹­la²­,Nambikuára
13522,yiy mo'kutna'ax 'aha xa' pena' nuy 'uhittup tap yummug nuy 'akuxa hittup xix kamak kuxa hittup,Maxakalí
9120,haꞌe-rami ave upe mokoi omeꞌe ojeupe vaꞌekwe ogana ave mokoive ogana oiporu pora-gwi,Kaiwá
14091,deus judeuyu mucug ojuy aca du ibu'u du judeu'umayu mucug am ka'uma ibikuy ma soat itabucayu mucugucug ixe- -judeuyu mucugucug judeu'umayu mucugucug tak,Mundurukú
24990,suta curnitillacunactam tucalpamun chaypitam anchish anjilcunaca curnitillanta alistacalalina tucapacunanpa,Urubu-Kaapor
16568,nxa²­ha¹­te¹­ i³­wa²­lu³­xi²­ya³­ti³­an¹­jau³­kxai³­lu¹­: — txa²­hxi²­kan¹­jah¹­la²­ a²­ten³­jau³­su²­ ha²­kxai³­ sa²­si¹­ha³­sain¹­na²­li¹­ nxe³­ya³­ta¹­hxai²­he¹­la²­,Nambikuára
5942,haꞌe ra jesus ombovai haꞌe kuery pe: — ko yvy re ikuai vaꞌe ma omenda haꞌe nhomomenda ꞌra haꞌe ra ara pyau onhemboete agua ara oupity agua oiporavo pyre ma nomendavei nei nanhomomendavei ma ꞌra,Guarani
4004,naꞌe pet uzeꞌeg izupe aꞌe no — ure urezar uremaꞌe paw rupi ure nerupi ureho pa ure maꞌe urereko putar ure nehe iꞌi izupe,Guajajara
25969,tawamha daro mono ba 're idahaimana za'ra mono nori ha te za isimirowa'a na 're dahaimana za'ra dure dama ipire za'ra nori ha te te 're ida'mada'a za'ra mono nori ha te za tinhibro ha aha uptabi na 'wasa 'ri nho'u iteb u,Xavánte
24985,masqui limaynichu ana calpis yachaynichu'a manama caytamari imachupis imaymanap camalaycachila,Urubu-Kaapor
22273,pehukonoe epemo'ikoponoti xuaum mbatita yoko koati koyuho'inopeati ngoeku kana'uyeoxo indukeova,Terena
5002,porayvu vaꞌe lei ojapopaa re ijayvua avave rei pe pereve riae eme mbaꞌemo re pejoayvu agua re anho mbaꞌeta joayvu vaꞌe ma lei re oia haꞌe javi ojapopa,Guarani
5270,haꞌe gui heta vaꞌe kuery oeja vy oike opy haꞌe ramo hemimboꞌe kuery ou vy ojerure mbaꞌemo re ombojojaague omombeꞌu porave agua re,Guarani
12319,miriri piꞌ taꞌpi jesusya: —iꞌ yeꞌka kin pemonkonyamiꞌ piꞌ maamaꞌ moropai mooyi tauya tiipia ereutaꞌsan piꞌ eesenumenkaꞌpi —tiaronkon tari toꞌ man inkamoro piꞌ maamaꞌ moropai mooyi tauya eꞌpainon maasa pra ituꞌse paapa eꞌtoꞌ kuꞌnen wani ya uyonpa pe awani miikiri piꞌ mooyi moropai maꞌnon moropai maamaꞌ tauya eꞌpainon —taꞌpi jesusya,Macushi
8519,isy ti jagy veg mu ha ra ijykre tog ty un ha ny tope vi ki kanhro mag sog ni venh kar to sog fe ni venh kar my sog komer ha vi ti venh kar ty isy ty tope camarada je tag ki kanhran kan je tope kuprig vy ty inh jagre ni ha ky sog venh jykre kuryj to tar ni inh pi je on ky u to ha niꞌ,Kaigáng
11416,imogawa maapawera mopojoꞌokawam aipo apo re karupaꞌmi ꞌjawewara ꞌga imoga maapawa mopojoꞌoka jui aiporamu ꞌarapiguua te futat ojeupa ywag ipe inainan etee te aꞌeramu miamu ꞌga opika aꞌeramu je sete ywagipewara ꞌga nesaka jarejuwarete ꞌga rowasewara ꞌga nesaka aꞌeramu ꞌga amu jumiꞌaranuu monou ꞌga nupe najuejue etee,Kayabí
3741,uraem pyma domodo ara inkaba xina azeholy cristo waga aguenriem ingonotyby lelala wane xina arala ola xypyryem kehoem xina ienipyryem waunlo ara deus awyly waunroempa idanara kuradoram awankuem tyeseinhe kula xina adutuly kura domodo xina iguely nhetoem anguydo imeom tyewiaseinram tamezeim ara kula xina adutuly ara auguely xira anano modo anju deus ezano modo wara xina aieholy taensemola mawanka,Bakairi
14084,— xipan cuy epeyewekuk — i on e'em eywebejesus cristo kay eyetabut'isum cuk iboap ekawen epeya'ijojo caim ekukuap puxim gu juy ajeku ixe caim ikereat mujurugrug'ukayu kukukat ebekit osunuy- -satanas ebekit ixe jekitpit'um o'yaoka caim ma cekawenkere osunuy ikitpit pit cekawentip osunuy imenpuye caim itabutkarey o'e jekitpit kay imenpuye o'yaoka,Mundurukú
3055,tokalela kywymary tokalela una kieinwankyly deus itaumbyry lela tokala waga lela batiza kydaieholy jesus einwannipyryem kydawyly kienehon-hoem lela,Bakairi
11240,tata rakuwa pype futat nipo ꞌga awau ajemogyau eukwere nipo ꞌga jemogyi waemamu waꞌjykajamu nipo ꞌga ajemogyau ay upe— ꞌjau ꞌga oree imomeꞌwau,Kayabí
26302,dja i apex nhym bep kati gajbit dja ga ara'a: ra'a ra'a nhym bep kati dja i kute kubeka pyrak ne tum ne mramri ne me kute kubeka myjja tum inoka tum nhym me kute kran o mranh ne 'e'a renhja pyrak dja ga i a kajkwame pyka tum kran o atem ne menho ane ne kam arym panh ny nho nhym bep ga dja ga tumram ara'a ra'a ne ga adjwynh tamo dja ga amu ara'a: ra'a ne dja ga atema ketkumrex” ane bir be nam a krama ane,kayapó
1739,tanhma pahihti jejus kris kot pawre ho mex to ne pahihti jejus kris na hte ixto mex raha ho pa na hte tanhma ixto pa y ha me piita me kam tanhma kot me pane amnhi nhipex to ha harenh o ri me hkot ixpa na pre ixte a amnhi nhipex anhyrja kukama inhma ixapenh a karo ne inhma: —e ate amnhi kaxyw ixkot ajamaxper mex jakama ker ka ma me piita me hkot ri me kam ixkaper jarenh o ri apa ane nom amnepem na pa pre hkot ijamaxper ket ne am axtem ne hapry runh ne ho ixkaper punuj o ri ixpa ne hkwyje ho ixkrihkrit ne me hapry ne me htak nom korma amnhi kaxyw kris kot ijamaxper ket jakama ixtyx a me hipex anhyr o ixpa nhum pahihti ja ha ixpumu ne ixkama ukapri ne me ha tanhma ixto hket ne,Apinayé
16306,nxa²­ha¹­te¹­ i³­yu¹­li²­nxa³­ta³­lxa¹­ a³­pos²­to³­lo²­ nu³­ka³­txu¹­ta²­kxai³­ su³­na²­ sxi²­hai²­na²­ a³­wih¹­ain¹­nu²­la²­ wan³­txa²­ wi¹­jau³­xa²­ i³­yau¹­u³­ a³­si³­wxe³­ain¹­ta¹­hxai²­he¹­la²­ nxe³­ain¹­ti³­kxai³­lu²­ wa³­nxin¹­ta²­ si³­yxau³­ka³­jxah³­lu¹­ta²­kxai³­ a³­wxa²­ a²­sa³­wi³­ha³­lxi³­yu¹­ta²­kxai³­ a³­wxa²­ nxain¹­sxa³­ a²­nu²­a²­ hxi²­kan¹­te²­su²­ te²­nau³­xu¹­tai²­na²­ kaixtain¹­ta¹­hxai²­he¹­la²­ nxe³­sxa³­ ju²­te²­a²­ hxi²­kan¹­txi³­nau³­xu¹­tai²­na²­ i³­kaixtha²­kxai³­ ju³­te²­a²­ wa³­kxe³­nau³­xu¹­tai²­na²­ i³­kaixtha²­kxai³­ nxain¹­ta¹­hxai²­he¹­la²­ nxain¹­nu²­la²­ i³­ye³­kxi²­nyhain¹­ta¹­hxai²­he¹­la²­ i³­ye³­kxi²­nyhain¹­san²­nu²­la²­ ti¹­kxa²­ wxe³­thi³­nai³­ta²­ a³­pos²­to³­lo²­ nu³­ka³­txu¹­ta²­ sa²­so¹­xi²­si¹­hain¹­jau³­su²­ kwa³­na³­ain¹­ta¹­hxai²­he¹­la²­,Nambikuára
22473,itea akohiko exa kixoaku yumopea,Terena
22738,itinoe kokoyono kixoneti xunakoke ituko'oviti koeku kivivoa motovati yenopi xokoyoke enepone vonopea xokoyoke kousexoane ituko'oviti nokone ko'iyea itea poehane ya hunokokuke uha koeti koekuti inamo simapu kaxena,Terena
9211,omombeꞌu ramo gwi judeu kwery-pe grego-py onheꞌe vaꞌe-pe onheꞌe mbojevy jevy oiko-vy inheꞌe ojukase moꞌa ixupe oiko-vy,Kaiwá
12616,tiise taꞌpi pauloya: —kaane anna witi pepin anna poꞌpitiꞌpi toꞌya tamiꞌnawironkonya eraꞌma tanne anna romanoyamiꞌ tiise moropai amaꞌ pe anna anarimapai toꞌ wani taripai tiaronkonya epuꞌti namai tiise tiwi toꞌ naiipii anna rumakatoꞌpe toꞌya tiiwaririꞌnikon —taꞌpi pauloya,Macushi
22763,koati enomone yane'e itovone neko hoyeno yane veyopone pouke yonopone yoko saputu yanekoyo kaxe koati sasa'itino judeuhiko,Terena
11391,pereko tywet kasi ꞌga ne pejejewirera ꞌjawe futar iki peporogyta ꞌga nupe ꞌga nerekou tepeesak ꞌga jekatuꞌoga ꞌjau,Kayabí
24330,niptinmi: “ ‘igus jachap llantuyninchu cayaptiquim lisilac’ nillaptichun chalapacayamanquiman cayllapita suma jatun lulaycunactalami licaycunqui” nin nilculmi: “rasunpam janay pachaca quichalayaptin diospa cacha anjilnincuna cutiticlaylla rasun nunap chulincaman shayamuta licapamanqui” nilatac,Urubu-Kaapor
7675,—‍kirogwe pe henduvi tupana'ga nhi'iga isaiasva'ea pe ymyahuva'ea pe ji nhi'igame jupe ei jesus'ga ga pe kirogwe pe henduvame isaiasva'ea rembikwatijara po'rua japiavo ihoi ei jesus'ga ga pe imombe'gwombe'gwovo ga pe,Kagwahiva
6172,niɡijo eijeeɡagi ja ikee meliodi loniciwaɡa lodoe niɡijo odoejegi eijeeɡagi ane doide codaa liciagi me yoniciwadi niɡini odoejegi odaa ja iiɡe inatawece oko digoina iiɡo modoɡeteta niɡini odoejegi eijeeɡagi ane ijo elaciledi ane domaɡa yeloadi pida ja ici,Kadiwéu
20215,sudas tadeu tihi: — hawa skaraba mybo zuba asoho tsipiwatawyky asaktsa ahumo sispirikpo ahabyizeka asoho batu tsipiwatawy hawa tsimy — niy iwa sudas nitsaso atakta batu sudas iskariotses usta sudas tadeu inarokota,Rikbaktsa
10104,jesuisi roosera ahobero ija‑o iny dohodyymy sowemy iny wirotyre tai jesuisi ronyre haworo‑o tahe rexitaranyre ahoro‑o aho ija‑o iny wirotyre ijohonamy,Karajá
11665,janeruwarete ꞌga jane mepyawam —“peꞌje pejewau je momeꞌwau kwe pewara ꞌga nupe” aꞌe ako je pe nupe ko aꞌjea futat je ꞌi: je rerowiaramu pe nereko esageara ꞌga je nane je rereko esage nu je rereko esageara ꞌga je muarera ꞌga nane wereko esage nu,Kayabí
767,jenetuputyryhtao eya xine tosekome ritonopo poetoryme exiko ma toto topurihkase ahtao yrome jenetuputyry se pyra toto ahtao ritonopo roropa toto se pyra exiko mana apotoimo htaka roke toto aropoko mana,Apalaí
4168,hemimuꞌe wexak zezuz emau taw piar rupi wata mehe aꞌe wa kury aꞌe ꞌar mehe we mokoz hemimuꞌe wata oho pe rupi aꞌe wa kury emau taw kutyr aꞌe wa kury aze teko wata zeruzarez wi aꞌe taw pe wa umumaw  kirom wata pa wa,Guajajara
2359,ininia iuaikana itxako ninoamoni: “nimarotai hite namonipa haua hite hisipiniikaua imakinika hikamakiti erekari”,Apurinã
12912,miriri taasaꞌ toꞌya pe pilatosya barrabas rumakaꞌpi atarakkannitoꞌ tapai tiise jesus poꞌpiꞌtoꞌpe toꞌya taꞌpi pilatosya pemonkon poꞌpiꞌtoꞌ ke moropai irumakaꞌpiiya pakiꞌnan pona ipokapiꞌtoꞌpe toꞌya,Macushi
3642,ewentado kauntuba lelala wane ura ala ola kampioguen-honly omazeandomoem sapioguen-honze ura imoen-honze ura alela — kely pilatos,Bakairi
26586,—‍kam benjadjwyr raxbe angripa jeju kute kajkwa kurum ima amijo amiritkam ne ije omunhkam djam ijamakkre ket ne ije mar ket kati arym ne ba tu amim markumrex ne katat kaben man kot ar amijo iba kam ne ba kriraxbe tamagu kumrexkam mema 'a ajare ne kam djeruxareme pykabe djudeja kunikot mema 'a ajare ne kam apynh me bajtem ba djakam mema 'a ajare ne mema kum “dja gar amikam akapriren wanh ajaxwema anhiren metindjwynh'yr amijo akex ne kaben man kot ar amijo aba ge me ar apumun arym amim ‘be mramri ne ar kute metindjwynh'yr amijo akexkumrex’ ane ge me ar apumun a amim ane” ane,kayapó
24935,natac ya'apita japanyasha walmicunaca mas cushisha canman manana yapaculmi caynu niycalic ya'apis chuya ispiritup munayninchu cayalmari,Urubu-Kaapor
25255,tane a nori wa'wa ha zuwa batita ha te sai ana nasi aimasisi dure uwa 'rai wa'u ise ha te te 're hasi mono o di tazaha ane 're haimana mono wa ma to tama 're inhari wasete za'ra wa'aba mo wa'ubure re 're imori na,Xavánte
12583,moropai toꞌ eserenkaꞌpi paapa yapuri pe miriri tipo toꞌ epaꞌkaꞌpi oliveira kiri pona toꞌ witiꞌpi toꞌ erepamiꞌpi,Macushi
18677,ka'oa hiki hida rajomi kavaranihi a'onira onava'isohivini hiki bana rakhajaharini oadani ida trigo 'ba'dani nami imani bodinia ni-aipohiki ida ba'ba'da nami imani bodinia rakhajahahi abiniki fori hiki ida abiniki fori hini naothinia movahi avijavahi karahohi bono'ihi aipohi'ihi ida trigo 'ba'dani — niha ada jesus jesus va'ora kavarajomiki adani abinina ahoki'ina naothinia kidipohi ava'ba'dina,Paumarí
17789,hatyo nase halitinai atyahitaha zacarias exahe tyotyaha hakaharetyoahitaha ehowitiharene iraexatyakalati hanako kakoa,Parecis
22745,itea akomo uke'eyeaku ne emo'u ituko'oviti” koe yoko enomone ne emo'uti simopitinoe enepone inamati ihikauvoti koyuhoti koeku vunae,Terena
12034,uuriꞌnikon wani toꞌ yeseru yenponenan pe taꞌnikon ya toꞌ piꞌ: —miriri wani mori pe pra manniꞌ aꞌka pe tiweꞌsenya tamiꞌnawiri teraꞌmasen pepin yenpo manniꞌ waranti maasa pra aꞌka pe tiweꞌsenya tamiꞌnawiron eseraꞌma emapuꞌti miriri yeꞌnen pena aweꞌmenukaꞌpi see waranti: amiri awetun koꞌmannipi manniꞌ apakaki amiri tiisaꞌmantai tiikoꞌmansen eꞌmiꞌsaꞌkaki moropai cristoya amiri kupi aꞌka ta aakoꞌmamipa taasaiꞌya man,Macushi
16022,a²­nxe³­jutsu²­ a²­wi¹­lhi¹­na²­ txa²­wa¹­su³­na²­ wan³­txa²­ ain³­kxi²­tu³­ka³­txai²­na²­ sa²­kxai³­lu²­ yxo²­i²­ai¹­nxa³­ha²­kxai³­ hai³­txi³­ txa²­wa¹­su³­na²­ ha³­lo²­a²­ a³­wih¹­sxa³­ i³­ye¹­nxi²­ta¹­hxai²­nxa³­ti³­ai¹­ti²­tu³­wa²­ nxe³­ai¹­nxa³­ha²­kxai³­ a²­nu²­a²­ a³­xa²­ a³­wih¹­sxa³­ i³­ye¹­nxi²­ju³­ta³­nu³­a²­ yu³­tu¹­wa²­,Nambikuára
6962,yokaaɡetedipi yemaanigipi niɡida moko joɡoko lionigipi aneotedoɡoji pida aneotedoɡoji anaɡa ikee ica anodaaɡejinaɡa pida jowooɡotaɡa niɡica cristo nige dopitedijo ɡodiigi eote me ɡodiciagi leeɡodi icota me jinataɡa niɡica anodaaɡeeteda,Kadiwéu
12109,moropai jesusya teeseurimantoꞌ yaretiꞌkaꞌpi see waranti: —miriri yeꞌnen tiwari panpiꞌ akoꞌmanti maasa pra iꞌ pensa iꞌ weiyu yai erepami weiyu epuꞌtiyaꞌnikon pra naatii —taꞌpi jesusya,Macushi
22566,yusikoneikopo vahi'okoponeovo jesus kuti'iyea vipuhikeati ne pitivoko ipuxovoku viyeno koane uso vakoyemaka koemoke'eyeokono uti kuteati vunae jesus vo'oku enepoyara kuveu meum ako pitivoko akotimo hunokoku voveaya itea koati pitivoko vitopononeikomo kaxehiko keno'okoti kuxo uti,Terena
20977,iwaze sesus zipeha: — wabyziuty sosobyitykta ba aty tohi bo ziktsaso ikia ziknapamykysokota bo tsikawatawykta iwa taparakta moises ziwataha papeu humo atsatu deus bo nyny tsimy siraratsa ty deus bo nyny tsimy iwatsahi kytsa bo nisiwatawyky tsikzororo — niy iwa sesus inakororobaikta zizororowy,Rikbaktsa
17119,hatyaoseta  xema tyaoniterenai xaneheta hoka jesus iraehena halitinai kakoa  tahi: — xiyanehenere maharexakahare xahalakoahenere  xowaka xoare hare xatyahita xiyaiyane maheta xoana kana kase hoholati hoholaitere xoare hare xiyane xiyaiya xoana hatya haliti waiye nimere xasemehena waiye nimerenai exahe waiye tyaoniterenai atyo hati wahaharexenai ako tyaonita,Parecis
6142,pida paulo ja dapaaweta meeta “jinaɡa adineloati okotawece etoko digoina”,Kadiwéu
19237,julguem entre voces mesmos: e apropriado a uma mulher orar a deus com a cabeca descoberta,Portuguese
10979,jiary paulo heka aomybo adeereny arexitoenykre aoherekibo tamy tarabemahatenyte awanareny watxiwahau urihimyole watyhyna watxirerimy wamy tarybemahatenyte jiary heka awana rybetere‑di rarybeomahare awanareny watxireri wana tiu rareu taheka roritidyyre rybetere‑di wahe rohotinywahare rexitoenyreri awi heka rare ywina‑di iny risynymyhyre inyo wamyreny ibinamy rarybekeki tahe tule ararybeke heka,Karajá
13011,ha' put pu hi' tu' yok tukniha'xip ha' xat pu xit'ax hom kakxop pu' puyiy ma',Maxakalí
19919,quem e minha mae e quem sao meus irmaos  perguntou ele entao olhou para os que estavam assentados ao seu redor e disse: aqui estao minha mae e meus irmaos quem faz a vontade de deus este e meu irmao minha irma e minha mae,Portuguese
3338,uguondo kydatanry koenda ajitaindanry warape myani tara eataen-hodo jesusram nhadylymo myani aguelymo eyam: — ityenga wao mera uguondo maʼ ieka wao kua itoem — kelymo,Bakairi
25468,da'mada'a'wa ha aima sawi uptabi nhere te za danho'a tama iroti tiwasete na te te ama sahu to da asimiroti na 're da'maireme mono o di za 're ihaimana u'asi mono ha te we te te 're wa'ab'mada'a cristu zezusihi me haiwa ama romhuri'wa nori zama te dure te te we 're wa'mada'a za'ra 're inomro we mono nori ha taha wa ta nori nho'a 're wanomro mono wa da'mada'a'wa nori ama te aima iroti mono ze ha te za 're i'mada'a pese mo,Xavánte
23380,o'akɨhɨ kɨɨre nii nemokɨ niiwi taha: —yɨ'ɨ ba'a duti'kara ayura niima “ba'atira noho niima” niitika'ya niikɨ niiwi,Tukano
14821,oceju bit cuk a'gu ocesusun ocesop eykuk am imen warara'acayu e'em: — xipat cica on — i eywebeixeyu buxim on tak jeymukuyjo on gasu on xipat cica iam eyetaybit on yadaodaoat puxim kawenwen iam,Mundurukú
10235,aobo iny tuu robimyhyre bede bedemy tuu iny robimyhyre ibutumy idi reamy aobo iny tuu robiomyhyre heka tiu itueotyhy kia‑di tahe inyboho rohotinymyhyre,Karajá
2550,nitiritxi soti auiteakori pitikiri itxaua anapa auite kaneenamari apokasaaki iua miteka itakanapanako soti auiteakori ininia anapa maikari soti auite oxikepoata itxana iua nitiritxi mitekako kotxi txineiro ikapaninokara iparikauata kona atao itiretari soti auite,Apurinã
18531,vakava'ibodivarani'imidia bana ida athi deus athi hini deus athi hirini deus athi hini avarigahi; vanaaba'a bana,Paumarí
2171,nasaree auakani kona auakari xesosi sakire ikara sapirenatxi atao inakari oerekiko ixipokapiretaka atoko xesosi sipe ikanapiria nasaree sitatxitimoni ininia oerekarauata aiko xoteoakori apotiitiniataaua ininia kakiti tsorikaata isakire ikenakotakasaakina itxana: —kiripa sikatari iua imarore kiripa sikaposotiiretari iua,Apurinã
17454,hatyaoseta exaotyakiraharenai xane kaokaha ehaliya hoka nehenaha: — hasemehena hiraetere maisa waiyeta fariseunai hiye xoana hatyo akiti hasemita nexaha ihiye,Parecis
1274,ker pu me te jejus tanhma hamaxper toja pyrak o pajamaxper o ri papa,Apinayé
8823,moises vy tope ki ra ky ni ja nigti ha ky tog ga ty egito ta kakute ja nigti paꞌi ju kameg vanh nin ky tope veg tu eg tog nigti ha ra tog tope ha ki ekren ky ni ja nigti ti vi tog ti my ti ty ti veg ni ri ke ni ja nigti ha ky tog kronh ke ja tu nigti moises ti,Kaigáng
16748,nxe³­nxa²­ha¹­te¹­ ha³­lo²­a²­ wa²­na³­u¹­nxa²­ha¹­tu¹­wi¹­ hi³­ka²­ta³­nau³­xa²­ hxi²­te³­a¹­tu³­ka³­txa²­ e³­lxah²­lxi³­ wa²­na³­u¹­hi²­ sxi²­ha²­ sa²­kixkxi²­ne³­ka³­txa²­ ou²­ro²­ wxe³­ki³­ka³­txa²­ e³­lxah²­lxi³­ wa²­na³­u¹­hi²­ nxe³­nxa²­ha¹­tu¹­wi¹­ nxe³­ju³­ta²­sa¹­ hi³­ka²­ta³­nau³­xa²­ ki³­ha¹­li¹­ ki³­ha¹­li¹­ ki³­ha¹­li¹­ ka³­na³­ki¹­ nxe³­ki³­nau³­xai²­na²­ hi³­te³­nha¹­kxen³­ti²­ a²­si³­yxau³­tau³­a²­ sa²­kxai³­lu²­ a²­hxi²­kan¹­ta²­ jah¹­la²­nau³­xai²­la¹­i¹­ je³­su²­jah¹­lai²­na²­ wan³­txa²­ yxo²­i²­sxa³­ yxau²­xai³­tu³­ka³­txi³­nau³­xa²­  nxe³­ tu³­ka³­txi³­nau³­xa²­ a²­hxi²­kan¹­ti³­sain¹­na³­li¹­ te²­ya¹­nxe³­sxa³­ ha³­lo²­a²­ sa²­kxi³­kxi²­ne³­ka³­ta²­  nxe³­ta³­ka³­txai²­na²­ sa²­kxai³­lu²­ je³­su²­jah³­lai²­na²­ wan³­txa²­ yxo²­i²­sxa³­ yxau²­xai³­tu³­ka³­txin³­txi²­ nxe³­ain¹­na³­li¹­ nxe³­te²­se¹­li¹­ je³­su²­jah³­la²­ nxe³­na²­he³­la²­,Nambikuára
9793,upe anhetegwa nheꞌe perovia-ma arakaꞌe ay peve napemokanhyi pendejehegwi ipogwy-py pene rembiapo pora meme peiko-vy upea aikwaa jepe apomomanduꞌa nduꞌa xe remimombeꞌukwe-rehe ponove pende resarai ixugwi,Kaiwá
6004,odaa jao okanicodaaɡica ananipokitiwatiwaji niɡina mabakeni iboonaɡadi amaleeɡaɡa ane ee lionigi aneotedoɡoji inelecaɡatidi liboonaɡadi eiodi niganipokitiwa mabakeni naɡatetigi iboonaɡadi okanicodaaɡica odaa jajigotaɡawatiwaji ane ɡadipoketegi,Kadiwéu
3396,— xira xina apaiguedyze ato akeala kuru igueypy kuraem itondyly-ro watay adaunlo uguondo akaemo sete ewy iwydyenka ise maka kuraem itonduomo idanara akaemo sete lela iwydyem ityby mawanka — kelymo,Bakairi
26300,kute me karo punuma akjer ar rwyk ten kam arym kot ba djwynh kwy aro ram ne ja ar arkot kranh'a abir ketjao ram ne ja nhym me krapti ar'a akupro nhym mojdje kukradja mar djwynhme ar akta kabeno aben japanho dja nhym jeju arym me omu ne me aerbe box nhym me kuni kam no tyn kumex ne 'yr prot ne kum —‍djam arym ne ga box djam arym ne ga box ane,kayapó
24059,caynu jesus nila “manam lluychu chuya cayalcanqui” nil pi ipanchanantapis yachalmi,Urubu-Kaapor
15915,hahyy da mꞌ ta kyyh: —kaja dag kan ji pꞌop haga do bagꞌaas doo ti hyb nꞌaa tawꞌaats he be ered hom nesaa doo pꞌop haga do ha be hꞌyy kawareem be ky dahe ti panyyg hanam doo —nang ma jesus,Nadëb
1227,—ne me kot mar xwynh kwyjaja te kot kenre kama hkwy rorok ne higrot nhum te ha myt ahpa nhum gra par tokyx anhyr xwynhta pyrak na htem tirtum kaper ma ne hkinh ne ne kam mar pram ne te hy higrot tokyx anhyrta pyrak ta nhum meho te ne tirtum ne tanhma me kam kaper to nhum me kuma ne hkaga ry nhum me tirtum a tanhma me homnuj to nhum me tee ri amnhi ta me omu ne hkaga te memo hy higrot ne gra par tokyx anhyrta pyrak,Apinayé
18856,hari vanamaakari'ihi ida ibavi jesus ipohina avanikhaki vagorana vakaikahi'ina radahana-ra nofi'aha ada jesus ni-okhajakosi'iki oniaroa jesu-ra vakaboa'ibakhiadanokivini hiki vakadiania hojara kaimoni ni-aviga'iaki kaho ida jesus vakadiania adahana vani'aha: —akadiania hoja'a bana bakibakini kama'da'iki hida joma oniaroa okhajakosi'aha ada jesus kidipohi vi'bamiki vakadiania,Paumarí
6847,pida adinowetitiwaji igaataɡa etiɡadadeegiticogi lodoe niɡijoa lacilodi codaa etiɡadalakenitibigetiwaji midiwataɡa niiakanaɡaxiidi codaa leeɡodi maniwitici odaa etiɡadadeegiticogi lodoe niɡina aninoa naɡatetico codaa midiwataɡa inionaɡa-eloodoli moiwi anodigotaɡawatiwaji odaa jiɡidaa nigakatitiwaji madatematiitiogi niɡidiwa lacilodi,Kadiwéu
4468,zanezar aꞌe uzapo tuwe maꞌe iko uzeꞌeg rupi aꞌe uzapo tuwe wemimumeꞌu kwer omono putar ukagaw peme nehe pemonokatu putar ikatu ꞌym maꞌe iapo har wanuwihaw wi nehe no urukwaw katu urezeꞌeg rupi peho haw ure peho wiwi putar hupi nehe no zanezar ukwaw kar maꞌe penemiapo ram ikatuahy maꞌe urewe aꞌe,Guajajara
25219,ane na ma to te te dama 're awaihu'u paru ha te te dama ama 're rob'ui'ere mono wamha nimame te tihaimana za'ra isimi'ui'ere pire ha ta ha dama pire za'ra di da te 're iwaihu'u za'ra mono zeb da ha ane wa ma to ni'wam nori ha isimiroti na te te ama 're upa za'ra te te 're waihu'u pese za'ra mono o wa we nhere isimiroti ha ta nori ha wanhib'apito ama siptete sina 're haimana za'ra mono o wa ma to paruhu nhimiroti na te te ama 're upa za'ra dure 're ihaimana u'asi mono nhimiroti 'rata na rob'ui'ere haiba amo na zama ma to te te ama 're upa za'ra taha wa te za 're ihaimana u'asi mono ha ha za'ra,Xavánte
1551,jakama kot kaj me toha memo arigro ha kot me pane htykja ma ajamaxper kaxyw axpen wyr akupro hamri nhum me anhio me awyr axa ne nhy nom axtem ne jejus tyk ma hamaxper ket japer ne htyx pawti kur o nhy ne hkot amari memo kago ho hkom o nhy koja a htyk ma hamaxper ket raha amnhi nhipex ane ne te jejus o kaper pyrak o amnhi nhipex te ho kaper o: —na jejus amari htyk nhum hkamro amari hpikapir kena na pre me pane htyk ket ne anhyr o ho kaper pyrak jakama kwa ker ka me ate pawta kur kaxyw ne taxy korma tanhma ate amnhi nhipex to ma ajamaxper ne ajamaxper o: —kwa man pa tirtum kaper kot amnhi nhipex mex raha ho ri ixpa na anhyr o man ajamaxper hamri ne ate hkot amnhi nhipex mex a amnhi pumu ne amari axamnhix aku no kot ka me korma memoj punuj kaga hket ne ari ri ho anhyr o pa hamri ne kam ajamaxper ne hkur ket ne ry tanhman tee ri tanhma ate amnhi tomnuj tota ma ajamaxper ne akapri ne hamri ne tokyx tirtum ma amnhi jare ne amnhi to mex pram xaj amnhi to awy hamri ne ari korma axamnhix pawtita ku koja meho me akot axa ne memoj kukama hamaxper pe htyx pawti nhirenhta o py hkur o nhy hamri nhum tirtum tee ri ja ha omu ne ha tanhma ho,Apinayé
4882,zezuz rehe uzeruzar maꞌe pitaitaigatu wiko ipegegwer ai aꞌe wa amo uzawy amogwer pitaitaigatu wa amo zezuz hemimono karer romo wanekon wa amo tupan zeꞌeg imumeꞌu har romo wanekon wa amo tupan zeꞌeg rehe purumuꞌe maꞌe romo wanekon wa amo purumupytuhegatu kar haw iapo har romo wanekon wa amo umukatu imaꞌeahy maꞌe wa amo upytywagatu amogwer wa amo weruzeꞌeg amogwer wa amo uzeꞌeg amo ae ywy rehe har zeꞌeg rupi wa zeꞌeg ikwaw pyr ꞌym rupi wa,Guajajara
17394,xakore hoka kasani exehare waiyekehalaka xomana naokita: cristo atyo tyotya halitinae xahekola xahehare exahe ohiro kaiyanenero hoka exanene atyo exahekola xahehare tyaonita nikare enore tehitiya atyo cristo xahekola xahehare tyaonita,Parecis
6546,pida jakadi ina me daɡaxa me ninitibece nigidioka limedi me wajekalo codaa aaɡaɡa jakadi ina me aneotedoɡoji liwigo ane najigotiwa niɡinoa yowooko anejitedaɡawatiwaji,Kadiwéu
2685,petro takapiretanapini sirasi moianatano ia niokatsopatakiti axapitiri niokatsopatini hite ikapani iua aitari iua iteene auikari xesosi sakire niokatsopata hite nisikataparaxiniretini ikapani ninirekari himarotiniri atao asapiretinii erekari teoso sikakiti pirena hitakanapapiriko erekari teoso sikakiti hitemoni,Apurinã
15323,pꞌooj ub pꞌop haga do kyy kerih do ha kaherꞌood dak paah rahꞌyy kaꞌeeh do hyb nꞌaa judah buuj nadoo do sii he da baad rabahado padeek da pꞌop haga do matym go hahyy da kristo ky nꞌaa hanam do pꞌop haga do kyy kerih do herꞌoot paa abaraam ha: “a hyb nꞌaa ne da sahonh he badak hahyy ha habong do ky nꞌaa kedeng da” nang kerih doo,Nadëb
19054,ele proprio nao era a luz mas veio como testemunha da luz,Portuguese
5095,mbaꞌeta haꞌe kuery ae omombeꞌu pee kuerya py orekuai jave guare mbaꞌeta nhanderuete re pejeko rerova vy mbaꞌemo raꞌangaa pembojeroviaa gui pejepeꞌapa rakaꞌe nhanderuete oikove haꞌe anhete vaꞌe pe anho pendekuai agua haꞌe pearo pekuapy agua taꞌy jesus omanogue mbyte gui omboete vaꞌekue yva gui ou jevy ra guara haꞌe vaꞌe ma nhandereraa jepe ꞌra poxya ou oiny vaꞌe gui,Guarani
9383,ha pejohu pora ramo xe ave aha ara pene remimeꞌera heraha-vy xe ndive oho ara pene rembiporavokwe,Kaiwá
5575,haꞌe gui guaꞌyxy reve mokoi ꞌrague py peteiꞌi toꞌo ma ikuai haꞌe rami vy mokoi veꞌy ikuai peteiꞌi toꞌo ma,Guarani
10473,tii biukile rarekre wiji ijo bede tymyra wihikykre iohomy rahudi tahe kanakre kia bededyynanau tahe rarybere ihetxiu rybedu mahadu,Karajá
21251,yt naku i aiꞌakag wanuaria wati­ꞌa­tu­ꞌairo meremo timoteu aimuꞌe sese hanuaria are karape iraniaꞌin ahaꞌag saꞌag nug hamo waku — wai yt atunug neran i watoꞌe iꞌewyte waku ereineꞌen pya saꞌag nug hap kai are,Sateré-Mawé
10637,biu oraru‑ki ka koityhyxenyteri marybekeki deuxusymy tarybeteri tii dori tarynana‑ki ronyreri,Karajá
24283,chaychumi nila: “acuchun ya'awan lishun cananpita yachachishayqui cay challwa juntupacushayquinu nunacunata diospa juntupamunayquipami” nil nilcuptin-pachallam challwa chalacuncunactapis cachaycul jesuswan liculcala,Urubu-Kaapor
11546,jejeꞌewuꞌjag ekoete nipo ꞌga amu akou “pejemojewagukat ꞌga nupe eꞌi paulo ꞌga akou” ꞌjau futatee nipo ꞌga amu pe nupe naani nanarui je ako pe muꞌei aiꞌi maꞌeramu ꞌa ꞌga je rereko tyweretei aipo je ꞌe re amunipo ꞌa ꞌga naje rereko tyweri aipo je ꞌe re amunipo ꞌa ꞌga nimaraꞌnei je ꞌeawer are aꞌere ꞌga maraꞌneramu futat je ꞌeawer are “ꞌypeywar are kristu ꞌga manui janetywera moiawamu” ꞌeawer are afutat je iꞌme maꞌe ꞌga pojoꞌoga pe nui,Kayabí
11459,pedro ꞌga momoranupawet awaw ipe jejui ꞌga ꞌjau wemimuꞌe ꞌga nupe: —ꞌawamu futat nipo pekwasiꞌo je wi je rejaa je muꞌama ojeteeꞌi— ꞌjau ꞌga ꞌga nupe —yma te ꞌa janeruwarete ꞌga kaꞌarana kwasiarukari ꞌga amu upe ee rakue: “tajuka karupaꞌmi are omaenun maꞌe ꞌga ꞌjau kwy aꞌeramu ꞌga reymawera ꞌga awau okwasiꞌwau kwe pe ꞌjau kwy” ꞌjau janeruwarete ꞌga ikwasiarukaa inuga kaꞌaran are rakue aꞌeferupi tee futat nipo pekwasiꞌo pejewau je wi— ꞌjau ꞌga ꞌga nupe,Kayabí
23587,mari ya'aro weera nii yuuka moise duti'ke wee pe'ota basiotipa moise duti'ke me'ra yɨ'rɨ masi wee' o'akɨhɨ pe'e yɨ'rɨo masimi kɨɨ mari ya'aro wee'kere weri wapa yee dutigɨ kɨɨ makɨre o'oo'kɨ niiwi kɨɨ makɨ mari ya'aro weera ɨpɨ weero noho ɨpɨtikɨ niiwi tii ɨpɨ me'ra werigɨ ya'asere ko'a wapa yee pe'oka'kɨ niiwi teere ko'agɨ marire o'akɨhɨ dutiro wee masiato niigɨ toho weekɨ niiwi mari ɨaro wee si'risere wee wee' maha ni'karoakare espirito santo tutuaro me'ra kɨɨ ɨaro weeseti',Tukano
22408,kamoane pahukotihiko xapa judeu yuho ne apostuluhiko yupihovo koene imaikinova koane kaha'ayeamaka koepekeahiko,Terena
6000,icoa eletidi lolacidi boɡoneniteloco wetiadawaanaɡa ane deɡewi mica iiɡo niɡijoa lolacidi yediiɡa me nokoloɡo leeɡodi iiɡo aleegitinece pida naɡa dapicoɡo aligeɡe odaa ja yalegi nawodigijedi odaa ja yadilo leeɡodi aleegitinece litodi,Kadiwéu
21144,maꞌato waku eiminug ewetum uhepe taꞌi uhepiat hoꞌopot hap toineꞌen mesuwe uimo­so­ꞌopot kahato mesuwe woꞌo­pyhik hawe miꞌi turan eimi­po­ꞌoro putꞌokꞌe uhete miꞌi hawyi arehum kahato eimiium uhepiat ete,Sateré-Mawé
16007,a²­nu²­a²­ yen³­kxi³­txa²­te²­su²­ te²­a²­ wxa²­yen³­kxa²­ wa²­nhu¹­ah³­lxin¹­kxai²­nan²­tu³­ txa²­wa¹­su³­na²­ hi²­sen³­su²­ yen³­kxa²­ wa²­nhu¹­nxti³­nun³­tu¹­wi¹­ nxe³­sxa³­ yen³­kxa²­ ka³­lxa¹­txi³­ te³­sxa³­ wxa²­hxi²­ka²­ u³­hxi²­ku²­xai³­nxti³­tu¹­wi¹­ nxe³­sxa³­ hxi²­kan¹­txi³­ hxi²­te³­nyhah¹­lxan³­so³­li¹­ yen³­kxa²­ ka³­lxa¹­txi³­ hu¹­nxti³­ha²­kxai³­la²­ nxe³­ju³­kxai³­lu²­ hxi²­kxau³­ti²­la³­nxa³­nha²­sxa³­ o²­la³­kxi²­nyhu¹­ah³­lxin¹­kxa²­ ya¹­nxe²­ txa²­wa¹­su³­na²­ hxi²­kxau³­ti²­la³­nxa³­sxa³­ kai³­uh¹­nxti³­tu¹­wi¹­ a³­wa²­to²­hi²­ kai³­uh¹­nxti³­tu¹­wi¹­,Nambikuára
21909,wati­ꞌa­tu­kyꞌe sese miitꞌin pote mesup muki­ꞌite wuatꞌi eꞌat pe wati­ꞌa­tu­kyꞌe poꞌog poꞌog hap ewy tupana ihay tuereto aiwe pyi tehay wo wati­mo­herep kahato maꞌato meiuran tupana ewywuat raꞌyn watoi­neꞌen atipy pe hawyi yt kat hamo i ihay aiwe pyi katu­pono aimuꞌe hat no toineꞌen atipy pe ihay maꞌato miitꞌin kyꞌe hap tupana kyꞌe hap topy­huꞌat itote wuatꞌi eꞌat pe miꞌi pote mesup te tupana tum ahepe tesaika hap wuatꞌi pusu kuap hamo maꞌato atipy pe torania itotiaria wuatꞌi ywania pusu kuap haria tukup­teꞌen maꞌato tupana kyꞌe hap miitꞌin kyꞌe hap itote topy­huꞌat wuatꞌi eꞌat pe,Sateré-Mawé
10055,marie tahe sowemy aderona lynyre‑di ratximyhy iowyhykyre heka tahe tii jesuisiwatyre ritxiwire idi tahe taradedile risuhore heto tahe tynyrehekylemy roire,Karajá
726,erokuase onenerykome ysa oerohtohkome jamihmakokara akorehmatohme rupomako zuzenutanohtohme jezu omihpyry a ke wenikehpyra ehtoko ynara tykase ynororo “kurehxo imehno akorehmaryhtao oya xine akorehmarykohtao imehnomo a kure roropa” tykase ynororo tykase pauru eya xine,Apalaí
13244,'uxohix kuxa mam ka'ok hu hapxexka yog tikmu'un xohix mutik yaytuk-miy tu ham paha' ha' mog ha hapxopma max yiy topa te tu' hapxop popmaha' ham'aktux xex tu tu' popmaha' ha topa te' ka'ogaha' pu tu hamgay yikox mo'yinnin pu' kix hok,Maxakalí
20103,hawa siriktsa soho ty mymyhyrinymyryky — abaka wabytoktoktaha amy ty tsasohowy sipariktsa soho pahawatawy asaktsa kamyspirikpowy ezytyk humo hyy maha zeka deus tyryktsa moziknaha,Rikbaktsa
10889,habu tamy rarybere: —erydyydu kia bede ywina rewinyhyylere uladuule wiji‑o,Karajá
1599,ta tirtum kep me hkapri xwynhje pumunh ne akupym me ho me hkinh xwynh jakama na pre ixkapri ha ixpumu ne ixwyr xitre me pa pre omu ne akupym ixkinh ne tam ijamaxper no am xitre pumunh kot pix ma ixkinh ket na pre ixwyr poj ne tanhma inhma me ajarenh to ne me ate tanhma ho mex to ha me ajare ne me ama ixpumunh pram tyx a me ajare ne kris kot me atota hpijaam ket o pa nhum ixte kaga kama ha me ama ixakjer nhum me ate ja ha omunh ne ra amnhi kama apijaam o akapri htyx a me ajare nhum tirtum kot inhne me kam ixkure xwynhje pumunh mex kaxyw me ate ixto hwyr a me ajare na pre a inhma me ajarenh ane pa kuma ne me anhy ha ixkinh tyx kumrex,Apinayé
14211,— ite ba juy esubamupayaat korosa be ce'u am — io'e ip ya'oberen paiyu kukukayu deus eju kawenwenap'a wiwi'ukayu dak o'jewawa ip imen o'e ip jesus co buje — ite ba juy esubamupayaat korosa be ce'u am — io'e ip ya'oberen — eyju ma juy epejat — io'e pilatos cebe ip — eyju ma juy epesubamupaya korosa be — io'e — oxe bit cug gu wuywebe yaoka am oxe ikereat o'jukuk gu- -pug em tak ka'uma — io'e,Mundurukú
2194,xesosi imarotari kakiti akixinire xiniakiti ininia ia atoko itxa: —hite uakatari ninoa karireia auakani maerekani apiata ininia “ikara atoko inapeekana ninoani” hitxa konapitini nota sapiretai hite himaerekani himatakanapakanisaaki hipinako ninoa atokokana hinaakako —itxa xesosi,Apurinã
7141,aherembirekokwerava'ea remimondoa igwete jesus'ga apygi upa gajatykahavuhua pype itambere'ia ryru'ia pyri he'yjuhuve'ga ga gwepia ga inogame itambere'ia tupana'ga pe hyru'ia pype imbateheteve'ga he'yi inogi ipype novia,Kagwahiva
8880,jesus ty a pir my tope jo in ta ni jesus mynh fag tog pryg kar ki jerusalem ra mu ti fag ty festa ty pascoa venh mu je fag jykre ha ve jesus ty  anos han ky tog fag mre ti mu ge fag ty festa en venh mun ky jerusalem ra festa ty tu ken ky fag tog vynvyn ke mu ha ra jesus tog jerusalem ta ni ni ha ra fag tog ki kagtig nyti ti ty jerusalem ta ni en ki ky fag tog: “ti hyn u ty eg mre kamu mu fag mre vyr eg jo” he mu ky fag tog kura pir ki mu mu fag jama ra vynvyn ke ky fag ty ajag mre ke fag ta junjun ky fag tog ti javanh mu ajag to ha kar fag kami,Kaigáng
8391,ka to comparacao “eg ty ka kane ko ha kran ky ti kane vy ko ha ni eg ty ka kane ko vanh kran ky ti kane vy ko koreg ni ge eg ty ti kane ve ky eg tog: “un kane ko vanh ja ve” henh ke mu ge ti nigti eg jykre ti un jykre ha tog ha ni un jykre koreg tog koreg ni ge,Kaigáng
19520,voces tem olhos mas nao veem tem ouvidos mas nao ouvem nao se lembram quando eu parti os cinco paes para os cinco mil quantos cestos cheios de pedacos voces recolheram  doze responderam eles,Portuguese
20066,kamyspirikpowy batu wabyziu iwatahakaze myzubaha bo simysapybyitsa nikaranaha sibo batu metutu tsimaha asaktsa sesus humo batu sispirikpohuk situk tsimyzurukunaha situk tsimyzuruku nahabyizeka ikiahatsa zuba tuzurukunaha iwa tsimaha zeka batu ahamysapy ata hi: — utakta sesus humo kaspirikporeta — my iwa ustsa okeza mysihuahua zeka tsisoho wabymybareta ituk ba zikmydisahanaha wastuhu kytsa: — o katsa sesus tuktsa — mykaranaha simysapybyitsa mykaranaha simyspihikbatanikitsa siharerewabymybaretsa ustsa namy pebyk tsihikiknaha deusbyita hyrikoso zuba siakparawy tsosi mozikuikiknaha asaktsa ispehatsa harere bo batu hy zikaha — aty iwa mozuruku zeka sesus humo ispirikpobyita iwatsahi batu ipe: “katsy” ahasopyk ituk ba zik mydisahanaha — my,Rikbaktsa
