index,TEXT,LANG
11781,ꞌwyriara ꞌga nane nipo akuꞌiramu wemiayuw esage ꞌga ree nu ꞌga porowyky resag ire nipo ꞌga ꞌga myina okaraema are ojejuka maꞌeramu,Kayabí
2039,kakiti iuaa auakani tsorikaata kotxi itikarina xesosi makananitinina amianatakani kakiti masakireti sakirauatapeka kakiti matipokotakati tipokotapeka mosiareti kosiarepeka itxapeka ikinimane txari: —peerekari teoso isaeo auakani teosone —itxana,Apurinã
24770,timoteo masqui canancunalla watucuniqui shamuyta pinsayalpis cayta isquirbiyamuc manala chamupti tayta diospa wasinchu chalapacucunaca imanuypa cawsanapapis yachanayquipami aw-ari tayta diospa wasinmi canchic jinaman rasun allin willacuycapa simintunmi wasip paradirunmi sichush cay shamuna muyuncunachu mana chamul'a apachicayamu cay cartacta tayta diosninchicpa nunancunacta imanuypa caminaycunayquipapis,Urubu-Kaapor
13173,tikmu'un te 'axop mug nuy 'axop moga' gohet yog xexka xop tu' 'apu 'akuxa nog hok 'apu hampe'apaxe hok hu: “'ate putep xuktux putup” kaxiy pa 'amhok 'amog putup gohet yog xexka tu' ha topa te xa ham'aktux'ax hom putup xayiy ham'aktux ya 'og ham'aktux 'ohnag pa ya topa koxuk mun yog,Maxakalí
5992,haꞌe rami ae avi nhaneapeku mbaꞌeta nhanderete regua kyriꞌi vaꞌeri onhemboyvate reia rupi ꞌra ijayvu petei tata ravijukueꞌi kaꞌaguy tuvixa vaꞌe omoendypaa rami avi mbaꞌeta nhaneapeku voi tata ramigua haꞌe nhanderete regua ikuai vaꞌe mbyte py oi opa maragua teko vai rexa ukaara nhanemboeko kyꞌapa ꞌra tata ogueꞌy vaꞌe omoendy rire oapy avi ꞌra jaikoa haꞌe javi,Guarani
4512,— aha putar imukatu pa ihe nehe kury iꞌi zezuz izupe,Guajajara
14143,gebuje ade iwataxipipiayu o'tujowat ip uk'a ukpibubu dag iboce iwataxipipiayu o'jomog ip jexexecap pe jedipidup ceje dak jebureyu iwataxipipiayu o'jomog ip pedro kapap pe iwataxipipiayu o'jomog ip pedro ekabicuk pe imu'ada am,Mundurukú
10413,jyje habu obiti rare tai tahe riixawididyynykemy rohotinyre kia omo‑o rarybeolere tuu,Karajá
2459,ninoa atokirini kitxakapirika koerekareri uai kreta pokomiriiti auakarini txari: “kreta auakani atipirika misirienetari kakiti maerekati kamakani itxauana kaneenamari itopa auakari atoko ikamana iarinouatana paixonina” itxa iua,Apurinã
17578,xaotyakiyaho iniyalahare xoaha xoare wehenaite xaotyakiyaho ala nikare hoka iniyalahare maiha nikare xini xaotyakiyaho atyo awaiyekehalakatya nomani iniyalahare akiti hiyaiya xaotyakiyaho atyo nexa: “awa atyo hatya xiyehare himaiyase hoka haokene homana” nexa hoka ikoiya awa hatyo hoka maisaiya waiyekehalakita nomani hatyo akiti,Parecis
26913,metindjwynh karo kute o me jao bama jakam ba arym kute ijanor djwynh'yr idjabirma kam ne gar aje ima “jam dja ga te” anhyr ket be mykam bir ba ije ar ama idjabir jarenh gar akapri raxkam ne gar aje ikukjer ket,kayapó
11484,ojewyr are janejararete ꞌga jane muꞌjau aꞌeramu ꞌa jane ikwaapa ꞌga jewyawa rupi ꞌga rerowiaaramu jane jarewau jarejeupia ꞌga rowosou amanu maꞌefera ꞌga naꞌne awau ꞌga rowosou aꞌere imanueꞌemamu jane jarewau ꞌga repejana ꞌga rowosou aipo ꞌara rupi jejui ꞌga ruri ojypa wafukaita wemiayuwamu jane upe ywagipewara ꞌga ꞌwyriara ꞌga nane futat nipo wafukaita nu aꞌere nipo ꞌga jumiꞌaranuu pyi ꞌga nupe aꞌeramu nipo jane kristu ꞌga rerowiaaramu jarewau jarejeupia ꞌga rowosou amanu maꞌefera ꞌga naꞌne ꞌga imonou imowywya ywy awi ywy awi amuꞌe re ꞌga awau ojeupia kristu ꞌga repejana,Kayabí
9418,iporiahu vaꞌe-pe eremeꞌese ramo ae emeꞌe nhemi ixupe tojekwaa eꞌy ne remimeꞌe toikwaa eꞌy jepe nde po asu vaꞌe nde po akatua vaꞌe rembiapo toikwaa eꞌy nde reko iru kwery ne remimeꞌe upeixa nde ru yvay pygwa ombohekovia vaꞌera nde-vy omeꞌe-vy ndaipori ixugwi okanhy vaꞌe okanhy vaꞌeragwe jepe ae ojohu joty nhandejary heꞌi hesu,Kaiwá
22317,ihayu'ikoa jesus ne xuaum mbatita pihoponehiko neko pahoe xuaum xoko jesus turixovone jesus koyuhoino xanehiko koeku xuaum hara kixovokoxoa: —‍enepo pihenoe neixoponi xuaum ya meum akoti apeti kuti'ikopo kixonoe neixi xane muya'iti kuteati koeku hi'e kayakae ihunovoti ako kalihuina kuti'ikopoya ne neixopono hoyeno yupihovoti uhe'ekea ipovo ako kalihuina ko'iyeaneye ko'ipovoyea ne'e vo'oku xane unatinoe ko'ipovoyea enepone apetimaka uha koeti ko'iyeovoku unatinoe koekuti ya xokoyoke poehane ovokuke nati ovo,Terena
17005,jesus aiyatelikiheta kahare halitinai hatyaoseta jesus hatyo nalita haikoaheta hoka xane galileia xa haliya hatyaoseta xane kakoha tyairi henose hoka tyoka,Parecis
13576,'atep-tup pu tikmu'un xohi' hok pi' 'ugputuk nuy pa topa te tikmu'un xohix ka'ogaha' pu tu hapxopma max tu tik puxet ka'ogaha pu' hok xip xi' noy ka'ogaha pu yayta max,Maxakalí
4697,tazahuran wanehe uzekaiw maꞌe aꞌe wa uzan oho aꞌe wi taw pe aꞌe wa umumeꞌu maꞌe uzeapo maꞌe kwer oho aꞌe pe har wanupe wa tekwe ikatu ꞌym maꞌe hereko har wamukatu awer imumeꞌu pa wanupe wa,Guajajara
23636,apera ke'ra tohota tee kitire tɨ'ora mɨsa weero nohota weera weema nii pe'tiropɨ were turia wa'kara weema mɨsa o'akɨhɨ masare ma'isere tɨ'ora “diakɨhɨta nii'” niikara niiwɨ ɨsa ɨpɨtɨ ma'igɨ epafra mɨsare tee kitire werekɨ niiwi kɨɨ ɨsare da'ra tamugɨ niimi o'akɨhɨ bese'kɨ cristo yeekahasere mɨsare weregɨ niimi,Tukano
16572,a²­nxe³­te²­nau³­xa²­ ha³­lo²­a²­ ha³­nxeh³­lxi³­khai¹­nxe³­ju³­ta²­ wxa²­sa²­naun¹­sain¹­na²­he³­la²­ ya³­lu²­sain¹­jau³­su²­ wxa²­sa²­naun¹­sain¹­na²­he³­la²­ sai¹­nha²­kxai³­ txain²­txi³­ kain²­ i³­ka³­li³­hi²­ ju³­te²­a²­ nu³­ka³­txi³­sxa³­tu³­ka³­txa²­ a³­nhai¹­tun³­sxa³­ je³­su²­jah³­lai²­na²­ wan³­txa²­ yxo²­i²­sxa³­ yxau²­xai³­ye²­yhain¹­tu³­ka³­txain²­txi³­ kain²­ i³­ka³­li³­hi²­ ya³­sain¹­na²­he³­la²­,Nambikuára
22716,yoko hara kuti'inoke kurikoti ha'a yoko eno ne koyenoti komuxoneyea yeno yane'e koati pohutipone ne pi'ati,Terena
17121,wenakalati naliya atyo maisa xoare maheta kamai kaimare xoaha aokanaita enore werokene atyo aokanakoaitene kalanero mokose atyo exaokanala,Parecis
10068,jiary heka aa jiary rare yy tule jiary rare tyyriti juhuu rare tyyriti konana rare jiary heka juhuludu rare ihewoludu tule jiary rare ibutumy wahe,Karajá
11608,kristu ꞌga rerowiar awi pejepoireꞌem ire pee pejejenosoueꞌem ꞌga rowase pejeo awi aꞌeramu pee ꞌga rerowiaa tameje pejejemogyau ꞌga ree pejejemogypyyg ire pejejeateeꞌemamu futat ꞌga rerowiar awi saꞌa ꞌoga rupaaꞌmywa oypytym ire iꞌareꞌema futat nan tee futat pee kristu ꞌga ree pejejemogypyyg ire pejepoireꞌema futat ꞌga rerowiar awi jejui kristu ꞌga momeꞌu renupa ypy we pee ꞌga rerowiaa “janeruwarete ꞌga werowiaara ꞌga omogy anure ojepyri oo maꞌeramu futat” ꞌea pee erowiaa ꞌga rerowiar ypyrauwe janeruwarete ꞌga pe mogyau ojepyri oo maꞌeramamu futat aꞌeramu ki pee jejui ꞌga rerowiaramu pejepoireꞌema futat ꞌga rerowiar awi ꞌga rerowiar awi opoit maꞌe ꞌga nooi futari ꞌga pyri anure ꞌga ree morogyta esage momeꞌu mokwasiꞌwau kwe pewara ꞌga nupe je nane kristu ꞌga ree morogyta esage mokwasiꞌwara futat kwe pewara ꞌga nupe nu,Kayabí
11519,—peesak te kunumi ꞌga ꞌama je pyri— ꞌjau jejui ꞌga ꞌga nupe —ꞌga ree pejejejuka esageramu je ree we futat pejejuka esage je ree pejejejuka esageramu je muarera ꞌga ree we futat pejejuka esage— ꞌjau jejui ꞌga ꞌga nupe uꞌama —aipo apoara ꞌga esage maꞌeramu jarejuwarete ꞌga upe— ꞌjau jejui ꞌga ꞌga nupe aꞌeramu ꞌga ꞌjau ꞌga nupe nu: —“je jeresage” naꞌjara ꞌga nui esage maꞌeramu jarejuwarete ꞌga upe aꞌere ajuee ojejuka esage maꞌeramu te ae esage maꞌeramu ꞌga upe— ꞌjau jejui ꞌga ꞌga nupe ꞌga muꞌjau esage maꞌe ꞌga nee,Kayabí
16437,nxe³­ka³­tu³­ta¹­ ju¹­nxe²­ yxan¹­nau³­a¹­ ti³­a²­kah³­la²­ se³­be³­te²­ah³­la²­ ta²­ha²­ yxau²­ a²­lo³­na²­ jo³­au²­ah³­la²­ yxau²­ ka²­no¹­a²­ yxau³­ya³­sxa³­ ta³­la²­la²­ka³­lo³­a²­ a³­sa²­ka³­tu¹­sxa³­ an³­sa²­hau³­ko³­ja³­ta¹­hxai²­he¹­la²­,Nambikuára
21407,mio ta e hap toikuap hawyi ti tohatyꞌu raꞌyn topyꞌa pe hawyi toto raꞌyn katu­pono yt toimoꞌe teran i tekareꞌen sok yt hekat i rakaria pe haype,Sateré-Mawé
25407,tawamha sasedoti ipire nori zadawa para ma to zezusi ha dasiwi pawasisi ni da te dasiwi saproni da piratuhu u ta ha zudeza na danhipti'a nho'omo nhisi ama da'mada'a'wa romanu nori nhib'apito uptabi nhimipisudu tawamha iteme da te dasiwi awisi wamha ma to tama haiba nhomri ni zezusi ha piratuhu ma,Xavánte
18719,jesu-ra agathanivini hiki akadika'da'di kaimoni hina ma'onahai jahaki haria avi'onani'ihi ma'onahai jahaki haria avi'onanivini vani fori vihira adani jaboni va'ora avi'onani'avini ada ma'onahai jahaki deua bikarona'iki deus va'ora nofiki adani judeus kaija'ari vihiriki kidija'ari vihira kaimoni ni-okaathiriki ida deua binofiki ova'ahamanihi — va'ora ni'aha ada pedro,Paumarí
17032,simao hatyo atyo pedro nexarexe kaexareheta exahe iximarene andre tiago joao filipe exahe bartolomeu mateus tome alfeu ityani tiago exahe simao zelote nexarexe  ityani judas  iscariotes eko xoaha  atyo matawatyatiye tyaohena,Parecis
19590,pois quem quiser salvar a sua vida a perdera mas quem perder a vida por minha causa a encontrara,Portuguese
7649,po nhande imohemi nhanderekote'varuhua imombe'gwovo tupana'ga pe a'ero po ga imombori nhanderekote'varuhua nhande hugwi a'ereki gwembi'ea rupi ga oko jipi o'erame tamombo ti ga hugwi javo a'ero ga imombori tuhe a'ereki ga heaporogita pyry ga nhande mboheaporogita pyry no ihyva nhanderekote'varuhua nhande hugwi,Kagwahiva
16781,i³­ye³­kxi²­si¹­te³­nah¹­lxi¹­: — tu¹­txi³­nau³­xa²­ yxo²­ha³­kxa¹­ i³­ye³­kxi¹­nxain¹­tu¹­xi¹­ nxain¹­te³­nah¹­lxi¹­: “wxai²­na²­ sa²­kxai³­lu²­ wi¹­lhin¹­khaixsi¹­ni¹­nxi¹­” nxe³­nxain¹­jau³­su²­ i³­ye³­kxi¹­nxain¹­tu¹­xi¹­ kxan³­nau³­a¹­ wxa²­we³­sa²­ a³­li³­lah¹­tu¹­xi¹­ nxe³­te²­a²­ wi¹­lhin¹­nun³­tu¹­xi¹­,Nambikuára
18812,atalia adamininia avikharafoni'aha kanava kakarahoa vaki'dama'aha ai vakihi'aha antioquia da siria avakajoi'aha hari antioquia da siria vania kama'da'ia ida vakadiadahai vaadahana viahania jesus cristo kaija'aria vakanikhariaki ada deus va'ora akadava'ara kaimoni adani vi'bamiki anokhomi'ihi ida vakadibadani avakajoi'aha,Paumarí
20314,ana tyhi batu tyso iwaha ty ahamysapybyi humo — o ikiahatsa kaokzeka batu ahamysapy — my ana ty hi batu mysopyk botu ahabo iktsaso hawa ahahumo mypokzitsiretsa mywahi ahahumo mypokzitsiretsa tsimaha abaka ahahumo mypokzitsiretsa tsimyhyrikosokdanahaze kino iwa hy ahahumo mypokzitsiretsa,Rikbaktsa
2307,nota patxisatai aparaaanokara iua patxisataiko erekari matamatakotia iuasaaki hite apakapariko erekari matamatakoti,Apurinã
19156,ninguem jamais viu a deus mas o deus unigenito que esta junto do pai o tornou conhecido,Portuguese
11114,ajemuaem ꞌga jane ree aꞌeramu ꞌga waꞌyrarete ꞌga mua janee ꞌga remifutara agawewi ꞌga raꞌyra ꞌga aꞌetea ꞌga ꞌga amut janee aꞌeramu ꞌga waꞌyrarete ꞌga rerowiaaramu jane mogyau wemiayuwamu niapoi agawewi futat ako jane mamaꞌe esagea ꞌga upe ikue aꞌete ako ꞌga ajemuaem jane ree ikue waꞌyra ꞌga jane erowiaramu ꞌga jane mogyau wemiayuwamu aꞌeramu jane ꞌga muorypa ee,Kayabí
1269,hamri nhum hpanha tirtum kaper o wryk xwynhje hoja o pifti kako na pre ra ho axkrunepxi ne hkakor ta hpanha ra axte ho ja kako hamri nhum mehoja te ne myyti kura nhum hkwy ahtyk ne hira hket ne nhum mytwryre ne kanheti ma ho ane ne myyti pyra ne hkwy ahtyk ne hira hket ne harir jakama nhum kamat kam hira mex ket ne ne arigro ha myytija haxwyja hira mex ket ne,Apinayé
16916,nxa²­ha¹­te¹­ jau³­jau¹­xai²­na²­ a²­nu²­a²­nau³­xai²­na²­ ain³­kxain¹­tau³­a²­ o²­lain¹­ta¹­hxai²­he¹­la²­,Nambikuára
1635,kaper a kaga htum kot ja jarenh kot: tirtum koja kaper o wryk xwynh ma ajare ka ajari ne ahpar ma te nhum me kyx pe amy nhum memoj aka hyr ket nea kaper a kaga kama ajarenh kot anhyr jakama e tokyx ajari ne ma ten pikap ahto ane,Apinayé
14000,— ap — io'e ip — ixe gu juy egujemat — io'e ip ya'oberen — barrabas pit egujemat — io'e ip — barrabas kay oceju — io'e ip ya'oberen ixe barrabas jebureyu aokakaxi osunuy ,Mundurukú
23687,yɨ'ɨ o'akɨhɨ wee tamuse me'ra mɨsare bu'egɨ a'tiro weewɨ wi'i nɨ'ko me'rigɨ weero noho mɨsare ayuro bu'e nɨ'kawɨ apera mɨsare bu'e nemora tii wi'ire wee turia mɨhara weero noho weera weema tii wi'ire wee yapa da'reo si'rira ayuro weero ɨa' o'akɨhɨ masare yɨ'rɨo dutigɨ jesu cristore kuukɨ niiwi kɨɨ ni'kɨta masare yɨ'rɨogɨ niimi yɨ'ɨ mɨsare tee kitire bu'e nɨ'kawɨ nee api o'akɨhɨ toho kuu nɨ'ka'ke jesu cristo yee kitire dɨka yuu masitisami,Tukano
12404,miari teepirema tipo aweꞌmiꞌsaꞌkaꞌpi miikiri ennaꞌpoꞌpi oꞌnon pata tinenupaꞌsan wani manniꞌ pata moropai inkamoro tinenupaꞌsan eporiꞌpiiya toꞌ wetun tanne maasa pra inkamoro esewankonoꞌmasaꞌ waniꞌpi marari pra,Macushi
25824,tawamha apito mreme te te wapari za'ra parimha robzabui'wa nori ha te oto ai'aba're bere u tawamha badadi na si'aba'rei re ma to wasi ha 'mada'a za'ra to o ha tirob ama re te te i'mada'a za'ra ha te isowa timori za'ra tawamha ma to oto mazaza 'watebremi isamrazem nho'omoi baba te oto za wasi ha tawamha aiba nori ha wasi te te 'mada'a za'ra wamha toi uptabi za'ra di taha wa te 're to za'ra,Xavánte
9255,ha hesu ae katu ndojapoiry inheꞌe heꞌi joty ixupe: —tereho katu nde satanas heꞌi joty ixupe —koꞌa-rami ae oi nhandejary kwatia nheꞌe heꞌi ave ixupe hesu: —“pemombaꞌegwasu katu tupa pende jary-pe ixupe anho mante pehendu pemboete-vy” heꞌi anhay ruvixa-pe onheꞌe mbojevy-vy,Kaiwá
5411,haꞌe ramo haꞌe kuery ikuaia py huvixa pilatos oe ijayvu agua haꞌe vy aipoeꞌi: — mbaꞌekue py tu peru kovaꞌe ava,Guarani
1996,hamri nhum me go jakax a par janhor tyx ne kama hikukrex piita hkaga hpa ne ma jejus kot pa ho pa,Apinayé
18023,pedro okhajakosina vani cornelioa binamaakariha pedro-ra ka'ivaniti'aha vakadihojai ida deus viaha kajo'atharari oniani ida pedro viaha nakajo'athararina hija,Paumarí
8641,ky  tog je mu ema tug ja ki ag kygpeg ti ti ag jyven tog jegti ky tog: “a kype je sog ke mu a ty a jykre koreg tovanh ky tope ty a ty ti vi mranh ty a my venh pate fon je” he tog mu sir venh kar my ky ag tog ti to kamu kan mu sir ga ty judeia ta cidade ty jerusalem ta ke ge ky tog ag kygpeg mu sir goj ty jordao ki ag ty: “tope vi mranh sog nigti tag han ky” hen ky   kur tog cavalo pani sor kyki ty ha ni nen u far ty tog vesogfin ja han ti ge opa ha ko ti ti myg mre  ti,Kaigáng
10607,aowesele habu ryimy reare awimy tabyre rimyre tahe rariare kia txu tahe sabado txu rare kia txu tahe judeu aomysydyyna txu aoko rare,Karajá
12204,—yairon piꞌ eseurima etati pena paapa maimu ekaremeꞌnen elias nuriꞌti wani yai konoꞌ rena pra awaniꞌpi seuriwiꞌne konoꞌ arakkita pairi kaisari miriri yeꞌnen kureꞌne iwan waniꞌpi miari israel po moro toꞌ waniꞌpi tuꞌke puꞌkuru wiriꞌsanyamiꞌ inyo isaꞌmantaꞌsan elias pata yaꞌ tiise inkamoro pia elias yarimasaꞌ paapaya pra man toꞌ piikaꞌtitoꞌpeiya iwan pe toꞌ wani tanne maasa pra innape ikupi toꞌya pra awani yeꞌnen tiise tiaron pata pona sidom pata pon sarepta iteseꞌ yarimaꞌpi paapaya wiriꞌ inyo isaꞌmantaꞌpi pia ipiikaꞌtitoꞌpeiya,Macushi
14417,pugpugpug eyju'in eymuymuy'uk ip osodop adeayu etabun cuk adi ikerem eykuk ip ade em cuk adi ipiat o'supi'ajojoat ip eywebe eybu'u gu a'gu epesop eybureyu badipta am eyparara gu juk adi epesop eyaokaap puxim,Mundurukú
18084,a'onira onava'isohivini hiki khai bini'avini ida ovilia-ra karagavini khai va'ora ni'avini kaba'i adani kidi'ovilia avakamadariki khai bini'avini arafiaki ida kidi'ovilia akamadaki bikaraga'iki,Paumarí
188,okerekeremaryko se ma repe zae omi waro pyra exiketomo yrome zae roke awahtao xine okerekeremasaromepyra ma toto morara exiryke zae ehtoh poko roke oexiryko se ritonopo mana,Apalaí
2543,iuasaaki simao apaka auikari ipatxisataaka ininia isari piripi sinimoni kotxi itsorikaata posotiiretxi kakiti mimarotakiniti itikasaaki,Apurinã
12210,jesus yuwaꞌpi toꞌya moro tiise epori toꞌya pra awaniꞌpi ipiꞌ toꞌ eseurimaꞌpi —aaipi pepin kaꞌri —kaiꞌma toꞌ eseurimaꞌpi fariseuyamiꞌ moropai teepiremasanon esanonya timaimukon yenpaꞌkaꞌpi oꞌnon pata jesus koꞌmami epuꞌnen wani ya ekaremeꞌtoꞌpeiya yapisikonpa kaiꞌma,Macushi
20584,ahaokze ka sizoho ty sasabyitsa kino niwatihi wasani my deus bo zuba ana soho ty tsimytsasokonaha ustsa kytsa bo ba ziktsasonaha asaktsa batu paikpa mytsaty zikaha iwatsahi sakuretsa mopykyryknaha asahi amy ty tisapyrena mykaranahaze batu tyso: — ana kino tisapyrena yhyja — iwa batu tyso iwaze asaktsa sakuretsa hy hawa batu isapy mytsaty mykaranaha zeka awatutaha,Rikbaktsa
22963,—‍yoko enepone pahoenonu jesus indukea yaneko koutata'ixinovonuku xenekuke enomone induko iti nati agiripa inuxotike ngoyuhoinoa ne ihae ndamasku koanemaka ne ihae njeruzalem yoko'omaka ne ihae uha koeti poke'exa njudeya yane ngoyuhoinoamaka ne po'inuhiko xane akoti itukapu judeu enjokoatihiko konokea ikotivexea isoneuke ne pahunevo yoko kurikopea koane hokopea ituko'oviti yoko itukea unatinoe koekuti kuteati motokeyea itukea ne xane inamapoti kixoku itukeovo ikeneke ituko'oviti,Terena
18794,hari avaabononi avavakaijokaki bana a'oni avaabononi avavaboraborahaki bana jaboni a'oni badania avakabadanija kaimoni nikia avakahojaihi; ni-asohiki ida avakadihojai,Paumarí
12736,iniꞌri taꞌpi toꞌya ipiꞌ: —iꞌ konekaꞌpiiya apiꞌ oꞌnon yeꞌka pe ayenu yepiꞌtiꞌpiiya,Macushi
18643,avanokiki hida a'onira okajoamoravini ava'damani-ra okosokovinia onofiki hida hoariha-ra okajoamoravini-ra avakabanafovini avaabononi avakakajoamorakhamabakhiaja kaimoni nimania hida kodi'ojomo'ihi athini ka'oa hiki hida kodivarani ka'da'dia bivaka'da'diki ada kidihonai abono ka'da'di hiriha ada honai abono ni-bihonariaki ada kidika'da'di ni-athi avikhava abonoa bivaka'da'diki ada athi-ra karonaki,Paumarí
21974,miꞌi hawyi myeꞌym eꞌat hawyi mytuꞌu eꞌat pe toto raꞌyn mana maria yi mata­rena kaipywiat iesui syp hap kape iꞌypyryp te turan at yt ihotꞌok i te turan toto iesui piit pen mohag hy wuat hamo miꞌi hawyi putꞌokꞌe hawyi tehaꞌat kahato iesui syp hap kape miꞌi turan taꞌa­kasa raꞌyn teꞌo­ken­hypꞌok pe raꞌyn toineꞌen,Sateré-Mawé
17356,xaotyakiyaho xekati xoaha xaokaka nohinaeharenae tyotyaki nihatyaka kaomakiterehare hiye ite naimenekotya: hinamahareya xoalinihare tahi iraekakoaha hoka hakakoaiya ahekotyaha tyomahitere tahi hoka haexareha kakoare mokahene hoka mahaiya xalahare jiyahaotitene exahe aexahitita hatyo hinamanae xahekola,Parecis
2098,ikara erotxi kenakopiretakasaaki itxari: —xoaokara nitsotakakiitakitikara iua xesosi txa ipipekariika iuaikana okitikapekaua —itxa,Apurinã
24633,“chayura mana lulawshimal'a lulaynita chincayachinquim ya'ap faburni mana shalcul'a cuntrami cayanqui,Urubu-Kaapor
13190,'a' tak tek-tok pit ham'aktux yummug'ah xix' tut te' yummug'ah ha yeyox mog 'uyay tak mutik mog xix' tut mutik mog tu ta' mog tu moktu komen nayane tu' moxaha' tu nom pu' yipkox pip ha' mug tut te hampe'paxex tu' xutigaha',Maxakalí
16404,yxan¹­ta¹­ je³­su²­jah³­la²­ wan³­txi³­kxai³­lu¹­ i³­wa²­lu³­xain¹­te²­an¹­jau³­kxai³­lu¹­: — nxe²­nxa³­i¹­ a²­wi³­nai²­la³­ ta³­nxa²­ a²­ha³­ka³­nai²­la³­ ta³­nxa²­ a²­we³­sai²­la³­ ta³­nxa²­ hai³­txi³­ ko³­nxe³­ti³­ kai³­ai¹­nha²­kxai³­ ye³­han³­si¹­hain¹­ju³­ta³­la³­ yu²­nxa³­i¹­ yxan¹­ta¹­ txa²­wa¹­su³­na²­ si³­yxau³­tau³­a¹­ nu³­kxun³­khaixju³­ta²­ ye³­we²­txi²­tu¹­wi¹­ nxe³­kxai²­nan²­tu³­ su³­na²­ nu³­kxun³­ju³­tai²­nan²­tu³­ a²­nu²­a²­ yxo²­ha³­kxa¹­ i²­ain¹­tu¹­wi¹­ ja¹­nxe³­te³­lhxa³­ kxa³­nau³­ai³­ta²­ jah¹­la²­ ye³­han³­sxa³­ a³­li³­la¹­nha²­he³­li¹­,Nambikuára
649,seromaroro jezu tuisamehxo tyrise ritonopo a ritonopo maro mana pake ritonopo toturuse eya “juzenu ekaroko ase oya” tykase ritonopo mame tuzenu tokarose jezu a rahkene morara exiryke senohne eneko matose omirykoae ritonopo omiry etako matose,Apalaí
26023,—‍benjadjwyr me'o 'exnhija tin ne ar bari ne mema kum “dja ba ty nhym ija akatin akatin akati ba kam akubyn itin” ane tam ne bar ma:ro iba,kayapó
22049,yane vaukone ne komititi hara koe yuho vaukea: —‍jesus amoripono ndavi yokoseananu —‍koene,Terena
26997,nam me kute kukradja tum kutewaja o bao kure'ukma ne mojdje mry kamroo me kami myjja tyk ne kamro bikapinkotbit ne myjjao mex dja nam mojdje mema metindjwynh kaben kukradja kuni'a ujarenh kumrex are metindjwynh kute mekbe myjja pymaja mema arenho djan mema kuni jarenh pan kam mry kamro by mryti jabatanh nyreme mokaak kamro run kam iby ngo run kam pi'o nhikwyr ne kadjat kamrek jakritare jao krax 'apren kam pi'oja mry kamroma adjan kam o me kapreprek metindjwynh kaben kukradja'a pi'ok no'okja kumrex ne kamin kam mebengokrejadjwy kami,kayapó
20465,iwa tsimyzurukunaha zeka wasania ty zuba tsimykaranaha hawa wasani tsimykaranaha iwaze kytsa sizubaretsa ahahumo hi deus bo motsasokonaha: — o deus ikia zuba tsamysapyreta ikia zuba wasani tsimykara — maha iwa ahahumo deus bo mosakibazikiknaha,Rikbaktsa
15973,ti mꞌ raky hadoo ta ha: —jaa kyy go mabadꞌoo hahy mabadꞌoo doo jaa ky gabuuj go hahy mamoo wat doo hesꞌeem do jesus hebee bong do hyb nꞌaa hajok do tama meteek do hyb nꞌaa na-aaj he rawen eaanh jesus ha heꞌaanh do sa kyy go ta tii ba hesꞌeem do rabehesꞌeem ti hyb nꞌaa dooh ragenaag ba jesus badꞌoo doo —nak ma sa kyyh ti mꞌ jesus ky hadoo sa ha: —y eaanh be ha enh be herꞌood ba tii ba y baherꞌoot be ha jaa ky gabuuj hahy y moo wat doo hahy y badꞌoo doo —nang mah —jaa ky gabuuj jowaw nu gahemꞌuun do nu gemuun paah hy pong je hawat do kyy go sa ky gabuuj he paah be herꞌood ha yy —nang mah,Nadëb
19630,o ceu e a terra passarao mas as minhas palavras jamais passarao,Portuguese
13422,ha tikmu'un kuxanog tu topa max 'aktux hu: —‍honha yumu'ate hapxopma max xe'egnag penaha' kaxiy,Maxakalí
10172,tiiboho tamy roholarenyreu reysare tahe tamy nieru riwahinykemy riurenanyre tahe judasi riijemyhyre aou aou bedewihiky tamyreny riwahidyynykemy,Karajá
18573,akava'ojomo'ihaki hida deus athi ivani tito ija'ari-ra va'ora ka'ojomo'i bana deua binofikia athi kapapirania hojakia,Paumarí
12952,teserukon koneka toꞌya jesus winikii siriri waranti pemonkonyamiꞌ yenupa tipo jesusya taꞌpi tinenupaꞌsan piꞌ:,Macushi
1068,meho ni kot jejus kra gregrer ta nhum jejus korma kri pe petan kama simaw nhorkwy kama apkur o nhy simawja na pre hka kro xaper tyx o pa nhum jejus ra arigro ho ha akupym hka ho mex hamri ne akupym o kri hwyr poj ne orkwy hwyr te ne kuri apkur o nhy hamri nhum meho nija hpox a omu ne hamaxper o: —ma koja per jejusja pa ha apkati grere hamri ne ty an pa ma hwyr te ne mehkuxwa xa ho hkuxwa ane hamri ne ken jaka ho kax kam mehkuxwa xaja nhum kumy ne ma hwyr o te hamri ne ho hkra gregrer ne ha hkapir pa ne ho hkuxwa hpa mehkuxwa xa ha kaxpore xohto rax ta nhum a ha hkapir par ane,Apinayé
20485,homa ezektsa kino niwatihi zikikinaha harakykbyi kasukpetara baze hwi ty zikikinaha asaktsa siakyriukrenikitsa harahare ezektsa ty zikarawowokonaha zikbeze tsihikiknaha iwa nikaranaha harakykbyi buburu zuba buruk ikukuruze tsaraha puetsikbyita niharazuk estubaka buburu zuba buruk unata iknatsutsuku okoroze iwa pihik eze ikapykyryk nimyra bo batu zuk,Rikbaktsa
25059,aiba ha ni'wam nori ha 're ipoto za'ra mono zem hawim hare 're 'ra waihu'u za'ra mono o wa te za ta nori si mro ana 're nomro one hare dure aiba ha ni'wam nori ha da te 're sihari za'ra mono wamha oto 're 'ra waihu'u za'ra mono o wa te za dure ta nori ha mro ana 're nomro dure ni'wam nori ha te za tihaiba ha te te 're sawi pese za'ra 'rawi 're mro za'ra mono to da 're ihaimana u'asi mono nhib'a'uwe si 're nomro mono da ni'wam nori ha ane ha te te 're waihu'u pese za'ra mono wamha te za to ama 're sopre u'asi — ane ma to zezusi ha wama waihu'u za'ra isire 're iwanomro mono nori ma,Xavánte
25915,aha wasu'u na te za asimi'mada'a nori ha ama 're ipo're pu'u za'ra mo te za dure aihaimana predup sina tama 're i'aroti mo 're ihaimana u'asi mono nho'a 're wahaimana za'ra mono nhere tare mari wasu'u na 're sisada'aba za'ra mono to da dasisada'abaze ha we o wa taha zarina 're dahaimana za'ra mono wamha te za dawi 're si'utori dahaimana we ze ha,Xavánte
23260,naa toho nii uuku apoka be'ro sacerdotea wiora apera judeu masa bɨkɨra tiropɨ wa'a naare niikara niiwa: —“ɨsa paulore wehetira nee ba'ati si'riti weerati” nii apo yuuapɨ “ɨsa kɨɨre wehetimira ba'a si'rika maa o'akɨhɨ ɨsare bu'iri da'regɨsami” niiapɨ,Tukano
25374,paru ha 're ihaimana u'asi mono ama iwataze wasu'u 're ihaimana u'asi mono ama si wa za 're wawata u'asi za'ra taha ma si tama waihu'u pese di te te 're iwa'apawapto mono zeb da ha zezu cristuhu wasu'uwe ha wa te 're isaze za'ra mono ze ha wa te 're reme za'ra mono ana wanhiptete u'asi ama 're iwanomro mono zeb da ha taha wasu'uwe ha wa to te dama 're wasu'u u'asi dureiha iwasu'uwe ha 're ihaimana u'asi mono te te dama 're awaihu'u mono o di iwasu'uwe ha dama sa'rese ana ma to are 're danomro tane nhere ma to 're ihaimana u'asi mono ha iwasu'uwe ha dama waihu'u oto isadawa wasu'u 'rata 'wa nori nhimi'ui'ere hawimha taha wa te oto isimiwada'urizeb zarina si da te 're waihu'u za'ra daro mono ba da te ama 're isazei pese za'ra mono zeb da ha dure da te 're iwapari pese za'ra mono zeb da ha oto,Xavánte
4440,aze peixe tapuz me nehe — tuwe tupan ikatu haw xe pepyr hekon nehe peze tapuz izar wanupe nehe,Guajajara
5175,haꞌe rami ra aipoeꞌi omombeꞌu eꞌy agua avave rei pe,Guarani
16376,nxa²­ha¹­te¹­ in³­txai²­li²­ a³­li³­te³­lhxa³­ nxna³­na¹­ ai¹­nhi¹­na¹­ pe²­jah³­lai²­na²­ sa²­kxai³­lu²­ i³­ye³­kxi²­te³­nah¹­lxi¹­: — je³­su²­jah³­la²­ txa²­hxi²­kan¹­jah¹­lai³­ ti¹­ai²­li²­ ha³­lo²­a²­ wi¹­khaixsi¹­na¹­nhai¹­ nxe³­si¹­nha²­kxai³­ sxi²­ha²­ nen³­nha¹­li¹­ ka³­na³­ki²­ txo³­na¹­tu¹­wi¹­ wxa²­sxi²­ha²­ txo³­ni²­ moi³­se²­ah³­la²­ sxi²­ha²­ txo³­ni²­ e³­li²­ah³­la²­ sxi²­ha²­ txo³­ni²­ nxe³­nxa²­lxa¹­tu¹­wi¹­ nxe³­jau³­su²­ pe²­jah³­lai²­na²­ a²­yxo²­e³­jau³­su²­ kxan²­ti³­ a²­si³­yxau³­tau³­khai³­xa²­ a³­ne³­to³­ta¹­hxai²­nxa³­he¹­la²­,Nambikuára
1078,meo patrawjaja kot tanhma kam me apenh xwynhje ne me ape me o patrawjaja ker ka me ama me apenh xwynhje ho mex ne me apenh a me kam axakjer o ri apa hket ne tam me hipex kaxkwa kama me panho pahi maatija maanen kep me o pahi maati jakama a me hipex mex anhyr o apa tam na kam me pahpiita me pajape ho axpen pyrak e ker ka me a me hipex anhyr o ri apa,Apinayé
10675,kaiboho mohotinybenyke timybo tii aonityhymy raremyhydi abrao inytybyreny tamy diwahinyde: debowio aomydyyna‑ribi sohoji tamy riore iolo taoludu aobina aobina aomydyyna‑ribi tamy riore,Karajá
3814,idanara kuradorampa ani aepanaguely xinaram kulela jesus waga aguenriem deus induakeyby xina jesus aga xina nawinduada nadakui warama deus kuraem nhetombygueduo awylygue iwera kuraem awyly xina nhutuly,Bakairi
17274,hiyaiya natyo silas timoteo xoaha wiyakaita xihiye enore ityani jesus cristo tahi hoka maisa atyo haxowakita “ha” nere exahe “maiha” nere xini xakore hoka hatyo atyo enore “ha” niterehare,Parecis
582,jezu osenepotopopyry ropa makomo a moromeipo tosenepose ropa jezu typoetory tomo a ikuhpo ehpio tiperiati ehpio ynara kynexine toto moroto,Apalaí
25696,wa nori ha 'rawi wape'e 're wa to wa te wasina 're waihu'u pese za'ra 're ihaimana u'asi mono 'ra oto 're iwahaimana za'ra mono na dure ipe'ezani ha te te wama 're i'awaihu'u mono zeb zarina zama wa to 'rawi wa te wasina 're waihu'u za'ra i'ra oto 're iwahaimana za'ra mono na,Xavánte
15227,tagadeeg ub takasꞌee kan ha yy y ajan sꞌoo hadoo do ha,Nadëb
23176,mari masi' moise kɨɨ duti'kere espirito santo me'ra o'akɨhɨta kuukɨ niiwi toho weero ayuse di'akɨ nii' mari pe'e ya'ara nii tihara ya'ase maripɨre niise doka nii',Tukano
22854,enomone ngixinopinoe ko'oyene: kiriki veo'u ra hoyenohiko sikeanehiko vo'oku enepo itukapu isoneuke xane ukea ne yuho koane ituke uke'e koetimakamo itea enepo itukapu ukeati xoko ituko'oviti akonoemo itea yuke'exi neixapunoe mara'inamo itukapu ituko'oviti yokopo —‍kixovokoxoane yane heu koe inixea unatiyea neko yuho ngamaliye,Terena
14928,imeneju ceweju etaybitbinayu oitabun cekay — deus a'obacaap kug teku — io'e ip jesus idibi o'timuwexat uva'abidim jesus koam wuywebe i'e ba'oreat o'gubapuk cana ka beayu etabutpe galileia eipi be on deus a'obacaap kug iap o'gubapuk adeayu be,Mundurukú
9012,pende rexakwaa rei vaꞌekwe nhandejary pende poravo-vy pende poravo vaꞌekwe pejerovia-ma hagwa cristo-rehe oipota ave cristo-rehe ha-py pejerereko asy peiko-vy,Kaiwá
13698,puya yumug tak topa xa hammaxna' xix akuxa ka' xix 'akuxa mamma' puyak-tok yeyox kunnix mutik xa hammaxna' xi mo'ayay xe'egnag hamyok miy tu',Maxakalí
3761,aika aika wara myani apaunzedylymo deus itaumbyry waga tala myani paulo barnabe wara eynynonro tala lapyla myani judeu domodo ewy jesus einwantanry,Bakairi
7053,igwete jesus'ga ei ga pe: —‍a'itituheva'ea ti ji ei nde ve: kirogwe ypytunimo inamutiga nhi'iga renonde po ti nde ei ji ve nehe: “ji ndakwahavi jesus'ga” tres po ti nde ea'jaa'javi ji ve nehe kire po ti mokoi inhi'iga'javi inamutiga nehe ei jesus'ga ga pe igwete pedro'ga nhi'igahyi ga pe: —‍po ti ga ji jukai nde reheve a'ero po ti ji nda'ei tuhe te a'ea nde ve nehe ei ga a'ea jitehe jara'ga ei jesus'ga pe no,Kagwahiva
21287,uiwy­riaꞌin waku aipe­rupꞌi poꞌog poꞌog watoi­neꞌen iesui ekatup haype miitꞌin aimo­weu­kaꞌi pytkai aikota aikopiat aimikoi wahe­katup hepamo hap ewy saꞌa­wyꞌi watikoi hawyi iꞌaman hap wahe­katup imoetyt hamo miꞌi hawyi wahe­katup i iꞌaman tuereto hap imotag hamo perupꞌi popuo wahe­katup haat hap kape imoꞌa­puhup hamuat kape miꞌi hap ewy waku wahe­katup iesui ut hap,Sateré-Mawé
852,iirypyry rumekatoh toraximase ya repe yrome imehno poko toehtoh rumekary se hkopyra mana,Apalaí
7718,—‍tiruahu ti pe me a'ereki pe peapo katu tehe tapyja aheryvya rehe tupana'ga nhi'iga mombe'uharava'ea ryvya rehe ymyahu penamonhava'ea tupana'ga nhi'iga mombe'uharava'ea jukai pehe peapo katu aheryvya jukwaha reki ahemanoa pyryvamo pe me a'ereki pe napehendukatui imombe'uharava'ea nhi'iga no ei jesus'ga —‍nura ymyahu tupana'ga reaporogitaro ga e'i: “amondouka po ti ji ga pyri nhinhi'iga mombe'uhara'ga nhimoiruhara'ga ndeheve nehe jara'ga po ti ga ga jukai nehe nhinhi'iga mombe'uhara'ga nhimoiruhara'ga ndeheve nehe jara'ga po ti ga ga monhani okote'varuhuavo ga pe nhinhi'iga mombe'uhara'ga pe nhimoiruhara'ga pe nehe no ogwovo ga ndeviri nehe” ei tupana'ga ymyahu ei jesus'ga,Kagwahiva
840,mame imehno atatapoiry poko etako matose ameke hkopyra amekehxo roropa yrome etatoko pahne toretyke pyra ehtoko sero nono enahkary poko oty kara ehtoko ynara exiko mana atatapoiko seropoko mana yrome sero nono onenahkapopyra ro ritonopo mana toiro patapoko ma imepy pata pona ytoko morotoko etapase tuisa konoto poetory to ma ytoko imepy tuisa poetory etapase roropa mame tomirykoke tuhke orihnoko ma toto tynahke pyra toexirykoke nono kywyhkywyh ako mana tuhke pata tamuru punero,Apalaí
20012,nawa harakykbyi niytyk tseheze serusarehe bo ikparak peduru bo ikumu ituk ikapykyrykspyk mytsyhyrytsa wa ikuruze iwaze damasko bo iksizo,Rikbaktsa
23520,be'ro ba'paritira surara jesure paa bi'pe'kara kɨɨ yee su'tire see neewa see nee naa nɨkɨ dɨka waawa kɨɨ yaa su'tiro dokakaharo dero a'me sɨ'oya mariwɨ,Tukano
15440,ti mꞌ rabeaaj kan jesus ha: —ji genyyh ba ka enh dejep do paa ji —nak mah —ny hadoo do yym ka ta ti yynh ti noo go ka sahonh he paa ta ti ta patꞌuuk —nak ma sa kyyh,Nadëb
3405,adara kepamo lagala akeala jesus aguely awyly tutuze tawylymogue,Bakairi
6075,leeditibige meliodi me jawikode joaniɡidaa leeɡodi eliodi me joɡowikomata nigepaa enotiloco niɡida niciagi,Kadiwéu
8981,ky ag tog meg mu sir jesus vi ti tope tu ki rir ti to paꞌi ag vy meg mu fariseu ag ke ge me ky ag tog vaha to jykren mu sir “eg ha to tog uva ki rir ti koreg ag to comparacao tag han ja ni” he ag tog mu sir ki kanhran ky,Kaigáng
91,aorihtya esemakaponeme ropa ma papa kapuaono isaaro ase aorihtya esemakaponeme ropa ase,Apalaí
4780,uzeꞌeg zezuz izupe — awara uker oho ywykwar pupe aꞌe wa wiramiri uker oho waity pe aꞌe wa no ihe awa taꞌyr ihe naheta kwaw heker haw ihewe ihe naheta kwaw tapuz hepytuꞌu haw ihewe ihe iꞌi izupe,Guajajara
6476,aɡica daɡa leegi jesus jaɡaɡa eniditediogi modiotibece odaa jiɡidiaaɡoyaladi niɡijo eniodi maditaɡa liwatece ijaaɡijoa liimetedipi odaa joɡodiotibece jesus,Kadiwéu
18622,ija'ari kanahinariki-ra ikajoamoravini kamahini ahojaia ino'a bana mahija ija'ari hoariha ino'avini biogaravini ni-kadava'ahi ni-kadaija'ari igorani maakarinia hojakia biogavini jahaki hari'a avaabononi vavaboraboraha hari'a avakadibadani jahakia vahoariha-ra va'ora vananamitha avakadiabi'ia binokiki ida ahojaia kanahinariki-ra ikajoamoravini ovaria binaabosiki bana ida kadabadani jahaki kidinahina jahakia,Paumarí
3754,aituo ise amyguelymo: “agala ani xina awinduadyly adakuily wara xina ijidadaryda ani maenomedadyly” myguelymo ise,Bakairi
15855,ti mꞌ raky hadoo: —dooh er asꞌeed ba hahyyh hamah masuuj er moo bong er bahapah hyb nꞌaa jaa we tabaym —nak ma sa kyyh ti tawen hadoo pꞌop haga do kyy kerih do kameteeh hyb nꞌaa hahyy da takerih ta ti ky nꞌaa: “rabetyn hom sa ha he saror yy masuuj ramoo bong saror y hyb nꞌaa” saaw- tii da ne he warahen ramoo boo kan,Nadëb
1432,nhum ra kep kwat ne o xijere kama memojja kapi jakama nhum ra hpanha hoja o xijere o te ne goj rum mrymnuti kot me ho amnhiptar xa ha hkri xa ha hkapir pa jakama nhum ra kot me ho amnhiptar xa ha pikaja kama kamat ko htyk par kumrex hamri nhum mrymnuti me hkot me kot amnhi nhipex xwynhje ha kamat ko hpa nhum me amnhi xa htyx a maj amnhi nham o axpen kamnhar tyx kumrex ne a tirtum kot me hipex anhyr a amnhi ta omu ne kama gryk tyx ne tanhma ho kaper punuj to ho pa no am kot amnhi tomnuj xwynh a amnhi pumunh ne kot amnhi tomnuj kaga hket ne,Apinayé
11816,aꞌeramu orepytuna ꞌga amu awau esaka ko nu aꞌere ꞌga miamu nuesagi ꞌga raꞌe “aꞌjea futat raꞌe” ꞌjau ꞌga oree ko— ꞌjau ꞌga ꞌga upe imomeꞌwau,Kayabí
23108,mɨsa “yɨ'ɨ pakɨ tiropɨ wa'agɨ wee'” niika tɨ'o tohapɨ “be'ro yɨ'ɨ mɨsa me'ra niigɨ a'tigɨti taha” niika ke'rare tɨ'oapɨ yɨ'ɨ pakɨ yɨ'ɨ yɨ'rɨoro niimi mɨsa yɨ'ɨre kɨɨ tiropɨ wa'ase kitire tɨ'oapɨ teere tɨ'ora diakɨhɨta eho peora purika e'kati booapa,Tukano
3576,pabai koenda yeinwantaynrim modo kaendyse awyly ynynonro modo tydapa iedyly ize inkaba maka xypyry etay ynynonro modo kuraem kanhetondyze maka aunloenla eaga itomoem,Bakairi
4264,tupan zaneru uzapo kar maꞌe paw rupi katete izupe aꞌe xo zaneruwihawete zo uzapo maꞌe ywy rehe har aꞌe wa uzapo maꞌe ywak rehe har aꞌe wa no ni amo ae teko nuzapo kwaw maꞌe izypy mehe aꞌe wa aze mo zaneruwihawete nuzapo iwer ywy aꞌe mehe mo naheta iwer mo ywy,Guajajara
5982,haꞌe ramo jesus aipoeꞌi: — amboae henda katy jaa kii raiꞌi tekoa ikuai vaꞌe haꞌe javi rupi haꞌe py voi ayvu amombeꞌu agua mbaꞌeta haꞌe rami agua ae aju — heꞌi,Guarani
22451,ko'inokeneye emo'u motovati kousokea neko yuho yanekoyoke enepone koeti: “pai ako apahuina evoem yane penenu kutipeonu” koeti,Terena
6159,noɡone noove lakata joniɡigotace niɡica ane lotokaɡadi ɡoneleegiwadi anodoletibige libakedi naɡa nadi icoa ɡoneleegiwadi ane diɡica libakedi odaa meetiogi ‘emiitiwaji abaa midiwa yawodigijedi uuva odaa ɡadedianitiwaji ɡadoojedi ane iɡenaɡa’ odaa jiɡigotibeci,Kadiwéu
11084,—maran te pekwaap wyra jara ꞌga amu seg karupaꞌmi wereko poje karupaꞌmia mu awau okaꞌjama ꞌga wi maꞌja sipo ijara ꞌga wapo wejat futat ꞌga weymawa ju me juowa ꞌwawamu aꞌeramu ꞌga awau okaꞌjam maꞌe rekaa akou,Kayabí
26867,jeju ne me kute katat amijo ba'a mema karon mema are godja gwaj kaben mar ket ne kot amijo baba ket jabej ne mema kum “ba ije amim jeju mar” anhyr jabej ne kam bajex ne bakaben katat ket,kayapó
15003,ti mꞌ paw-ro bahom panang buuj ma mehetek do sa wahe nꞌaa rakahetꞌaa doo ba naa ta wob raky daheeh taherꞌoot doo ti mꞌ rahadaa hom ma paw-ro sa mahang ti awat ma ma mehetek do sa wahe nꞌaa seeh dijonis had nang doo sa mahang ti awat ma na-aaj he yynh damaris had nang doo ta wob na-aaj he,Nadëb
150,peturu ehtopopyry koseriu epataka  maro morarame peturu to otururuhtao imoihmako maro ritonopo maro oturuketo tooehse eya xine ritonopo tapyi ese maro satuseu to roropa enara satuseu tomo ahno esemamyry ropa warokokara kynexine peturu to tyenonohse eya xine imoihmako amoreparyke eya xine “jezu tosemase ropa mana toorihxipo” karyke eya xine morarame peturu to tapoise toto a apuruhpyry taka tarose eya xine moro tao toto emehtohme tykohmase exiryke mame peturu to otururu totase tyya xine exiryke jezu tonetupuhse imoihmakomo a tosekome tuhke jezu poetoryme toehse toto me,Apalaí
17687,— koxaka noxakaini xihiye hoka maisa xityakekota xoare maheta noxakaihitiya xihiye xaowita xoana xisaona xaokowita tehitiya exaotyakira xema nexa ekoaxatya enomanaha,Parecis
15133,tii ba da pꞌaa henh be mahang y bawat ba takꞌep kristo jesus we be hꞌyy gadajang da hep y nꞌaa,Nadëb
14152,jerusalem ka kay cucum pima jesus jeweju etaybitbinayu jewekay o'tomuwa adeayu parakpewi o'jekawen cebe ip,Mundurukú
24229,chay malcachu cananea cashta walmim cay cananea cashtacunaca suma chinisham israelcunapa cala jesusta atila ayaycachashtin: “¡davidpa cashtan taytay salbacuni ¡llaquipaycallamay-ari wamlallatam satanash ganalul suma-suma nacayachillan ¡sanaycachipallamay-ari” nishtin,Urubu-Kaapor
12564,—miikiri moises manniꞌ innape ikupi toꞌya pra awaniꞌpi taꞌpi toꞌya ipiꞌ: “anna yepotori pe kaiꞌma awani anna yepotori pe akupi annaya pra man tiwin kin” taꞌpi toꞌya ipiꞌ tiise paapaya ikuꞌsaꞌ waniꞌpi toꞌ piikaꞌtitoꞌpeiya kaiꞌma manniꞌ miꞌni yeꞌ taransen yawon esenpoꞌpi winipai paapaya taasaꞌ epuꞌtiꞌpiiya,Macushi
2225,hiposotari ikinipoko hinireekiti hikamini kotxi teoso sikakai hite iuaritika kona hinirekapiri maerekati hikamini teoso nitiriakori hitxaua ininia iua paniatakitinoka hikamako,Apurinã
3487,aituo myani doze lela jesus tunary egaturin-em induakeyby modo idanara jesus einwanni modo indatyguylymo atadyguyduomo myani eyanmo aguelymo: — deus itaumbyry egatuly xina ewanu koenda inkaba jesus waga adakely xina inmoly pypa modoram pyni tiempadoem kula,Bakairi
1301,krisja aa kot tanhma amnhi tomnuj to hket kumrex ta nhum pre tirtumja te me kot amnhi tomnuj tyx kumrex xwynh pyrak o hipex ta memo kaxyw na pre a hipex ane na me pane kena me pahte hkot amnhi xunhwyr nhum kot me panhipex o te aa me pahte amnhi tomnuj ket kumrex xwynh pyrak o me panhipex kaxyw na pre a me pane krata nhipex ane,Apinayé
17851,xala xamani atyo hahena hoka kabakatyakita atyo hatyoharenae atyo maiha ekahinaetyaketere xini enomanere terota atyo hatyoharenae,Parecis
20653,kiristu ahatuk mynapykyrykyk zeka ihyrikoso pahapehaka iwa ihumo meky watu tsimoziknaha ahamysapybyitsa tu tsikykaranaha anahumo hi tsimyhyrikosokdanaha iwatsatu deus hyrikoso humo myspitu tsimozikzonaha iwa kiristu nikara kiristu mysapyzeky nihyrikosokdaze deus okzeka ahamysapyretsa tsimoziknaha iwatsahi deus hyrikoso humo myspitu tsimozikzonaha deus hi kiristu zihyrizikpowy deus hyrikoso ahatuk mynapykyryk zeka tsimyhyrikosokdanahaze ana humo kino niwatihi mynamyhyrizikpowy sesus kiristu wata iwa my ihyrikoso humo atahi ahatuk mynapykyryk izikwy humo mynury ezytyk mozikzo tsimaha,Rikbaktsa
22486,koati iyuseoti akoyea itukapu anjuhiko huvo'oxopono ne xe'exa ituko'oviti itea itukeovo amosenopono abraum ne huvo'oxoponone,Terena
11673,ꞌyisiga pype ꞌga jesaukaawet anure jejui ꞌga ojesaukaruꞌjapa oree ikue nu ypia remeꞌyꞌwarimu ikue tiperia ꞌjawa remeꞌyꞌwarimu ꞌga ojesaukaruꞌjapa oree ikue nu,Kayabí
19804,por isso esforcemo-nos em promover tudo quanto conduz a paz e a edificacao mutua,Portuguese
24434,allin caycawan mana allinca chaynu jinalculmi yachapacunincunaman licalcul nila: “cushiculcay waccha cacunaca amcunapami diospa gubirnun unanchasha cayan,Urubu-Kaapor
17861,xakore hoka jesus nexa: — hatya ekaokakisa hakahe nohiye hiyaiya nokehexa nohiyeti iyateliti hikoane — nexa,Parecis
24304,ya'anchic allin cananchicpama cayta isquirbichila chaymi aracapis iracta jaluchicapis chasquinanman chalapacul lulayan,Urubu-Kaapor
9779,upe nhandejary rembigwai onheꞌe vaꞌe xe-vy ogwereko oyvyra ramigwa ouro-gwi ijapopyre oipapa hagwa upe teta hoke ave ijerekwe rehegwa ave oipapa hagwa upe teta,Kaiwá
12395,miikiri eraꞌmaꞌpiuya miririya kaware enkaimuꞌnan eraꞌmaꞌpiuya miikiri po tiweꞌsen esatiꞌpi toꞌya saꞌmantantoꞌ kaiꞌma moropai iwenairi tamiꞌnawironkon siriri pata ponkon saꞌmantaꞌsan waniꞌpi inkamoroya merunti yapiꞌsaꞌ arakkita pairon rataikasaꞌ kaisari siriri pata ponkon pemonkonyamiꞌ wiikonpa teepikon yai moropai toꞌ eꞌtiꞌka iwan piꞌ moropai inkamoro eꞌtiꞌka paran piꞌ paran piꞌ neken pepin tiise oꞌmaꞌkonya kaikusiyamiꞌya toꞌ tiꞌka,Macushi
8606,ha ky tog ge ni ha me ti ty fi men ky tog ha ni a kosin men ja tu fi ti ty fi men tu nin ky tog ha kafor ni,Kaigáng
24655,chaychu na ulibus ulupi bajayalcalmi llapa yachapacunincuna suma jatun lulaycunacta lulashanta licashanpi bibashtin alawapacula: “¡cawsachun diospa pudirnin mandacuca ¡cawsachun imaycamapis” nil,Urubu-Kaapor
6955,icoa  miili oko loiigi israel niɡidiaaɡidi naɡa inoletibige odaa ja jinadi cwaatolo aanjotedi dabiditiniwace onidatecibeci idiwa cwaatolo liniocidi iiɡo onolitedini niɡicoa cwaatolo latopaco niocodi digoina iiɡo owotibige me diɡicata niocodi ane yawe niɡina iiɡo oteɡexaaɡaɡa akiidi-eliodi oteɡexaaɡaɡa nialeli,Kadiwéu
15231,ti mꞌ tob yt ha katꞌaa do see tanerꞌoot ma pꞌop haga do ky nꞌaa jawꞌyyk do kerih do bod pꞌop haga do ky nꞌaa rod rerih do bod na-aaj he tanerꞌood wat do jawen paa ba tob sa wahe nꞌaa rabatsꞌyyt paw-ro raherꞌoot hyb nꞌaa rakaren ba hahyy da mꞌ sa kyyh: —aa wakaan —nak mah —tanyy ba be we be herꞌoot pe baba hatꞌoonh do ratsebe hyb nꞌaa be herꞌood —nak mah,Nadëb
21673,miꞌi hawyi — eweterut ariaty uhowawi e woꞌo­pyhik hap yat apykok hat temiit pe miꞌi hawyi meremo teke hawyi toto pauru sira kape hawyi tuwe­py­ꞌa­tutuk tyry­toꞌe popuo,Sateré-Mawé
5234, teigue ju jesus oo yupa katy heta vaꞌe kuery haꞌe javi ou ovaexi agua haꞌe ramo omboꞌe,Guarani
3700,“maseinwambyramo” uguely tala mawanka “paulo eynynonro kura; maka aguely lela kyjidane” kewani modo tala “apolo eynynonro kura; maka aguely lela kyjidane” kewani modo tala lapyla “pedro eynynonro kura; maka aguely lela kyjidane” kewani modo tala “cristo eynynonro kura adaunlo uguondo aguely kula kindataymba ise kura” kewani modo wara,Bakairi
10593,tiiboho ixityre doide jerusale hawa‑o ririranymyhyrenyreu dohodyyna hetowo‑ki bede ywina erydyy mahadu deuxu aomysydyydu wedu mahadu matuari mahadu tamy doide,Karajá
7605,igwete herodesva'ea ga rekarukari cadeia pype novia emo ga ndohepiagi ga a'ero herodesva'ea soldados'ga mbuhurukari ga monhi'iga ma rupi te ga hoi naeru javo ga pe emo ga ndokwahavi reki pedro'ga hoagwera jugwi nura herodesva'ea soldados'ga jukaukari a'ero aere herodesva'ea hoi judeus'ga gwyra hugwi judeia hugwi cidade de cesareia pe ahe hoi opytavo,Kagwahiva
19053,tal testemunho e verdadeiro portanto repreenda-os severamente para que sejam sadios na fe e nao deem atencao a lendas judaicas nem a mandamentos de homens que rejeitam a verdade,Portuguese
4709,nezewe iꞌi tupan zeꞌeg pape rehe imuapyk pyrer — aexak zako hezeupe ihe azamutar katu ihe ezau naꞌikatu kwaw ihewe iꞌi wanupe wazexak kar ꞌym mehe we,Guajajara
8912,isy u ty inh jeneg mu en ty inh my nen to mu en han sor ve ver tog inh my kura ni sy ranhraj je kanhmar tog kuty nynh mu ky u tog ranhraj man ke tu ni iser ke kura en ka” he tog “ver sog ajag mre tig mu ky sog ajag my jengre ri ke ni ver” he tog jesus ti,Kaigáng
8998,ky arquipo my: eg senhor ty a my nen u to mu en han ni to kronh ke tug ni” hemni,Kaigáng
9295,anhaygwasu-pe nhandejary omondo tatagwasu-py ohasa asy hagwa apyreꞌy gwara anhaygwasu ose jevy ara mil roꞌy rire ojapo vai hagwa ose jevy vaꞌera yvykwarusu onhemboty hagwe-gwi ombotavy jevy hagwa entero yvypory kwery opa opa rupigwa kwery-pe hesu reroviaha eꞌy vaꞌe-pe hese ijaꞌeꞌy vaꞌe-pe gogue pygwa kwery-pe magogue mygwa kwery-pe ombotavypa jevy vaꞌera anhaygwasu omboaty ara heta heta vaꞌe yvy kuꞌi-rami etei onhorairo hagwa moꞌa kwarahy rese-gwi kaꞌaru-gwi arapopy popy-gwi omboaty aty ara heru-vy onhorairo hagwa moꞌa,Kaiwá
10696,roirenyre tahe inatxi ijo seriore‑ki jesuisi robire txiau ijoni rare joao ijore tiiboho zebedeu riore roire tiiboho talawo‑ki ronyrenyre ria riywinyrenymy jesuisi tamyreny rarybere: —wahemy bodoike,Karajá
8788,hy u ny hyn tope ty nen to jykren mu ki kanhro niꞌ u ny hyn tope kanhran muꞌ u ty ti kanhran mu venh ke tu eg tog ni javo cristo ha ne eg kanhran tiꞌ ti ty eg kri ri ke nin ky,Kaigáng
3063,jesus aguely: — xira anaxi kaewyly anguy yeinwanni yeinwantanry wara awyly adutuhomoem epy modo wane tyajine awyly nutuba myara deus xura kebaom modo nutuba awylymogue yeinwantaynrim modo ola deus xutuzemo epybyryem kua ietybymoen-ro waunlo ara — kely,Bakairi
19100,porque para mim o viver e cristo e o morrer e lucro,Portuguese
24863,“pitan cachamushulanqui” nipacunmi jesusta chaynu jinaculculmi allin willacuyta yachayachila chay diospa chuya wasip patyunchu chaymanmi puydi sasirduticuna camachicuyta yachachicucunaca prinsipal yashacunawan chalalimun,Urubu-Kaapor
9834,nhandejary omoi jevy-ma nhande-vy japytuꞌuha ora “koꞌay” heꞌi-gwi davi amyri nhandejary nheꞌe-py jaikwaa voi upea-gwi oi joty opytuꞌuhara ha nhandejary nheꞌe renduse eꞌyhare omano are rire katu omombeꞌu vaꞌekwe nhande-vy davi amyri nhandejary nheꞌe-py kwatia-rehe omoi-vy onheꞌe: “koꞌay inheꞌe pehendu ramo ani ijapysa eꞌy vaꞌe-rami peiko tei” upeixa heꞌi vaꞌekwe davi nhandejary nheꞌe-py upea nheꞌe amombeꞌu kuri pee-my,Kaiwá
7591,kiro tupana'gapyrive'ga ruri ji pyri seteve'ga nde'yja'ga – kiroki seteve'ga gwereko nhaetingy'a'java'ea tynaheva'ea seteva'ea heka'voga karugwara mbapavava'ea jugwi gande'yja'ga ruri ji pyri onhi'iga ji ve —‍herejo ji rupi kiro ti ji hea repiukari nde ve cordeiro'jave'ga rembirekohea hea ti hembireko ga pavei nehe ei ga,Kagwahiva
5516,haꞌe ramove omano vaꞌekue oe ouvy ipy haꞌe ipo ojokuaague reve haꞌe hova panhero py onhovaa vaꞌekue reve haꞌe ramo jesus aipoeꞌi: — pejora tove too — heꞌi,Guarani
2169,—aaui pixinikako kona aaui parikauata ikamari imaka iuaritika aaui peereri kitxakapirika auitetxi saromao inakori iteene katiiri itxaua kaiaori imaka ereri iuaritika apia ereri ikinika aaui,Apurinã
21265,urutoria iuteuria ywania tikuap kahato tupana woꞌo­napin saꞌa­wy­ꞌiwuat hap musei mimo­herep kat som waku watunug kat som yt naku i watunug hap miꞌi watikuap yne pytkai yt watunug i torania pote wati­ꞌa­parap waiꞌe hap ete — ewetunug no e hap ete are miꞌi pote yt uwe i mesuwat yi tote uruto — yt karape i atiꞌa­parap tupana waiꞌe hap ete yt urutoꞌe kuap i iꞌewyte yne aito wuatꞌi puo mesuwat yi totiaria wato­py­huꞌat tupana miꞌa­piheg wuanuaria wo pywo ti rat mekewat eꞌat pe aru — eiperia yt naku i nug haria e aru tupana ahepe torania pe miꞌi toꞌe pote aru yt uwe i aitoria — u pai u an yt karape i atiꞌa­parap emiky­ꞌesat nug hap ete e haria itote kat pote toiꞌa­tu­mo­herep wuatꞌi ehamo aiminug saꞌag koꞌi e miꞌi pote yt wati­wesat kuap i aiwe­moti hap toineꞌen mote e,Sateré-Mawé
24694,niptinmi jesus: “ayca tantallacta uywayalcanquim” nin niptinmi: “anchish tantallactawan ishcay quimsa challwallactam” nipacula,Urubu-Kaapor
2793,xesosi pimaari iri: —kirisaakipa ipotorika ikora atoko inini —axapitipanikara ipotorika ikora atoko inini itokata maerekati matamatakoti okaitotari xaminamoni itokata okaitotari kauaarimoni inirekari okiniri iua piposotiniari pomitikariko maerekati matamatakoti piamonikauako atepaniko —itxa iri sakire,Apurinã
26634,nhym kam pedrume djuao ar benjadjwyr djwynh'a mema amijarenho djan kaben'a kaj be mema ujarenho djan kam arym o ino re ne kam arym djeruxarema akex ne 'yr mo:n mor kot mema kritu'a ujarenh ny jarenho mo pykabe xamarijkam me ja apynh me ba djari krapti mema arenho mo,kayapó
9355,are-ma ndokaruvei ave upe-ma ramo oho paulo kanoa pygwa oi ha-py heꞌi ixupe kwery: —maꞌera nerehendui raꞌe xe nheꞌe xe iru kwery heꞌi —maꞌera peju joty kwehe raꞌe creta ykoi-gwi ndapejui ramo ndojehuiry ara nhande-vy mbaꞌe heꞌi —nanhamombo reiry ara raꞌe nhamboyru vaꞌekwe heꞌi ixupe kwery,Kaiwá
4930,uhem zezuz oho aꞌe wi aꞌe kury naꞌe aꞌe zeꞌeg kwehe arer rehe upurumuꞌe maꞌe aꞌe wa parizew aꞌe wa no wata oho hupi aꞌe wa no hehe uzeꞌeg zemueteahy pa aꞌe wa hehe upuranuranu pa aꞌe wa upuranu hehe wa zawaiw katu maꞌe imumeꞌu kar pa izupe wa — aze ruꞌu uzawy putar uzeꞌeg aꞌe nehe aze uzeꞌeg zemueteahy tupan rehe aꞌe nehe aꞌe mehe xiuka kar putar tuwihaw wanupe zane nehe iꞌi uzeupeupe wa izupe uzeꞌeg ꞌym pa wa,Guajajara
2408,ininia xesosi sakirauata ninoamoni: —hite txa apanakinimoni: “ate ikeroka peerekaua ate” hitxa hisakire txama teoso imarotari hakixinire kakiti uakatari erekari hikamini txama teoso omanatari hikamakiti,Apurinã
11269,—ere efuꞌama jui ejupawa pyyka erawau ejeꞌwyr ipe— ꞌjau jejui ꞌga ꞌga upe,Kayabí
15867,ti hadoo pe tawen noo sa ha pꞌop haga do karapee ramasa hyb nꞌaa takaren do ta karapee rahajaa ramoo bok hyb nꞌaa tii dꞌ tawen dꞌoo na-aaj he kristo ha hꞌyy kaꞌeeh do rahꞌyy kahejꞌoonh hyb nꞌaa baad rahꞌyy kaꞌeeh baad raky dahe magyys he hyb nꞌaa sahonh he eer sed ha er hꞌyyb hedo dag kan hyb nꞌaa er hꞌyy kahaꞌeeh do hyb nꞌaa pꞌop haga do tꞌaah er hapah do hyb nꞌaa ajꞌyy hꞌyyb mapee dak do hadoo er bahado dak tii ba kristo hado dak ne he er bahadoo hyb nꞌaa ka,Nadëb
24989,‘cay nunacunaca jana shimillanwanmi alawapaman shun'unnatacmi icha caluchu cayan,Urubu-Kaapor
26552,nhym metindjwynh karodjwy kot are “bep jakam dja ba mema ikukradja ny jare amu akati 'okam dja ba mema ny'o jarenh mamdji ba ibe benjadjwyr ne ba me ama ikaben ne me okre kadjwynhbe dja ba ikukradjajao adjan kunho ne me amak krekrekamdjwy kunho” ane nam kaben ja kumrex jaren kam atari mema kum,kayapó
310,nymerohpyry ropa sero ynymerohpyry moro oneneryme konohno kaju opyno ase ipunaka ywy ase  tamuxime exikety,Apalaí
14743,timudekdeg pima jesus o'xet tibicug pe bima kabidoxixi oajem iodi kay idibi o'tiom kobe be tipodoy buye kobe ipoxi o'e idibim jepirig ojuy o'e ip jakomap puxixim iparara ip o'e imenpuye ceweju etaybitbinayu jesus o'guwurug — kariwa — io'e ip — akom wuyju wuruh o'jewurug jewurug puje jesus kabido o'subidomukorem tipodoyat o'tipon iodi tipo o'e,Mundurukú
21019,koitywy hesyꞌat rakaria wo urutu­kup­teꞌen urute­ꞌyꞌu kahato uruhe­wyry hap upi uruesokpe koꞌi hiot hiotꞌe rakat miitꞌin miꞌa­hy­kahyk koꞌi uruto yt kat i iꞌyat rakaria uruto kowoꞌi kowoꞌi uruewyry yt urueꞌyni wywo i,Sateré-Mawé
13688,'apu hapxopma max puyiy topa 'og hapxopma'ax putup pax xayiy 'og hapxopma'ax ha yayhahup hok 'apu topa ham'apak max yummuga max,Maxakalí
982,ourutopopyryko ya ekaroko roropa ase imehnomo a joepyry ropa imomohtoko tykase jezu eya xine,Apalaí
25667,damama ha dahaimanazem na te za ti'ra nori ma rowahutu tane wa nori ha aihaiba ba wa'aba wa to aima rowahutu za'ra wa'aba ni 're ihaimana u'asi mono zadawa wasu'u na 're anomro we wa'aba mono da dure da te aima 're amhazepa za'ra wa'aba mono nhere wa to ama aima robze za'ra wa'aba ni iwasu'uwe na aiwi 're robzei'o to za'ra wa'aba mono da wa to aima roti pese za'ra wa'aba ni 're ihaimana u'asi mono nho'a 're anomro we wa'aba mono da toi uptabi na te te 're ai'mada'a za'ra wa'aba mono da ta ha ma to te te sima 're aiwe za'ra wa'wa haiwa ama ihaiba na rowa'a na isire 're aihaimana u'asi za'ra wa'aba mono da rowe uptabi na,Xavánte
25890,e tawamha zudezu nori ha 're ihaimana u'asi mono wi 're si'maropari za'ra mono nhere apa iteme 're wahutu waihu'u za'ra mono o di za e tawamha apa iteme 're sipizari waihu'u za'ra mono o di za te za to apa iteme 're sipizari za'ra ta nori ha 're ihaimana u'asi mono wi 're sipizari za'ra mono wa tiwasede ha te te 're 'manhari za'ra mono wa ma to 're ihaimana u'asi mono ha zudezu'o nori ma a'a pisutu za'ra te te 're ida'anho'reptui mono ze ha zudezu nori ha te te ama 're 'ruiwapari za'ra mono da ma to zudezu'o nori ma a'a pisutu za'ra te te 're ida'anho'reptui mono ze ha zudezu nori ha apa iteme 're sipizari za'ra mono da te te 're ida'anho'reptui mono zem niwi,Xavánte
24766,jinaman'a maynu munalpis chay cashayquiman'a manam mayanpis chimpamunmanchu suma-suma wayu japachayamaptinchic'a chaynutacmi ni chaypipis cayman pasamunmantacchu’ nil,Urubu-Kaapor
19222,aquele que considera um dia como especial para o senhor assim o faz aquele que come carne come para o senhor pois da gracas a deus; e aquele que se abstem para o senhor se abstem e da gracas a deus,Portuguese
6259,jairo dipokotalo jesus me icilatidi liona jesus naɡa diɡetacedita daato weiigi odaa ica noiigi-nelegi dinatecoɡoteetelogo liniogotibece weiigi,Kadiwéu
6907,ja jikanaɡa codaa aɡalee jaoɡa okanicodaaɡica aneo me ɡodiboliɡa niɡina anoyaɡaditini mowo niɡina oko codaa aininaalenaɡatiniwace oko daɡa jiigaɡa lotaɡa aneotedoɡoji pida jikeenaɡa aneotedoɡoji lotaɡa mewi aneotedoɡoji yowooɡodi niɡina oko moyakadi monadi anejinaɡa me ɡodewiɡa odaa jaɡaɡa onakato niɡinoa ɡodotaɡa pida niɡina oko nige doɡoyowooɡoditeda niɡinoa ɡodatematiko me ɡodalaɡatalo cristo niɡidi oko jaɡaniatagigipi,Kadiwéu
16837,pe²­jah³­lai²­na²­ je³­su²­jah³­la²­ sa²­yxo²­a³­jau³­nu³­su²­ nxe³­ha²­kxai³­la¹­: — si³­mau²­ah³­lai³­ ne³­ka²­sa²­sa²­lxi¹­ sa³­ta³­na²­jah¹­la²­ e³­kxi²­sain¹­te³­nah¹­lxi¹­: “je³­su²­jah³­li¹­ wxa²­nu³­ka³­txai²­li²­ u³­hu¹­se¹­li¹­ sa²­yxo²­a³­nxain¹­ju³­ta²­ i³­ye³­kxi²­sai³­nai¹­na¹­tu¹­wi¹­” sa³­ta³­na²­jah¹­la²­ nxe³­sain¹­na²­he³­li¹­,Nambikuára
8929,ky tog kron mu festa to paꞌi en ti ha ra tog ty vinho ni sir ag ty run ja ti ha ra tog ki kagtig ni festa to paꞌi ti u ty festa ki rir ti ag ha vy ki kanhro nyti paꞌi en krem ke ag paꞌi ty vinho ha en kron ky tog un prug mu en je prer mu ky tog ti my: “venh jykre venhmy han a” he mu “ag ty kronkron ven ky a tog ag my vinho ha tavi nim ke mu ve kar ky vinho pagsi vy ha ni ve javo a tog ag my vinho pagsi en nim ven ky a tog vinho ha pe tag nim sor mu ha vaha” he tog festa to paꞌi ti un prug mu en my ha ra tog ki kagtig ni jesus ty goj ty vinho ha en han mu ti ha ky tog ti my e ti ti ty festa kuju ki vinho ha ven sor ky,Kaigáng
19681,mas se cristo esta em voces o corpo esta morto por causa do pecado mas o espirito esta vivo por causa da justica e se o espirito daquele que ressuscitou jesus dentre os mortos habita em voces aquele que ressuscitou a cristo dentre os mortos tambem dara vida a seus corpos mortais por meio do seu espirito que habita em voces,Portuguese
14893,wuya'o'e yamuydedeap tak ya'o'e ma tarekrek'uk'uk tak ya'o'e ma- -flauta'uk tak ya'o'e ma harpa'uk tak itaybit'umat cedag'um yamuydedem pima bit ajom i'eyu imuydedem i kuka o'e ip waremtag ma yamuydedem puye,Mundurukú
23389,mɨ'ɨ ɨsa yekɨ abraao yɨ'rɨoro niiti kɨɨ toho niika o'akɨhɨ yee kiti were mɨ'tara ke'ra weria wa'akara niiwa mɨ'ɨ waro yamɨ noho niiti toho nii uukugɨ,Tukano
12331,moropai tiaronkon teesenyakaꞌmasanon ton eporiꞌpiiya koꞌmamiiya  horas yairi tiise tiwennaꞌpoi praꞌca pona inkamoro ekaranmapoꞌpiiya “iꞌ piꞌ tari aakoꞌmamikon siriri wei tamiꞌnawiri iꞌ tikonekapiꞌse pra” taꞌpiiya,Macushi
10237,tii tamyreny rarybere: —inatyhymy adeereny ararybekre ijoo kaki ratximyhyre ruruotyhy deuxu iolonau taruru‑di kedehemynykreu,Karajá
3462,iweapala myani deus aguely xina idamudoram: “iguewatyby modo kuraem ietonze ura” kely tainwanse ura deus adakehobyry ara aidyly awara tainwanse wawylygue yizepaom modo xara ienewylymo ienwentaze judeu domodo tainwanse deus xypyry etay igueypy kuraem nhetondyly awylygue xina judeu modo deus xyrendyly xina nimopa awyly peto oday kopae alela xina “aieka” kehobyry anhedyly deus iguewatyby modo kuraem ietonze kely kainwandylygue kula judeu domodo ienwentadyly pyma — kely myani paulo,Bakairi
9563,“mbaꞌeixa ajapo-ta xe aikove hagwa nhandejary ndive apaveꞌy reheve” heꞌi hesu-pe ose moꞌa oho-vy hesu ha ohogwaiti petei kwimbaꞌe ixupe oripara ou-vy hovagwy-py onhesu gwetypyꞌa-rehe oporandu hesu-pe: —nde ko nde reko pora vaꞌe mboꞌehary mbaꞌeixa ajapo-ta xe aikove hagwa nhandejary ndive apaveꞌy reheve heꞌi hesu-pe,Kaiwá
5262,nhanderuete ayvu rupi nhandekuai ete agua re ijayvua irmao kuery xerembiayvu haꞌe nunga peikuaapa ae ma haꞌe rami avi petei-tei penheaꞌa penemboꞌea ra pejapyxaka pora agua haꞌe ra pendeayvu voi eme nei pendevai voi eme guive mbaꞌeta avakue ivaia py ndoexa ukai ꞌra nhanderuete guigua teko pora,Guarani
21993,iesui tikuap surara akag ehay hawyi tuwa­netup kahato ihay kape hawyi toꞌe tewat­ꞌy­muaria oꞌe haria pe — taꞌi eiperia uiꞌy­wania koꞌi isareu ywania eweikup­teꞌen e eiperia eweikup­teꞌen naꞌyn uimohey kahato haria wen maꞌato ti mesup te ti yt atipueti i eipy­ꞌa­setpe miitꞌin uimohey haria mesuwat surara akag piat uimohey hap ewywuat koꞌi e yt aiꞌy­wania i wen maꞌato uimohey kahato e iesui toꞌy­wania pe tewat­ꞌy­muaria oꞌe haria pe,Sateré-Mawé
10974,waityhydyydu aona aonasira seriore araurihixinanykeki adeereny kanamyhykeki beysamahabenyke kia‑di tahe ityhydyydu tyhymy beleke,Karajá
8658,“sy ke ha ve ha ky sog to mu: gir ag vy iso ha pe nyti un kasir tag ag ri ke nytimni ke tu ni mu ra ajag tog venh ke tu pe ni tope ty ty eg paꞌi ni ti” he tog,Kaigáng
25519,tawamha apito pesitu ha ma to asa tama nhari za'ra ane: — paru ha sezareza ama te nhamra dazazeb 're da'wapei'wa nori ha te te siwi 'mada'a pese za'ra da tame tamomo wa za apa mori su taha wa dama imreme pire nori ha asiwa'wa hawi asiwi satori za'ra wa'aba za ime si'aba're da iwasede ha te te ama hiri ze za'ra wamha tamep si te za tama nhari za'ra inho'a — ane te apito pesitu ha tama nhari za'ra,Xavánte
26233,ar tam 'a dja gwaj amijakren amima me kute amim —‍ba mojdje kukradja man kot ar amijo iban ijaxwe ket anhyrja ne me te axwe ket pramje nam me me pardja kra'a amijakre ne apenh kajgo ar ba dja me metindjwynh nho myjjao aminho ket ne axwe ra'a nhym be gwaj ba ne gwaj tu amim kritu markumrex nhym metindjwynh arym tu gwaj bama axwe ket jare gwaj arym kum bajaxwe ket gwaj ba ne gwaj me pardja ket kra'a amijakre ne kam metindjwynh nho myjjao aminho,kayapó
23867,kɨɨ bu'e du'uatoho dɨporo naare niikɨ niiwi: “mɨsa yɨ'ɨre ‘masare yɨ'rɨoakɨhɨ niimi’ nii wakuti yɨ'ɨ nii wee' yɨ'ɨ be'ro api a'tigɨsami masare yɨ'rɨoakɨhɨ kɨɨ ayugɨ waro niigɨsami yɨ'ɨ pe'e kɨɨ yee sapature tuu wee masitigɨ weero noho meho niigɨ waro tɨ'o ya'a'” niikɨ niiwi joao,Tukano
9576,upei haꞌe ae oho mbykymi hova-py ojeity yvy-rupi: —xe ru ereipeꞌase ramo eipeꞌa katu xehegwi xe pyꞌajopyha xe-vy ojehu vaꞌera eipeꞌa katu xehegwi ha ndereipeꞌasei ramo ae katu ani joty ereipeꞌa heꞌi onhomongeta-vy nhandejary ndive,Kaiwá
13563,tu ham'aktux ha yeyox kuxa xuygaha' 'amniy tox ha' xuygaha',Maxakalí
8825,canaa ta ke fi ty jesus mre vemen ky jesus tog ta kute ky tog ga u ra ti mu cidade ty tiro ra cidade ty sidom ra,Kaigáng
2021,ininia xesosi apakapapiretari: —“pitiretariko apiananiri piteosone ikinipoko pinireekitia ikini pakixiniree ikinipoko pixinikakitia pakini” ikara atoko inakari teoso merepitipanika paniataua akamini ia ipaniatakiti akamini apiari itxaua,Apurinã
26184,djam me kum me kapri ketja metindjwynh kute me utar akmere apnhire ar dja gwaj bama me kapri ket ne atekam ajte mema kum —‍ba ne ba tu amim metindjwynh markumrex anhyro baba djam kam metindjwynh kute amim gwaj bapytar ne kute ar gwaj bajo bama djam gwaj bajajkwa kajgokam bakabenbit ne kam bama me kapri ket nhym arym kute amim gwaj bapytar ne kute ar gwaj bajo bama kati,kayapó
6287,jesus igidi meetediogi “aneotedoɡoji baɡa ikeetedaɡawatiwaji anodaaɡee me iiɡe oko laaleɡena igaataɡa aɡica ane yowooɡodi odaa niɡina me jiiɡaxi eledi oko baɡa jatemati natematiko anida ane jiciaceeketege jaotibige moiwi pida aɡonadi niɡica anewi owajipata pida aɡoyowooɡodi ane diitigi,Kadiwéu
3454,aituo myani jesus ekadyly eyanmo aguely: — kuturin-em tidysedo tynrendysedo wara idanara nemawyadada maka keba tamawyadazeim nida — kely,Bakairi
7526,a'ero ga apyni tapy'ynhapipyryva repiaga ipype emo ga ndoki ipype kiro simao pedro'ga vahemi ga reviri okiavo ipype igwete ga hepiagi tapy'ynhapipyryva no pevo tuvi jesus'ga akaga mamanipyra no a'ea ko irupe'i tuvi tapy'ynhapipyryva hugwi onhimamana oina,Kagwahiva
17830,emawaiye nawenaneha efeso nali hatyo najikinita paulo xane aokowi macedonia koa acaia koa xoaha hatyota xane aokowi jerusalem nali xeta — jerusalem ite noxani hoka hatyo najikinita noxani roma nali xeta — nita,Parecis
14999,imen e'em deus ekawentup: on ma ikereat ojukuk gu- -pug em tak ka'uma ma i imenpuye eyju dak ikereat epejukuk gu i,Mundurukú
26794,nhym me ajte kum ar iki:nhkumrex djam kam ar ije amidjwynhbit mar ne metindjwynhma idjapenhma kanga kati bar ma kum ape nhym me ajte te mebe ar ikure bar ma kum ape nhym me ajte te ar ikaxa abenma kum —‍djam ar wa mex got ane bar ma metindjwynhma ape nhym kam me ajte te ar ikaxa abenma kum —‍me kum ar ki:nhkumrex ane bar ma kum ape nhym me ajte te ar ija —‍nam ar ta amijo metindjwynh maro ba nam ar mema 'ex ne me noo biknoro ba ane nam me te ar ija ane bar katat kum idjapenhkumrex ra'a,kayapó
22651,itea enepo ava kixopiti: “iparaxokonoke sandu ra'a” kixopiti hako nikea kehiyanati ne xane eto'okopiti koanemaka vo'okuke ne isoneuti akoyea yusika nikeokono yoko enepone isoneuti ngixone akoyea omotova nikeokono haina iseneunoanoe itea koati vo'oku ko'iyeaneye isoneunoa po'i xane inameamo akoe iseneu: “itea namea koeti konokino itukeovo isoneunoa po'inu xane exoa yusikea ningea ako'o akoyea ninga,Terena
20246,tubabatu paskoa myikaha eze piratus estuba ziknazukekenaha iwaze piratus hi: — o sesus myzuke tapara tytsakikta bykyze myzuke — niy aparakbaha opykani kadi nikaranaha: — sesus tabezehikta bahabas tyzukehikta — nikaranaha kytsa sizubaretsa sakyriukrenikitsa hurukwy eze tu niapykyryknaha,Rikbaktsa
22815,ina koe'ikomaka ikenepoke: “koane ne pahunevohiko yoko vahere ituke akonemo puyakoponeovaku ongovo yoko akomo hunokoku ko'iyeaneye inzoneunoa” koe ne ituko'oviti,Terena
13832,ha topa puk-tex tuk-tex kux tu ta' mog 'onimet yog yiktix hah,Maxakalí
8833,ky tope ty jegne jafa ty  ke en ag tog ta kapa mu u ty ga vog konan ke mu en ag kur kupri janhkri rinh ky ag tog kamu mu pyrfe ty kur rinh ky ky ag tog ouro ty vesogfin ky nyti ge ajag fe kri,Kaigáng
13261,xix 'enoniam pu 'aneo hom kamah ha yoneo yog tik kamah xix naxix pet kopa' pip xape xop pu 'aneo hom kamah,Maxakalí
13314,'apu yay muy xape max xop putuk yeyox kopa kuxa mam xop xohix te ham'aktux 'axop pe'paxex topa yog tikmu'un xohix te 'axop pe'paxex 'ugmu'atep-tup puyiy yumug xuxya yeyox kunnix 'axop pu hammaxna' xayiy 'axop mutik mog tu ta tu' kux,Maxakalí
20980,iwaze kiristu hi: — uta wytyk bo mynasikze aharere bo zuba hyy mynakara iwaze kahumo akureta tsimozik — niy iwa myze mymywatawy abaka siraratsa wezo humo niwazuba mykara — deus harere bo pykyhytu zuba hyy mynakara iharere bo zuba hyy mynakara iwaze siraratsa ty ka abaka beze beze byitaha tsimaha myzubaha sapyzeky mohyrikosokda — niy iwatahi deus mysapybyitsa tsikykaranaha mymyokzohik kiristu mysapyzeky nihyrikosokda,Rikbaktsa
21465,teꞌe­ru­wehik yepeke hawyi tuwetem naꞌyn yara pyi miꞌi hawyi meremo yi kene­sare piaria tikuap iesui miꞌi pote yni puo taꞌa­tue­ro­poꞌok iꞌahu rakaria kope pyi kope pyi raꞌyn howawi,Sateré-Mawé
23887,ni'karoakare mɨ'ɨ nihi pako tohagosa' ni'kɨ po'ratigosa' kɨɨre jesu wame o'oya,Tukano
16951,bel³­se³­bu²­ah³­la²­ i³­yau¹­u³­jau³­su²­ ha²­wxan³­txa³­ a²­nu²­ai²­na²­ ko³­nxe³­te²­a²­ yau³­ka³­txa²­ nxu²­kwai³­yxau³­te²­a²­ i³­ha¹­txain¹­ta¹­hxai²­he¹­la²­ a²­nxe³­jah¹­lai²­li²­ hxi²­kan¹­txi³­ e³­ta¹­hxai²­nxa³­he¹­la²­ nxa²­ha¹­te¹­ je³­su²­jah³­la²­ hi²­sen³­kxai³­lu²­ a²­ko³­nxe³­te²­a²­ yau³­ka³­txa²­ nu³­kwai³­wi²­sxa³­te²­a²­ yxo²­xun³­txi³­ a³­li³­si¹­jau³­su²­ kwa³­na³­ta¹­hxai²­he¹­la²­ nxe³­ju³­tan¹­te²­kxa³­ya³­lhu²­ wa³­su³­txi³­ a³­li³­ha²­kxai³­ we²­txi³­ha²­kxai³­ wi¹­le³­xi²­ye²­ta¹­hxai²­he¹­la²­ nxe³­jutsu²­ a²­nu²­a²­nau³­xa²­ on²­txain¹­sxa³­ i³­ye³­lain¹­te³­nah¹­lxi¹­: — txa²­wa¹­su³­na²­ kain²­khaixnxna³­li¹­ ka³­lih³­khaixsa²­si¹­nhai¹­ nxe³­ta¹­hxai²­he¹­la²­,Nambikuára
26870,nhym kum “imjen ket” ane nhym kum —‍na mramri amjenkumrex ket,kayapó
15279,ti mꞌ jesus ta ma mateg daheeh rabahom kan ta sii,Nadëb
14974,— ekawen cuk adi oguwenuwen cebe ip ekay'umat ekukuap puxim gu on jekukum ixeyu dak ekay'umat ekukuap puxim gu jekukum imenpuye ixeyu kay itakoma o'e ip itabut'umayu ekay'umayu — io'e,Mundurukú
18784,— a'onira onava'isohi'ianaki ho jiniro bavini 'bai bavini hiki-ra avavahojahi; avavikha'a bana tarasara fori hiki-ra avavahojarihi avakadisa'ai kaimoni pavakari vaniha'a bana ida avakadimakari odoki mahija tarasara fori hiki-ra avakapavakarihavini hari deus athi kapapirania hojaki ida varani ohina: “ija'aria vanajaharihariki ada jahari kabadania kabadaniki onivani fori hira ada ovari jahariharina” namithaki bana kodiania hida deus athia bini'aki deus athi kapapirani hora vara vani'ajoravini mani ida deua binanamithavini hija bana,Paumarí
12791,iniꞌri jesus esenumenkaꞌpi toꞌ piꞌ: —tiiwariri aniꞌ eꞌpiikaꞌti pepin tiise paapaya tamiꞌnawironkon piikaꞌti eꞌpainon tamiꞌnawiron kupi paapaya eꞌpainon —taꞌpiiya,Macushi
1865,hamri nhum me kam:—na me kot amnhi tomnuj tyx myrape me kot me himex ket me apiita me ate amnhi tomnuj o axpen pyrak kena ta kot ka me amnhi tomnuj kaga ne tirtum kot amnhi xunhwyr ket ha kot ka me nhyrma ty hamri ne o kri hwyr axapir ket ne,Apinayé
7883,ndakwahavi ji jesus'ga e'ia'ja pedrova'ea a'ea ja pedro'ga jipe'ei tata pyri o'ama igwete pevove'ga ei ga pe a'ero: —‍nde nderekoi garemimbo'eharamo naeru ei ga ga pe igwete pedro'ga ei: —‍a'ea rui ko ji ei ga o'mbero ga pe,Kagwahiva
16710,nxe³­nu²­la²­ a²­yen³­kxa²­ a²­nu²­su²­ ta³­nxa²­ ka³­yxuh³­sxu²­ ta³­nxa²­ txa²­wa¹­su³­na²­ ka³­ten³­su²­ i³­yutsi¹­kxa²­ a²­yxo²­ha³­kxa¹­ i³­ye³­kxain¹­na²­he³­la²­ oh³­xai²­nan¹­tu³­ka³­txa²­ a²­yxo²­ha³­kxa¹­ yuh³­xai²­nan¹­tu³­ka³­txa²­ a²­yxo²­ha³­kxa¹­ txa²­wa¹­ha³­lo²­a²­ yuh³­xan¹­ko³­xan²­tu³­ nxe²­ yxau²­xai³­tu³­ka³­txa²­ a²­yxo²­ha³­kxa¹­ i³­ye³­na²­ kain²­je³­na²­ yxau²­xai³­tu³­ka³­txa²­ a²­yxo²­ha³­kxa¹­ i³­ye³­sxa³­ sa²­nen¹­kxain¹­te³­nah¹­lxi¹­: — jah¹­lai²­na²­ a³­wxe³­ka³­lo³­ai²­na²­ hxi²­kan¹­ta²­ si³­yxau³­jah¹­lai²­na²­ a³­wxe³­ka³­lo³­ai²­li²­ a³­wxe³­jah¹­lai²­na²­ sa²­kxai³­lu²­ wi¹­lhin¹­khaixjah¹­lai²­la¹­wi¹­ o³­ve²­a²­ wen³­su³­jah¹­lai²­na²­ wi¹­lhin¹­khaixjah¹­lai²­la¹­wi¹­ i³­wi¹­lxo³­kxain¹­ki³­ju³­ta²­ wai³­nha²­kxai³­ i³­sa²­nen¹­kxain¹­ki³­ju³­ta²­ wai³­nha²­kxai³­ i³­wxi²­kin³­ti³­ton³­ti³­hi¹­tain¹­ki³­ju³­ta²­ wai³­nha²­kxai³­ ha³­lo²­a²­ whai²­na¹­ i³­hxi²­kan¹­txi³­lo³­te³­ya³­nhe³­ju³­ta²­ wai³­nha²­kxai³­ nxe³­sa²­te³­ki³­ya³­nhe³­ju³­ta²­ wain³­na³­li¹­ hai³­txi³­ ta³­lu²­nhxa³­ki³­sxa³­lho³­li¹­ nxe³­ain¹­na²­he³­la²­,Nambikuára
1123,no me kot amnhi kra hkot htyx ri tirtum kaper jahkre xwynhjaja na htem me ajahkre hpanha kaxpore ha me awyr pix o pa ne me ama tanhma amnhi to hex to ne me ama: —na me ixte pawre kot amnhi nhipex pyrak me ixte amnhi nhipexja kot axpen pyrak anhyr o me ama amnhi to hex nom ixte ho me urak ket kumrex me ixte amnhi nhipex kot axpen pyrak ronhyx pa me urak ne kaxpore ha me awyr o ri ixpa nom ixte a amnhi nhipex anhyr ket kot paj aa a amnhi nhipex anhyr o ixpa hket ne,Apinayé
10592,tiiboho widee rarybera: —deuxu riteranyremy inyboho rakaryberenykeki tai tii rarybekre: —aoherekibo tahe tii tetyhynytenyote inyo riteranyremy rakaryberenykeki iny aruberuwyhyrenykre ibutumy iny dori joao rityhynyre tii deuxu rybe‑di rybedumy ijo ijoi mahadu urile inyreny kidihetenykre,Karajá
23568,kɨɨ pe'e naare niisami: “weetika'ya mɨsa kure weera apeye trigore du'a ko'a boosa' toota trigo me'ra bɨkɨaka'ato trigo bɨkɨa tu'a ehaka be'ropɨ da'rarare o'oo'gɨti naa ya'ase pi'ri'kere kure wee mɨ'tarasama kure wee teere opa dotori dɨ'te ɨharasama tu'a eha nɨ'ko trigore naa nɨro wɨaropɨ nɨrorasama” niisami niiwi jesu,Tukano
4724,aꞌe rupi nuiko kwaw mokoz teko romo wa kury pitai teko romo wanekon wa kury teko nupuner kwaw wamuzaꞌak kar haw rehe aꞌe wa nehe taꞌe tupan umuigo kar pitai romo aꞌe wa xe,Guajajara
5270,haꞌe gui heta vaꞌe kuery oeja vy oike opy haꞌe ramo hemimboꞌe kuery ou vy ojerure mbaꞌemo re ombojojaague omombeꞌu porave agua re,Guarani
7027,jesus'ga aroheterame ahe oko garemimbo'eharamo aere jesus'ga hogahoi pehea rupi taho ti ji jerusalem me javo ga rupi he'yjuhuve'ga hogahoi opyryryma jesus'ga ei ga pe:,Kagwahiva
4934,wiko putar hemiruzeꞌeg romo wa nehe kury uzeꞌeg wi zuaw wemimuꞌe wanupe kury — ywate wi ur maꞌe kwer aꞌe ikag weraꞌu amogwer wanuwi paw rupi aꞌe zezuz aꞌe ywate wi ur maꞌe kwer romo hekon aꞌe ywy rehe har romo aiko ihe nakwaw kwaw maꞌe ywate har ihe xo maꞌe ywy rehe har rehe zo azeꞌeg peme ihe ywate wi ur maꞌe kwer uzeꞌeg iko maꞌe ywate har rehe aꞌe ikag weraꞌu amogwer wanuwi paw rupi aꞌe,Guajajara
21207,miꞌi hawyi aito ihaite te rakaria ahytmoi tomi­moiei­neꞌen guꞌuro pywiat haria wywo miꞌi hawyi ti aru wataꞌam aiwo­ꞌo­pype howa kape hut turan ywyhig kape miꞌi hawyi itote wato­ꞌo­pueti ywaiti pe,Sateré-Mawé
19282,sabemos irmaos amados de deus que ele os escolheu,Portuguese
22433,koitova jesus neko ahinoe tuti hundaru ihae roma uke'exoane jesus koyuhoinoa xanehiko neko uha koeti ihikaxeake ina aukopovo ya kafanaum,Terena
6234,naɡa igidi meetalo “iniotagodi ɡadadiwaɡati” odaa ja yamaɡatedini lokotidi lodoe jesus me doɡetetalo,Kadiwéu
21932,tupana ehay taꞌa­tu­henoi saꞌag kahato ahepe miꞌi hawyi iraniaꞌin yt iesui mohey i haria — pywo iꞌatuꞌe katu­pono miitꞌin eko saꞌag ewywuat waku watunug iꞌatuꞌe pote miꞌiria ahiag wanuaria tukup­teꞌen,Sateré-Mawé
546,morarame toremiaxipo xine tonuhse ropa toto tosaka xine kapu aka mame ynara tykase kaneru erase tomo tyya xine rokene —ehmaropa ty pere pona poeto senetatose ritonopo nekarohpyry tykase toto morarame toytose toto axiny poeto enurusena enese mame toeporehkase toto tonese eya xine pui to nahpatoh tao moroto roropa jeny tynio maro,Apalaí
4948,aze amo uzapo ikatu maꞌe nehe tuwe niꞌi kwaw nezewe nehe — heremiapo kwer ikatu weraꞌu amo hemiapo kwer wi ihe tuwe niꞌi kwaw uzeupe nehe — ikatu heremiapo kwer ihe tuwe iꞌi nehe tuwe xo aꞌe zo umumeꞌu nehe taꞌe teko pitaitaigatu upuner umaꞌereko haw iapo haw rehe aꞌe wa xe,Guajajara
20015,iwatsahi deus harere bo wabyziutahaktsa tubabatu deus hara sinija inarokoha bo niy moises deus harere taparaktsa bo nisihyrinymyryikik batu hy — niaha iwatsahi sinini ziknakaranaha sihuak ty deus sibo nyny niy batu siaku abaka deus bijoikpe ikny mymyhyrinymyryky iharere bo yhy ahabyi zeka sinini tsimykaranaha hy,Rikbaktsa
16805,hi³­a²­ ne³­ka²­ a²­nxa³­kxa²­ i³­yau¹­u³­jau³­su²­ ja¹­nxe³­ju³­kxai³­lu²­ hi³­sa³­ka³­txa²­ wi¹­ka³­txai²­na²­ sa²­kxai³­lu²­ hai³­txi³­ ko³­ta³­nxa³­kxa²­ a³­nxa³­ki²­te²­sxa³­yu²­he³­li¹­ te²­ya¹­nxe³­sxa³­ hi³­sa³­ka³­txa²­ ko³­ka³­txai²­na²­ sa²­kxai³­lu²­ wi¹­ta³­nxa³­kxa²­ a³­nxa³­ki²­te²­sxa³­yu²­he³­li¹­ ja¹­nxe³­ju³­kxai³­lu²­ hi³­sa³­ka³­khai³­xa²­ yxo²­ha³­kxa¹­ a³­nxa³­kxi³­khai³­xa²­ so¹­lxi³­ nxa³­kxi³­te²­ju²­he³­li¹­ fi²­ko²­nxa³­kxa²­ kwa²­hi³­sa³­kaxkhai³­xa²­ a³­nxa³­kxi²­te²­sxa³­yu²­he³­li¹­ te²­ya¹­nxe³­ju³­kxai³­lu¹­ u²­va²­ki³­a²­ kwa²­hu³­kxe¹­ha²­ kuh²­sxa³­te²­sxa³­yu²­he³­li¹­ u²­va²­kxe¹­ha²­ so¹­lxi³­ kuh²­sxa³­te²­ju²­he³­li¹­ ja¹­nxe³­ju³­kxai³­la¹­ a²­nu²­a²­ wi¹­lhin¹­te²­a²­ a²­e¹­nau³­ai²­na²­ wi¹­lhi¹­nha²­kxai³­ wi¹­lo²­la³­kxi²­te²­ju²­he³­li¹­ nxe³­ain¹­ta¹­ a²­nu²­a²­ ko³­nxe³­thin¹­te²­a²­ a²­e¹­na²­ whai²­na¹­ ko³­nxe³­thi¹­nha²­kxai³­ wi¹­lo²­la³­kxi²­nha²­te²­sxa³­yu²­he³­li¹­ nxe³­ju³­kxai³­lu²­ a²­e¹­nan¹­jau³­khai³­xai²­na²­ so¹­lxi³­ a²­yxo²­khai³­xa²­ i³­ye³­kxi²­te²­ju²­he³­li¹­,Nambikuára
12244,tiaronya taꞌpi ipiꞌ: —aꞌki asanya moropai ayakontononya ayanno piꞌ man ayarakkiri eseurimapai toꞌ wani —taꞌpiiya ipiꞌ,Macushi
1043,na ra me kam me pahkure xwynhjaja kris a me pahtomnuj o pa jakama koja ixpyra ne me hpro hket raha me pa xwynhjaja ahte ri pa nhum ja mex ne nhum me umaj amnhi pix tanopxar o ri pa ne me apro xwynhjaja ker ka me kam me pahkure xwynhje pymaj me apro kaga hket ne am pix tanopxar o ri apa,Apinayé
6521,pida onaɡaɡini ica ɡoneleegiwa madewedi ane liboonaɡadi lazaro one diwexege lolaadi idiaaɡitibige lapoagi liɡeladi niɡini ɡoneleegiwa liico lazaro walitibigege latijedi niɡini liico maniodi naɡaleekoka aaɡaɡa aniodi icoa necexodi one onapitibece liwexegadi lazaro,Kadiwéu
9058,heꞌi ixupe hesu: —ekwa tereho ko teta mbyte-rupi oho vaꞌe tape-rupi tape kare eꞌy hery vaꞌe-rupi eheka katu tarso pygwa hery vaꞌe saulo  roga-py eheka ixupe upe-py oiko vaꞌe ay voi ko ombojeupi xe-vy onheꞌe oiko-vy ikery pygwa verami nde rexa kuri heꞌi nde-rehe: “ahexa-ma kwimbaꞌe hery vaꞌe ananias oike ramo xe koty-py omoi ramo opo xe-rehe xe resapyso jevy hagwa ahexa” heꞌi kuri nde-rehe saulo ikera-py heꞌi ananias-pe nhandejary hesu imombeꞌu-vy,Kaiwá
18262,oniaroa ariabono aakaaminakhama'ihi aki'dama'ihi aka'ajihi'ianahi va'oaniaro vagorana avajoimori'ianaha,Paumarí
5869,haꞌe ramo ombovai: — xee ma ndaikuaai heko vai vaꞌea petei mbaꞌe tema aikuaa mbaꞌeta ara revegua eꞌy aiko vaꞌekue ri ay ma amaꞌe — heꞌi,Guarani
7821,kiro tupana'gapyrive'ga jipiukari jesus'ga pe ua yvaga hugwi jesus'ga mbopopoaka,Kagwahiva
11943,aꞌeramu ꞌga kawaruꞌi rerua taꞌyra reewe ꞌga upe aꞌere ꞌga amu opiara mosoka imonou kawaruꞌi ꞌarimu jejui ꞌga apykawamu aꞌere ꞌga kawaruꞌi pyyka jejui ꞌga upe ꞌga apykawamu aꞌeramu jejui ꞌga awau jerusareg ipe kawaruꞌi ꞌarimu ꞌga remimuꞌeramu ore arawau ꞌga rupi,Kayabí
25468,da'mada'a'wa ha aima sawi uptabi nhere te za danho'a tama iroti tiwasete na te te ama sahu to da asimiroti na 're da'maireme mono o di za 're ihaimana u'asi mono ha te we te te 're wa'ab'mada'a cristu zezusihi me haiwa ama romhuri'wa nori zama te dure te te we 're wa'mada'a za'ra 're inomro we mono nori ha taha wa ta nori nho'a 're wanomro mono wa da'mada'a'wa nori ama te aima iroti mono ze ha te za 're i'mada'a pese mo,Xavánte
14058,waram jesus o'jekawen judeuyu kukukayu eju,Mundurukú
6524,igaataɡa digoina meetaɡa inatawece eledi oko odoletibige niɡica anidiokidi meletema idiɡida aɡodoletibige jesus cristo ane yemaa,Kadiwéu
20554,wahoro ezektsa pe niaha: — simao peduru ja — niaha — atatu — nikaranaha,Rikbaktsa
15059,badak hahyy ha pꞌop haga do rajꞌaa etse do ky nꞌaa hahyyh ti anang paa pooj je mosees sa sii pꞌop haga do kanerꞌood wat do paa ky nꞌaa jawꞌyyk doo ji ha meteeh do nyy da pꞌop haga do we ji kajaa ta ha ji hyb nꞌaa jawꞌyyk hyb nꞌaa ti anang paa na-aaj he badak hahyy ba pꞌop haga do rajꞌaa etse do tob nꞌaa pꞌop haga do sa ha kahese do tob nꞌaa ramaneeenh doo,Nadëb
19471,o espirito imundo sacudiu o homem violentamente e saiu dele gritando,Portuguese
5514,haꞌe gui ay voi nhombotavy reia kuery ma haꞌekue rami ae ju ikuai oexa raꞌua rupi rive vy ngoꞌo ae omongyꞌa nonheꞌe rendui huvixa kuery haꞌe ijayvu rei ꞌra ipoꞌakakueve re haꞌe ra anjo yvateve vaꞌe miguel ma anha reve moises retekue re joaka ete ijayvua py voi nonhemboyvatei rakaꞌe anha pe ijayvu vai agua haꞌe rami ꞌrague py “senhor ae taꞌijayvu ndevy” heꞌi,Guarani
7645,—‍ganhi'iga renduvame ga ndohopotari toryvi pe ga pe ga ega'ei: “ndorohoi ore a'ereki nahanaha ore oroko” ei ga —‍peropero gapyrive'ga hoi ga momorandupava novia a'ero ojipe'ga pyri na'e gapyrive'ga hoi javo ga pe: “herejo i'gwovo omboavujikwepavuka jiruvihava'ga nde ve” —‍emo ga ei gapyrive'ga pe: “apyhy ko ji kohoa itambere'ia mondovo taho ji hepiaga nura ji ei nde ve: ji mombe'u katu ti nderuvihava'ga pe tonhimonha'ngayme ti ga ji hoe'ymame i'gwovo ga pyri” —‍“kwa” ei ga a'ero ogwovo,Kagwahiva
