index,TEXT,LANG
20577,asahi: “taparaktsa harere bo hyy tsimahaktsa” maha tahahyrinymyrywy batu yhy maha ustsa kytsa deus harere bo hyy mozihikiknahaze asaktsa ba zik mytsumuehinaha kytsa watsa asaktsa titsakyrikrena ty puhyrykty ba zikmytsumuehinaha iwa pariseutsa sisopyk taparaktsa harere bo hyy tsimahaktsa maha asahi batu yhy niaha,Rikbaktsa
5456,nhanderu kuery ngoꞌo re ikuai vaꞌe ma nhanemoꞌarandu ra nhanheꞌe rendu ꞌra nhanenheꞌe ruete katuve ma nhanheꞌe rendu ꞌrague jaikove agua,Guarani
22247,ina pihopo xoko vekokuti xe'okuke pahapeti yane ape koeponemaka po'i seno ahinoeti noixoati ina kixoa neko po'inuhiko xaneya: —‍enepora hoyeno xaneheixonemaka jesus enepone ihae nazare —‍koene,Terena
24613,chay ninaculculmi cashan chay uralla jerusalenta cuticalcamula chaychumi talilalin chunca jucniyu jesuspa yachapacunincunactawan juccunactapis chay chalaliptinmi chaychu cacunapis: “aw rasunpa jesusninchic cawsayanmi simonpis licalunshi” nipacula niptinmi paycunapis chay caminuchu ima pasashantapis natac jesus tantacta partiluptin lisilalishantapis willapacula,Urubu-Kaapor
5280,templo py jesus ovae vy nhomboꞌe oiny haꞌe ramo sacerdote yvatekueve vaꞌe haꞌe heta vaꞌe mongetaaty kuery ombojere rei vy oporandu okuapy: — mavaꞌe poꞌakaa rupi tu haꞌe nunga rejapo reikovy mavaꞌe tu nembopoꞌaka,Guarani
4873,oho pawru toroaz wi aꞌe kury aꞌe re oho mire tawhu pe kury naꞌe kanuhu pupe uruixe oroho ypawhu waz ure uhem kanuhu oho axoz taw pe kury — xiawaxi putar pawru aꞌe pe zane nehe uruꞌe urezeupeupe taꞌe pawru uremono kar wenataromo kanuhu pupe aꞌe xe taꞌe iho wer ywy rehe aꞌe xe aꞌe rupi oho ywy rehe axoz taw pe kury ure oroho aꞌe pe kanuhu pupe ure uruawaxi aꞌe pe huwaxi mehe urumuixe kar kanuhu pupe kury aꞌe wi oroho ipupe te mixiren taw pe kury,Guajajara
10284,weryrybo rehemynyore tai tahe ijadoma mahadu ele rihynymy ryimyhy tehemynyna riiraomyhyrenyre iny sohoji sohoji heka toosona riwyre iximynamyna,Karajá
22402,kixoku ivokeovo ne etevaum kamone'e yuho etevaum neko tutihiko judeu yupihovo koeneoxo imaikinovahiko koane ngarututukexea oe,Terena
10877,tahe txusohojimy raaomysydyyre tahe iratyre rotakremy ixi‑di rohotinyre tahe tule riowynyra iwese ijo riowynyra weselemy  womati nieru sohoji sohoji wahe tai tahe rimyre nieru urile tamy rexibinanymy rarybere:,Karajá
7573,—‍jesus'ga mbogwerava pe tupana'ga ei no gamanoa'jave'yma pe ga ei no ei ga igwete tupana'ga ei: “amombyry po ti ji pe me nehe” ei ga “pyryheteva'ea ji amombe'u davi'ga pe hako a'itituheva'ea a'ea po ti imombyryvagwama pe me nehe” ei tupana'ga jesus'ga pe ei ga,Kagwahiva
14310,jesus itaybit apen kawenwen ip iam imenpuye o'jekawen cebe ip — ite mukoremrem gu bit cuy epe'e — io'e cebe ip — xipacan ma teku o'e owebe apenpuye eyetakoma ite kay eyetakoma gu juy epesop cekay — io'e jesus cebe ip,Mundurukú
10919,tamy bodoibedenyke tii dori manairuhyky wese rare heto tira widyydu kia mana‑di rehura tahe deuxu dee kia ixitarasanamy rare awimy heka tai rahare kaiboho tule mana iruhuky wesemy toimahate heto obiti wesemy aijoreny‑di kanaijedyynydenykemy xiwena wedu mahadu obitimy boibeke deuxu dee wina xiwedyyna obiti biwinybenykemy jesuisi kristu wowydynamy,Karajá
17584,enore atyo waiyexehare exahe xalijinihare tehitiya kaxirikotyakehenerenae xahita atyo xalijinihareta hoka waiyexehareta atyo xihiye hekoiya enawaiyexehare xema xisaona hoka waiyeya mota mene xiso mahaiya hoka irikotya tehitiyaiya xiso,Parecis
12615,—inna moriya atiti —taꞌpi jesusya toꞌ piꞌ miriri yeꞌnen inkamoro oꞌmaꞌkon epaꞌkaꞌpi warayoꞌ yapai moropai toꞌ ewomiꞌpi porcoyamiꞌ yaꞌ tiise miriri pe ri porcoyamiꞌ ekaꞌtumiꞌpi irama yai toꞌ eꞌsorokaꞌpi tuna ka moropai toꞌ eꞌtiꞌkaꞌpi tiinaꞌse,Macushi
5261,xeayvuague rami vy pei ata rire xee voi pendere apena pora ꞌra jexavaia ara yvy jave re joeko aꞌaara ou vaꞌe gui,Guarani
24817,chaynutacmi chinicusha ‘nicolaitas’ nishanpa yachachicuynincunacta atichicunatapis cunsintiyalcanqui,Urubu-Kaapor
23006,mɨsa kɨɨre masitisa' yɨ'ɨ purika masi' yɨ'ɨ kɨɨre masi wee' niigɨ mɨsa weero noho nii soose pihagɨ nii boosa' diakɨhɨta nii' yɨ'ɨ kɨɨre masi' kɨɨ dutisere wee',Tukano
22373,yoko koati vovoheixokunemaka yanekoyoke uha koeti uti vitukoti koekuti vaha vitukea uti xane pahukovoti vitukotimaka koekuti pahukovoti visoneu vaha vitukea vo'okuke ne kixovoku uti mani motokeati pahukopeokono uti ipihoponovokutike kuteati koeku uha koeti po'inuhiko xane,Terena
2619,kakiti sakire txari: “pao atikaakari axapitiri ipani iuaritika iatikakakiti itori ipe” iua atokokana atika maerekati kamakari xika kaiaopokori kakiti kamari maerekati,Apurinã
23980,a'tikera niikara niiwa: simao be'ro jesu kɨɨre pedro pisukɨ niiwi api kɨɨ akabihi andre niikɨ niiwi toho niika tiago joao filipe bartolomeu niikara niiwa apera mateu tome  alfeu makɨ api simao wametigɨ zelote kurakɨhɨ niikara niiwa api juda  akabihi niikɨ niiwi toho niika juda iscariote be'ropɨ jesure kɨɨre i'ya tu'tirapɨre o'oakɨhɨ ke'ra niikɨ niiwi,Tukano
7894,jesus'ga ombojipe'a anhaga ahe hugwi a'ero jesus'ga hoi cidade de cafarnaum me cafarnaum oko galileiapeve'ga gwyri pe pevo ga ga mbo'ei sabado rupi gajatykahava pype,Kagwahiva
16001,nxe³­sxa³­ txa²­wa³­ta³­nau³­xai³­ nxe³­ha²­kxai³­ wan³­txi³­khai¹­xa²­ e³­yah³­lxin¹­kxai²­nan²­tu³­ wan³­txa²­ e³­yah³­lxin¹­jau³­xa²­ i³­yxo²­xun³­yah³­lxi³­txa³­he¹­la²­ nxe³­te³­nah¹­lxi¹­: — ya²­la³­lai²­la¹­wi¹­ oh³­xan¹­jah¹­la²­ i²­sai¹­nha²­kxai³­ ya²­la³­lai²­la¹­wi¹­ ta³­nxa²­: — ya²­la³­lai²­la¹­wi¹­ yuh³­xan¹­jah¹­la²­ i²­sai¹­nha²­kxai³­ ya²­la³­lai²­la¹­wi¹­ ta³­nxa²­: — ya²­la³­lai²­la¹­wi¹­ a¹­thun³­jah¹­la²­ i²­sai¹­nha²­kxai³­ ya²­la³­lai²­la¹­wi¹­ nxe³­jau³­xa²­ a³­ye³­yxo²­nu¹­nxti³­ju³­tan¹­te²­kxa³­yau³­kxai³­lu²­ nxe²­ e³­yah³­lxi³­txa³­he¹­la²­ wan³­txai²­li²­ ya²­la³­tu³­kxai²­nan²­tu³­ hai¹­sxa³­ i³­ye³­in¹­te³­nah¹­lxi¹­: — nxen²­na³­li¹­ ya²­la³­lai²­la¹­wi¹­ ta³­nxa²­ ya²­la³­tu³­txa³­kxai²­nan²­tu³­ e³­in¹­te³­nah¹­lxi¹­: — nxe²­nxa³­wi¹­ ya²­la³­lhxa³­wi¹­ nxin¹­jau³­su²­ nxe³­jau³­xa²­ so¹­lxi³­ e³­jah¹­lxi³­he¹­la²­ txa²­wa¹­su³­na²­ ko³­nxe³­ti³­ i³­yi¹­li¹­nxti³­kxa²­yan³­txi³­sa²­,Nambikuára
12618,uutiꞌpi pataꞌpi yaꞌ uyuwayaꞌnikon kupi siriri tiise uyeporiyaꞌnikon pepin moropai uupia attikon eserike pra awanikon niri —taꞌpiiya,Macushi
10917,jesuisi kristu juhuhyy raremyhy deuxule rarehare deuxururu tahe rimyohyyre,Karajá
13035,pa yeyox te: —‍tikmu'un 'a' ka'ok'ah pa topa mun ka'ok xexkah nuy tu hapxopma ka'ok xe'egnag kaxiy,Maxakalí
16825,nxe³­jutsu²­ ha²­kxai³­ ih¹­nxe²­ kai³­a¹­lhon³­ku²­ nxa¹­nha²­wa²­ yau³­ha¹­li¹­ e³­a¹­tu¹­wa²­ txa²­yau³­ka³­txai²­na²­ wan³­txa²­ yau³­a³­xa²­ e³­i²­ txa²­e¹­nau³­ai²­na²­ wan³­txi³­khai³­xa²­ e³­i²­ na¹­tu¹­wa²­ te²­ya¹­nxe³­sxa³­ txa²­yau³­ka³­txai²­na²­ hain³­jau³­xa²­ yau³­a³­xa²­ hai³­ni²­ txa²­e¹­nau³­ai²­na²­ hain³­jau³­khai³­xa²­ hai³­ni²­ na¹­tu¹­wa²­,Nambikuára
15323,pꞌooj ub pꞌop haga do kyy kerih do ha kaherꞌood dak paah rahꞌyy kaꞌeeh do hyb nꞌaa judah buuj nadoo do sii he da baad rabahado padeek da pꞌop haga do matym go hahyy da kristo ky nꞌaa hanam do pꞌop haga do kyy kerih do herꞌoot paa abaraam ha: “a hyb nꞌaa ne da sahonh he badak hahyy ha habong do ky nꞌaa kedeng da” nang kerih doo,Nadëb
1687,na ka htem me papytar xwynh pahihti jejus kris kot ri amnhi nhipex o apa ta ker ka me ari hkot amnhi nhipex mex raha ho ri apa ne hkot amnhi xunhwyr tyx ne ker ke amnhi ta me apumu ne memoj to me akuta nojaret ne krisja mex o mex ne hihtyx o hihtyx ta ker pu me kam mex o mex a man harenh raha ho ri papa ta am ja pix ixpe simaw petre na pa a me ama ja ha kaga ne me awyr menh ane,Apinayé
7651,omoakyakyma'ja amana yja ko pe pyryva'ea henhui jugwi gworygworyvamo kohoa jara'ga remityma a'ero ga i'ui gwemityma gworygworyvamo a'ea pe yjakatua pe tupana'ga imombyryvi yjakatua – kiroki a'ea hugwi henhui pyryva'ea – a'ea ja ko ga – kiroki ga ojiko hete tupana'ga rehe okopige'yma ganhi'iga rupi okopyryvamo ga pe ga pe ga imombyryvi omoakyakyma'ja amana ojipea yja ko pe no ndapyryviva'ea ki a'e te henhui jugwi hatiava'ea hajiheva'ea pavei a'ea kohoa jara'ga ndo'ui nura ga ei: “ite'varuhu yja” nambegwei ti ga ei tokai ti nehe javo a'ero ti ga imbokai nehe yjate'varuhua – kiroki a'ea hugwi henhui ndapyryviva'ea – a'ea ja ko ga – kiroki ga nohendukatui tupana'ga nhi'iga okoe'yma hupi okopyryve'yma ga pe nambegwei po ti ga imondoi hahyva'ea ga pe nehe,Kagwahiva
9877,henonde-rupi ereho-ta eremombeꞌu-vy nhande reꞌyi kwery-pe “nhane resendehara ou-tama” ere vaꞌera ereho-vy “nhane rembiapo vai omboyke-vy ou-ta nhane mopyꞌa poti-vy ou-ta” ere vaꞌera ereho-vy eremombeꞌu-vy heꞌi —nhandejary renonde-rupi eremombeꞌu-ta hembiporavo kwery-pe —“nhandejary heko pora tee vaꞌe oiporiahuvereko kwaa vaꞌe nhande poriahuvereko vaꞌera voi” ere vaꞌera hese “nhande rayhu eterei-gwi ombou-ta yvay-gwi nhane resendehara nhane moaranduhara” ere ara hesegwa nheꞌe eremombeꞌu-vy —“nhande reꞌyi eꞌy resapehara-rami ave upe ou-ta vaꞌe haꞌe kwery pytu mygwa-rami oiko oikwaa eꞌy vaꞌe nhandejary-rehe ogwerovia eꞌy-gwi ixupe omano rire onhehundipa vaꞌera oikwaa uka vaꞌera ixupe kwery nhandejary remimbota oiko pora hagwa hendive ombou-ta nhande-vy nhane resendehara ohexa uka-ta nhande-vy nhane rapera nhane mbopyꞌagwapy hagwa inheꞌe-rupi jaiko hagwa” upe nhandejary nheꞌe eremombeꞌu meme-gwi heꞌi vaꞌera nde-rehe: “nhandejary tupagwasu vaꞌe nheꞌe-py omombeꞌu vaꞌety tee voi” heꞌi vaꞌera kente kwery nde-rehe heꞌi zacarias nheꞌe marangatu tee vaꞌe omohynyhe ixupe ipyꞌapy upea-rupi nhandejary omeꞌe inheꞌera omombeꞌu hagwa gwaꞌyry rekora omotenonde hesegwara,Kaiwá
17173,— awa atyo ximairehena xasemehena xaisakakoati nemahare exahe xaisakakoati tahi hoka tyotya hatyoharenaite kaotyaka xakore hoka maisa atyoite imiyanaosehenere hahotyalihare ite xane hahotyalihare kakoa aisakakoahena hakoatare ite xane hakoatare kakoa aisakakoahena haiyanae koaite waikohe tatakoahena nakitite tyaohena,Parecis
14977,kapikpik'ukat jekapikaptei bubum imenpuxim ikereat mujurugrug'ukat deus wi wuy ma jeenuy je'u buje ixe wi wuy ma jeenuy ikereat o'gujurugrugiap teim — soat em oxe eyetait epesop — i'e'em deus wuywebe bit wuykukukat jesus cristo eju mug'i wuyju jekukum puyesoat em ixe xe wuydopap tei'umat co'i kapikpig gu wuyju iboap pu am tei'uma deus iumum wuywebe,Mundurukú
8032,demas vy isovanh ky vyr epra venh jykre han sor ti ni ha ky tog isovanh ky tessalonica ra vyr crescente vy galacia ra vyr ky  vy dalmacia ra vyr  vy inhha inh mre ni ni  pere katig ti ty inh ranhraj han je tag to tog tar ni tiquico jene inh ti ty efeso ra tig je,Kaigáng
1494,—no me kot ixkaper mar ne am mar xwynhjaja te me kot meho kot amnhi kukama hamaxper mex ket ne htyx mor ne go myri gyw rerek kam amnhim orkwy nhipex pyrak koja memo arigro ha orkwy ha kok xaper tyx ne na wryk rax ne ne go htam ne hanhi ne kep granh pa jakama koja meho ixkot amnhi nhipex ket ne te kot a kot amnhi nhipex anhyr xwynhta pyrak jakama kwa me ixkaper mar tyx ne hkot amnhi nhipex raha ho ri apa te meho aptyx kam orkwy xam xwynhta pyrak ane,Apinayé
17726,himaotyanehetehena iniyalahare wisomitereharenai haiyaharenai iniyalahare mohenere wiso wimaotyanehititere akereta hoka awa atyo hahalakihena wiso hoka wikahasakaharetyakehena xexa — nexa,Parecis
9502,orohasa asy pende-rehe ha-py oroikwaa uka hagwa pee-my hesu cristo rehegwa nheꞌe pende retave tave hagwa pejerovia-vy hesu-rehe upeixa ramo oi ara hetave tave ojerovia vaꞌe hesu-rehe “atima xe jary” heꞌi meme ara hikwai hetave tave oi vaꞌera omombaꞌegwasu vaꞌe nhandejary-pe,Kaiwá
11379,ikaꞌaranuu kwai maꞌe ꞌga neko tyweawam ikaꞌaranuu kwai maꞌeramu ki peapyaka jejeꞌeg are pee mu ꞌawamu ikaꞌaranuu kwai maꞌeramu futat numiamu aꞌere nepeenuwi jarejuwarete ꞌga porogyta aꞌeramu nipo pee anure pejekou tywet peꞌarasiga nipo pe nerekou pejeꞌarasiga nipo pee erajaaꞌwau erajemogyau,Kayabí
20580,ahabariktsa sesus humo sispirikpobyitsa tu isty arek ahabyi zeka deus ahahumo mysisapywyky ahatuk mopykyryknaha humo deus mysisapywyky iwata sesus sispirikpobyiza tuze tahabariktsa tuk mopykyryknaha iwaze deus ahahumo mysisapywyky iwa byizeka ahahyrytsa sispirikpobyitsa hyrytsa watsa batu ba ahahyrytsa niwatihi deus hi mysisapywyky sesus humo ahaspirikpobyitsa tu tsimypykyryknaha humo mysisapywyky hy,Rikbaktsa
3881,aizepanromo aga koenda lela itaunga - jesus aguely: — tutuzela amaemo moises inweniby: “awynenimo lela iwynedaunga awynedanrymo kajiwynedaunda” kely myakawandy inwenily ura ola wara ayanmo auguely awynedanrymo aga koenda lela itaunga ataen-homo mainwyneguylymo aga matomo ara anguyla inakanhe aedylymo watay inakanhe aitobyry waga deusram ekadaunga eaga koenda lela itoem koendonro mawanka deus tynynonro modo aga tynynabanro modo aga alela xixi tohobanaze mawanka koendonro modoem inakai modoem alela kopa tyihugueanze lapyla tainwanni modoem tainwantanry modoem alela awylygue koenda lela amaemo ataen-homo aduerymo alela aga-ro watay deus kaynonro xuraem kuru mawylymola maenehonlymo agamo koendonro aga kulela koenda mawylymogue “deus koendonro kuraem xuduze koendonro kydawylygue” takewazeba itaunga adyem itaymba awara asaemo dinheru impostu epywadobyry emakewani modo tataen-ho modo aga koenda lelamo lapyla awylygue ara amidylymo watay akelo modo takaze amidylymo makeba,Bakairi
11714,oporogytapaw ire ꞌga afuꞌama awau muapyra ꞌga pyri aꞌere ꞌga seri ꞌupa aꞌeramu ꞌga ꞌjau pedro ꞌga upe: —peset te pejejupa pejejeꞌega te nepemonoiꞌi jarejuwarete ꞌga upe je pyri aꞌeꞌjaꞌwiramu miamu sipo nepeporogytai jarejuwarete ꞌga upe— ꞌjau ꞌga ꞌga upe —peser awi peporogyta jarejuwarete ꞌga upe aꞌeramu pee pejefuakaramu mamaꞌe tywera apoweꞌem kasi aꞌe pe nepefuakari ne aꞌeramu pee mamaꞌe tywera etee iapou ꞌga upe ne nepeparuapoweri agawewi nipo mamaꞌe tywer are aꞌetea nipo peapo ꞌga upe pejeporogytaweꞌem ꞌeramu mamaꞌe tywera etee futat peapo pejekou— ꞌjau ꞌga ꞌga upe,Kayabí
24611,ashwanpa wanupaculcay paypa gubirnullanchu canayquipa jinaman munayninchu cawsapacunayquipapis jinaptiqui'a lluy pishipaculcashayquitapis uycalishunquim,Urubu-Kaapor
14854,— on gu apen en e'em ixe bure gu on — i napa ma o'e pedro soat ya'ijojom pima,Mundurukú
22754,konokotimaka exea kixoaku ne ihae ovoku koane exea kixoaku koexokexea ne xe'exaxapa saya'ikoati koane ihikaxoati itukeovo teyoti po'i xane vo'oku enepone hoyeno akoti exa kixoaku ne ihae ovoku akomo kalihuina exea inuxino xane imokovokutike,Terena
4283,hemyrypar heremiamutar wa pekwaw ko maꞌe aꞌe rupi pemeꞌegatu nehe aꞌe rupi aze aꞌe purumuꞌe maꞌe ur pepyr wa nehe pezeruzar zo wanemuꞌemaw rehe nehe aꞌe rupi napezypyrog wi kwaw ikatu ꞌym maꞌe iapo pa nehe aꞌe rupi pepyta putar tupan pyr tuweharupi nehe nuzepyk kwaw penehe nehe,Guajajara
22946,itikapu motovati hokeokono kixoku itukeovo ya uha koeti koekuti enepo ihikexa yexakapu akoyea itikaheapu yuixovotimaka itukexeokonoke akoti okomohi,Terena
17123,jesus kaxoseheta hinamahare maxoseharenai hatyaoseta jiyehenahitiyaha wenakalati jerico nalita hoka kahare haliti xane jesus xema,Parecis
7229,kiro mariahea hoi jesus'ga pyri a'ero ga repiagame hea ndurugi gwenypy'amo gapya pyri —‍jesus ei hea avo po nde rekoi raji'i hamo a'ero po jikuvyrava'ea nomanoi raji'i hamo ei hea ga pe jesus'ga gwepia heajehe'oa gajehe'oa reheve – kiroki ga uhu hea rupi omynhete gapy'a a'ero,Kagwahiva
21152,miꞌi hawyi atipy piat toꞌe uhepe — iuwau e etiwan no kat som areꞌe epe hap koꞌi e katu­pono tupana e hap ahenoi epe — waku raꞌyn uhaꞌyru eharyꞌi hap eꞌat e mesup atunug ienuk hap imotypot hamo e uhaꞌyru eharyꞌi hap motypot hap ienuk hap kape woro­ho­ꞌo­kaykay wen maꞌato yt ehewaku hap kaipyi i woro­ho­ꞌo­kaykay eipe e woro­ho­ꞌo­kaykay uhaꞌyru eharyꞌi hap motypot hap ienuk hap kape woro­ho­ꞌo­kyꞌe kahato pote e woro­ho­ꞌo­ꞌairo uimi­poi­tyro koꞌi uhegyiꞌat pote e tupana e,Sateré-Mawé
18479,ariabinirina oadani cristo-ra avakaijokavini-ra akava'ipahinirihi cristo-ra avakaijokabiininivini fori hini oniani ida cristo ipohina haria nihaja bana,Paumarí
18453,oniaroa kidika'da'dia bini'aha: “ivani honai abono jahaki i iakadava'ajahakiki hida ira ono'avini hi'iki jiniro pa'itxi-ra iakadava'ajahakivini mani ida kodinahina karaho-ra iakadava'avini maina-ra ovahonariahivini hija bana khai ini'a kodiania kodibadania ikabadanijahakini mani ida kodinahina-ra akavapitavini hija”,Paumarí
11626,kwaiwete ꞌga ojekyita ꞌga newiri awau —siesak ꞌga jukaa ꞌjau— ꞌjau ꞌga ajaupe aꞌeramu ꞌga ojekyita ꞌga rewiri awau kujamera ꞌga nane awau jejui ꞌga rewiri awau ꞌga ajaaꞌwau ꞌga ree: —esage maꞌe kia janepytuna ako kia okatuꞌok aiꞌi aꞌere wa ꞌawamu kia rerooi ijukau— ꞌjau ꞌga ajaupe ajaaꞌwau ꞌga ree,Kayabí
10127,kiamy roholareu paulo banabe‑wana tatykyreny riykaranyre idi rihurenyre tahe ralomy reare inysowey‑txi rarybekemy,Karajá
13271,hamyummug xe'e' piya' xip tikmu'un te hamyummug 'ok xip 'axop kopa' puya hapxopma max tu yay mun kutognag pe'paxeh nuy hamyummug xexka',Maxakalí
23463,kɨɨ toho niika tɨ'ogɨ tii di'ta ko'tegɨ a'tiro yɨ'tikɨ niiwi: “yɨ'ɨ wiogɨ a'ti kɨ'ma di'akɨ dɨ'a nɨ'ko ni'iya yuhupɨ yɨ'ɨ tigɨ sumutoho di'ta ayuro se'e kuu noha tuu ya'agɨti wee' toho weeka ape tero weero dɨkati boosa' dɨkatitika maa paa ko'a dutiya” niikɨ niiwi nii werekɨ niiwi jesu teere toho niigɨ masa naa dɨka yuuka ko'te ni'igɨti yuhupɨ maata bu'iri da'resome niigɨ toho niikɨ niiwi,Tukano
13549,xate yaykix'ax 'apak putup ha tikmu'un te xa yaykix'ax 'aktux putup ya 'akuxanog hok 'uyaykix xexkap-tup paya 'a hamyaxatamuk xohix xox putox'ah ha hapxexka 'um yog xonat xop te hapxexka noy yog xonat mutik yaykix putup ha' hep xop te' hep xop noy mutik yaykix putup ha ham yaynuhuk putup xix hamhognag ha putup te tikmu'un kix putup,Maxakalí
26719,nhym kam djuda arym tamarema pereme djera ar adjuw pereme djera ar adjuw nhym ar arym apox apox ne arym abatanh ne ar ba ar ba: nhym kam pere arym ero dji ero dji nhym arym kato katon kam arym abatanh ne ar ba ar ba:n kam arym arao dji arao dji nhym arym kato katon kam arym abatanh ne ar ba,kayapó
19998,os fariseus e alguns dos mestres da lei vindos de jerusalem reuniram-se a jesus e viram alguns dos seus discipulos comerem com as maos impuras isto e por lavar os fariseus e todos os judeus nao comem sem lavar as maos cerimonialmente apegando-se assim a tradicao dos lideres religiosos quando chegam da rua nao comem sem antes se lavarem e observam muitas outras tradicoes tais como o lavar de copos jarros e vasilhas de metal,Portuguese
19662,este homem porem que nao pertencia a linhagem de levi recebeu os dizimos de abraao e abencoou aquele que tinha as promessas,Portuguese
14102,dinheiro kay jija gu juy epesop — on pit jeyiwat gu- -pug em tak ka'uma — i'e'em deus wuywebe — on pit jeyepere gu- -pug em tak ka'uma — i'e'em wuywebeimenpuye eycokcog cuy epesop ajo eyju ikugiat kay imenpuye wuya'ocam cuy ajop — wuykukukat wuybuywatwan soat em — i juy ace warara'acat pe ipararaayu be — wuypararam gu juy ajeku — i juy ace cebe ip — ijodiat o'e gu kuka wuywebe — i juy ace cebe ip,Mundurukú
8384,kar ky tog copo vag mu ge sir vinho ty ki jen ky to tog tope mre vi mu ge ag my copo jun ky tog: “ha kronkron” he mu “inh kyvenh ha ve” he tog vinho to “inh kyvenh ty venh kar jagfy kuten ha ve sy venh e mre venh jykre tag han to ke ha ve ha vy ty inh kyvenh ti ni inh kyvenh tag to tope vy ajag my venh pate fon ke mu ajag ty ti vi mranh ja ti” he tog,Kaigáng
24220,ma juntunaculcashayquichu lluy chalapacucunaca juc limaycunachu limayalcaptiqui mana yacha utac mana chalapacu yaycapamul ima nipacushayquitapis manach tantiapacun'achu jinal manachun “caycuna lucusham cayalcan” nipacun'a,Urubu-Kaapor
13596,yumu'ate hamyummug nom yonna'i xop tu' kokon tu' xuy 'un tek-tok put putup tu' xuy tu' kokon ha kaxiy yonna'i xohix xuy pu topa' hittupma',Maxakalí
21302,saꞌa­wyꞌi paꞌiria teꞌe­runuk kahato aihuria aimiium tupana piat ete taꞌa­tuwuk tupana kape turan taꞌa­tuhep ipuꞌi kaꞌa taꞌa­tu­miꞌu wo maꞌato aito iesui mohey haria wetup auka hap kaipyi watenuk yt mesu­wa­rotiat aiꞌy­wania tupana yat sokpe kawiat piat ewy hin i aimiꞌu maꞌato poꞌog poꞌog wakuat aihu aimiium saꞌa­wy­ꞌi­wuaria kai katu­pono aihu pakup aimiium ti iesui piit saꞌa­wyꞌi aitoria waterut kahato aihuria tupana motypot yat kape imotypot hamo itote ahepaꞌi akag tiꞌauka aimierut tupana motypot yat sokpe kawiat okenꞌy­pyke hawyi tote­reke aihuria suu tupana yat sokpe kawiat pe aiminug saꞌag moweityk hamo aiꞌa­piheg hap monik hamo miꞌi hawyi mekewat aihu piit taꞌa­tue­reto pya aiꞌyat kai iwuk hamo paꞌi tioto,Sateré-Mawé
17379,iraisahotyahitaha tyotya hatyoharenai kawenatyakehenere tahi,Parecis
24102,rasunpa diosmi willacuyninta amcunamanpis lluy chalapacucunamanpis tantiaycachiywan sirbinapa cachaycamala,Urubu-Kaapor
9816,ore ae yma ete gwive orohasa asy voi ore vareꞌa meme ore yꞌuhei ave ituja-ma ave ore ao ore nupa nupa oroiko-vy orova rova vaꞌe ore ore roga eꞌy vaꞌe voi ore,Kaiwá
6003,niɡina ane dotaɡatigi eledi ioladi ane daɡa jowooɡotaɡa inioka yotaɡaneɡeteda aneotedoɡoji ayotaɡaneɡetiogi oko igaataɡa aɡica ane yowooɡodi aneotedoɡoji liwigo yajigote lixakedi me eetece niɡica analee daɡa ikeeteda aneotedoɡoji pida niɡina ane yatemati lowooko aneotedoɡoji yotaɡaneɡetiogi oko odaa jeɡeo modatitetelogo ǥoniotagodi codaa yajigotiogi mabo laaleɡena codaa me nocaɡaneɡetiniwace niɡina ane dotaɡatigi eledi ioladi beɡepoka dinaxawa mepaanaɡa eyiwaɡadi ǥoniotagodi pida niɡina ane yatemati lowooko aneotedoɡoji baɡa yaxawa iditawece loiigi aneotedoɡoji mepaanoɡoyiwaɡadi,Kadiwéu
1275,hamri nhum simaw petre me panape wa me kam ujarenh pa hamri nhum xiakre wa hpanha kanhma xa ne me kam kanhma ihkra pe ne me kam: —e pa ijaxwyja me ama ixkaper ka me inhma na na pu me ra simaw petre kaper ma tirtum kot wam amnhi kaxyw ijaew ket xwynh kwyje renh a me harenhja pu me ra kuma,Apinayé
18608,oniaroa vanana'dohihahavi'aha: —deus kaisai mani i —a'onivani deus kaisai ohina-ra avakahiki a'oni — va'ora ni'aha ada jesus,Paumarí
3748,emetybyem tynynonro modo ingasedyly akaemo ewy doze lela induakely aituo eyanmo aguely: — aduakelymo ywaga amyguehomoem — kely,Bakairi
16039,nxe³­nxa²­ha¹­te¹­ je³­su²­jah³­lo²­su²­ te²­kxai³­lu¹­ ye³­han³­jah¹­lai²­na²­ a²­hxi²­ki³­kxai³­lu¹­ hxi²­ki³­sxa³­ te³­sxa³­ ha³­lo²­a²­ sxi²­yhe³­na²­ yxo²­tu³­ka³­nau³­a¹­ a³­nxai³­ya³­ta¹­hxai²­he¹­la²­ nxe³­sxa³­ a²­ye³­na²­ ye³­han³­jah¹­lai²­na²­ a²­ye³­na²­ txa²­wa¹­yxo²­ka²­si¹­yhau³­xa²­ wxa²­ye³­wa³­la³­kxain¹­ka³­tu³­ a²­hxi²­ka²­ wxa²­wxai³­ain¹­ka³­tu³­ i³­ye³­kxain¹­te³­nah¹­lxi¹­: — ih¹­nxe³­ju³­ta²­ i²­in¹­ji¹­wi¹­ je³­su²­jah³­la²­ ta¹­hxai²­he¹­la²­,Nambikuára
25796,ta hawi te dure tineb zahure rowa'u'u na uba'renem na dame tawamha apa ma to aimasisi zahure atizotiza u siriza na danhipti'a nho'omo nhisi ama timori na te te isana'rata zahure zeb u ta hawi neb zahure o re ma to paru nori ama tamreme zusi ni 're ihaimana u'asi mono ma te te tama 're romhuri we zahure mono da te te 're pawaptob u'asi zahure mono da ma to ama tamreme zusi ni atizotiza hawi neb zahure o re te te dama 're rowahutu zahure mono parimha ma to apa aimasisi zahure,Xavánte
26681,nhym kam me aerbe me ipokri kajma dja nhym me kuni arym omu nam kajma djan ikwa dja myn ma o katon o te nhym me krapti kam no tyn kumex ne abenma kum —‍myj me'o got myjja mex ja'o pumu arkati anen amim —‍e arym ne djam mramri o mex nhym mranh mexja pumu mramri ne kabenkumrex djam kute me axweo biknor ket got mramri kute me axweo biknorkumrex ga kute kam me'oo mex nhym mranh mexkumrexja pumu metindjwynh mexkumrex ane mramri ne jeju kute me axweo biknorkumrex me kute ja mar kadjy ne jeju arym me'o jakryo mex tam ne ja,kayapó
4105,aze ruꞌu teko uzypyrog putar uzeꞌeg zemueteahy pa zaneremiapo kwer rehe aꞌe wa nehe aze ruꞌu upytuꞌu putar tupan aꞌuaꞌu xian her maꞌe imuwete re wa nehe no upytuꞌu putar ruꞌu hapuzuhu imeꞌeg kar ire aꞌe wa nehe umumaw putar imuwete katu haw aꞌe wa nehe no taꞌe kwehe az ywy rehe har paw rupi katete umuwete katu tupan aꞌuaꞌu xian her maꞌe aꞌe wa xe amogwer ywy rehe har aꞌe wa no umuwete katu aꞌe wa no upytuꞌu putar ruꞌu imuwete katu re wa nehe iꞌi neme amogwer wanupe,Guajajara
6346,joaniɡidiaa paon ane dinikatini icoɡotibigimece ditibigimedi aliciagi niɡijo paon anoyeligo jotigide ɡadaamipi igaataɡa aɡaleeɡica me newiɡa pida niɡina ane yeligo paon ane ee biɡidiokaanaɡa limedi me yewiɡa”,Kadiwéu
5984, — mbaꞌeta petei-tei tata rupi peaxa vy omoeꞌe mbyre ꞌra pendekuai,Guarani
22098,yane kousokovone yuse ukeane piho ya yoti ikoho'ixoati ne kalivono yoko eno ya ejitu,Terena
12783,iniꞌri jesusya taꞌpi: —aꞌki uuri manaꞌta carneiroyamiꞌ ewontoꞌ warainon tiaronkon iipiꞌpi urawiri paapa maimu pe pra tiise amaꞌyeꞌkon iipi waranti carneiroyamiꞌ anamaꞌrunpapai amaꞌyeꞌkon wani waranti pemonkonyamiꞌ yakaꞌmapai toꞌ waniꞌpi inkamoro yenkuꞌtii tiise paapa pemonkonoyamiꞌya puꞌkuru toꞌ maimu eta pra awaniꞌpi uuri wani manaꞌta waranti pemonkonyamiꞌ man carneiroyamiꞌ waranti uwenairi aniꞌ ewomi ya tipiikaꞌtitoꞌ ton eporiiya iꞌ ton pra awani pepin mori pe eewomi moropai eepaꞌka tiiwanmira tekkari ton eporiiya amaꞌyeꞌ wani carneiroyamiꞌ anamaꞌrunpapai toꞌ yamaꞌrunpaiya moropai toꞌ tiꞌkaiya miriri waranti pra uuiꞌsaꞌ uuri uuiꞌsaꞌ siriri enen upemonkonoyamiꞌ koꞌmantoꞌ ton tiise mori pe toꞌ koꞌmantoꞌpe siriri tipose tiikoꞌmamiꞌpikon yentai,Macushi
2410,xesosi sakire mauiakati nirekiniari itakanapiniri itanoro oa auiritariko isini xesosi sakire mauiakato nirekiniari otakanapiniri oitaniri iua auiritaroko osini ikara atoko ininia ninoa sikakapeekaika ikara atoko ininia erekari kotxi teoso inirekari aneenamauatini ikara xika pite itanorotxi pimarotatari atxiiti pitaniri auikari xesosi sakire imaerekani makatxakiko ikapani xesosi sakire pisapiretakasaakiri iua pite itaniritxi pimarotatari atxiiti pitanoro auikari xesosi sakire omaerekani makatxakiko xesosi sakire pisapiretakasaakiro oa,Apurinã
19839,como voces podem crer se aceitam gloria uns dos outros mas nao procuram a gloria que vem do deus unico,Portuguese
11512,pe awi janeruwarete ꞌga jeꞌega renupareꞌema ꞌga nereko tyweara ꞌga ꞌua uema ꞌga naitya waparasigamu wenyfugamu ꞌga naitya ꞌga pasiꞌa ꞌarimu imotypawa okwapa ouru apopyrera ꞌga naity motypawa,Kayabí
18304,ni-anofiki bana ida ija'ari haria akaraganahavini jiniro karaho-ra aakadava'ajahakiravinia oniani ida ariabono akava'igairivini hija anofiki hida jiniro kabadanihi-ra anasohivini asohini deua bikahija kaimoni asohini ija'aria vakahija kaimoni jaboni,Paumarí
23423,diakɨhɨ mɨsare weregɨti a'te pehe toho wa'ari kurare niira werisome toho wa'asere i'ya pe'oka'rasama,Tukano
20871,bijoikpe iknyktsa harakykbyihi sisoho nitsasokonaha kyze usta bijoikpe iknykta bo iktsa iky atahi joboni nitsatsaka mybarawy ezektsa bo deus wasania ty nitsasokoro anahumo hi zipeha abazubatsa mybarawy ezektsa bipyritsa bo nanabyitaba sihudikhudikwy ezektsa bo ityryktsa sizubaretsa meky meky watu siharere iwatsa sibo abazubatsa deus wasaniha nitsasokoro deus wasaniha humo batu pyk tawahi kytsa ihumo sispirikporetsa ana hi motsasokonaha,Rikbaktsa
4947,te ko ꞌar rehe kury uremaꞌuhez ureiwez no izemaner urekamir tuwihaw urepetepetek kar wa uruata e oroho wyzai taw pe wyzai ywy rehe aꞌe re uruata e oroho amo ae taw pe amo ae ywy rehe no,Guajajara
3098,cafarnaumda jesus xira modo aguely ata tadatadyguyho oday tienomedadylymo ume,Bakairi
1873,me kot tanhma kris a me pahtomnuj to hta kot puj me ari hkot amnhi nhipex o papa raha ty ne nhyrma ihko ha me ho amnhiptar o papa nom kot puj me amnhi kama pakahak pe me pahpe jejus kwy hket a amnhi jare ha koja jejus amnhi xwar me pahpe hkwy hket a me pajare,Apinayé
7911,tapenhi'ite'varuhui ti pejohupe penhombotegwetee'yma penhi'igatu ti pejohupe penhombopopoaka pejopokoga imombyryva pejohupe,Kagwahiva
4109,uzeꞌeg zeꞌeg kwehe arer rehe aꞌe kury uzeꞌeg wiwi zezuz wemimuꞌe wanupe — nazur kwaw ywy rehe zeꞌeg moizez pe imur pyrer imunan pa ihe nazur kwaw amogwer tupan zeꞌeg imumeꞌu har wazeꞌeg imunan pa ihe nan — peruzar zo wazeꞌeg nehe naꞌe kwaw teko wanupe ihe aruzar tuwe aꞌe zeꞌeg teko ihe kwehe mehe umumeꞌu heremiapo ram aꞌe wa hereko awam aꞌe wa azur aꞌe maꞌe iapo pa paw rupi katete ihe kury wazeꞌeg rupi katete ihe kury,Guajajara
6086,odaa iditawece niɡidi noiigitigi niɡina iiɡo ninitibigiwaji leeɡodi naɡa nigo niɡidiwa liotaka aneotedoɡoji codaa odinediatigi noɡetedi leeɡodi me ninitibigiwaji leeɡodi niɡidiwa liotaka aneotedoɡoji oditece niɡinoa notaɡa ane doɡoyemaateda mowajipatalo notaɡa anowo niɡidi noiigi me nawikodeeɡa,Kadiwéu
3569,iguewatyby modo kuraem nitombyra-ro watayma myakawam cristo kuraem nitondaymba lapyla-ro takanadobyryda negaseba wara-ro igueypyenla maka watay adyem nitaymba mainwandylymo amitaynlymo kula igueypyenla maka-ro watay inakanhe amitomobyry nygakewabyra taise deus aji tadasenagazedoanla taise mydalymo aigueduomo cristo kuraem itondybyemba watay idanara maka einwanni iguewatyby modo taise tadasenagazedoda aunloenla deus agapa ietybymoem inakanhe aitomobyry tygakezeba awylygue,Bakairi
10766,oraru rubumytxitxidyydu rare bedeywidyy oraru rurudyyna rare,Karajá
3650,kywymary jesus ize ato xutuwadaunga,Bakairi
7141,aherembirekokwerava'ea remimondoa igwete jesus'ga apygi upa gajatykahavuhua pype itambere'ia ryru'ia pyri he'yjuhuve'ga ga gwepia ga inogame itambere'ia tupana'ga pe hyru'ia pype imbateheteve'ga he'yi inogi ipype novia,Kagwahiva
12181,mori ankuꞌpai awanikon wenai awinikiiꞌnikon aniꞌya imakuiꞌpi kupi eꞌpainon aniꞌya ikupi pepin tiwin kin,Macushi
9350,upei ohenoi mita-pe ou hagwa omoi gwemimboꞌe kwery rovagwy-py omombeꞌu hagwa hesegwa nheꞌe:,Kaiwá
15199,hed nꞌaa jesus ha rahꞌyy kanaꞌeeh do panyyg nꞌaa hahyyh hajong ta metee nꞌaa jesus pehuuj ne paawa sa matym go ta wob dooh rahꞌyy kae padag ba ta ha rawen hꞌyy kanaꞌeeh isajas pꞌop haga do ky nꞌaa rod maku herꞌoot do paa kameteeh hyb nꞌaa hahyy da isajas baherꞌoot paa pꞌop haga do hꞌyyb dang do kyyh: “takꞌep hyb nꞌaa jawyk doo dooh raky dahe ba er herꞌoot doo dooh rahꞌyy gena ba takꞌep hyb nꞌaa jawyk do hejoj sa ha kameteeh doo”,Nadëb
8026,jesus my ranhraj ti vy ty eg nyti eg kar ha ky tog venhmy ti eg ty jagne to vi sor ky u ty eg my vinh ke mu vy ty eg senhor ti ni eg ty ty ti tu nytin ky ha ra eg kar vy ha kute kan ke mu kura en ka ha vemni eg senhor ty eg tar han ky,Kaigáng
19321,entao o diabo o deixou e anjos vieram e o serviram,Portuguese
4526,naꞌe aꞌe tupan heko haw pe har opoeꞌeg ywak rehe aꞌe kury,Guajajara
22440,itea enepo neivakaxa xane koati pehukovotimo hanemo kouhapu'iko pehunevo neko pahoenovi ituko'oviti emo'uke,Terena
13407,ha ximam pet te: —‍yaya 'apu 'ukpata pix xik yim xik putox kaxiy,Maxakalí
17057,xakore hoka xaxehena hoka xityakekone kakoa xaxa awa atyo ximatyakekone kakoa xaxa hiyaiya xala xamani atyo matyakekoita hoka “xoana isa xamani maisa xamani” nita hoka one kaloxere hoholati takoiyaxaitere hamaniyaxa hamaniyaxa akereta atyo tyaonita xala xamani atyo nikarexe hoka maisaiya xoare enore ijita enomana hinama maniya haxowakita ahekotya hoka maisaiya xoana xowaka waiyoreta haomane kakoa,Parecis
21136,miꞌi hawyi toꞌe i tomi­po­ꞌoro koꞌi pe — taꞌa­tukuap teran aru — kat hamoi ewetioto uruhu iꞌatuꞌe hawyi waku eweiꞌe aru — aika­ꞌiwat wyti ipuru porapꞌi eihu uhytꞌiꞌin waku eweiꞌe o ikaꞌi­waria pe e iesui typy ok tomi­po­ꞌo­roria pe,Sateré-Mawé
16932,ja¹­nxe³­sxa³­ a²­lon³­ti³­nau³­xa²­ i²­yah³­nu²­la²­ i³­ye³­kxi²­te³­nah¹­lxi¹­: — nxexjah³­wxi¹­ a³­si³­te³­sa¹­he¹­li¹­ ai³­na²­ a³­na¹­yah³­to³­hxain¹­tai¹­ti²­tu³­wi¹­ yxan¹­ta¹­ a³­si³­te³­sa¹­hin¹­kxai²­nan²­tu³­ a²­nu²­a²­ i³­kaixso¹­ja³­hin¹­ju³­ta²­ i³­yau¹­u³­nxta¹­tu¹­wi¹­ a³­si³­te³­kxi²­sa²­si¹­hain¹­jau³­su¹­ nxe³­ta¹­hxai²­he¹­la²­,Nambikuára
21648,miꞌi hawyi iꞌatuꞌok hawyi taꞌa­tu­pugha yne yara pytꞌat koꞌi miꞌu yꞌy pe aheꞌyara wato ipotyꞌi kahato pote e,Sateré-Mawé
21618,miꞌi pote atiky­ꞌesat kahato eiwo­ꞌo­kyꞌe kahato hap e eiwo­ꞌo­kyꞌe ro eiwo­ꞌope e mio ta hap ewy eweikup­teꞌen uimi­ky­ꞌesat nug hamuat e,Sateré-Mawé
3998,— aituo myakawandy araoram aguelymo moises iwaigoruram moises tara iwy sinaida atay: “xina ideusry modo xygaka; xina nhyrenkyly xina iwaunroruem itoem aukono egitodaba xina nejike tarapa ola maka iwera iwy sinairam nata xina nutuba adara itybyem awyly” kewandymomy,Bakairi
8655,eg senhor vy inh kanhran ha ky sog to mu ti jenky ki tog kute sy tonh ke tag ti ha me ver eg rinrir nyti hen ri ke mun eg kagter kan ke tu ni ti katig ken jo ky eg tog ti katig venh mu sir ha ra eg tog un kagter mu ag jo munh ke tu ni ag ha mre eg tog munh ke mu ti katig vy ge ninh mu ha me tere je tog ke mu eg senhor ti kanhka ta ky venh vi tog me ha tinh mu tope ty jene jafa ag paꞌi mag vy prer ke mu sir tope ty vakyn jafa vy me ha tinh mu trombeta en ti ky un kagter mu ag vy rinrir man mu sir jesus mre ke ag,Kaigáng
16359,ko³­nxe³­te²­ yau³­ka³­txa²­ nxu²­kwai³­li³­jau³­su²­ nxa²­ha¹­te¹­ i³­ye³­nai²­na²­ yxo²­ha³­tih³­nau³­a¹­ yxau³­son³­kxi²­nu²­la²­ ha³­lo²­a²­ ka³­ta³­re²­na³­ko³­xa²­ a³­wi¹­hain¹­ta¹­hxai²­he¹­la²­ a³­wih¹­te³­na¹­ in³­txa²­ ha¹­lin¹­jah¹­la²­ ne³­khau²­sxa³­ i³­ha¹­te²­nyhain¹­ta¹­hxai²­he¹­la²­ a²­nxe³­te²­ in³­txai²­na²­ ko³­nxe³­te²­ yau³­ka³­txa²­ nxu²­kwai³­yxau³­ta¹­hxai²­he¹­la²­ sxi²­khai³­xa²­ yu³­ya³­hxa³­ha²­kxai³­ a²­nu²­a²­ ya³­lun²­te²­a²­ sxa³­ko³­xa²­ hoh³­ya³­ta¹­hxai²­he¹­la²­ an³­txi³­khaixnxe³­jau³­su²­ nu³­kxun³­khai¹­nxe³­jau³­su²­ ko³­nxe³­te²­ yau³­ka³­txa²­ ko³­nxe³­ti³­ kai³­si¹­yha³­jau³­su²­ kai³­ya³­ta¹­hxai²­he¹­la²­ a²­nxe³­ju³­ta²­ a²­nu²­a²­nau³­xai²­na²­ yuh³­lxi³­si¹­jau³­su²­ tih³­nai²­na²­ a³­nxai³­ain¹­te²­sxa³­yu²­he³­la²­,Nambikuára
125,ynara tykase roropa jezu eya xine —emero papa kynekarone ya ritonopo mukuru waro pyra matose repe papa roke juaro mana papa waro pyra roropa matose ywy imukurume jexiryke zuaro ase ynymenekatyamo a roropa papa enepoko ase zuaro toto ehtohme,Apalaí
5252,haꞌe gui yvyra rupa ikuai vaꞌe oipeꞌaa ramo heta onhemboete ju ikyꞌa eꞌy vaꞌe oke vaꞌekue haꞌe vy onhono poraague gui oemba jesus onhemboete ju rire haꞌe kuery voi teta ikyꞌa eꞌy vaꞌe py ovae vy heta pe ojexa uka,Guarani
875,kapu ae ayhtohpyry ehtoh saaro kapu ae tooehse ywy xiaro sero nono pona typoetoke pyra sa ywy takorehmaneke pyra roropa yrome akorehmase xine oepyase orihse roropa oepyase oorypyryko epehmatohme ritonopo poenome oehtohkome tykase jezu eya xine,Apalaí
2113,kakiti iuaa auakani kenakotari xesosi sakire ninoa uakatari akirinatiniri eriasi,Apurinã
24028,natac willacuynita uyaliyal mana casucucunata manam ya'achu caraycusha cay pachaman chaypachu manamari shamula sinu'a salbaycunapami natac mayanpis jamuyal willacuynita mana casucucunata caraycul muchuycachinanpa cayannam chay quiquin willacuyllami unanchaycushan muyuncachu muchuycachin'a,Urubu-Kaapor
6078,odaa inatawece oko joɡodoɡeteta niɡijo oxiiɡodi lakeedi igaataɡa jeɡepaa yajigota naɡatetigi niɡijo eijeeɡagi ane doide codaa eledi odoɡeteta niɡijo eijeeɡagi modi “amiijo ica ane liciagi ini eijeeɡagi domigica anida nimaweneɡegi meo ane beyagitema”,Kadiwéu
22516,vo'oku enepone xe'exa ituko'oviti kristu jesus enepone koyuhone uti xepakukenoe undi koanemaka sila yoko timoti haina kuteati koeku xane “em” koeti itea ako kaeveseka emo'u koati kuvovoneti ne jesus koati kuteati “em” koeti koeku kousokea uha koeti pahoenoa ituko'oviti itukea,Terena
14764,deus pe wuymutaybitbinap tag jekukum pima bit ikereat acegujurug gu wuyaguyisum cuy ajeku kaba'um acesop wuyeweweju; wuya'opurug gu dak warara'acat ajukuk; wuymucokcokap kay aca gu gebum acesop- -warara'acat mucokcokap kay dak; warara'acat kay wuyetabotaidabotbon tak ajop; xipacat tak acegujurug; jewexe xipacat kug gu ajop warara'acat muguykuku ojuy,Mundurukú
15079,ti mꞌ gana wat do ky nꞌaa ramaa napah ba tadajep jawen paawa ta wob raky nꞌaa ejꞌees ma paw-ro ta wob ka raky hadoo: —tawꞌaats he jaam he do —nak mah —aa karen ta jawen aa mamaherꞌoot pꞌaa henh ta ti ky nꞌaa —nak mah,Nadëb
2714,xoao kapatxisareri sapiretakiti xoteo auiteakori xerosaree sitatxiti auakani iokanatana kakiti xoaomoni iokanatana sasetotxiakori iokanatana sasetotxiakori moianatakani apaka xoaomoni ipimainirina ikapani: “kinakariparai pite” kona xoao kipatari isapiretinina atao isapiretana: —teoso mereekiti kakiti iatapakiti kona nitxaua nota —itxa ininia ipimaarina: —ikara atoko ininia kiriparai eriasikani —itxana —kona iuano —itxa —teoso sakire sapiretakari aiatapakitikani atxiiti —itxana —kona iuano —itxa —ikara atoko ininia natokopa inakariparai pite ninoa ate iokanatakani nirekari imarotiniina pite natokopa inakaripa pite —itxana ininia xoao: —teoso sakire sapiretakari isaia inakori iokatsopatakiti txari: auako kiki aparaa makipakaniataa isapirenauatako itxariko: “hoeretariko kimapori apiananiri apokini apisapanika itikaapo erekari hikamako iua napini ikapani” itxa isaia iua kiki aparaa makipakaniataa kasapirenari iuakarano nota iua isaia sapiretakitikarano nota —itxa xoao pariseoakorira iokanatana ninoa kiki xoaomoni ipimaarina xoao: —iua teoso mereekiti aiatapakiti piminakanisaakiua eriasi inakori piminakanisaakiua teoso sakire sapiretakari aiatapakiti piminakanisaakiua kinirepa pite patxisatari kakiti kipaniapa pite patxisarauata —itxarina —aparaaananira nota patxisarauata hite sauaki aua kiki himimarotakiniti iuara nota tikini apokakari apiatakari iua minakati nitxaua nota ininia kona apakata napokini iua takote kona apakata ikiti mata tsapitsa nikoxirikini kotxi minakati nitxaua —itxa xoao ikara atoko xoao sapiretana ninoa xotao ipinia petania sitatxiti ipatxisarauatiniataa,Apurinã
14501,o'jojojo'ibiyu jesus e'eap o'guwenuwen warara'acayu be- -jerusalem ka beayu be,Mundurukú
23473,naa tɨ'o masitima na'i ti'aropɨ niira weero noho niima o'akɨhɨ masare ayuro weesere masitima o'akɨhɨ yeere waku si'ritira tɨ'o masitira weero noho niima toho weera o'akɨhɨ tiropɨ kati nu'kusome,Tukano
11830,—davi ꞌga remikwasiarer imu etee futat ꞌga iapoi ene te ꞌa pajeretea nitywi ꞌa ꞌga amu ene ꞌjawe aꞌetea ꞌa ene ejaꞌyra ꞌga jukaukaa ako ꞌga nupe aiꞌi eneremifutar imu etee futat ꞌga iapoi— ꞌjau ꞌga ojeꞌega monou ꞌga upe —nan futat te ꞌa erefutat rakue— ꞌjau ꞌga ojeꞌega monou jarejuwarete ꞌga upe,Kayabí
462,kyrixtu omi poe oximaro ipoetoryme sytatose toiro kuokokome samo morara exiryke oma tokehko toiro zokome ehtoh sa moro sa atakorehmako jezu poetory to mana emero porehme naeroro kueseko omipona kuahtao xine kure roke sytatose kuokoko watako mana moro sa atakorehmako sytatose imehno pyno kuexirykoke kypyno xine roropa imehno jezu poetory to mana,Apalaí
21919,miꞌi toꞌe tupana pe turan iesui taꞌam naꞌyn atipy kape,Sateré-Mawé
18907,hari mitihini okharafonisiagaha ada samaria kaaraboni kaija'arini makhira kidai hiki kania akhano'aha binavanavanaha'aha binakaidivakarahomaniha judeus kaija'arini hirina kaba'i binaaba'ihi ida deus athi,Paumarí
26956,nhym be gora amijano dja dja gar amidjwynhbit maro aban arym tu myjja karo nho mry kreno aba nok ga ren tu o mry kreno abao ren me'oo akex jabej nok ga ren me'o kute amim jeju mar rerekreja metindjwynhbe o akex jabej nhym ren ate ar ba jabej kam gora amijano dja nok ga ren o me'oo akex ne ren kam aje myjja kute me par tok nhym me rorok pyrak ga amim —‍djam ije myjjao metindjwynh karo nhipex nho mry krenkam metindjwynhbe ajma ikuten ijaxwe kati ije krenkam ajma ikute ket myjjao metindjwynh karo nhipex ne kajgo o mrydjwy ne kajgo anhyro aba aje amim anhyro abakam ne ga tu myjjao metindjwynh karo nhipex nho kikretikam ten me iko'a nhy nhy:n arym o mry kre nhym arym me'o kute amim jeju mar rerekre awyr box ne arym amim omu djam kute 'a amim karo ketma got kati dja amim —‍je ba badjwy kreno iba ane kute metindjwynh mar rerekreja dja amim anen arym kreno ba,kayapó
23586,jesu ni'kɨ po'ra pɨara yee kiti me'ra naare were'ke nii' be'ro jesu naare a'tiro nii werewi: —yɨ'ɨ ni'karoaka weresere de'ro tɨ'o ya'arasari mɨsa ni'kɨ pɨara ɨmɨa po'ratisami ni'kɨre a'tiro niisami: “makɨ yaa wese ɨ'se wesepɨ da'ragɨ wa'aya” niimisami,Tukano
26441,nhym kum —‍adjym me'o nire djam arym idjapenh'a myt box got ga ima are ane,kayapó
15914,pooj je be y ma erii wat doo pooj je be gadoo doo ajꞌyy nesaa do moo wat do hadꞌyyt hyb nꞌaa nado y wen erii wat ta ti ajꞌyy hꞌyyb reja dak do hyb nꞌaa hadꞌyyt nado hyb nꞌaa na-aaj he ta ti be y wen ma erii wat paah be hꞌyy kadawꞌuuh hyb nꞌaa be hꞌyyb baad hadoo do be meteeh hyb nꞌaa ka aa we pꞌop haga do matym go ti hyb nꞌaa dooh aa hꞌyy keton boo ba aa hꞌyyb tsebꞌee yy dooh aa hꞌyy keton boo ba aa hꞌyyb nyyw padeek ne he takꞌep aa tsebee na-aaj he takꞌep tiit hꞌyy gadajaa kan aa bahapah do hyb nꞌaa tiit wen hꞌyy gadajang be sahonh he be hꞌyyb enꞌyym do hyb nꞌaa ta ha,Nadëb
6892,liwigo ǥoniotagodi ja yadeegi filipe odaa jiɡicota nigotaɡa azoto maleeɡidaa diitigi me diniwiaje filipe idokee me yatematitedibece nibodicetedi anele anoditece jesus midiwataɡa nigotadi anigotece neɡepaaɡicota nigotaɡa cesareia,Kadiwéu
23228,toho niika tɨ'ogɨ api toopɨ kɨɨ me'ra wa'yagɨ kɨɨ me'rakɨhɨre tu'tigɨ a'tiro niikɨ niiwi: —mɨ'ɨ o'akɨhɨre ui weeti toho niigɨ mari ni'karo noho kurusapɨ wehe duti no'o'kara nii' mari purika keoro mari ya'aro wee'kere pi'eti wapa yeera wee' kɨɨ purika nee ya'aro weetikɨ niimiwi niikɨ niiwi,Tukano
20170,pauro tsiaku bo inakozore serusarehe bo tsikumunahaze sesus tuktsa myhumo sakuretsa niyziknaha iwaze byiri tu tsiaku bo tsinakozorenaha sispirikpohotsa sesus tuktsa serusarehe ezektsa anabo hi izumubanaha,Rikbaktsa
565,mame toturuse ynororo ritonopo poe jume orihpyme exiketyme ritonopo mana kapu rihpome ynororo nono rihpome roropa tuna konoto rihpome roropa ynororo emero kapuaokomo nonopokomo tuna konoto kuaoko roropa rihpome ynororo ynara tykase inenyokyhpyry ritonopo poe —epo mana okyna pyra toehse mana rue totose ahtao ritonopo nenyokyhpyry a mako etyhpyry a toepohnohtopopyryae ro emero tyriko ritonopo mana tomihpyryae ro typoetory tomo a urutokomo a tykase ynororo,Apalaí
4652,heru aꞌe numumeꞌu kwaw teko wanemiapo kwer ikatu ꞌym maꞌe aꞌe nehe nuzepyk kwaw wanehe aꞌe nehe — ne nehe ty iꞌi ihewe — emumeꞌu teko wanemiapo kwer ne nehe ty ezepyk nereruzar ꞌymar wanehe nehe ty iꞌi ihewe teko umuwete katu tupan aꞌe wa — emumeꞌu teko wanemiapo kwer ne nehe iꞌi tupan ihewe aꞌe rupi teko paw hemuawate katu putar aꞌe wa nehe no taꞌe tupan taꞌyr romo aiko ihe xe hemur kar ko ywy rehe aꞌe aze amo teko numuawate katu kwaw tupan taꞌyr aꞌe wa nehe aꞌe mehe aꞌe teko nuiko kwaw tupan imuwete katu har romo aꞌe wa nehe,Guajajara
6830,niɡijo naɡa noditicoaci niɡijo oko odaa jesus ja dakatediwece ane liotaɡadi naɡajo nigaanawaana ane yeleo naɡa dibatedigi libaaɡadi odaa ja nicooɡetedi,Kadiwéu
13570,ha pinat te' xat ha xonat te yeyox kix xikot ha,Maxakalí
784,mame tanyhtase ynororo saerema sa toehse ynororo toto neneryme emyty zemima sa toehse xixi samo zupo roropa karimutume toehse saerehkane samo toto neneryme,Apalaí
20741,iwa wastuhu serusarehe ezektsa nikaranaha — deus zipehata mozumuze batu aty tohi hana iknykta ja zikaha katsa zuba ihumo myhyrinymyretsa iwatahi batu deus zipehata my — nikaranaha,Rikbaktsa
24358,natac cawsayninta ama-pacha nica cawsaynintam apacun'a ya'a-laycu bidantapis uycucami icha cawsaycun'a,Urubu-Kaapor
4129,hexak mehe omonoꞌog putar umyrypar wamuwa wa nehe wapi har wa nehe no — herurywete heremetarer ukazym maꞌe kwer hexak awer rehe ihe penurywete pe nehe no kyn wa iꞌi putar wanupe nehe,Guajajara
1225,hamri nhum jejus ari omunh o xa kot a amnhi nhipex anhyr a omunh o xa nhum ja kam mex ne hamri ne hkot me pa ho pa xwynhje ma hare ne me kam:—e man ka menire htem muj pumu kep amrakati ne hikaxpore am kep grire hta amnhi pe or pa kwyje rom kam tirtum kinh xaj amnhi pe or par kumrex apkur xa ha hikaxpore na me hkwyjaja na htem hikaxpore hkwy ho mra ne kugje nom ari me hikaxpore rax no nhum nire nej me kurom kam hikaxpore jape hket ne ne ho oxy hket ne amnhix piita tirtum ma or pa ane,Apinayé
12310,maasa pra pena siriri piꞌ paapa eseurimaꞌpi seruꞌ pepin iꞌ kaiꞌma cristo iipi ekaremeꞌtoꞌpeiya taripai cristo iipiꞌpi miriri yeꞌnen miikiri neken yapuripaiꞌnikon manniꞌ aaipi ekaremeꞌnenan tapurii pra,Macushi
17268,hatyaoseta sorarenae xekohasehare paulo xaisoakisakeheta aoka sorarenae tyaonitere hanako nali emokonasetyaka aoka xakai maheta xoare hiyeta xamani judeunae kirawanetene hoka kawiyalijiterene tahi,Parecis
2852,kaapokori nirekiniari teoso ikara atoko inakari ikaminana ninoa teoso kamapitikari hamanaakiti kaapokori manirekakaniari hisapiretana teoso kona kamaerekaxiniretana ninoa,Apurinã
1169,hamri nhum me kuma ne piita anhipe kaxpe kam tanhma harenh to nom axpen kwym tanhma ri kam harenh to hamri nhum tee ri hpri ha kot me mar kaxyw hamri ne poristi ma ane nhum me kep pawre ho kato ne ma me apenh xa ha ixkre hwyr o te,Apinayé
8475,ky sog isy jegne jafa ag jegnenh mu ag ty tententen kynkyn je ky ag tog isy un kupreg mu ag je prenprer kan ke mu sir ga kar mi ha kanhka fyr mi ha” he tog jesus ti,Kaigáng
26445,dja nam me'o kum aminhi kure kati me kum aminhi jabe ne o kwy krenme kubekame myjja kunio aminhio djuw mex nam a benjadjwyr djwynh me baje kritu mar djwynho djuw mexo ane me banhi pynhkot ne gu me baje kritume banhi typydji pyrak baje kritu pa pyrak no pyrak par pyrak baje ta kukradja kuni pyrakkam ne kritu amim me bajo djuw mex dja a me amim prodjwyo djuw mexo ane,kayapó
25621,misi hare te za aihini 're dada'a za'ra taha parip si te za 're ihaimana u'asi mono ha niwapsi da'awaihu'u dawe na dawasete na zama taha zarina te te dama arowairebe mono da oto tane ma to dure cristu ha misi hare dazada dara dawasede ha da'aha na te te oto dama ama 're i'apari mono zeb da ha tawamha ti'ai u apa wei mori zahu wamha dazada da'a da wei mori o di za oto taha zarina dawasede ha te te dure dama 're i'apari mono da ha mare di so 're isimipari za'ra mono nori si te te oto iso'reptu pese za'ra da si te za wei mo apa cristu ha ta nori zo si,Xavánte
8668,venh kar my tog tope ty ty eg paꞌi ni kamen mu sir fe tar han ky eg senhor ty jesus cristo kamen tog mu sir u tog ti my: “vi tug ra” he tu ni ti se ky ni ha ra,Kaigáng
16239,a²­ne³­ki³­san¹­jau³­su²­ ja¹­nxa¹­jau³­su²­ ha³­lo²­a²­ yu³­ta³­lxi³­ je³­su²­jah³­la²­ ka³­lxa¹­txi³­ kai³­sa²­sai¹­ta¹­hxai²­he¹­la²­ a²­nxe³­ju³­ta²­ yxo²­ha³­kxa¹­ hxi²­kan¹­txi³­ u³­wha²­li¹­ u³­hau³­ko³­ta³­lun²­sa²­so¹­hi³­ki³­sxa³­wa²­ — u³­wha²­li¹­ta³­lu²­na¹­tu¹­xa¹­ nxe³­ki³­kxai²­nan²­tu³­ a²­ha³­teh³­nxa³­nxa²­ yuh³­xai²­nan¹­ta³­ko³­xai²­nan¹­txa³­nxai²­na²­ yxo²­ha³­kxa¹­ u³­wha²­li¹­an³­yxo²­ka³­tu³­kxi²­sa²­so²­ wxa²­na¹­la³­kxi²­nu²­ nxe³­ki³­kxai²­nan²­tu³­ ha³­teh³­nxa³­nxai²­na²­ yxo²­ha³­kxa¹­ hxan³­khai¹­nxe³­tau³­a¹­ ha³­ta³­nxan²­txi³­ hxi²­kan¹­txi³­ je³­su²­jah³­la²­ kai³­ju³­ta²­ ka³­lxa¹­ju³­ta²­ ha³­kxa¹­ u³­hau³­ko³­ta³­lun²­sa²­so¹­hi³­ki³­sxa³­wa²­ ta³­lu²­na¹­wa²­,Nambikuára
14618,imen e'em deus ekawen tup: “soat ipi watwat jeg'aecogcog owap kuyjobit wa'o kay am soat em wetait puye” i'e'em deus i “soat ip ‘en aca deusat’ i je'e owebe” i'e'em i imeneju soat wuyju apen ijodi bima juk adi ajekuku iap aguwen deus pe,Mundurukú
15770,ta ha kaja dak sahonh he sa ky nꞌaa rod rabadꞌoo do paah ti hyb nꞌaa jesus na-aaj he ahob wat panang bahanh ta majyyw hyb nꞌaa tsyt he pꞌop haga do we tabaseew hom hyb nꞌaa ta karapee,Nadëb
14547,pug pe ma'gu ipiat pima soat wuyjebit tagat itaybit jopku ipi iam pug ma wuyjebit tagat xipat pima dak soat wuyjebit tagat itaybit jopku xipat iam cristo kay itabucayu wuyjebit puxim wuybure ipiat'ajojom pima soat kuka wuyguycug ace cekay warara'acat wuybure awegmudim pima dak soat kuka wuycokcok ace cekay wuybure kay,Mundurukú
1193,me kot me hkrahtum wyr jejus o htem a ta nhum myt kator o mor me nhum ijaew nho pahije me patre krahtumje me tirtum kaper tum o me ahkre xwynhjaja axpen wyr pikupronh pa hamri nhum me ma me hwyr jejus o te,Apinayé
25803,taha wa ti'ai ama 're aihaimana za'ra wa'aba mono re te za 're aihaimana we za'ra wa'aba mo 're ihaimana u'asi mono te te sima 're iwe mono zeb zarina si dure mari na asima 're irosa'rata wasete za'ra wa'aba mono zeb zarina 're aihaimana za'ra wa'aba mono o di za oto,Xavánte
11091,aꞌerauwe ipirapefera ꞌjawewara uꞌaa ꞌua saulo ꞌga rea awi aꞌeramu futat ꞌga amaꞌjau nu janeruwarete ꞌga ꞌagesage osou ꞌga pype ꞌga rerekwaramu ꞌga maꞌe re ꞌga ꞌga rerawau ꞌga pymiau ꞌy pe jejui ꞌga ꞌga erowiara resaukaawamu,Kayabí
9874,upeixa voi onhemonheꞌe kente kwery-pe nhandejary hesu rehegwa nheꞌe pora omombeꞌu mbeꞌu voi oiko-vy,Kaiwá
25238,taha wa te za oto dazo iropei wa'aba mo 'ri nhi'riti mono ba dasai u we danhimroi wa'aba mono da danhopete za'ra wa'aba mono sidapasi” ane te satori za'ra apito ha,Xavánte
2797,txineiro apanakini sikakito nitariakori anirekari asapiretinii teoso misakiretikoataa apotiitakaniua masetonia tixini auakani peerekari teoso kamakiti ninoa ikapani kotxi ikinipoko erekari isika ninoamoni,Apurinã
10936,oworudyy resere edey‑txi idi ta ruhunyre edewanale idi tahe ede riodesedyynymyhyre tai heka raratynyolemyhyre,Karajá
12194,paulo eseurima koꞌmannipiꞌpi: —ennaꞌpoꞌpi jerusalem pona miriri yai epirema tanne epiremantoꞌ yewiꞌ ta uweꞌneꞌpiti waranti awaniꞌpi uyepotori eraꞌmaꞌpiuya miikiriya taꞌpi upiꞌ: “kaꞌneꞌ pe taripai jerusalem poi epaꞌkaki maasa pra tarironkon pemonkonyamiꞌya eta pepin upiꞌ eeseurimatoꞌ” taꞌpiiya,Macushi
16279,ja¹­nxe³­ju³­kxai³­lu²­ kxan³­su²­ a²­ha²­ yan³­tai²­na¹­ kris²­tu³­jah¹­la²­ sa²­kxai³­lu²­ a³­rau²­ah³­lu¹­tai²­na²­ ya¹­nxe³­sxa³­ wa³­nxin¹­ti³­ i³­ye³­u¹­hain¹­kxe³­su²­ wa²­nxuh¹­lxi³­sxa³­ o²­la³­kxi²­ta¹­hxai²­nxa³­ti³­ai¹­ti²­tu³­wa²­ wa²­nxuh¹­ i³­sa²­nen¹­kxi²­nha²­si¹­nha²­ju³­ta³­nu³­a²­ kwa²­sa²­so¹­ta¹­hxai²­nxa³­ti³­ai¹­ti²­tu³­wa²­ nxe³­ju³­ta²­kxai³­lu²­ je³­su²­jah³­la²­ i³­yau¹­u³­nhe³­jau³­su²­ txa²­wa¹­su³­na²­ u³­wha²­li¹­txa³­nxai²­li²­ nxe³­te³­nah¹­lxi¹­: — wxai²­li²­ txa²­wetsu²­khai³­nxi¹­lxi¹­ hi¹­na¹­ wxa²­wi³­nu²­khai³­sa¹­wi¹­ a²­nu²­a²­ yxo²­ha³­kxa¹­ i³­hen³­txai¹­na¹­tu¹­wi¹­ nxe³­jau³­xai²­li²­ nxe³­ta¹­hxai²­ti³­ai¹­ti²­tu³­wa²­,Nambikuára
12369,ikupi tiuya eserikan kuꞌsaiꞌya manniꞌ isaꞌmantaꞌpi karapaima yuꞌnaꞌti rawiri miriri waranti ukarapaimasaiꞌya miriri uyuꞌnaꞌti toꞌya rawiri,Macushi
11045,aꞌeramu jejui ꞌga ꞌjau moromuꞌjara ꞌga nupe: —maꞌja eꞌi te moisesi ꞌga rakue morowykyeꞌema upe rakue “esageay etee ki peapo” eꞌi te ꞌga janee rakue “iaꞌwyreꞌema etee ki peapo” eꞌi te raꞌu ꞌga janee rakue nu “pejokatuꞌog iki” eꞌi te moisesi ꞌga janee rakue nu “tene imanui” eꞌi te raꞌu ꞌga janee nu— ꞌjau jejui ꞌga ꞌga nupe —pekwaap futat ꞌa “esageay etee ki peapo” eꞌi ꞌa moisesi ꞌga janee rakue “pekatuꞌog iki ꞌga” eꞌi ꞌa ꞌga janee rakue— ꞌjau jejui ꞌga ꞌga nupe,Kayabí
5343,mbaꞌeta huvixa kuery ma nhanderuete guembiguaira omoi vaꞌekue nhandere opena pora agua xapyꞌa rei pejapo vai vy pekyje ꞌrae mbaꞌeta huvixa kuery riveꞌy oguereko kyxe nhanderuete rembiguai ikuai joepyara haꞌe ojapo vai vaꞌe mbopagaara,Guarani
23438,ayuro weese me'ra jesu cristore eho peosere i'yo' niise nii' akawerera mari “jesu cristore eho peo'” nii boosa' toho niimira aperare wee tamutika “mari eho peo'” niise ɨseri wapa mari' tee “mari eho peo'” nii'ke ɨseri me'ra di'akɨ yɨ'rɨ weti masitisa',Tukano
13006,puxi' xuxya gay nam tu kamanat xuyga'ax 'uyanan tu' tu' moga'ax nuy tu kummuga tikmu'un kummuk mutik nom pa max paya' kuxa kummuk ha' potap-tup 'uxuy xexka tu' tu ta tu' kux kaxiy,Maxakalí
14146,o'ju jose korosa ka ijebit o'gukop korosa ejuwi jesus'um o'gukabekbek pagom- -irucan- -iisuan o'tujowat ce'u'uay'u dopap kay ixe'um o'jomog witabikuy be- -jemukuymugekuy be kuy o'sukuymuge je'uap puxim gebuje wita'a o'yamuypen witabikuy nomudip'am yabogat'a o'yamog gebuje jose o'jenapon,Mundurukú
10287,tahe rybe‑di dohodyy aomysydyydumy ralokeki tii heka obitimy rareke tahawyy sohojidile rexityhynymy rarekemy iny inatyhy iny aoraru rarekemy erynadyydutyhymy rarekemy,Karajá
12067,jesus waniꞌpi tinenupaꞌsan pokonpe entamoꞌkantoꞌ piꞌ makuiya teesenumenkatoꞌ tiisaꞌ waniꞌpi  pia simao iscariotes munmu pia teyatonon piꞌ jesus ekaremeki piꞌ eesenumenka emapuꞌtiꞌpi makuiya moropai jesusya epuꞌtiꞌpi tunya tamiꞌnawiron rumakasaꞌ tenyaꞌ moropai tuipiꞌpi paapa piapai epuꞌtiꞌpiiya paapa pia tiwennaꞌpo kupi epuꞌtiꞌpiiya tamiꞌnawiri miriri epuꞌti tiuya pe jesus eꞌmiꞌsaꞌkaꞌpi tipon moꞌkaꞌpiiya moropai taꞌsan yewaꞌtiꞌpiiya,Macushi
20396,sesus kiristu purukwy kyze sesus kiristu nipuruk tapara maria soho sose: — byri puetsikze piakse — niy kyze ibo tatyhyrizikwyhabyitatu itabykyhy deus hyrikoso humo tabykyhy ana humo hi sose batu ihyrinymyry,Rikbaktsa
12069,tiise pauloya yuukuꞌpi: —esatiꞌpiiya reiyamiꞌ esaꞌ pe tiweꞌsen pia neken itiipai tiwani taꞌpiiya miari iꞌ ri kupiiya epuꞌtoꞌpeiya kaiꞌma miriri yeꞌnen taꞌpiuya tiwiri tari aakoꞌmami miriri ayarimatoꞌpeuya weiyu pikiri pata esanon pia —taꞌpiiya,Macushi
15052,ti mꞌ jesus ty dang ta we takamahan wat mah ti mꞌ taky hadoo ta ha: —set he ti hawat a ha —nang mah —abaaj hom meseem hom sahonh he a we hanang doo manꞌoo ta sam paa kasꞌuut do sa ha tii dꞌ madoo ba hy pong je magadoo da takꞌep baad hadoo do pꞌop haga do hanaa ti jawen ana we yy hep y hata mabahadoo hyb nꞌaa ka —nang ma jesus kyyh ta ha,Nadëb
7897,agwamo reki garemimombyryva jukwaha nhande ve cristo jesus'ga ruro gwaramo nhande koty nhanembopiro'yhara'ga a'ereki cristo jesus'ga omano nhanderekote'varuhua momboa imombiga nhanemanoa popoakara a'ereki nhande tikwaha nhanembogweravagwama a'ea jesus'ga okwahavuka imombe'gwovo pyryva'ea nhande ve ga e'i: “pejiko ti ji rehe a'ero ti pe hoi yvagi pe pejikovo avuirama tupana'ga pyri – perope pe napemanoa'javi” ei ga,Kagwahiva
13642,yiy 'ate xa hapxe'e 'aktux: topa te 'un kuxa kummuk xit nuy kuxa max tat 'uyanan tu' yiy ha topap-tup pax xexkah topa te tikmu'un yog kummuk miy'ax xexka xaxogaha' yiy ha topap-tup pax xexka 'uyanan tu' ha topa te tikmu'un yog kummuk miy'ax kutognag xaxogaha' yiy ha topap-tup pax kutognag kaxiy,Maxakalí
20057,iwaze sudeutsa asa zuba nipamykysokonaha — hawa skaraba sesus tatsani ty mybo nyny my hawa skaraba inury taboro — nikaranaha,Rikbaktsa
91,aorihtya esemakaponeme ropa ma papa kapuaono isaaro ase aorihtya esemakaponeme ropa ase,Apalaí
25213,tawamha te te sima iwezeb u ma to ama aihutu tame zezusi te tama roti za'ra ane: — ma'ape asima rowaptere za'ra wa'aba 're ihaimana u'asi mono wi te te aipawaptob za'ra wa'aba da wa'ubure nhimiwada'uri wi — ane te tama nhari za'ra,Xavánte
26466,mebe kureo djan arym mema kuretuw mebengetme mojdje kukradja mar djwynhma kuretuw nhym me arym kam akreo kumex ne 'yr prot ne o tym ne pa 'amy nhym me runh krapti arym kutep akupro nhym me arym me'yr o box,kayapó
2145,maerekani matamatakoni omitikiko iuasaaki kakiti anikari kiki maerekati matamatakoti auaitotakiti xesosimoni isakirauata mosiareti itxaua iua maerekati matamatakoti xika xesosi erekapeka txikitakari iua iuasaaki kosiarepeka kasakirepeka itxa,Apurinã
673,naeroro ynara enetupuhnoko ase kure jehtoh poko se jahtao ipoko waro pyra ase iirypyryme jexiryke ukurohtao,Apalaí
21716,tupana paꞌau wakuat yn aimo­weꞌeg kuap tehay wakuat moherep hamuat saꞌa­wy­ꞌiwuat sehay waiꞌe hap koꞌi tupana henoi iuteuria kape waku kahato miꞌiria maꞌato yt aimo­hapyk kuap i tupana wanetup hawe katu­pono yt watunug kuap i yne miꞌi koꞌi maꞌato sehay pakup iesui etiat wo tupana paꞌau aimoiei­neꞌen kuap iraniaꞌin iwepap kuap kahato tupana ehay maꞌato yt taꞌa­tu­hetup i tupana paꞌau me — uimuꞌe ro kat som ereꞌe mesuwe hap kuap hamo yt iꞌatuꞌe i teꞌe­ru­wa­netup mesuwat miwan tupana etiat — atimo­wepap kuap hawyi aheha­kye­raꞌat raꞌyn iꞌatuꞌe yn tupana miwan etiat aheha­kye­raꞌat kuap iꞌatuꞌe toꞌope miꞌi hawyi taꞌa­tu­mo­wepap kahato ahut ewy yt taꞌa­tukuap i taꞌa­tu­pyꞌa pe pytkai miꞌi hawyi ikuꞌuro rakat ewy tukup­teꞌen tupana ehay ete kat pote sehay yn taꞌa­tukuap pote maꞌato tupana paꞌau wakuat yt aimuꞌe i miꞌi hap ewy neꞌi katu­pono tupana paꞌau aimuꞌe aipyꞌa pe aiwa­netup hawe aimuꞌe kahato tehay ete miꞌi hawyi aimoiei­neꞌen weꞌeg tehay wo miwan kaipyi,Sateré-Mawé
9801,eremendase eterei ramo emenda katu iporave eremenda naiporai voi nde reko vai-rupi rei ereiko,Kaiwá
7733,tupana'gapyrive'ga ko ha'oe'yve'ga yvagipeve'ga oporavykyavo tupana'ga pe ga nhaporemo opokopoko yvyakotyve'ga jipi a'ereki tupana'ga e'i ga pe: “peho ti ga pyri yvya koty ga pokoga – kiroki ga hugwi ji amombo gandekote'varuhua tuhu ti ga upa ji pyri avuirama nehe javo” ei tupana'ga,Kagwahiva
25209,a nori wa'wa ha ai'maiwaihu'u pese aba wamha ma'ape isisi za'ratazeb ui'ere ha 'maiwaihu'u aba iwasu'uze ha  na isisi za'rataze ha danhisi za'ratazem na isisi ha te wasu'u,Xavánte
16007,a²­nu²­a²­ yen³­kxi³­txa²­te²­su²­ te²­a²­ wxa²­yen³­kxa²­ wa²­nhu¹­ah³­lxin¹­kxai²­nan²­tu³­ txa²­wa¹­su³­na²­ hi²­sen³­su²­ yen³­kxa²­ wa²­nhu¹­nxti³­nun³­tu¹­wi¹­ nxe³­sxa³­ yen³­kxa²­ ka³­lxa¹­txi³­ te³­sxa³­ wxa²­hxi²­ka²­ u³­hxi²­ku²­xai³­nxti³­tu¹­wi¹­ nxe³­sxa³­ hxi²­kan¹­txi³­ hxi²­te³­nyhah¹­lxan³­so³­li¹­ yen³­kxa²­ ka³­lxa¹­txi³­ hu¹­nxti³­ha²­kxai³­la²­ nxe³­ju³­kxai³­lu²­ hxi²­kxau³­ti²­la³­nxa³­nha²­sxa³­ o²­la³­kxi²­nyhu¹­ah³­lxin¹­kxa²­ ya¹­nxe²­ txa²­wa¹­su³­na²­ hxi²­kxau³­ti²­la³­nxa³­sxa³­ kai³­uh¹­nxti³­tu¹­wi¹­ a³­wa²­to²­hi²­ kai³­uh¹­nxti³­tu¹­wi¹­,Nambikuára
25336,taha wa te dateme 're mo zudezu nori te rowahutuze mono ba iwasu'uwe na te te 're da'apo're pu'u mono da daro mono ba,Xavánte
7916,ndo'ui ahe mbatera xanhi'i tupana'ga pe javo aere ojipe'ga nduri jesus'ga pyri xa'e ti ga pe javo a'ereki  batistava'ea remimbo'ehara'ga amoamome ga ei ojohupe: “ti'uyme ti mbatera xanhi'inhi'i tupana'ga pe javo” ei ga fariseus'ga na jitehe amoamome ga ei xanhi'i tupana'ga pe i'ue'yma javo igwete ojipe'ga nduri jesus'ga pyri javo ga pe —‍ndo'ui ko  batista'ga remimbo'ehara'ga xanhi'i tupana'ga pe javo ei ga fariseus'ga nemimbo'ehara'ga na jitehe ndo'ui mbatera onhi'iga ga pe neremimbo'ehara'ga ki a'e te o'uo'u mbatera jipi ei ga maraname nanuhu ga ndekoi a'ero naeru jara'ga atyvi ei ga jesus'ga pe,Kagwahiva
2345,erekari hite sini kiinirimoni kona nota sapani uatxa nisini manapi apokasaaki nisa —itxa xesosi itariakorimoni ikara inaka atoko ikaikotapanika karireia topa,Apurinã
15639,sahonh he pꞌop haga do ky nꞌaa rod pꞌooj ub habong do be wahe maku rarejaa pꞌop haga do ky nꞌaa rod pꞌop haga do karen doo da hawat do kajaa do ky nꞌaa herꞌoot doo be wahe maku radejꞌeep paah hyy ka baad hadꞌop do kajaa ba ka be hꞌyy kawareem ta we be dajeeb kan,Nadëb
1616,me kot hkot tam ri amnhi nhipex o pa pe kam tirtum kot amnhim me mex a me harenh pram xwynhjaja koja nhyrma amnhim me mex a me hare hamri nhum me kuri htir tum ne hkinh ne mex kumrex ne pa ho pa,Apinayé
5484,haꞌe rami aygua kuery ikuai yvy itui ypy guive profeta ruguy omoeague re opaga agua rami abel ruguy omoeague guiveꞌi  ruguy omoea peve haꞌe vaꞌe ma nhanderuete ropy altar oi vaꞌe yvyry ojukaa vaꞌekue haꞌe nunga rupi xee aipoaꞌe porave pevy: aygua kuery ae ꞌra opaga haꞌe nungakue re,Guarani
3480,jesus igueypy modo kuraem ietoni aituo xina betania iwaguepa saindyly jerusalemda iwague kuruba mara aji tres kilometros awaraem aguedy eaundudopyry etyam xina saindyly irayna uguondo saindyly xinaram agueze:— ipa lazaro nigue eguepybyry tuhu imasedo odaji xina nhetadadobyry quatro iguandyly idyly iwera — kely toenzepa eaundudopyry itynrumo toenzepa ipemugudo idaly akelo kura domodo wara etubanazemo iwirymo iguehobyry tiuntuduo,Bakairi
25908,wamama ma wa ai'ama 're imreme u'asi za'ra wa'wa 're ihaimana u'asi mono ma dure wanhib'apito zezu cristuhu ma zama isimizawize ha ai'ama 're haimana u'asi za'ra wa'aba mono da rowe u'asi ama 're anomro aba mono da,Xavánte
2951,kikio hiparikauanatakasaaki haapokomoni hikanapiripe himaka hapini ikapani,Apurinã
20718,kyze ustsa riktsa nisiparikikze harahare buruk inatsukurunaha iwatsahi atsoko zipokonahaze wytyk tsikaeni zuba humo niakbabaiknaha batu iytyk sapy batu siharapyryky iwatsahi niakbabaiknaha nitsehebaiknaha haramwe humo niakbabaiknaha,Rikbaktsa
22858,yupihovo koetimo elokeko okovo ne xanehiko yara kuveu meum vo'oku koepekeokono neko pi'ati ovoxe ituko'oviti koyuitihikomo koane iko'iparaxokokotihikomo vo'oku ya koeku apeyeako neko pi'ati koati ikoitoponoati kotiveti ne ko'ovokutihiko yara kuveu meum,Terena
19212,e como podiam ver ali com eles o homem que fora curado nada podiam dizer contra eles,Portuguese
9754,nhandejary ae katu ore mbopyꞌagwapy jevy-ma ojepyꞌapy vaꞌe-pe ombopyꞌagwapy kwaa voi nhandejary ha ore mbopyꞌagwapy-ma  ogwahe ore-vygwi ore mbopyꞌagwapy jevy-ma nhandejary ndahaꞌeiry igwaheha-rehe rei ore pyꞌagwapy omombeꞌu kuri xe-vy pende rekoha: “corinto pygwa kwery nde rexa ngaꞌu voi kuri ojepyꞌapy nipo raꞌe nde-rehe” heꞌi pende-rehe “haꞌe kwery omboasy gwembiapokwe raꞌe” heꞌi “nde ereipota vaꞌe ojapose voi” heꞌi xe-vy pende reko mombeꞌu-vy upea ahendu ramo xe mbovyꞌa jevy-ma,Kaiwá
628,jezu apoitopopyry juteu tomo a mame jezu otururuhtao ro juta toytose eya mako maronopo kynexine tymaro tuhkako tarose ajoajohpakomo tytapemake exiketomo tykaparuke exiketo roropa juteu to tuisary naropotya to kynexine ritonopo maro oturuketo tuisary naropotya roropa kynexine,Apalaí
9802,paulo ogwahe oho-vy efeso teta-my ha apolo katu opyta corinto teta-my oime jave upe-py ohasa hasa paulo yvyaty aty paꞌu-rupi teta miri-rupi ohasa oho-vy upe rire ogwahe oho-vy efeso teta-my upe-py oi hesu nheꞌe renduha,Kaiwá
14500,ce'adaap aweg tobuxik puje ade iwataxipipiayu o'ju ip paulo kay jay oajem ip ixeyu dak o'gu'ada'ada paulo xipat ip o'e,Mundurukú
8297,ky ti katig ke ka jatu ke tug ni veso jykren ni ajag ty ti katig ke to venh preparar ken je ajag ty ka jatu ke tu ni je un nugnur mu ag vy kuty ky nugnur ti ky ag tog ti katig ke ka jatu nyti ky un kronkron mu ag vy kuty ky penmev nyti kagter ag nyti ge ky ag tog veso jykren tu nyti kuty ta venh jykren ha ve,Kaigáng
1077,me kam axpen kinh xwynhjaja kam tirtum puma hket a me harenh ne kot puj me pama axpen kinh o papa ne maanen kris kot amnhi nhipex ho papa hamri nhum nhyrma tirtum kot kra me wa kuri me htir tum ne me pa ho me pa ma xwynhje nhixi jarenh kaxyw pu me tee ri amnhi kukama pajamaxper ket ne ra amnhi nhixi jarenh ma ne pahkinh ne,Apinayé
13187,yeyox te ham'aktux kux tu: —‍tikmu'un kummuk xuy putup mo'kuma' mog ha' kuxya 'ohnag paya tikmu'un max hi xe'egnag mo'kuma' mog ha' kux 'ohnag kamah kaxiy,Maxakalí
3973,awara unama kaengatuzezeguyly “deus xuraem ady kawentado peba awyly jesus kieinwandylygue judeu domodo ezewenry iweniby ara aguidylygue inkaba” wara uguely kainmopa ura augueho kaungukely watay: “deus xuraem kawentado peba awyly judeu domodo ezewenry iweniby kieinwantuo” uguely watay deus aguehobyry kankadyly kula taise se iwanzeypyguela ata kaunatondyly waunlo ara,Bakairi
26741,nhym kam ar i abena tym ne kam kute i typdji pyrak” nam a metindjwynh mema ane kam djam ar i amanhkrut ra'a kati ar kute i pydji pyrak,kayapó
21876,miꞌi hawyi ti aru ariot i raꞌyn uito eheykeꞌet wuatꞌi miitꞌin ykeꞌet sese wo uhesaika kahato hawe ariot mesuwat yi kape uimo­typot kahato hawe ariot aru e teꞌe­ra­ꞌa­kasa kahato hamuat uhut hap ywyhig me wuatꞌi miitꞌin e,Sateré-Mawé
3234,inakanhe aguitobyry xygakeybyem mawanra anguydo imeom adydo imeom wara tagameduneba iwera jesus iguehobyry waga tawentaguezeba kydawyly deus xuraem,Bakairi
24460,nipacuptinmi puydi yachapacucunawan caminaycucunaca chay cusacunacta sumata licaycalila,Urubu-Kaapor
6281,odaa jonoɡowajipata ica layaageɡegi aca goloneeta icaaɡica nigegi niɡica noɡowajipatalo aneotedoɡoji me dotaɡa odaa joɡodipokota me notokotedini odipokotalo me notokotedini leeɡodi aɡaleeɡoyakadi doɡodinatita niɡica liiɡenatakaneɡegi niɡijoa ane dotaɡa neɡee “codaa me eijeeɡagi nige iiɡotege naɡani wetiɡa leeditibige monigidatice nigepaa yeleo” niɡijo anonadi eliodi me doitibigiwaji codaa mee moises “jawigice me idoi”,Kadiwéu
8616,ha ve mu ha han ja ajag nigti ajag ty ne je tovanh sor ne ajag ty ne je venh vi ha kri nim sor tu ni ne tope ty ajag krin pijeꞌ ti ha ne ajag je prer ja nigtiꞌ,Kaigáng
8038,ky ananias tog ti mu ti ty in en ta jun ky tog a nige ty ti meg mu ky tog ti my: “sauloꞌ” he mu “regreꞌ” he tog mu “eg senhor vy inh jene jesus myr sy a ve je” he tog “ti ve a myr epry kri a ty tag ki jun mun ka” he tog “ha ky sog kati mu a ty ve man je tope kuprig ty ty a jagre ni je” he tog ananias ti,Kaigáng
26982,nhym arym me kute benjadjwyr djwynh markam djam me nire ta ar ban kum me my mar pram ket ne ar ba kati nar djam me my ta ar ban kum me nire mar pram ket ne ar ba kati ar ta ne ar ar ba ket arkum aben mar pra:m my nhokwao ne ni nhipex nhym me nire kurumdjwy arym me my apox nhym be metindjwynh rax ne myjja kuni nhipex,kayapó
21474,yt naku i eiket at tupana motpap nug hap kai aru putꞌok­ꞌare i miꞌi hap eꞌat pe e taꞌi yt naku i eiwe­moti hap putꞌokꞌe eika­ꞌiwat ut turan e,Sateré-Mawé
16698,ja¹­nxa¹­jau³­su²­ txa²­nu³­ka³­txai²­na²­ yuh³­xan¹­ta³­ko³­xan¹­tu³­ka³­txi³­sai¹­nxa³­i¹­ txai²­li²­ yuh³­xan¹­ta³­ko³­xan¹­tu³­ka³­txi³­sin²­nxa³­kxa²­ ya¹­nxe²­ ain¹­nun³­na³­li¹­,Nambikuára
17001,hiyaiya exakere atyo iraiti waiyexe nexa: hiso ohiro maisa kahare kaisanihenolo: maika hihalahalohena hiso maisa xoana xowaka xoima kahe kakoa hiwaolitihenolo: maika hakawiyahena hihalahalone kakoa hiyaiya ohiro ehalakisakahalo atyo ite kahare kaisanihena exanene kakoa tyaonitolo nonitata,Parecis
10886,inyo bedeery ihookeki rexitoenykre deuxu dee tii dori ibutu dee riwahinymyhyre inyo lau dori ritoenyohyymyhyre,Karajá
22693,ina kixoa erodi ne ko'itukeinoatihiko: —‍koatimea xuaum mbatita ne exepukopone ukopea xapa ivokovoti enomone apeino xunako itukea ne iyupanevoti ituke —‍koene,Terena
17477,exahe kaiwahitaha mehotyahitaha wainiyaneneronai xiyehalo hoka teraharetyoaha aokowihenaha hoka waha tahi iraexatyahitaha hatyo hiyeta iniyalahare kaxomokakehenahere atyoite exahehare niyalahare — nexa,Parecis
4101,tupan pemuzeruzar katu kar putar aꞌe nehe zezuz zaneruwihawete zanezar ur putar amo ꞌar mehe nehe tur mehe uzeꞌeg putar nezewe peme nehe — kwa ikatuahy ko heremiruzeꞌeg aꞌe wa iꞌi putar peme nehe,Guajajara
11526,aꞌeramu moisesi ꞌga remikwasiarer are moromuꞌjara ꞌga amu ꞌjau ꞌga upe: —aꞌjea futat— ꞌjau ꞌga ꞌga upe,Kayabí
7036,ga mboheteavo ga ei ga pe: —‍ndehe jate ndepyryhetero orepojykaharetea ndehe jate ti ahe tanemboukwaha a'ero gaha tikatu hete javo tanembohete ti ahe tereko ti aheruvihavuhuhetero epopoakaramo a'ereki nde ereapo pa tanhimohe ti hehe javo nde ipotaro gwaramo hekopavi a ejive nde ereapo pa a'ea ga ei ga pe gworygworyvamo ga rehe,Kagwahiva
26267,nhym arym kaon pidjo kango kadjao iko ne kam mema kum —‍arym ne ba idjapenho ten inoma kume ane ne kam ta aparma kran tu amitinma iren ta arym ty,kayapó
5079,haꞌe ramia ja ndepoꞌakaa rupi enhomonguera nerembiguai ikyꞌa eꞌy vaꞌe jesus rery rupi ejapo hexa pyra haꞌe nhomondyipaara — heꞌi okuapy,Guarani
20934,wastuhu kytsa tihi: “katsaktsa pauro tuktsa tsimaha” nikaranaha ustsa kytsa kino: “katsaktsa aporo tuktsa tsimaha” nikaranaha iwa tsimytsasokonahaze sispirikpobyitsa watsa tsimyzurukunaha iwatahi aty zeka kiristu soho ahabo nitsaso batu myhyrizikwy aty zeka deus harere zahahyrinymyryky batu myhyrizikwy deus abazubata iwata humo hi tsahaspirikporetsa tsikyziknaha izikwy humo atakta imysapyrenikita aporo pykyhy myhyrizik byita my uta kino niwatihi pykyhy myhyrizik byita my sesus kiristu zuba abazubata my katsa sesus kiristu soho tsimytsasokonaha deus mytsumuehitsitsa tu wasania ty sesus kiristu soho ty ahabo tsiktsasokonaha iwaze ihumo ahaspirikporetsa mypehatsa nimypehaka iwatsa tu tsimykaranaha hawa tsimykaranaha mytsuhuk wata tsimaha anaeze siriktsa katsa mysipariknahaze uta ahabo kiristu iktsasokoze anahi siriktsa watsa iharere ahatuk iparikik bykyze aporo ahabo izumu deus harere humo zahahyrinymyryky atakta hyritsik waha humo zahahyrinymyryze deus humo zuba siriktsa myzepobaiknaha izikwy humo riktsa tahaypyknaha iwa deus sesus humo ahaspirikporetsa tsimoziknaha izikwy humo siriktsa watsa mozipobaiknaha ikiahatsa izikwy humo ahaspirikporetsa hawa siriktsa ty waratok buruk nisiparikik tawata deus harere bo mytsatyziu tsimykaranaha iwaze wasani tsimykaranaha,Rikbaktsa
12686,ipemonkonoyamiꞌya tesaꞌkon ton esati yai paapaya imenkaꞌpi saul iteseꞌ quis munmu pe awaniꞌpi benjamim payanniꞌsan yonpa pe awaniꞌpi miikiri saul koꞌmamiꞌpi pata esaꞌ pe asakiꞌne pemonkon  konoꞌ kaisari,Macushi
9054,hesu reroviaha rerekwa kwery omondo onheꞌe kwatia-rehe entero hesu reroviaha-pe gwive ohendu ramo inheꞌe ogwerovyꞌa hikwai upea-gwi heꞌi hesu remimondo hesu reroviaha gwive ave herekwa kwery ave: —nhane paꞌu-gwi jaiporavo katu nhane remimondora antioquia teta-my nhamondo katu paulo barnabe ave nhamondo katu inhirura heꞌi ojoupe hikwai ko vaꞌe nheꞌe ojohu pora hikwai upea-gwi mokoi omondo  ombohery vaꞌe barsabas silas ndive omondo ko mokoi hesu reroviaha rerekwa vaꞌe upe oho jave voi ogweraha uka ipo-py ixupe kwery kwatia nheꞌe noꞌa-rami heꞌi hembieraha vaꞌe kwatia nheꞌe “ore kwery hesu remimondo vaꞌe hesu reroviaha rerekwa vaꞌe pende reꞌyi ave oromondo-ta ore nheꞌe pee-my hesu reroviaha vaꞌe judeu eꞌy vaꞌe antioquia teta mygwa vaꞌe siria yvy pygwa vaꞌe cilicia yvy pygwa vaꞌe ave pee kwery vaꞌe-pe oromondo-ta ore kwatia nheꞌe mbaꞌeixa tipo peiko peiko pora pa,Kaiwá
4078,awa aꞌe wa aze ikatu ꞌym maꞌe romo wanekon aꞌe wa nehe aze uzeruzar muaꞌu aꞌe wa nehe aꞌe mehe iaiw weraꞌu putar aꞌe wa nehe aꞌe ꞌar mehe aꞌe wa nehe uzawy kar putar tupan hape amogwer wanupe wa nehe naꞌe zurupari aꞌe nehe uzawy kar putar tupan hape aꞌe awa wanupe aꞌe nehe,Guajajara
6466,odaa nigiditawece loiigi aneotedoɡoji yatecoɡo odaa akaamitawecetiwaji otaɡanitigi eledi ioladi ane diɡica moyowooɡodi odaa nigonotaɡawa oko ane doɡoyowooɡodi oteɡexaaɡaɡa oyowooɡoditeda ǥoniotagodi odaa odiletibige daɡakaami yetoledipitetiwaji,Kadiwéu
15745,ti mꞌ jesus ky hadoo sa ha: —be mana tahꞌyyb be mo hajꞌaa wob —nang mah,Nadëb
10190,iribi tahe judeu mahadu worana bedehesimy ryimyhy tai tahe jesuisi rare jerusale‑o,Karajá
15339,hahy ta ky nꞌaa jawꞌyyk do seeh ta ti hadoo ne he: “makamahan a da hadoo doo a ha makamahan doo da” —nang mah,Nadëb
18561,ki'daraha'aha ida ija'ari athi-ra kamithaki bianathoranihi ida makari fori hiki vinho kaidivarikia ava oadaki sanarahakia binahoja'ihi bivikhahi jesus viaha biarakasihi jesua binadomidomija kaimoni ida vinho a'bani ava akasanakhamaki kania ija'ari-ra va'ora ni'aha ada vinho-ra vikhaki: —hari'a kaho ada kaho vahabini khaha elias ava akasanakhamakia biakava'ijoara kaimoni ada jesus vada ani'ava,Paumarí
19193,entao saiu do santuario um outro anjo que bradou em alta voz aquele que estava assentado sobre a nuvem: tome a sua foice e faca a colheita pois a safra da terra esta madura; chegou a hora de colhe-la,Portuguese
3582,tutuze wakynre udaduo koenda iedaenkulymo tuomare lela mawylymo wara awylygue macedonia yan-yam udaday kodopaday wara corintoda iepagudyze wawyly wane ayanmo iu witoem agamo ura-ro watay mohomaendomoem adyese taise ura deus itaumbyry ayanmo kaengatulygue tala matomogue uwata taise ani amaemo wara judeiaram udahoem,Bakairi
24172,natac simon pedrop shullcan andres yachapacuninnatacmi: “caychu juc walashmi picha siwa tantactawan ishcay challwacta uywayan natac chaylla cay-chica nunapa imanpapis ampa canmanchu” nin,Urubu-Kaapor
19262,a lei e os profetas profetizaram ate joao desse tempo em diante estao sendo pregadas as boas novas do reino de deus e todos tentam forcar sua entrada nele,Portuguese
13688,'apu hapxopma max puyiy topa 'og hapxopma'ax putup pax xayiy 'og hapxopma'ax ha yayhahup hok 'apu topa ham'apak max yummuga max,Maxakalí
16294,ja¹­nxa¹­jau³­su²­ ka³­me²­la²­ ka³­yxuh³­xa²­ kain²­khaixte²­su²­ te²­na²­ hai³­txi³­ a²­ku¹­wxi²­si³­xe¹­na²­ a³­wih¹­sxa³­ a³­wa²­to¹­ti³­he¹­nxe³­lhi³­nxnxa³­wi¹­ yxan¹­ta¹­ a²­nu²­a²­ kain²­ yen³­kxih³­khai¹­nxe³­te²­su²­ te²­a²­ txa²­wa¹­su³­na²­ wan³­txa²­ ain³­kxi²­sxa³­ yxau²­xai³­ju³­ta²­ wa³­to²­hi²­ wa³­lxe³­te²­ju²­he³­li¹­ je³­su²­jah³­la²­ ta¹­hxai²­he¹­la²­,Nambikuára
1121,jakama kwa me kot amnhi kra hproja kukama ajamaxper tyx ne xa me anho kri kama menijaja me mjen a hpijaam a amnhi to amnhirit kaxyw amnhi kra hpro na koja me ja kaxyw a amnhi nhipex anhyr japer ke me ri me anoo ma tirtum ma amnhi jarenh kaxyw ne kupe xe hkwy ho amnhi kra hpro ne ri kam amnhi jare nom koja me a amnhi nhipex anhyr ket nhum memyjaja tee ri ja ha me omunh ne ho kaper hket japer hamri ke me ri amnhi kra hpro hket ne ri pa,Apinayé
2804,iuaikana teoso sakire iokatsopatakori txari: iua kai xika kakiti makitita iua kai xika kakiti irika itxa teoso sakire imakititana kotxi auikarina teoso sakire teoso txikitakana ninoa irikini kotxi auikarina iua sakire,Apurinã
24923,quiquiqui-pula cuyanaculcay allaycapacushayquipipis uyalipaculanquim: “quiquinchic-pula cuyanacushun” nil yachachicuyta ama-ari supaypa nunan cain shullcanta wanuchicanu'a cayashunchu imapitan wanuchila quiquinpa lulaynincuna mana allin captin shullcanpanatac allin captinma,Urubu-Kaapor
18725,nihaki vahabini ida ija'ari: —kahojaki ida ija'ari kaijoni kidi'bai bikidafi'iki ibavini kaimoni hojaki ida 'bai ija'ari kaijonia o'oiki kaimoni — nihi ida ija'ari athini deus ija'ari-ra no'avini kihiki ida kaijoi 'bai hiki 'bai arafiaki kaimoni kihirihi ida ija'ari kaijoni khaki bana ida mahi deus ija'ari kaijoni 'bai hiki-ra nihimavini kamahini deua binamonaha'iki ida ija'ari abononi bikahinanikabakhiaki ida deus kani ida ija'ari abononi niha nini hahavi oniani ida bivava'isohihivini hija: makhira kadagamo hiriki khama avaabononi avakavi'omakhamahi niki kaimoni hirihi ida avaabononi niki ida deus athi,Paumarí
20429,abaka bijoikpe mybarawy kino niwatihi deus tawahi piperyky hawa eze zuba deus myzihikze izo ty mybarawy pikorobawy ana humo hi mymykbaba abaka myto bara deus izo humo mymykbaba iwaze kytsa simysapybyitsa mykaranaha sinini ykarawy bo mysipehahik,Rikbaktsa
934,—arypyra tykase jezu eya —ynara tymerose ritonopo omiryme “wyi kure repe yrome wyi poko roke awahtao xine orihnoko matose mapyra ritonopo omipona awahtao xine ipunaka orihpyme exiko matose” ako ritonopo omiry tykase jezu eya,Apalaí
18505,cristo danona hora no'avini mani ida nahina hahavi kodiania namithaki-ra okaabokavini hija,Paumarí
19267,ai de voces fariseus porque dao a deus o dizimo da hortela da arruda e de toda a sorte de hortalicas mas desprezam a justica e o amor de deus voces deviam praticar estas coisas sem deixar de fazer aquelas,Portuguese
15619,—hyy ka tawꞌaats he —nang mah —y hapah sahonh he tii da tawen hadoo pꞌop haga do ky nꞌaa rod rerii bong do paah ha y kameta dak hyb nꞌaa —nang ma jesus ti mꞌ sahonh he ka ta ma mateg rawajꞌaa bong rered hom ma jesus,Nadëb
17287,hoka wakahare nexa ihiye: “hiximarene kinaseta exahe kinatereta kaokeheta hatyo hiyeta hexe bowi mokose kolotere xaisaka aoka” nexa ihiye,Parecis
18864,oniaroa jesus va'ora ni'aha: —ni-ija'ari abononi akava'ijoavini-ra kaabokaki deus ka'oa ija'ari-ra akava'ijoavini-ra kaabokaki — niha ada jesus,Paumarí
23419,ape nɨmɨ yɨ'rɨaa etawɨ taha cesareiapɨre toopɨre eta ɨsa filipe o'akɨhɨ yee kiti were kusiagɨ yaa wi'ipɨ kariwɨ kɨɨ me'ra toopɨ tohaka'wɨ filipe too dɨporo jerusalepɨre apera seis me'ra ba'ase etiakɨhɨ naa bese kuu'kɨ niiwi kɨɨ me'ra kɨɨ po'ra numia ba'paritira numia marapɨ sɨmɨa moora niiwa naa o'akɨhɨ kɨɨ uuku'kere were turiara niiwa,Tukano
19372,entao ele disse ao homem: estenda a mao ele a estendeu e ela foi restaurada e ficou boa como a outra,Portuguese
5564,haꞌe gui ma jesus onhendu ata vy omano,Guarani
5925,haꞌe gui ma aipoeꞌi pave pe: — xerupive oikoxe vaꞌe taexarai ojegui ae koꞌe nhavo togueraa ojeupegua kuruxu haꞌe tou xerakykue mbaꞌeta nomanoxei ete vaꞌe ma omokanhy ꞌra guekove haꞌe ra xekauxa omano vaꞌe ma ogueraa jepe uka ꞌra guekove ,Guarani
8809,ag ty jesus se jesus ty ver ty vemen je ra  tog vesymer jun mu sir u ty  ke ag ka u ve  ti ti mre policia ag tog kamu mu ge rogro genh ky ag kamu mu ka kykyv genh ky ke ge tope tu ki rir ti ag paꞌi ag vy ag jegne tope vi to professor ag ke ge kofa ag ke ge  en u ty ag my jesus ven mu en vy ag my venh jykre nim ja ni “sy un ki nhun ke mu en ha semni en ha pere mumni” he ja tog ni  ti,Kaigáng
19483,o senhor conceda misericordia a casa de onesiforo porque muitas vezes ele me reanimou e nao se envergonhou por eu estar preso; pelo contrario quando chegou a roma procurou-me diligentemente ate me encontrar conceda-lhe o senhor que naquele dia encontre misericordia da parte do senhor voce sabe muito bem quantos servicos ele me prestou em efeso,Portuguese
25853,tawamha asa te tama nhari za'ra zezusi ha: — pone'ereba ha aima 'maihaimana aba wamha ab're 'reha wa aiwi 'maiwapta'a aba wamha e te are i'maiwazere 'wa 'manho'reptui aba da ha te are to i'maiwazere 'wa romhuri zaharizem na 'maiwapta'a nhere pone'ereba ha dure 're ihaimana u'asi mono ha pone'ereba te te 're azawi pese mono nhere pone'ereba zawi nhipai u tama dazawi uptabi di taha wa sabadu na romhuri zaharizem na ni'wam nori ha mari te te dama 're 'manhari we za'ra mono wamha dureiha 're ihaimana u'asi mono nhimiroti zarina te za to te te 're 'manhari za'ra te te ama 're upa za'ra mono ana ta nori ha — ane te tama rowasu'u za'ra zezusi ha,Xavánte
6263,pedro yeloɡodi anijoa jesus ica noko jesus ijaaɡijo niɡijo anodiotibece jiɡigotibeci midiwataɡa nigotadawaanaɡa miditaɡa nipodigi ane liboonaɡadi “cesareia filipe ane dabiteɡetini” odaa naigitece mewaligitibigiwaji jesus nigetediniwace meetediogi “ina oko amigida ica anodiletibige ane ee”,Kadiwéu
11303,iꞌakwaap maꞌe —maꞌeramu ajee je renui pejepe “jejara ꞌga” peꞌje jee aꞌetea ꞌa nepeenuwi pejejeupe jejeꞌega “jejara ꞌga” ꞌjaramu pee jejeꞌega renupa katu katu jejeꞌega renupareꞌemamu kasi peꞌje jee ne “jejara ꞌga” peꞌje jee ne— ꞌjau ꞌga ꞌga nupe uꞌama,Kayabí
25478,tawamha wa ha we dateme imori wa te za oto te te siwi 're da'awe'o 're ihaimana u'asi mono ha da te 're izaze za'ra mono o wa tawamha ari'iwi te za 're dasi'ubumro da te 're izaze za'ra mono o na da te dasiwi 're uda waihu'u za'ra mono o wa za,Xavánte
18448,vahojamaniha adani arabani jesu-ra vakajari'dariki jaboni vanajoroni'ihi ida vakadipapira ija'ari-ra vakaijorahavini-ra avigavini hiki papira-ra vanajoroniha ija'ari vaipohiki vaviaha avanaha'di'ihi vakarajomiki ida vakadipapira aha'dini kaidivani  mil jiniro ipohini 'ba'dani ida papira kaidivani jiniro karaho oamani ida jiniro 'ba'dani prata amonaha'iki ipohiki,Paumarí
21123,tutuꞌu hawyi poꞌog iesui toꞌe temiitꞌin me — saꞌa­wyꞌi areineꞌen eipy­ꞌa­setpiat turan ahenoi kahato ehepe aikota aru topy­huꞌat uhete hap mesup eꞌat pe ahenoi teran ahaꞌa­seꞌi musei miwan kaipyi tupana ehay enoi haria miwan kaipyi yne uhetiat e iꞌewyte morekuat tawi wepy hap miwan kaipyi uhetiat yne atimo­herep teran yne uhetiat e koitywy topy­huꞌat raꞌyn yne iꞌatu­mienoi yianmiat uhetiat hap ewy e miꞌi hawyi heremo yn naꞌyn iꞌatu­wa­netup hawe tupana ehay iesui tunug miꞌi hawyi taꞌa­tukuap kahato raꞌyn miwan saꞌa­wy­ꞌiwuat kai iesui etiat hap hawyi heremo raꞌyn iꞌatue­pyꞌa pe yne iesui ete,Sateré-Mawé
23675,o'akɨhɨre mari eho peose me'ra mari tɨ'o ya'ase me'ra mari wakuse me'ra mari tutuase me'ra ma'ise apeye nemoro nii yɨ'rɨ nɨ'ka' toho niika mari basi ma'iro nohota aperare ma'ise ayu nii' nii pe'tise mari wa'ikɨra ɨha moro peose nemoro wapati' toho niika nii pe'tise wa'ikɨra wehe ɨha moro peoropɨ ɨha moro peorati niise nemoro wapati' niikɨ niiwi,Tukano
265,oripo saaro sytatose kyyrypyryko rumekaryhtao kyya xine tukurikase roropa kuahtao xine oripo kura sa sytatose typyne exiketo samo kyyrypyryko poko pyra exiko sytatose kueseko poetoryme kueseko omi poe kure roke exiko sytatose kure tyriry poko rokene,Apalaí
6232,ica oko anoyiwaɡadi ǥoniotagodi igamodaaɡee ica mewi mejiwaɡataɡa ǥoniotagodi niɡina mejiwaɡataɡa ajawienatakanaɡa me jibaɡatege niɡica ɡonaɡajegi ane ligegitedoɡowa aneotedoɡoji niɡina mejiwaɡatakanaɡa jowooɡotaɡa mewi minoa niɡicoa analee daɡa jakataɡa me jinataɡa,Kadiwéu
26197,kam me kute tu amim markumrexja ne metindjwynh mema me kute meo bama are mykam bir dja abraao djo'a tamdjwy kuni tu amim markumrex nhym metindjwynh ta arym tu kum me kapri tu kum me kaprikam gedja arym mramri tamdjwy kunima apynh me ba djakam me ja nhorkumrex nhym me arym ar meo ba djam mebe idjaer kute mojdje kukradja mar jabit dja meo ba kati me kute abraao kudjwa tu amim metindjwynh markumrexja kuni dja me meo ba mramri ne kute me ja kunima kute meo bama arenhkumrex abraaobe ne me bakuni nhinget metindjwynh ne amrebe: me bakukamare abraaoma ja jare kum me bakuni nhinget jare metindjwynh kum “apynh me ba dja krapti:kam me jama ne ba arym ajo me inget” nam a abraaoma ane nhym me arym 'a pi'ok no'ok ne nhym me aben djo'a arenho mo:n arenho mor tamta gu me bakamingranyredjwy baje arenh ra'a ne ga mramri abraao kube me banhingetkumrexja pumu abraao kute tu amim kamnhixkumrexja ne arym metindjwynh nokrekam kube me banhingetkumrex metindjwynh ta ne kute akubyn me tyko tin ne myjja kukam 'a ajare myjja kator ket ra'a nhym memabit kute kator pram ket pyrak nhym be metindjwynhmabit arym myjja amirit nhym arym kukam 'a ajare ga mramri abraao kube me banhingetkumrexja pumu ne ren atema me'o ne ren te amiwyr kute meo aminhoja katorkam ama ne ren 'a ukanga nhym be kati nam abraao kute meo aminhoma tu amiwyr kam amako temkumrex ne me kadjy tu amim metindjwynh kamnhixkumrex ne kam arym meo aminhokumrex arym kube me inget kube apynh me ba dja kraptikam me ja nhinget metindjwynh kute kum anhyr kot kute kum “dja a atamdjwy kraptio ane” anhyr kot ne abraao arym tu amiwyr me kamnhixkumrex nam te amim —‍arym xarame ar ibenge:tte na bam te ar ikra'o pra:mje mramri ar ije me tykkam kra pram ketja pyrak ane nam te amim anen tu amim kamnhixo temkumrex arym ne abraao'a amex krapti: kube  pyrak,kayapó
11491,oferap maꞌe pee mu nipo ꞌjau jee: “maran sipo ajee janeruwarete ꞌga amanu maꞌefera ꞌga moferawi maran sipo ajee oferap maꞌe ꞌga netea” ꞌjau nipo pee,Kayabí
9264,ha paulo katu: —ndaha moꞌai heꞌi —ore ko romano vaꞌe nanhainupai romano vaꞌe nhamonheꞌe eꞌy reheve heꞌi —ha ore nupa kuri enterovea rovagwy-py hikwai ore monheꞌe eꞌy reheve ore-vy oporandu eꞌy reheve ore nupa nupa kuri heꞌi upe rire ore moanha ore mondo koty mbyte-py ore moi hagwa preso ay katu ore mose nhemise ore mondo-vy ha ndaha moꞌai tou katu mburuvixa ore renohe hagwa heꞌi policia kwery-pe,Kaiwá
