index,TEXT,LANG
20309,kyze sesus tasaytsik ty wytyk bo hezok niy tsahoro ty tysukni iwaze ihyrizikubyita hyriziktsa bo tsahoro ty pepetohi niy ipe niy: — zarape siroa inarokoha bo tyzakpikykta tsimy — niy siroa sudeja harere zipehata motsaso iwaze ihyrizikubyrita zarape bo niparak taty hopik hopikby niy atsoko nikozo nizororobaba,Rikbaktsa
19927,quando jesus dizia estas coisas uma mulher da multidao exclamou: feliz e a mulher que te deu a luz e te amamentou,Portuguese
1325,amnepe ma me pahte amnhi kaxyw jejus kot pajamaxper xa ha arigrota a na pre korma akupyn me pahwyr hpox xa ha arigro korma hwyr awry rax ne ta ra hwyr ahtep o mo koja tokyx akupyn me pahwyr wry ne ma akupym kaxkwa hwyr me pahto api jakama kwa ker pu me ari hamar raha ho ri apa jao tanhma amnhi tomnuj to kaxyw ne pajamaxper o: —kwa koja jejus tanhma amnhi to ne jaraha akupyn wryk japer ta kot pa ri a amnhi nhipex ane nhum wry ne tee ri ja ha ixpumu pa amnhi kama ixpijaam tyx ne na kot paj a amnhi tomnuj anhyr ket ne ane hamri ne jejus kama ajamak pe kutep tirtum kaper kot pix ma ri amnhi nhipex mex raha ho ri papa na pu htem kamat kam gor ne arigro jamar pe kama pajamak o panhikwy arigro te kep jejus akupyn wryk pyrak jakama kwa pu me kama pajamak pe kam panojaret raha ho ri papa ne amnhi ne tanhma me omnu xa kute pumunh mex o ri papa te ho poristi kot amnhi ne me kot kam me hkure xwynhje pumunh mex pyrak o jejus kutep tam amnhi nhipex o ri papa na pre tanhma me pahkra hto pu me y ha tam ri amnhi nhipex ta ker pu me ari a amnhi nhipex anhyr o ri papa ne te me pahte arigro ha me pa xwynhje kot amnhi nhipex pyrak o amnhi nhipex,Apinayé
26788,ne kam me krapti:me kot ba djwynhme amiwyr me ku'uw nhym me arym 'yr box nhym mema kum —‍gedja ga me ajo ma ikot abikamenh pram jabej kwarik wanh amidjwynhbit mar ket ne ma amim “djam ba ije amijo kinhma kati” ane dja ba ityk kadjy inho pite'y myn itokry: dja ga ija amijakren aje anho pite'y mynh man prabe ama atokry pyma ket ne ama ijabe ra'a ne ma ikot ajkame,kayapó
6656,pida najoitediniwace me diɡica anoyeloɡodita,Kadiwéu
17150,enexe enore aerorehenerene xowaka nali wisaonita iraiti enokoatare enore nalitare nexa iraehenere wasema: “exe atyo nityani noxiyakawali kalore aihalahalinikijita natyo” wiso terota wasema exe iraiti waiyexe enokoatare xekohaseti jesus kakoa tyairi waiyexe heno wisaonitere xowaka,Parecis
15359,jesus hꞌyyb go tabahapah ba takꞌep rahꞌyyb tatug paawa sa haj nꞌaa wahe nꞌaa tabahadoo hyb nꞌaa ta mab he ka pꞌop tabaseek waee jo sa mahanh,Nadëb
16333,wxa²­kai³­nyhu¹­ah³­lxin¹­kxa²­ ya¹­nxe²­ txa²­wa¹­su³­na²­ kai³­uh¹­nxti³­tu¹­wi¹­ a³­wa²­to²­hi²­ kai³­uh¹­nxti³­tu¹­wi¹­ a²­nu²­a²­ yen³­kxi³­nh²­te²­na²­ ah¹­ kai²­non³­sxa³­ yen³­kxa²­ u³­hu¹­nyhain¹­tu¹­wi¹­ yxan¹­ta¹­ a²­nu²­a²­ yen³­kxi³­txa²­jah¹­la²­ yen³­kxa²­ju¹­nxe²­ yu³­kxan²­ti³­ sa²­sai¹­xi²­hxa³­tain¹­tu¹­wi¹­ nxe³­ye¹­nxta¹­wi¹­ je³­su²­jah³­la²­ ta¹­hxai²­he¹­la²­,Nambikuára
17485,waiyoliniti iyateliti waiyexe enore isa halitini ana  corint xoare nere “enokoa xane” nita exakerexe atyo: hetati exoa ako katyahe hotohare hatyo najikinita eno xeta xane exoa ako katyahe hoka hatyo najikinita enokoa xaneheta hoka enokoa xaihako xane hoka tyotya waikohekoa enokoa xoaha ekaisetya hawenane kakoa maheta,Parecis
21766,piat ewy miꞌi hawyi sapatu eꞌat tokosap hawyi mukiꞌite mytuꞌu eꞌat pe hunete ihotꞌok pe turan tuwat mariaꞌin iesui syp hap kapiat teꞌerahaꞌat hamo,Sateré-Mawé
21527,mekewat awyato tig saꞌag saꞌa­wyꞌi toineꞌen yi tote maꞌato miꞌi hawyi ikuꞌuro hawyi meiuran tuwetem guꞌuro pyi mekewat yi kaꞌa saꞌag iwato rakat kaipyi yt ikaꞌa sasat rakat i kaipyi e miꞌi hawyi yi totiaria yt iesui mohey i haria teꞌe­ru­wa­netup kahato toineꞌen i hawyi e mekewat eꞌat pe — are pai are an ikuꞌuro saꞌa­wyꞌi mesuwat awyato wato tig ewywuat maꞌato mesup tuwe­mo­herep i raꞌyn iꞌatuꞌe aru mekewat meimue­waria yt tupana miwan miaria iꞌatuset pehik i haria — miꞌiria ti waku tukup­teꞌen wuatꞌi eꞌat pe uiwywo atipy pe yt toꞌe i tupana miwan me haria saꞌa­wyꞌi tupana tiwan naꞌyn tomohey haria saꞌa­wyꞌi sese at yi waikiru yt kat i te turan toiwan tomi­moiei­neꞌen wuaria set koꞌi maꞌato mekewat awyato ahiag mohey haria set koꞌi yt wetup i tupana miwan ete e uhepe mekewat atipy kaipywiat tupana ehay moherep hat uhepe uito iuwau me,Sateré-Mawé
905,zakoro to roropa onenetupuhpyra kynexine,Apalaí
24162,ma alcabala pagapacunayqui illaycata licachimay” nil niptinmi juc dinariu nishan illayta upacula jinaptinmi tapula: “cay illaycachu pita cayan pip shutintatacmi apan” nil,Urubu-Kaapor
23410,ma'ise pe'tisome nii nu'kuka'rosa' apeye o'akɨhɨ marire wee masise o'ose purika pe'ti diharosa' be'ropɨ o'akɨhɨ kɨɨ yeere were turia masise o'ose ke'ra pe'ti diharosa' nii pe'tise kɨɨ yeere masi pe'oka'rasa' apeye uuku masitimi'kere o'akɨhɨ uuku masise o'ose ke'ra pe'tirosa' apera yɨ'rɨoro masise o'o'ke ke'ra pe'tirosa' nii pe'tisere masirasa',Tukano
19194,ai ele comecou a se amaldicoar e a jurar: nao conheco esse homem  imediatamente um galo cantou,Portuguese
3681,aituo pilatos aguely jesusram: — akaemo iwentado midataila amyguehonly main-hogubaka ise ama — kely,Bakairi
9144,upe jave jepe nhandejary rembigwai yvay pygwa katu nomombeꞌu jevyi hesegwa nheꞌe nhandejary-pe okiriri pora opyta ohendu rei ojehegwa nheꞌe rei nhandejary nheꞌe raꞌanga mombeꞌuhaty-gwi imbaraeteve voi hikwai ipuꞌakave ave ixugwi upe jave jepe nonhembotuvixairy onheꞌe rei hagwa hese kwery “ijapu voi upe vaꞌe” ndeꞌiry nhandejary-pe “upe vaꞌe kwery ohekomboꞌe vai ne nheꞌe moꞌa omombeꞌu-vy” ndeꞌiry omombeꞌu jevy hagwa nhandejary-pe,Kaiwá
15345,ti mꞌ pꞌop haga do tob nꞌaa yt ha moo hebꞌooh do sa wahe nꞌaa hehꞌaat do kawajꞌaan go tawen sꞌeed hom ta daaj he ta saroor ti mꞌ taky hadoo: —jaam he dooh hyb nꞌaa wat pe ta ky nꞌaa herꞌoot peh —nang mah —be maa napah ne he ta kyyh pꞌop haga do taky nꞌaa rejaa doo —nang mah —nyy da be ha —nang ma pꞌop haga do tob nꞌaa yt ha moo hebꞌooh do sa wahe nꞌaa hehꞌaat do kyyh ti mꞌ sahonh he raky hadoo: —tawꞌaats he tadajep —nak mah,Nadëb
19255,quando porem somos julgados pelo senhor estamos sendo disciplinados para que nao sejamos condenados com o mundo,Portuguese
21090,peteru minapin typuat uito ti peteru aipo­typot iesui eropat hat sese uito uito iesui mipo­ꞌoro miitꞌin muꞌe hanuat ihay moherep hat uito uito ti  ok hap iesui emiit uito iꞌewyte imohey haria napin hat uito aimi­mohey ikahu rakat moherep hat uito hekat kahato rakaria ewywuaria watu­kup­teꞌen katu­pono imohey hap saꞌup iwato kahato hap ewy topy­huꞌat imohey hap kaipyi — uhaꞌyru mohey haria ti eipe uiwa­netup hawe uipyꞌa pe e tupana ahepe miꞌi pote atum yne wakuat ehepe e tupana,Sateré-Mawé
2615,ininia ninoa taparakienatakakaua xesosi sakire auikakani mauikarenikata ipotorikinina apisa iuaikana paoro misakiretana ninoa: —erekari matamatakoti sakirauata atao hinirimanekata kitxakapirika ipaniatari teoso sakire sapiretakari isaia inakori isapiretiniri teoso sakire hinirimanemoni itxari: hisa kakitimoni hisapiretanako ninoa: “hikenakotari nisakire atipirika txamari hinirekari himarotiniri nisakire atipirika hitikari nikamakiti txamari hinirekari hauikiniri nota kaminiri ia atoko inakari” kotxi kakiti akixiniree inirekarina imarotinirina nisakire inirekarina ikenakotinirina nisakire inirekarina itikinirina nikamakiti inirekiniarina itikapitikarina nota kamakiti inirekiniarina atao ikenakotarina nisakire akixinireena imarotaakamariko nota sakire inamanako notamoni ininia nota txikitakamanako ninoa ereka ininina itxa teoso sakire paoro sakirauata iuaikana ninoakata: —ninirekari himarotiniri teoso iokanapirena erekari kakiti maerekani makatxakiko pirena iokanapiretaakapeka xoteo minakonimoni ninoakara auikapitikariko teoso sakire ikara paoro sapiretaaka atoko ninoa xoteoakori sipeka isikasaakina iteene itaparakienatakakauana paoro sakire ikenakotinina xika,Apurinã
17948,kalikini kijiyehena kirakoane wisaonita winaka woinane kakoa imiti xololohare ako wijoita wikamokonasetyakita maisa wikahanere hakitinai,Parecis
15479,hꞌyy ganehot do be parisew tawꞌaats he paawa pooj je ta go be benam baad ub be kanek tii ba ka sahonh he baad dag kanek ky nꞌaa me jesus ma meteek sa hꞌyyb ky nꞌaa tawꞌaats he pooj je ji benam tꞌop ji hꞌyyb tii ba sahonh he ji ha ji moo wat doo ji herꞌoot doo baad dag na-aaj he ti ne he tahanang pe ne ti kanek ky nꞌaa me tehꞌuum doo —nang mah,Nadëb
2300,kona hauikapiri apanakini oerekakiti atao minakati kotxi ikini sereti oerekakori atao minakati auapitika hauiritariko ikinipoko erekari teoso sikakiti sikataparatiniri hakixinire anikakiti isikataparatari aakixinire ininia hauikapiri kakiti sapiretinii apanakini nipokori erekari hixinire ikapani apanakini nipokori erekari hixinire ikapani,Apurinã
1702,no me ate amnhi tomnuj myrape tanhma ixte me anhipex to kaxyw na pre me awyr inhmenh ket ne am ixkukwak ri me atir tum ne me amex raha apa ho apa hpram xaj na pre me awyr inhme pa me awyr wry,Apinayé
11345,—nan tee futat nipo peo peu ywag ipe jejeꞌega renupareꞌemamu ꞌokwara mopoga jee aꞌere nipo je “najeremiayuwa rui pee” je ꞌi etee pe nupe “peꞌje pejewau pejejewya je wi” je ꞌi etee pe nupe— ꞌjau ꞌga ꞌga nupe uꞌama —aꞌeramu nipo pee ꞌjau jee: “orojemiꞌwat ako ore ene pyri ikue oreꞌwyr ipe futat ako ore muꞌe ape ikue” ꞌjau nipo pee jee,Kayabí
10705,jesuisi rarybemy rahudi tahe retehere biu‑o rarybere: —waha wabededyynanamyhe reara ariore watxiwahare wowydyna wadee biwahinyke tai tahe adee wowydyna adee ariwahinykre,Karajá
9346,—mbavaꞌe tipo erejapo uka-ta hese heꞌi jevy jevy oporandu-vy ixupe upe-ma ramo onhemboꞌy-ma oi-vy heꞌi: —pene paꞌu-my ojejavy eꞌy vaꞌe tojapi ranhe katu ixupe heꞌi ixupe kwery hesu upea heꞌi rire ojeayvy jevy ohai jevy ikwa-my yvy,Kaiwá
8508,pedro ty tope jykre kamen mu ha ra tog pedro mre  mre ti mu un gri ja en ti ha ky venh kar tog ag to venh man mu tope jo in krem paꞌi ty salomao he mu en sala ta venh kar ag my tog e ti un gri en ty haꞌ hen ky,Kaigáng
815,ynara tykase erote jezu poko — ahno epurihkane mokyro tosemase ropa mana tykase typoetory tomo a —morara exiryke jamihme toehse ynororo kurakokara kurakako ropa mana tykase,Apalaí
18618,hari ni-makhaniki avakadimoni hini ida baimana kapavakarivahaki-ra avahavini hari'a bana vanana'dohi: hihida baimana deus amovana viaha hojamani'ia koda hida hari'a vanana'dohi bana mahija avarigaravini avarigaravini mani ida avava'ini-ra kosakhamaravini hija deus athi kapapirani haria nava'isohivini: “deus kani ida arabo hahavi araboa hojaki hiki” niki ida athii,Paumarí
426,owoko ropa hkoty ytokose pata pona morotona toytose awahtao ypoetory enyohnoko ase oenese jomiry ekaroko oya mana tykase jezu sauru a,Apalaí
23996,mari jesu cristo me'ra ayuro niika' niise nii' mɨsa too dɨporopɨ niiseti'kere wakuya mɨsa judeu masa nii wee' toho weera judeu masa o'rekɨhɨ yapa kaserore yehe ko'ara a'tiro niisama mɨsare: “naa yehe ko'a no'oya marira niima” naa basi pe'e “ɨsa yehe ko'a no'o'kara o'akɨhɨ yara nii'” niimisama mɨsa pe'ere “o'akɨhɨ yara niitima” niisama toho weese ɨpɨpɨ weese di'akɨ nii' toho weese masare o'akɨhɨ yara wa'aka wee wee' tiitapɨre mɨsa eho peoatoho dɨporo cristore mookara niiwɨ mɨsa o'akɨhɨ yara israel kurakahara me'ra niitikara niiwɨ o'akɨhɨ israel kurakaharare a'tiro niikɨ niiwi: “naare ayuro weegɨti naa wiogɨ niigɨti yara niirasama” niikɨ niiwi mɨsa pe'ere toho niitikɨ niiwi mɨsa o'akɨhɨ ɨsare yɨ'rɨogɨsami niisere masitikara niiwɨ o'akɨhɨre mookara niiwɨ,Tukano
19775,os que passavam lancavam-lhe insultos balancando a cabeca e dizendo: ora voce que destroi o templo e o reedifica em tres dias desca da cruz e salve-se a si mesmo,Portuguese
1554,akupym me  ta nhum satusew nho xwynh kwyjaja me kot akupym me htir ma hamaxper ket jakama me htyk ne me hapex a me hkamnhix jakama na prem tanhma axpen ma jejus jarenh to ne axpen ma: —e kwa pu me ma hwyr mra ne memoj xihtyx a hkukja ke me pama ne tee ri tanhma me pama harenh to hkukama hamaxper hamri nhum me piita ja ha omu ne ahpumunh tyx ket a omunh kure kumrex e ma pu me hwyr ane ne ma hwyr mra ne parijew nho xwynhje pyra ne hex rom ahkukja ne kam: —pa jejus kwa me inhma memoj jare na pre finat mojesja tirtum nhy ha me panhiget ma a karo ane me hkra hket raha me pa ne me htyk xwynhjaja nhum me harenh o: koja meho hpro ne korma kama hkra hket raha pa ne ty ha koja hkot htoja hpanha hprota o hpro ne kama hkra hamri nhum kato ne te kep hto htyk xwynhta hkra pyrak ane na pre a mojes me kam karo ane,Apinayé
2425,iuasaakipeka kiki ina katimaria iakari mapoa atoko inakari iaria katxioarimoni aake mapotokire taka itxari sika itxari xesosi iatini ikapani —mitxipanikako maiatapari atauako eriasi makatxakatapaniri xesosi —itxana,Apurinã
7639,ahe rendupavire jaytata'ia kwahapyra'ga hoi a'ero ogwovo belem me ga horame jaytata'ia – kiroki jaytata'ia ojipiuka ga pe kwara ipora koty – kotihi akoja jipiukara'javi ga pe ogwovo ga nenonde ogwovo jesus'ga rehei katu opytavo garuhava arimo horyory hete ga jaytata'ia repiagame ogwovo ovahema tayri'ga ruhai pe,Kagwahiva
16368,yxah³­lxin¹­kxai²­nan²­tu³­ txa²­wan³­txa²­ i³­ye³­kxi¹­nxta¹­jau³­xai²­na²­ a²­yxo²­ha³­kxa¹­ sa²­yxo²­wetsi¹­hain¹­jau³­su²­ i³­yau¹­u³­txain¹­yah³­lxi³­he¹­li¹­ nxe³­ya¹­nxta¹­wi¹­ a³­si³­te³­kxi²­sa²­te³­nxta¹­tu¹­wi¹­ yuh³­xan¹­ko³­nau³­a²­ ne³­ki³­so³­nxa³­tau³­a¹­ a³­si³­te³­kxi²­sa²­te³­nxta¹­tu¹­wi¹­ nxe³­ya³­nxta¹­wi¹­ je³­su²­jah³­la²­ ta¹­hxai²­he¹­la²­,Nambikuára
6634,pida jesus naɡa nadi niɡijo anodiotibece niɡica anowote odaa ja yelatetema odaa meetediogi “ikanitiwaji niɡina nigaanigipawaanigi menagitibeci meetaɡa jinaɡa oliitege menagitibeci meetaɡa igaataɡa aneotedoɡoji iiɡe laaleɡenali niɡina oko ane liciagi niɡina nigaanigipawaanigi,Kadiwéu
9996,ha pee katu aikwaa-ma raꞌe pende rekoha pejerure rure raꞌe peiko-vy nhandejary-pe nheꞌe marangatu tee vaꞌe remimeꞌera peipota eterei-gwi raꞌe upea-rehe haꞌe-ta pee-my tapejerure katu hemimeꞌera iporave vaꞌe omeꞌe hagwa pee-my peipytygwo pora hagwa hesu reroviaha vaꞌe kwery-pe,Kaiwá
11304,aꞌeramu nipo ꞌga ae moferapawa ꞌara rupi manamu sipo ee menaretea— ꞌjau ꞌga jejui ꞌga upe —ꞌga juejue futat ee wereko kui— ꞌjau ꞌga jejui ꞌga upe,Kayabí
18718,namitha'iki hida hidakaba'i deus  kohana-ra nava'isohijoravini hi'iki deus athi namoniva abono ada  kohana deua bini'aha:,Paumarí
24929,allin willacuywanmi timoteo cutimun natac timoteo cutimul willaycaman suma allin capacushayquitapis “jesusninchicman'a masisu chalapacusham cayalcana jinalmi llapanpis yanapanacuyalcana cushisha imallachupis” nil nimantacmi ya'acunapita imaypis cuyacuywan yalpachaculcashayquita natac “imaycha tincuycushun paycunawan” nil ya'acunanu llaquiculcashayquitapis,Urubu-Kaapor
1584,no na ka htem a amnhi nhipex anhyr ket ne ra me ate pahihti jejus kris kot amnhi nhipex mex jakama na htem ja ha me apumu ne tirtum kot me ato hkra ha me ajarenh kure kumrex kot kaj me a hkot amnhi nhipex anhyr o apa ne memo arigro ha apunuj ne apa hta jejus kaga hket ne hamri ne nhyrma ma tirtum nho kri hwyr api nhum me apumu ne me ato mex rax ne hamri ka me o kri kama me panho pahihti jejus kris wa kuri atir tum ne amex ne apa ho apa,Apinayé
20156,ipe niaha: “ikia mytsyhyryze hyrikosotsa ty tsimykta hyrikosotsa mydeustsa moziknaha asahi deus hyritywatsa myharaze pomonaha asahi myske piwatawynaha moises ja atahi esito ikny inamyoktyhyryk hana bo my batu katsa mynyhy” niaha iwa arao bo nitsasokonaha,Rikbaktsa
17226,paulo exahe iraiti xakaisaseharenae metalahare kasani exahe niraehena hatyahaliti akereta hoka heko xasemaxematya niraeni naokita hatyo hiyeta xasemaira niraeni,Parecis
22290,ina pahuko inuxinoatihiko pihonehiko neko pahoe xoko kali ipuxovokuti ya samariya oposikopoinoati okokumoya,Terena
12983,iꞌ waniꞌ awani yeꞌnen maasa pra ipiꞌ koꞌmanni yeꞌnen ipikinsaꞌ koꞌmanni siriri manniꞌkan ayonpakon epuꞌnenanya taa manniꞌ waranti “uuriꞌnikon wani inmukuyamiꞌ pe niri” taa toꞌya,Macushi
21386,maꞌato erenuk turan wetup ok toꞌe epe — etikuap apo tupana iaꞌakap motypot hamuat miꞌu puꞌi watuꞌu hap uhyt e pote — yt atikuap hin i miꞌi hap waku eweiꞌe iꞌatuepe miꞌi hawyi — pyno yt atuꞌu i poꞌog katu­pono yt naku i watuꞌu miꞌi ta e hat ehamo maꞌato etuꞌu pote haty kahato topy­huꞌat ewanetup hawe iꞌewyte mekewat miit itotiaria pe iꞌaparap hat wo en eropy­huꞌat ihamo etuꞌu pote yt aiwo­ꞌoewy hin i aimiꞌu u hap eko ete e maꞌato waku watuꞌu aiwa­netup hawe wen maꞌato mekewat miit — yt naku i watuꞌu e hat ehamo yt naku i watuꞌu maꞌato iraniaꞌin itotiaria iesui mohey haria — waku watuꞌu tupana miium e haria tukup­teꞌen eipy­ꞌa­setpe pote waku yne aimiꞌu wo watu­wehum kuap tupana kape pote waku etuꞌu e iesui aika­ꞌiwat ahepe pywo kahato miꞌi ta wen maꞌato yt naku i — yt naku i watuꞌu e hat ehamo katu­pono yt naku i watu­ꞌuka ahehay wo iraniaꞌin iesui mohey haria wywo — waku watuꞌu yt naku i watuꞌu e hap koꞌi etiat,Sateré-Mawé
13395,pa nuy ta noy kummuga hok 'axit'ax ha 'anoy kummuga hok 'amhok 'og pa 'ati' 'anoy ya topa yog ha topa te nom putup pax 'uyog hah ha' kummuga hok nuy 'axit max topa tep-tup tikmu'un te xogyin ma hok xix ta hep xupyag xo'op hok ka' noy ha hapkummugaha',Maxakalí
19197,quando amanheceu nao reconheceram a terra mas viram uma enseada com uma praia para onde decidiram conduzir o navio se fosse possivel,Portuguese
18419,vakava'ibodivarani hida oathi isai fori vihi'a mahija deu-ra avagathanivini avakadika'da'di hi'ara kaimoni isai fori avihirihi; jokoa avakadika'da'di hiriha ada deus jokoa deus ibavia avarikharihi — va'ora ni'aha ada jesus,Paumarí
22702,ina kayukopovomaka itukoponea orasaum yoko mopo'apene ituko orasaum kuteati koeku yuho inuxotike enomoponemaka koeneye,Terena
6740,akaamitiwaji ɡoneleegiwadi anakaami wadonadi jinaɡalataɡani codaa analakitibige mepaɡa daɡaxa me ɡadoniciwati caticedi ɡadodawadi codaa eemiteetibige igaataɡa aneotedoɡoji eote akaamito ɡadodawadi me ɡadewikitace nigidaaɡeni odaa aɡica ane ɡadibeyacaɡati niɡina motaɡaneɡeni aneotedoɡoji,Kadiwéu
11180,—aꞌeramu ꞌga ꞌga karaema rerawarera ꞌga nenuina: “maꞌja te ereroo raiꞌi” ꞌjau ꞌga ꞌga amu upe —“ꞌmiara kawera ako je aroo aiꞌi” ꞌjau erawarera ꞌga ꞌga upe,Kayabí
4993,hekwe uzeꞌeg oho amogwer tekwe wapyr aꞌe imunehew pyrer wapyr aꞌe wamunehew paw pe aꞌe kwehe mehe tupan uzapo kar kanuhu uhuaꞌu maꞌe noe pe aꞌe — tupan umugyr kar putar amanuhu aꞌe nehe iꞌi noe teko wanupe aꞌe — pepytuꞌu ikatu ꞌym maꞌe iapo re nehe iꞌi wanupe nuzekaiw kwaw izeꞌeg rehe wa nuweruzar kwaw tupan zeꞌeg wa aꞌe rupi tupan uzepyk wanehe aꞌe umugyr kar tuwe amanuhu wanupe aꞌe wamumaw pa xo noe zutykaꞌi numano kwaw aꞌe wa taꞌe wixe kanuhu pupe aꞌe wa xe noe ianam uzepyro ꞌy wi nezewe aꞌe wa amogwer teko umano paw rupi wa wanekwe oho tekwe wamunehew paw pe wa zezuz hekwe oho aꞌe tekwe wapyr aꞌe umano re aꞌe umumeꞌu wi tupan zeꞌeg wanupe,Guajajara
8842,ky u ty hen ri ke ag tog ti ki ge mu sir ti vi to,Kaigáng
6995,natigide okanicodaaɡica diimigi ini noenatagodi pida niɡijoa ane yoe inoatawece baɡa aneotedoɡoji,Kadiwéu
25908,wamama ma wa ai'ama 're imreme u'asi za'ra wa'wa 're ihaimana u'asi mono ma dure wanhib'apito zezu cristuhu ma zama isimizawize ha ai'ama 're haimana u'asi za'ra wa'aba mono da rowe u'asi ama 're anomro aba mono da,Xavánte
25135,wa nori ha wa to aima rowasu'u za'ra wa'aba ni zezu cristuhu wasu'uwe na tane nhere nimaha na cristuhu wasu'uwe upana wa te dama 're rowasu'u za'ra mono wamha te za 're ihaimana u'asi mono ha te te 're wa'awe'o pese tane dure nimaha na haiwa ama tama iromhuri'wa nori ha iwasu'uwe upana we te te dama 're rowasu'u za'ra mono wamha te za dure te te siwi 're awe'o pese ane ha wa to aima waihu'u za'ra wa'aba ni taha wa wa za dure aima ama sahu za'ra wa'wa wa te aima iwaihu'u za'ra wa'aba zem na ni'wam nori ha wanhimirowasu'u zarina si zezu cristuhu wasu'uwe na te te dama 're rowasu'u za'ra mono o wamha te za 're ihaimana u'asi mono ha te te siwi 're awe'o pese,Xavánte
25299,taha wa te zezusi asa tama nhari zahure: — iwapari pese aba 'ri aha u aimasisi aba wamha aiba ha te za isopete 'wa piza'a a re te te i'ari ha sopete aba wamha pibui wa'aba mono za 'ri para u isebrezeb u tame te za 'ri tede'wa ha isadanhari 'wa ane: “rowahutu'wa ha te wama tinha wa te asadanhari da: e ma niwi 'ri 're wa'wa ha isire 're inomro mono nori me iwa iwasaihurizeb da ha pascowa na dato nhisi na ha”,Xavánte
20726,katsaktsa deus tyryktsa babatsa tsimaha tubabatu moises harere hi: — o kytsa tsikapiakzyzyknahaktsa iwaze iwatahata niyzik deus tyryktsa kytsa bo tsiwatawynaha — niy ana kino mytsaty mykaranaha katsaktsa batu abaka katsaktsa ustsa kytsa bo mysipokzitsikinaha iwaze katsaktsa deus tyryktsa tsipiwatawykynaha deus hyrikoso mymytsumuehi iwatsahi deus bo tsimysakibazikiknaha: — o deus myzo ikia zuba wasani tsimykara ikia zuba tsamysapyreta ikia humo ka mykuretsa hy — tsimykaranaha deus hyrikoso humo katsaktsa mykuretsa sesus kiristu sopykwy humo tsimykaranaha iwaze kytsa sinury humo nisipiakzyzykyknahaze ana humo hi batu sispirikpo sisopykwy humo batu sispirikpo sesus sopyk ty zuba tsimykaranahaze katsa deus tyryktsa tsimoziknaha ana hi tsiwatawynaha,Rikbaktsa
21761,maꞌato karape aito iesui mohey haria watu­we­ꞌa­tunug waku ahehay yne aimikuap pusu puo yn yt naku i ahehay itote tupana kape atipy piaria pusu puo maꞌato miꞌi ta watunug itote pote miꞌi hawyi putꞌokꞌe itote wetup ok yt iesui mohey i hat i te yt aheko kuap i te hat miꞌi hawyi — are pai are an iꞌatuꞌe taꞌi mesu­wa­rotiat hesoꞌok takaria iꞌatuꞌe neꞌi taꞌa­tu­wa­netup hawe katu­pono yt taꞌa­tu­mikuap wuo i ahehay tupana kapiat pote atipy piaria pusu puo pote,Sateré-Mawé
14251,okitpitpiyu deus cuk wuynae wuyjupinap tag wuyeku am imenpit: — obikuyap tag cuy ojeku jewemucokcokcog deus onae ojupinap tag weku am puye — i'umgu juy epe'eeybikuyap tag gu juy epeku jewemucokcokcog xipan cuy epeyewekuk jewebuywatwan tak cuy epesop imen e'em wuyaweweap ekawen tup: xipan cuy warara'acat ejukuk ewekukap puxim i eywebe xipan warara'acat kug pima wuyaweweap ekawen tag eyju jekukum soat ekawen tag,Mundurukú
8856,eg senhor ne inh fegꞌ sy ajag jyven je ti pi je inh my: “ha ag koken” heꞌ ky sog ajag my to eg senhor ty inh feg ja ti isy veso vi ha han ha ve ge ra tog inh myꞌa tu ni isy veso vi ha han mu ti sy ajag jyven sor ve inh pi je ajag kane jun sor muꞌ ajag jyven ha je sog ajag my ran,Kaigáng
897,imeipo aorihtya esemamyry ropahtao onoky pytyme na nohpo exiko me imaro torenase exiryke tykase toturupose toto jezu a,Apalaí
10421,taita jesuisi soldado dinodu‑o rarybere: —makre timybo wiji tahotinymy tetyhynyte wesemy heka rarekre iurele teodu reytere,Karajá
13570,ha pinat te' xat ha xonat te yeyox kix xikot ha,Maxakalí
10832,kia ierydyynao jesuisi luunaduo rare jiary joao wahe jiary tahe pedro‑o rarybere: —inynyryle wa rare pedro jesuisi raramy roholareu tatyky tawetyamy ritaamy tamy resere tade hekylemy rareki tahe resere bera‑txi tamy rakremy ijoi mahadu ria‑di narurunymy nade utura sowereki tahe  urihixinamy ynyra‑ribi ratximyhyreny,Karajá
6571,pida liwigo aneotedoɡoji ja dowediteloco estevao odaa naɡa iwitibigimece ditibigimedi odaa jona nadi latalaɡa aneotedoɡoji codaa nadi jesus me dabiditedini liwai libaaɡadi aneotedoɡoji,Kadiwéu
8417,ky a katig ky inh my inh capa ma katig troade ta ti ni carpo in krem ky inh my inh livro ge katig ge livro gringrin ky nyti en mre ha nen u far ki ran ky nyti en mre isy livro en venh ha pe tog ti,Kaigáng
12844,jesus ennaꞌpotoꞌ siriri non pona miriri yeꞌnen inseriya taꞌpi upiꞌ: —siriri mai wani siriri yairi puꞌkuru tiweꞌsen pe moropai innape puꞌkuru ikupi yuꞌse wani miikiri uyepotori paapaya tekaton tiriꞌpi manniꞌkan timaimu ekaremeꞌnenan profetayamiꞌ pia miriri waranti inseri yarimaꞌpiiya tapurinenan pia manniꞌ aweꞌkupi kupi manniꞌ ekaremeꞌtoꞌpeiya —taꞌpi inseriya jesusya taꞌpi: —maasa etaki kaꞌneꞌ pe uuipi kupi siriri miriri yeꞌnen mori tiriuya pe wai manniꞌkan innape ikuꞌnenan pia innape aweꞌkupi kupi manniꞌ kuꞌnenan pia manniꞌ kaareta pona eꞌmenukaꞌpi kuꞌnenan wani —taꞌpiiya,Macushi
8112,ti ki ra ha inh kanhkaꞌ u tog kejen: “ti ki sog ra ky ni” he ti tope to ha ra tog ti vi han tu nigti ky tog on ky ti ki ra ky ni ja ni kren ke tu tog ni sir,Kaigáng
20591,deus mype my: — ikiahatsa ahamysapyretsa tsimaha kahumo ahaspirikporetsa kaharere bo hyy zuba tsimykaranaha zeka wasani tsimaha iwa tsimyzurukunaha — mykara,Rikbaktsa
11811,aꞌeramu ꞌga ꞌjau jee nu: —eremim kasi ejemikwasiarera ne niporomukui futari nipo ene upe esaukaripyra ojeapou,Kayabí
7491,a'ea rupi po ti pe ga ndepiagi nehe: abraao'ga isaque'ga jaco'ga nehe pe ga ndepiapavi tupana'ga nhi'iga mombe'uhara'ga nehe no okipavipe po ti ga tupana'ga ronga pype pe ga ndepiagame nehe tupana'ga napemongiukari gwonga pe nehe a'ea rupi po ti pe jehe'oi pejihe penhimonha'ngavo hahyrame pejive pevo nehe ei jesus'ga,Kagwahiva
11782,—kaꞌaranuu ywopeꞌia pemut amu jee raꞌne sesa ꞌga mepyawa mu jee raꞌne— ꞌjau ꞌga ꞌga nupe aꞌeramu ꞌga amu imonou ꞌga upe —kweramu ajee ꞌwei— ꞌjau ꞌga imonou ꞌga po pe aꞌeramu jejui ꞌga kaꞌaranuu ywopeꞌi resaukaa ꞌga nupe: —awyja raꞌagawa te ꞌup ee awyja rera ajee ꞌawamu ꞌup ee nuꞌu— ꞌjau ꞌga esaukaa ꞌga nupe,Kayabí
26214,nhym be dja i myjja kuni kute amirit dja nho akati box gwaj arym prine myjja kuni ma nhym me:xkumrex nhym myjja kajbe mexja arym ket ne,kayapó
22512,xapakuke neko ka'arineti ape hoyeno tirintai oitu koetine xoenae ka'arine noixoane jesus ya xoko tunukuheixovoku hara kixoa: —‍keha'a itivoa ne yarine —‍kixoane yoko exoane meku'iyeane ka'arine,Terena
7799,oko hete ko ga ha'angava rehe gwemimbohetehara rehe okoe'yma tupana'ga rehe ombote'varuhu ga opajiro nanongara'ga nombopogwei tupana'ga ra'uva remimbotarimova'ea rehe ojogwereko te'varuhu ga ojogwayvaruhu ga okovo onhimyro ga ojogwehe onhimboahiahivuhu ga ojohupe ojihe jate ga ndekoi ji po ti jara'ga hohe nehe javo ojipe'ape'a ga jara'ga hugwi ndokwahavihu ga javo ndojihe'ara'javi ga jara'ga ndehe gwemimbo'ea rehe opota pota ga ojohugwi heagwyrygwyry ga toryva rerekouhurame ojipejipea ko gandekote'varuhua no nanongara jitehe amombe'u ko ji pe me ikwehe kiro ji imombe'ua'javi a'ero nanongara'ga po ti tupana'gareheve'ga rui nehe,Kagwahiva
4363,uzeruzar amaraaw tupan rehe— urupytywa putar ihe nehe aꞌe rupi nepurumuzag putar nehe iꞌi tupan izupe amaraaw uzeruzar izeꞌeg rehe aꞌe rupi taꞌyr kury izak taꞌyr her romo aꞌe — izak izuapyapyr aꞌe wa nehe xo aꞌe zo wiko putar nezuapyapyr romo heruwa rupi aꞌe wa nehe iꞌi tupan izupe amo ꞌar mehe tupan umumeꞌu amo ae maꞌe amaraaw pe — ezuka neraꞌyr nehe emunyk tata iwy pe nehe hapy pa maꞌeaꞌyr ai nehe heruwa rupi nehe iꞌi izupe uzemumikahy amaraaw izeꞌeg henu mehe — marazawe tuwen aipo pa iꞌi izupe — aipo amaraaw weruzar putar hezeꞌeg nehe iꞌi tupan izupe weruzar izeꞌeg weraha waꞌyr ywytyr rehe izuka awam me izuka ꞌym mehe we tupan uzeꞌeg izupe — ezuka zo nehe ty nepureruzar wer hezeꞌeg rehe ne hezeꞌeg rehe nepureruzar wer haw nuzawy kwaw hezeꞌeg heruzar haw ihewe azeharomoete nepureruzar wer hezeꞌeg rehe iꞌi izupe,Guajajara
24688,chaychu pablo chaqui yamtacta ashilcamul ninaman jitaycuyaptinnatacmi juc culibray ninaca lupananpita ayimushanchu pablop maquinman alwicalcul cachulun,Urubu-Kaapor
14424,okitpitpiyu eykay juy oajem ya'oba'aremat'a'om kawenwen pima bit eybuywan gu kuka on wekawen pa'arem eyxe buye apen deus cuk adi o'guwenuwen owebe iap muwen puje bit kuka on eybuywan apen cuk adi ixe omutaybitbiniap muwen puje dak deus biogbuk a'obi imuwen puje dak kuka on eybuywan deus ekawen muwen puje dak,Mundurukú
25485,— ete tomhapa we ha da te dasiwi iwe'o ne a nori wa'wa ha asiwi 're iwe'o za'ra wa'aba mono wa 're ihaimana u'asi mono nhib'a'u'we 're aihaimana u'asi za'ra wa'aba mono o di za ai'upana wa'aba si te za oto 're ihaimana u'asi mono ha da'ama 're sib'a'uwe isimiroti te te 're i'mada'a pese za'ra mono nori ama to sena wa ane na aima waihu'u za'ra wa'wa dure ete tomhapa nhisiwi ze'a 'manhari ha 're rere'e mono wa 're isipru pese za'ra mono ne te za iwe'o'wa nori ha ha za'ra 're ihaimana u'asi mono ha dure ete tomhaba ha ze'a 'manhari nhisiwi 're rere'e mono wa te te 're ipru pese za'ra mono ne te za 're ihaimana u'asi mono we'o'wa nori si ha za'ra ta nori ama ha 're sib'a'uwe za'ra mono o di za — ane ma to zezusi ha sina ama simire'e ete wasu'u na ha,Xavánte
25300,tawamha daro mono ba te za oto dasiwi romnhitom ni da te dasiwi romnhito wamha te za 'ri nho'u ha dasiwi ubu ni 're ihaimana u'asi mono te te 're isawi mono ha isib'a'uwe nori iwa 're ihaimana za'ra mono ze ha ta nori ha da te dasiwi uprosi da te za dasiwi ubu ni tane nhere 're ihaimana u'asi mono ha te za haiwa hawi uza ha samra te te samra wamha te za ama da'uprosi unhama ro'o na,Xavánte
25209,a nori wa'wa ha ai'maiwaihu'u pese aba wamha ma'ape isisi za'ratazeb ui'ere ha 'maiwaihu'u aba iwasu'uze ha  na isisi za'rataze ha danhisi za'ratazem na isisi ha te wasu'u,Xavánte
12150,miriri eta tiuya pe atarakkannitoꞌ koꞌmanniꞌnenya paulo silas yariꞌpi quarto ta ituꞌnakan ta moropai toꞌ puu yekaꞌmaꞌpi toꞌya yei amiiꞌne yai miriri waranti ikupiꞌpiiya toꞌ epaꞌka namai maasa pra itesaꞌya taꞌpi —mori pe toꞌ koꞌmanniꞌki —kaiꞌma miitoꞌpe,Macushi
18283,oniaroa mahi vagani vani ija'ari vanasohiva abono va'ora vahonariaha adani sorara: —vahonaria bana ada cadeia akadava'ava abono mahija va'ora arakhaonanivini adani paulo — sorara-ra vani'aha oniania cadeia kania avikha'aha adani sorara akadava'ahi abono-ra vanava'isohihavini vaathia,Paumarí
11042,aꞌerauwe jejui ꞌga ꞌjau ojeupe etee futat: “ꞌga amu ijaruete jepaje mu” ꞌjau ꞌga ojeupe etee futat aꞌeramu ꞌga ojerowaka ꞌjau mytuna ꞌga nupe: —awyja te owyk jeraity are raꞌe— ꞌjau ꞌga ꞌga nupe —tee naje rui— ꞌjau ꞌga rewiri oo maꞌe ꞌga ꞌga upe,Kayabí
18348,deus kania avarakha'a bana ida hahavi avava'ini-ra soko ani'aki a'onira akadava'aki ada ovari,Paumarí
13242,yiy koit hok hu ta 'anoy pu hapxe'e 'aktux ya yumug xohix te kunnix ha' yin,Maxakalí
9007,pejapo katu oracao nhandejary-pe ore-rehe neꞌira opa ore nheꞌe oromombeꞌu-ta vyteri ore reꞌyi kwery ay orojerure-ta pee-my: “pejapo katu oracao nhandejary-pe ore-rehe opa-rupi pyaꞌe osarambi hagwa nhandejary hesu rehegwa nheꞌe enterove omboete hagwa inheꞌe” upeixa voi ogwahe vaꞌekwe pee-my inheꞌe,Kaiwá
1917,me ate memoj ta pa ixkuta anojaret ho apa kaxyw na pa pre me awyr ixwryk ket ne ixte amari memoj to me kamjaja me akuta inhnojaret o ixpa kaxyw na pa pre me awyr wry ne me ate ixkot amnhi xunhwyr xwynhje ne ixtyk kaxyw na pa pre wry ane,Apinayé
20002,tapara hawa ha ty batu imysapy tsikykaranaha abaka hawa haty imysapybara ty batu typeha zikaha mysopyksapybyitsa tu tsikykaranaha mysukatsihikretsa tsikaha abaka meky watu tsimoziknaha meky watu tsimyzurukunaha tisapyrena humo zuba tsimyzihikiknaha kiristu nihyrikosokdaze izikwy zuba mytuk mynapykyryk izikwy humo zuba meky watu tsimyzurukunaha katsaktsa tasapywyky myzo wata tsimaha,Rikbaktsa
13235,ha mayon he 'iha kohnen te pexkox yog nu'kutna'ax penaha' yaykoxuk ha' penaha' tu' pena max ha' nun kohnen hah tu ham'aktux hu: —‍kohnen kaxiy,Maxakalí
3788,trifena trifosa wara kaendaenkuly imaem tasewanize akaemo pekodo modo kywymary jesus xuraem yataen-ho persideam ywynu kawanehonly jesus xuraem imaem tasewanize lapyla mawanka,Bakairi
15417,ti mꞌ warahen sa wahe nꞌaa hehꞌaat ub do ky hadoo: —takꞌep y bepaag hom paah roma buuj y bahadoo hyb nꞌaa —nang mah ti paw-ro ky hadoo ta ha: —roma haj nꞌaa ba y benang ti hyb nꞌaa y benang noo go naa roma buuj ne y hyyh —nang mah,Nadëb
17372,hatyaoseta hatya enekonitareha samaria yere kehexa haiyatereheta hoka haikoaheta aexakeritya maheta enore hatyaoseta jesus kiji haliya meholokoa hoka ihalahare ekakoa,Parecis
14808,gebuje icokcok cica ip o'jepit jesus kay —  beayu o'jekawen ip jesus eju — kariwa ibiogbuk kereayu kuyjobit oca'o kay a'obi oceju jekukum puye — io'e ip jesus pe,Mundurukú
9691,omano hesu upei kwarahy mbyte-py pytumba-ma upe yvy ari mbohapy ora peve pytu kaꞌarugwasu peve pytumba,Kaiwá
14421,imenpuye ip o'ju — kariwa waram o'ju kaxicug ma waram o'ju uvadip kat iwat o'ju warara'acayu o'tujowat jekat pe kapik am — katpujesu warara'acayu o'guju jekat pe kapik am tak  hora bima o'guju,Mundurukú
18590,—ha'a binaabosiki ida — va'ora ni'aha ada pedrogora okhajakosi'aha ada pedro jesus miro'a vani ada vara ni'aha: —simao pedro nahina mani ida ikava'ibodivaranija ija'ari hana vihina vanaabosiki ida imposto kajinironi arabo ipohiki vaka'da'diva vakadiania arabo vaka'da'diva va'ora vahonariamanira adani vakadiarabo kaija'arini vakadiarabo kaija'arini vihiriki imposto kajinironi-ra vanaabosivini,Paumarí
23856,toopɨ purise tɨ'o ya'atika'ato niira vinho mirra wametise me'ra more'kere tiakara niimiwa jesu si'ritikɨ niiwi,Tukano
24643,masqui israelcunapis chay ishcayyayninchu manana tacyaycalil'a cashan injirtaycusham capacun'a; tayta diospa munayllanchumari jinaycunanpapis cayan,Urubu-Kaapor
16884,nxe³­ha²­kxai³­la¹­ hxi²­kan¹­khai¹­nxe³­tu³­ka³­txi³­su²­ nxe³­ti³­hi¹­te³­na³­li¹­ txa²­wa¹­su³­na²­ yen³­nau³­a²­ a²­nu²­a²­ i³­ye³­u¹­hain¹­tu³­ka³­txi³­su²­ ti³­hi¹­te³­na³­li¹­ nxe³­sxa³­ txa²­wa¹­su³­nu²­su²­ je³­su²­ kristu³­jah¹­la²­ wi³­nu²­su²­ ha²­kxai³­ sa²­yxo²­wetsa²­te³­ki³­tu¹­wi¹­ a²­nxe³­jutsu²­ je³­su²­ kristu³­jah¹­la²­ wxi²­kin³­ti³­ton³­sxa³­ kain²­ti³­lo³­nha²­kxai³­ ha³­lo²­a²­ hai¹­nxe³­ko³­xa¹­ a²­wa³­kxen³­su²­ ti³­hitsa²­te³­ha²­kxai³­ nxe³­ju³­ta²­ ten³­sa³­nhai¹­ ya²­la³­lai²­la¹­wi¹­ nxe³­nxta¹­wa²­,Nambikuára
11215,aꞌere jekuꞌiteeramu tee tekou tetywer are rakue “aenupap katu katu sipo je ꞌga jeꞌega pa” ꞌjau je tejeupe numiamu aꞌere naani rakue “moisesi ꞌga remikwasiarera renuw ire nipo je oi jarejuwarete ꞌga pyri reꞌa” ꞌjau je tejeupe aꞌere jekuꞌiteeramu ee rakue naenuwi futari je ꞌga jeꞌega rakue aꞌeramu je ꞌjau tejeupe: “najeaꞌwyri futari pa je tekou jarejuwarete ꞌga upe raꞌe aꞌeramu nipo je mukuu futat tewau ꞌga wi” ꞌjau je teꞌyina,Kayabí
20265,katsa ustsa sesus tuktsa humo myhyrizikbaretsa asaktsa raodisija ezektsa ninapa bo asaktsa iwahoro eze ziknapykyknaha asa humo hi myhyrizikbaretsa,Rikbaktsa
458,tosenepose ropa jezu tymarokomo a morarame tykohmase ahtao nomikoae ro toximose jezu poetory tomo tapyi tao tapyi eutary tapuruse toto a juteu tuisary to zuno toexirykoke morarame jezu tooehse toto ranaka ynara tykase ynororo eya xine —toretyke pyra ehtoko tykase eya xine,Apalaí
16038,a²­nxe³­jau³­xai²­na²­ txa²­wa¹­su³­na²­ a²­ten³­jau³­xai²­la¹­wa²­ nxe³­te³­nah¹­lxi¹­: — txa²­wan³­txa²­ yxo²­ha³­kxa¹­ wi¹­li²­nha²­sxa³­ sa²­yxo²­we¹­thxa³­jah¹­lxi³­he¹­li¹­ ko³­nxe³­thin¹­sxa³­ u³­whin¹­ta³­kxi²­nyhu¹­ah³­lxin¹­ju³­ta²­ a³­na¹­hxa³­jah¹­lxi³­he¹­li¹­ nxe³­nxtain¹­na³­la²­ wxa²­e¹­nau³­ai²­na²­ wi¹­lhin¹­sxa³­ wa²­nxuh¹­hain³­nha¹­jah³­lxi³­he¹­la²­ yah³­lxin¹­kxai²­nan²­tu³­ txu¹­su²­ ta³­nxa²­ in³­txi³­su²­ ta³­nxa²­ ko³­nxe³­thin¹­sxa³­ o²­la³­kxi²­yah²­lxan³­tho³­la²­ nxe³­ha²­kxai³­ a²­nu²­ai²­na²­ sa²­kxai³­lu²­ txu¹­su²­ ta³­nxa²­ in³­txi³­su²­ ta³­nxa²­ so¹­yhu¹­sxa³­ te³­khaixyhu¹­te²­a²­ so¹­lxi³­ u³­whin¹­ti³­kxai²­nan²­tu³­ wai³­nhi³­nxna³­la²­ yxan¹­ta¹­ a²­nu²­a²­ a³­xa²­ u³­whin¹­ti³­kxai²­nan²­tu³­ ko³­nxe³­ti³­ kai³­hi³­nxna³­la²­ te²­ya¹­nxe³­sxa³­ in³­txai²­li²­ txu¹­txa²­jah¹­lai²­li²­ txu¹­ha²­ a³­xa³­ka³­lxa²­ u³­whin¹­ti³­kxai²­nan²­tu³­ wai³­nhi³­nxnxa³­wa²­ ko³­nxe³­ti³­ kai³­hi³­nxna³­la²­ nxe³­ju³­tai²­li²­ ju³­te²­a²­ nu³­ka³­txi³­sxa³­te²­nau³­xa²­ ko³­nxe³­thin¹­sxa³­ o²­la³­kxi²­nyhu¹­ain¹­te²­ju²­he³­la²­ txa²­wa¹­su³­na²­ wan³­txa²­ i²­ai¹­nxa³­ha²­kxai³­la²­ a²­nxe³­ju³­tai²­li²­ txa²­wa¹­su³­na²­ yxo²­kwi¹­kxi²­ju³­tai²­la¹­wa²­,Nambikuára
23991,naa toho niika be'ro jesu naare niikɨ niiwi: —too purika teere masimira de'ro weera tɨ'o masi weeti yuhupɨ niikɨ niiwi,Tukano
12458,inkamoroya yairi tiweꞌtoꞌkon rumakasaꞌ man yairon pepin piꞌ tiaronkon yenupasaꞌ man aasiri paapaya isaꞌmantaꞌsan pimiꞌsaꞌkaꞌpi kaiꞌma toꞌ yenupasaꞌ toꞌya miriri yeꞌnen toꞌ yakaꞌmasaꞌ toꞌya man innape yairon kupi toꞌya pra awani temapuꞌtii,Macushi
5265,xee aju eꞌya ja eiko kuaxia reroayvua rupi pave pe renhomongetaa haꞌe renhomboꞌea rupi,Guarani
16265,ja¹­nxe³­jutsu²­ a²­nu²­a²­ i³­lxi³­te²­ i³­nxai²­na²­ yxo²­i²­sah¹­lxin¹­ju³­ta²­ a³­na¹­ah³­lxi³­txa³­he¹­li¹­ kan²­txi³­ yxo²­i²­sah¹­lxi³­he¹­li¹­ sah¹­lxin¹­kxai²­nan²­tu³­ txa²­ko¹­ko¹­nu³­ka³­txa²­ hxi²­kan¹­sxa³­ i³­hau³­kotsxa³­ yxau²­sa²­te³­a¹­wi¹­ txa²­wi³­na²­ txai²­na²­ i³­hau³­kotsxa³­ yxau²­sa²­te³­ya³­ha¹­wi¹­ jaxsah¹­lxin¹­ju³­ta²­ nxe³­sah¹­lxin¹­kxai²­nan²­tu³­ hxi²­kan¹­sxa³­ i³­hau³­kotsxa³­ yxau²­sa²­te³­kxi²­ya³­sain¹­ki³­tu¹­wi¹­,Nambikuára
11659,kwareta kwara muꞌaa ꞌga awau ajemogyau watau amunaweꞌem ipe futat nitywi amunawa ꞌga waw ipe niaꞌwyri agawewi futat ꞌga jarejuwarete ꞌga upe aꞌetea janeruwarete ꞌga ojejuka ꞌga nee rakue— ꞌjau ꞌga ꞌga nupe uꞌama imomeꞌwau,Kayabí
8903,ky tope ty jene jafa u tog ta jun mu ge ky tog ouro ty penky ma kati mu eg ty penky ki tope my ti ger ha pun jafa en ti nigja sinvi en to tog je mu tope ty jene jafa ti ky ag tog ti my ka jenjo ger ha ty hen ri ke jun mu ti ty tope my pun je tope nigja to jen ky epra ke ty tope ki ge ky nyti kar ag tog tope mre vemen ti ag vi ja en mre tog ti ger ha en pun sor mu tope my tope ty jene jafa ti ky tog sir pun mu tope kato jen ky ky ti ger ha en tog kynhmy tapry mu sir tope tu ag ty ti mre vemen ja en mre ha,Kaigáng
16991,nxe³­ki³­sa³­ha²­kxai³­ yen³­kxa²­ wi¹­khaixte²­a²­ u³­hu¹­nhe³­te³­lhxa³­ i³­ye³­u¹­nhe³­na²­he³­la²­ oh³­xan¹­te²­a²­ yxo²­kwain³­kxa²­ txa²­wa¹­su³­na²­ ya¹­nxe²­ yxo²­kwain³­kxa²­ i³­wetsi¹­nhe³­ju³­ta³­nu³­a²­ ten³­si¹­nhe³­jau³­su²­ i³­ye³­u¹­nhe³­na²­he³­la²­ ja¹­nxe³­ha²­kxai³­ oh³­nan¹­te²­a²­ yxo²­kwain³­kxa²­ nxu²­kwai³­yxau³­ne³­kxai²­nan²­tu³­ txa²­wa¹­su³­na²­ e²­nain¹­te²­la³­ yxo²­kwain³­kxa²­ a³­wa²­sutsxa³­ yxau³­hi³­ki³­ta³­la²­ txa²­wa¹­su³­na²­ e²­nain¹­te²­la³­ yxo²­kwain³­kxa²­ i³­ko³­nxe³­kxi²­ne³­te²­ju²­he³­la²­ nxe³­ha²­kxai³­la²­,Nambikuára
10950,retehemy ihare tahe robiohyymyhyrenyre tahe ririohyymyhyre tai heka ijyy‑di reerynanymy watxireri,Karajá
24835,tapula: “chalapaculcashayqui ura chuya ispiritu pudiracuycushulanquichun” nil niptinmi: “manam imaypis chuya ispiritupi'a uyalipaculachu” nipacula niptinmi: “chaynu captin'a bawtisacushayqui ura ‘piman chalapacu’ niltan bawtisaculcalanqui” nin niptinmi: “bawtisa juan limapapamashanman chalapaculmi” nipacula niptinmi: “rasunpa juan'a bawtisala diosman cuticamucunatam natac yalpanquichun ‘ya'ap ipata shamucamanmi chalapaculcanqui’ nipacushushayquita chay jesuspimari cala” nila nishanta uyalilalilmi: “cananpi'a jesuspanam casha” nil bawtisachiculcala chaychu pablo maquinwan yataycuptinmi diospa ispiritun paycunapi pudiracuycula jinaptinmi mana yachashan limaycunachu dios cusapi limacuyalcan willacuynintapis willacucuyalcantac chay lula nunacunaca chunca ishcayniyu umricunam capacula,Urubu-Kaapor
20391,amo kytsa batu zikaha atakta mykara iwatsahi kytsa ipe maha: — o ikia tsamysapyreta — nikaranaha sispirikpobyitsa tu — atakta imysapyreta — mybarapetu nikaranaha iwataha humo itsikarara inymyryhywy niy kytsa abazubatsa iharere bo hyy nikaranaha irara tsiakyriukreta kyze kytsa pe niyzo — itsikarara hyrikoso tyzokninaha tsimaha atakta sokorotsapuzeze ty itekihikta niratatu ata wata ihyrikoso tyzukninahakta — niy hyy nikaranaha,Rikbaktsa
5976,jesus ombovai: — mbaꞌemo nhanderuete ndevy omeꞌe vaꞌe haꞌe mavaꞌe pa ndevy yy re ojerure vaꞌe reikuaa vaꞌe rire ndee ma xevy pe rejerure ꞌrague haꞌe ramo ndevy pe xee ameꞌe ꞌrague yy imara eꞌy vaꞌe — heꞌi,Guarani
26828,dja me'o ben kati ar akwy apa 'amyn amiwyr ar ajo akex gar arym kot ar amijo aba ne kam ate akran arek me'oja kaben maro akri dja me'o ben katikot ar akwy anoo aknon ar abe myjjao prot gar kam ate akran arek me'oja kaben maro akri me'o ta dja ar akam amijo ra:x nar ar akwy nobe tak ne gar kam ate akran arek kaben maro akri,kayapó
11486,ypytunimu jejui ꞌga wemimuꞌe ꞌga nesaka ypiauu pyter ipe ꞌga ꞌupa aꞌere ywytua napywurukari ꞌga nupe aꞌeramu jejui ꞌga kuꞌem jaꞌwyjaꞌwyramu awau ꞌga nepejana ꞌy rajape ꞌarimu ꞌga awau watau “tafen ꞌga ꞌjau kwy” ꞌjau ꞌga ojeupe ojepyu ꞌga kwap jaꞌwyjaꞌwyramu ꞌga ꞌga resaka,Kayabí
3493,kurado eynyna deus aga aguewani modo iwymarydo guarda iwymary wara kadeiaram idawatyby modo aguely idamamomy tindatuo aseguadamamomy adara itomobyry awyly nutuba tawylymogue aituo myani ajigue aguelymo: — adaraka enra akaemo jesus xunary egatuwani modo aidyly adykamo wanka — kelymo,Bakairi
15335,ti mꞌ panyyg ky nꞌaa me mꞌ tamaherꞌoot sa ha ji ky nꞌaa etsee do ky nꞌaa: —be see ahom ba atsem ub ta najiis tob henh paw tetsꞌee ba paawa ta we ta we hegꞌaas do waa nꞌaa paawa hahyy da ta kyyh ta najiis ha: “na a waa uuh paw uuh tamawoob he paawa y karen najis y kajaa nagꞌaap he we yy atsem ub dooh we y ta waa peh” nang da,Nadëb
3881,aizepanromo aga koenda lela itaunga - jesus aguely: — tutuzela amaemo moises inweniby: “awynenimo lela iwynedaunga awynedanrymo kajiwynedaunda” kely myakawandy inwenily ura ola wara ayanmo auguely awynedanrymo aga koenda lela itaunga ataen-homo mainwyneguylymo aga matomo ara anguyla inakanhe aedylymo watay inakanhe aitobyry waga deusram ekadaunga eaga koenda lela itoem koendonro mawanka deus tynynonro modo aga tynynabanro modo aga alela xixi tohobanaze mawanka koendonro modoem inakai modoem alela kopa tyihugueanze lapyla tainwanni modoem tainwantanry modoem alela awylygue koenda lela amaemo ataen-homo aduerymo alela aga-ro watay deus kaynonro xuraem kuru mawylymola maenehonlymo agamo koendonro aga kulela koenda mawylymogue “deus koendonro kuraem xuduze koendonro kydawylygue” takewazeba itaunga adyem itaymba awara asaemo dinheru impostu epywadobyry emakewani modo tataen-ho modo aga koenda lelamo lapyla awylygue ara amidylymo watay akelo modo takaze amidylymo makeba,Bakairi
4208,karukete mehe ur aꞌe  hemimuꞌe ipyr wa — emuhem kar ꞌaw teko wamono xe wi wa nehe iꞌi izupe wa — aꞌe rupi upuner oho haw rehe taw pe aꞌe wa nehe wemiꞌu ram hekar pa wa nehe uker awam hekar pa wa nehe no taꞌe naheta kwaw tapuz xe wanupe xe iꞌi izupe wa,Guajajara
17186,hoka jesus nehena: — xirihalira xisaona hoka maisa xala hare maoseraita xiso hiyaiya kaharetyaite kaotyakehena nexare kakoa hoka nehenaha: “natyo atyo enore kalorexe aohenere” nehenaha hoka kaharehalitite maoserahenaha,Parecis
18328,hari badara ipohiki radahani naothinia deus moise-ra nava'isohivini hi'ihi ida kidiva'isohihi jiriki oniaro kari deus va'ora nagathogatho'aha adani arao kidisai vakadihanodi vanamitharonisiagaki sasidotxi vihira kaimoni arao ka'arahoda okhananavaki ada levi hari ni-sasidotxia bada vani'ajahakiki ida sasidotxi kabadani deus binofiki niha ninini bada vani'aja vaha; ni-deus sasidotxi hoariha ja'di-ra nagathogathoki vaha levi kahanodi vanamitharonisiagaki vakadibadani arao-ra nava'isohivini hi'iki sasidotxi ja'di kabadani fori hirihi ida sasidotxi ja'di kabadani fori hiki ida mikisidi kabadani,Paumarí
2506,apokasaakina “kiitatatxi” inakoriataa itokakitarina xesosi aamina ipiriamitakari nopini iua atokokanera itxana maerekati kamakani ati maerekati kamakari itakana xesosi kikomoni ati isanaremoni,Apurinã
7018,aere jesus'ga ei ga pe no: —‍nhaneremiarohara'ga kiro oki upa lazaro'ga ei ga taho ti ga moma'eamo a'ero ei ga ga pe,Kagwahiva
13293,yeyox te ham'aktux'ax ha hamyummugaha' yiy 'ug 'um 'apax nuy yog ham'aktux 'um yummug max nuy yog hapxopma'ax yummug,Maxakalí
22408,kamoane pahukotihiko xapa judeu yuho ne apostuluhiko yupihovo koene imaikinova koane kaha'ayeamaka koepekeahiko,Terena
2652,hitiraokiuatako ikiniotika kristo tiretiniua atokotxikana iuaka isikaua teosomoni kotxi ipina ate ikapani teoso apokaerekatari kristo ipinini ate ikapani peerekari isikiniua teosomoni,Apurinã
26136,kube metindjwynh djwynhkumrex amijo kubengokren me bawyr pykama ruw kubengokrekam ne kube metindjwynhkumrex am metindjwynh djwynhi ta ne kube kritu ne ta gwaj bakadjwynhbe nhyn gwaj bama umar mexti:re jare gwaj bama umar mextire jare gwaj kam bakinhkumrex ma ne gwaj bakinh kute bir mramri me kute o nekrex ru:nhkam kinhja pyrak dja gwaj jejukam bakinho bama nekrex kinhja jakrenh mex ne e mramri ne kritu raxo kute me benjadjwyr runhme me benjadjwyr kry kute meo baja kuni jakrenh ta ne umar mexo ar gwaj bajo ban gwaj bajo kinho ba gwaj bama kinh jangjenho ba,kayapó
19444,e apegue-se firmemente a mensagem fiel da maneira como foi ensinada para que seja capaz de encorajar outros pela sa doutrina e de refutar os que se opoem a ela,Portuguese
9864,jajohayhu ramo nhahaꞌaro joty nhane mbovyꞌa eꞌy vaꞌe ndive jajogwereko kiriri joty nhande pyꞌagwapy reheve nhahaꞌaro nhandejary rembiapo porara nhande-vy gwara-rehe “nhandejary ipokatu vaꞌe voi nhande rexakwaa nhane poriahuvereko ave” jaꞌe meme nhande pyꞌapy-py nhahaꞌaro-vy,Kaiwá
6524,igaataɡa digoina meetaɡa inatawece eledi oko odoletibige niɡica anidiokidi meletema idiɡida aɡodoletibige jesus cristo ane yemaa,Kadiwéu
4324,naꞌaw izeꞌeg ew tawhu pe har wanupe nehe kury — akwaw penemiapo kwer ihe pemaꞌereko katu peiko ihewe akwaw pemaꞌereko katu haw hemuꞌem maꞌe pepyr har aꞌe wa ipurawy kar wer tupan hape rehe peme aꞌe wa nan kwaw pa napepytuꞌu kwaw herehe pezeruzar ire akwaw pepytuꞌu ꞌymaw ihe heta amo ikatu ꞌym maꞌe iapo har pepyr aꞌe wa napezeruzar kwaw wazeꞌeg rehe akwaw wazeꞌeg rehe pezeruzar ꞌymaw ihe — uruiko zezuz hemimur karer romo ure iꞌi muaꞌu amo peme aꞌe wa no pezeapyaka katu peiko wazeꞌeg rehe numumeꞌu kwaw tupan zeꞌeg azeharomoete har aꞌe wa aꞌe rupi — hemuꞌem maꞌe romo peiko peze wanupe aꞌe rupi napezekaiw kwaw wanehe akwaw wanehe pezekaiw ꞌymaw ihe,Guajajara
24402,chaychumi lisinaculun ponto-ladu aquila shutiyu nunawan paymi walmin priscilawan chayllala roma malcapi chamusha capacula romap mandanin claudio: “aycam caychu yacha israelcunaca caypi liculcachun” niptin chaychu paynu aquilapis utapi carpacunacta lula cashanta yachalulmi paycunawan cuscan lulapacunanpa pablo lila wasinchu quidacu,Urubu-Kaapor
9333,ojehexa uka ou-vy vaꞌekwe cristo omboyke hagwa nhandehegwi nhane rembiapo vaikwe haꞌe ko ojejavy eꞌy vaꞌe voi,Kaiwá
5505,xee ma ndoroeja rivei ꞌra aju ju ꞌra pendereve aiko agua,Guarani
21387,iꞌewyte aimi­kyꞌe aipohag nug hat iruka iꞌewyte aiwy tema tiꞌa­tu­po­ꞌoro eikyꞌe hap — uruipo­ꞌoro uruiꞌa­tu­kyꞌe eiperia e hap,Sateré-Mawé
4630,tupan zeꞌeg kwehe arer uzeꞌeg nezewe aꞌe umano maꞌe kwer wakweraw pawam imumeꞌu pa zanewe aꞌe kwehe mehe amaraaw aꞌe izak aꞌe no zako aꞌe no umano aꞌe wa moizez heko zanune aꞌe wa kwarahy teteaꞌu pawire uzexak kar moizez aꞌe tuaꞌu kury uzeꞌeg tupan oho izupe — ihe ihe aiko amaraaw izar romo ihe aiko izak izar romo ihe aiko zako izar romo ihe iꞌi moizez pe niꞌi kwaw nezewe aꞌe — aiko amaraaw umano maꞌe kwer izarer romo ihe heko mehe ihe niꞌi kwaw izupe — aiko amaraaw izar romo ihe iꞌi tuwe izupe marazawe tuwe nezewe iꞌi aꞌe nezewe iꞌi aꞌe taꞌe amo ꞌar mehe wanetekwer ukweraw wi putar aꞌe wa nehe xe ko ꞌar rehe wanekwe wikuwe aꞌe wa tupan aꞌe wikuwe maꞌe wazar romo hekon aꞌe nuiko kwaw umano maꞌe kwer wazar romo aꞌe,Guajajara
24589,niptinmi masta juchutyalcul: “taytay mayannitan chay ipanchaniqui cayalca” nin,Urubu-Kaapor
5583,nei nhande kuery po py nanhaipytyvoi ꞌra mbaꞌeve py nhandegui mbaꞌeve oipota vaꞌeꞌy mbaꞌeta nhande kuery haꞌe javive pe haꞌe ae omeꞌe nhanderekovera nhanepytuera haꞌe opa mbaꞌe jareko vaꞌe,Guarani
2273,—iuasaaki hite maikaakako himisiritiko ikapani iposo atoko oka hinaakako nisakire hauikini xika ikinimane omanataiko hite,Apurinã
25650,nimaha na te za haiwa nori ha ai'utori zahure ti'ai me si'utori zahure nhere inhimiroti ha si'utori waihu'u o di za pire na te za dama 're haimana u'asi — ane ma to tama waihu'u za'ra te te waihu'u siromo za'ra da,Xavánte
14173,— ta ikereat kug gu ip — io'e jesus — kuyje davi oom deus eju kawenwenap'a be ire bima oom davi cewejuyu dak deus emesa bewi pao'a o'ya'o'o ip- -deus etabixe o'yamog ip iat'a- -paiyu be aca ya'o pi gu iat'a moises ekawen tag gu ijop'a o'ta'o'o ip- -daviyu apen davi o'e'e iaptup opop deus ekawentup pe kuy epetupcoco- -iboaptup — io'e fariseuyu be,Mundurukú
5587,uva omonoꞌoa ra oexaague haꞌe gui yva re nhanderuete ro ikyꞌa eꞌy vaꞌe oi vaꞌe gui oe ouvy anjo mboae haꞌe vaꞌe voi foiceꞌi haimbe vaꞌe oguereko opo py,Guarani
18525,hogoi jaroki 'damania vararahi ida trigo 'ba'dani hoariha hogoia binajaharihi bonohi ni-a'diki ida trigo bononi onivani fori vihira adani ija'ari vahoariha deus athi-ra vakamithaki vakava'ibodivaraniha'oadahahi ida vakadi'bai-ra vanako'dihavini vakadinahina-ra vakapavakarihavini vakadibadani hiki vakadinahina aipohini-ra vanofiki adani jiniro-ra vanofikarahovini mani ida deus athi-ra vanofijahakiravini hija oniani ida deus athi-ra vanaabaravini hija jaboni onivani fori hija ida rakhajahi ni-bono'iki onivani fori vihiki adani ija'ari vamorobohariki fori vihina,Paumarí
14156,kawen iceman osodop ip itaybit gu kuyje- -pugpug a gasu bit ade itaybicayu o'e itabut cica jeedop ip kawen icemat kay apen cedag ma jexe ip iap tag tak cuy jeku ip,Mundurukú
12174,paulo witi macedonia pata poro moropai grecia pata poro pemonkonyamiꞌ arinikon atiꞌnapansaꞌ tanne innape jesus kuꞌnenan yannoꞌpi pauloya moropai inkamoro meruntitannipiꞌpiiya moropai toꞌ piꞌ eesekaremekiꞌpi miriri tipo attiꞌpi macedonia pata pona,Macushi
13830,homa 'ate' xat'ax yummug 'ohnag tu hampekpaxex hu: “ya 'ate hapxopma max” kaxiy pa topa tek xat 'uyiy hapkummuk miy hok ha 'ate' xupak tu hamyummug tu yay kuxa kummuk yummug hu yay kuxa tu teknog ya topa te' xat'ax hom puyiy tikmu'un hinna' pak yummugaha' 'u yumu yay yog hapxopma'ax kummuk,Maxakalí
325,imehno azahkuru jezu poetory amoreparyhtao zuruko toto osemazuhme aporo morotoino amorepazomoko ropa toto morarame omipona pyra toto ahtao imaro xine pyra exiko,Apalaí
3759,paikayba ajikaguedaymo myani deus ispiritury filipe nhadyly netombyra lela myani maka uguondo etiopia donro idawam lela olamy toenzepa myani iomaru jesus tyeinwantuo,Bakairi
8407,ga kata mig en tog ty epra ke kar ag kri ke ni un mag ag kri un kasir ag kri ke ge un rico ag kri ke ge un jagagtar ag kri ke ge u ty ty camarada nyti ag kri ke ge ag patrao ag kri ke ge ky tog ag kar to vasan mu ag ty ajag pegja ta ajag nige pani ki ti jiji ranran je ke tu ni ky ti numero ti ajag kaka ki ag tog ti jyjy ranran mu ge u ty gen ky ranran ky nyti ag ha tog nen u comprar he ti nen u vender he ti ge inhha un ra tu ag vy nen u comprar he man ke tu nyti ha venh ra tag vy ty ga kata mig en jyjy ni ke tu nin ky ti numero ti ti numero vy ti jiji to ti ge,Kaigáng
10615,deuxu iolonamy paulo iruru‑di relyyhyymyhyre inynyry jesuisi kristu aona aonamy rierynanymyhyre tiu inyo aohokymy risynyomyhyre paulo rybe xawikemy,Karajá
12682,miriri taiya piꞌ toꞌ ekoreꞌmaꞌpi inonkon tiꞌkon yanumiꞌpi toꞌya iwikonpa kaiꞌma tiise jesus esonomiꞌpi arinikon koreꞌta eepaꞌkaꞌpi judeuyamiꞌ epirematoꞌ yewiꞌ tapai,Macushi
15481,—tii ba atsem ub re tanyy naeenh: “wat ta ti ta patug panꞌaa” nang “bꞌeep be gado” nang ta kyyh,Nadëb
16948,nxe³­nxa²­ha¹­te¹­ wan³­txa²­ e³­yain¹­jau³­xa²­ ain³­kxain¹­nu²­la²­ a²­sa³­wi³­ha³­lxa²­ i³­xan³­txi³­sxa³­ yxo²­kain²­txi³­ i³­ye³­kxain¹­te³­nah¹­lxi¹­: — ti³­a²­na³­ka³­lxa²­ e²­fe³­so³­thi³­nan¹­ta¹­ka³­lxa²­ kain²­khaixsin¹­na³­li¹­ nxe³­nyhain¹­to³­ta¹­hxai²­he¹­la²­,Nambikuára
21309,tupana ehay pakup iesui etiat wato­mohey kahato katu­pono yt karape i yi kape poꞌog poꞌog neꞌi miꞌi pote wahenoi tupana ehay yne miitꞌin me yt kat i aiwe­moti popuo saꞌa­wyꞌi musei tuwe­moti kahato kat pote tupana etyhot hap howa etiat ikahuro poꞌog poꞌog yne eꞌat pe toto hap ete tuwe­moti miꞌi hawyi tuwewa suwy sokpe wo yt toiky­ꞌesat i miitꞌin teꞌe­ra­haꞌat hasep hepap mo ariaty hap kape miꞌi hawyi iuteuria isareu ywania yt teꞌe­ra­ꞌa­kasa i tupana etyhot hap howa etiat yt teꞌe­ra­ꞌa­kasa kuap i hasep hap kape sokpe iꞌauka hap pote,Sateré-Mawé
20604,pauro korose ezektsa bo ziwatahaka uta pauro kiristu sesus zikykzota tubabatu deus kape niy: — ikiakta myzubaha bokta wasaniha ty sibo tytsaso — niy hyy iky abaka ikiahatsa bo piwatahaka timoteo katuk atahi mytuky mytuk sesus harere bo hyy mynakara ikiahatsa korose ezektsa bo tawatahaka ikiahatsa mytukytsa niwatihi sesus harere bo hyy tsimykaranaha ihumo ahaspirikporetsa uta deus bo mopamykysoko: — o deus myzo ikia korose ezektsa tysipokzitsiki ahumo sakuretsa moziknaha — my iwa deus bo ahatsyhyryze mopamykysoko iwa deus nizihikik,Rikbaktsa
793,tuaro sehtone jezu oepyry ropa symomohtone wekyry tomo jezu oepyry ropa waro matose yrome aepyry ropa poko imeroko ase wenikehpyra oehtohkome tuarohxo roropa oehtohkome omato oepyry sa kueseko oepyry mana tokare pyra oehnoko mana,Apalaí
23118,yɨ'ɨre kɨɨ asiste'ke nee kaperi bahutika weekati toho weera yɨ'ɨ me'rakahara damascopɨ sɨ'ori wa'ara yɨ'ɨre tɨa wa'kawa,Tukano
26768,nhym kam ar'a akati nhym me runh arym paur ar'yr krakamngonh ar ano nhym ar ar'yr mon mebe ije djwynh kumrex'yr box ne kum —‍me runh ne me arym ama “arkum anhire ge ar te” nam me a ama ane ane,kayapó
14136,judeuyu paulo aweg o'yawegmukereren felix pe  xet kap puje paiyu kukukat oajem iecugap kay- -felix kay cesareia ka be oajem ibutet ananias i osunuy xepxep judeuyu kukukayu dak oajem ceweju ibimamaat a'obuywatwat'ukat tak oajem ceweju ip ibutet tertulo i osunuy oajem ip cekay paulo awegmukereren am ip oajem,Mundurukú
6031,naɡa niniɡodi jesus meeteta “niɡina natigide aɡowooɡoti ane diitigi niɡida anejigotaɡawatiwaji pida icota mowooɡoti nigidiaaɡidi”,Kadiwéu
19616,mas o anjo lhes disse: nao tenham medo estou lhes trazendo boas novas de grande alegria que sao para todo o povo: hoje na cidade de davi lhes nasceu o salvador que e cristo o senhor,Portuguese
26514,ga me kute apynh amikukradjao apenh jaxwe pramja pumu ar kute apenh jaxwe kra'yrn kangama ne jeju ar kube axwe pyman arkum —‍ne ga ren ar ajaxwe kadjy anhikra nhikjeo aje myjja punu kupenh pram nar ar apar nhikjeo myjja punu'yr amranh pram myj ne gar ren on bir ga ren ar on kratan rum amibe ame ne ren kam te anhikra nhikje ket nar apar nhikje ket ne ren atinkam ren akinhkumrex metindjwynhkot atin ne ar abakam ren aki:nhkumrex ne ren akta anhikra ra'a nar akta apar ra'a nhym metindjwynh ren kuwykam ar ame kuwy pok ra'a: ra'akam ren ar ame gar ren kam atokry ra:x ne ne gar ren ajaxwe kadjy ano nhikjeo aje myjja punu pumunh pram myj ne gar ren on bir ga ren ar on kaban rum amibe ame ne ren kam te ano nhikje ket ne ren atinkam ren akinhkumrex metindjwynhkot atin ne ar abakam ren aki:nhkumrex ne ren akta ano ra'an ren atokry ra:x ne ne ga ren ar me biknor tokry djakam kuwykam ten ren kam akaprikumrex ane djam mramri ne ar kute aminoo pox ne aminhikra krakar ne amipar krakarma jeju arkum 'a karo kati ar kute apenh jaxwe kra'yrn kangama ne jeju 'a arkum ar kute amibe amikukradja krakarma are,kayapó
19431,por isso quando fui procurado vim sem qualquer objecao posso perguntar por que voces me mandaram buscar,Portuguese
26023,—‍benjadjwyr me'o 'exnhija tin ne ar bari ne mema kum “dja ba ty nhym ija akatin akatin akati ba kam akubyn itin” ane tam ne bar ma:ro iba,kayapó
25935,tawamha aiba ihaiba amo ha te dure iwa'wai baba mo rewihi nhihudu ha sasedoti nori pawapto'wa ha aiba te te 'mada'a wamha te dure badadi zada're niwi mo isiti,Xavánte
14475,co'a bicugpe bima deus moises o'gukuyjo torojo'a muy am torojo'a mugeap piogbuk o'guge imubapuk am cebe menku juy eyamuy iam — cedag cuy eguge apen cuk oce ewebe iap tag — io'e deus cebejesus jebekitkiyu buywatwan kabi kadiwi ijodi dak paiyu ixe buxim jebekitkiyu buywatwan e'em jesus pit ixeyu bodi ma wuybuywatwan,Mundurukú
23810,kɨɨ toho niika tɨ'ogɨ pedro yɨ'tikɨ niiwi: —apera mɨ'ɨre ko'a wa'kaka yɨ'ɨ purika nee wa'asome niikɨ niiwi,Tukano
5763,haꞌe ma omboaxy ꞌra henonde ojererokyjea rupi ikuai vaꞌe rakaꞌeve ra ikuai jevy-jevy vaꞌe kuery voi,Guarani
25842,tawamha zezusi ha ma to tomo upi zahure te dure tama nhari zahure: — asina i'umnhasi aba zeb zarina wa za to ato pese 'wa tawamha ma to oto tito pese zahure aiba nori ha ma to dure sadawa uwati zahure ane: — te aima i'manhari we wa'aba zem na dama iwasu'u wa'aba o di za to'a — ane te sina sadawa uwati zahure tane nhere oto neb zahure wamha ma to tisiwasu'u na te te rope zahure ropa zezusi te te ipese zahure zem na,Xavánte
26549,kam o apenhdjwy ar o benjadjwyrbe xatanaj kudjwa mema 'ex ne amijo metindjwynh nho apenh pyrak ar ta arik ar ama —‍dja gar ikaben man kam mramri katat ar amijo abakumrex anhyro ba kam ar kute aminhinoma amimenhkam dja metindjwynh ar 'exnhi kot arkum o panh katat nhym ar arym me biknor tokry djakam akuno,kayapó
840,mame imehno atatapoiry poko etako matose ameke hkopyra amekehxo roropa yrome etatoko pahne toretyke pyra ehtoko sero nono enahkary poko oty kara ehtoko ynara exiko mana atatapoiko seropoko mana yrome sero nono onenahkapopyra ro ritonopo mana toiro patapoko ma imepy pata pona ytoko morotoko etapase tuisa konoto poetory to ma ytoko imepy tuisa poetory etapase roropa mame tomirykoke tuhke orihnoko ma toto tynahke pyra toexirykoke nono kywyhkywyh ako mana tuhke pata tamuru punero,Apalaí
10878,inyaomydyynana biobitinykemy dori adee adiride kreta bede‑ribi rohonyreu dori waaomysydyyna rehuore kia‑ki dori kowa‑di anaride ibutumy hawa hawa‑ki ityhydyydu mahaduy‑ribi kai matuari mahaduo bimyke iwese jiary rarybere wese kai bimyke,Karajá
418,jomipona awahtao xine opyno xine ase osepynuporykoke moro saaro ma papa tomipona jexiryke ypyno mana,Apalaí
15514,tagatꞌee dak ne he dooh ta we tawad ba marija tꞌaah nenang na ba ti mꞌ marija tꞌaah benang do jawen paa ba joseh had nꞌoo dak ma jesus,Nadëb
16118,nxe³­tu³­xai²­na²­ ju³­ta²­sah³­lai²­na²­ sa²­so¹­sxa³­ i³­yai³­nain¹­tau³­ sa³­ta³­na²­jah¹­la²­ sa²­kxai³­lu²­ ju³­ta²­sah³­lai²­na²­ a²­nxu²­kwai³­nau³­a¹­ a³­nxu²­kwai³­wi¹­hain¹­ta¹­hxai²­he¹­la²­ nxe³­nxa²­ha¹­te¹­ je³­su²­jah³­la²­ wan³­txi³­kxai³­lu¹­ ju³­ta²­sah³­la²­ i³­ye³­kxi²­te³­nah¹­lxi¹­: — ha³­lo²­a²­ kai³­te³­lhxa³­ nin¹­ju³­ta²­ hxi²­wa³­su³­se¹­li¹­ ta¹­hxai²­he¹­la²­,Nambikuára
1877,ne satanasti kep kamat ko kama me kot amnhi tomnuj ho me pa xwynhje pam tam na hte me ho amnhiptar o pa ne hkot na pu prem amnhi nhipex o papa raha nhum tirtum tee ri ja ha me pahpumu hamri ne kam kep me papytar pram xaj me pahwyr kra jape htyx kumrex xwynhja me nhum me pahwyr wry ne me pane htyk o me pahte amnhi tomnuj panha kam amnhire ta pu prem hkot amnhi xunhwy nhum tirtum ha me pahpumu ne me pane me pahte amnhi tomnuj o hapex pa te kot amnhi katut kot renh par pyrak jao satanasti pe me pahpyta nhum hpanha jejusja tam kep me pahto amnhiptar o pa xwynh ra htyk o me pahte amnhi tomnuj piita hpanha amnhirer jakama na pu htem hkot amnhi xunhwy nhum me pahte amnhi tomnuj o hapex pu me axte satanasti hkot ri amnhi nhipex ket ne am jejus kot pix ma amnhi nhipex o ri papa,Apinayé
5268,mbaꞌeta profeta  kuaxia ombopara vy aipoeꞌiague rami: “tekoa eꞌya py onhendu ꞌra aipoeꞌi vaꞌe: pereko katu senhor rapera pemboꞌyvi ou agua yvyugua haꞌe javi ijojapa ꞌra yvyty haꞌe yvyꞌaꞌi haꞌe javi guive tape ikare vaꞌekue hiꞌyvipa ꞌra haꞌe ijoja eꞌyague voi ijojapa ꞌra,Guarani
19637,entao eles gritaram: que queres conosco filho de deus vieste aqui para nos atormentar antes do devido tempo,Portuguese
14023,kaxi ipi teg pima ceweju etaybitbinayu o'ju jesus kay — ijoce ya'umgu uk'a — io'e ip — ka'umgu wuyxan kuy katpuje jija — io'e ip — adeayu juy eguypit agoka kay — io'e ip — eguypit ip ikategatka be jexat pu am — io'e ip,Mundurukú
2876,anirekari teoso sikataparaxiniretinii hite iposotiiree kotxi kaposotiireri iua ininia iuasaaki hiatapari himisiritiko xipokini iuasaaki hinaiataua iuasaaki hiposotari himiteenekiniri himisiritiko hipoxokoniritika iuasaaki hitxariko airi: “erekapitikai” kotxi iua kamaerekataua ininia aapakapari iua potetakiti inakitiakori ikapani teoso tixinee ipia mauakaniataa,Apurinã
16563,thi³­nau³­ai²­na²­ a²­nu²­a²­ hai³­nain¹­ju³­ta³­nu³­a²­ yu²­nxa³­lho³­li¹­ vi³­o³­lau²­hu³­te³­na²­ hai³­nai¹­nxa³­ha²­kxai³­ wan³­txa²­ hain³­te²­su²­ te²­a²­ hai³­nai¹­nxa³­ha²­kxai³­ wai²­lhu³­ka³­txa²­ hai³­nai¹­nxa³­ha²­kxai³­ tru³­be²­ta²­ka³­txa²­ hai³­nai¹­nxa³­ha²­kxai³­ nxe²­nxa³­lho³­li¹­ te²­ya¹­nxe³­sxa³­ a²­nu²­a²­ hxi²­khe¹­txi³­ yen³­kxa²­ wxa²­no²­la³­kxi²­te²­la³­ yu²­nxa³­lho³­li¹­ tri²­ka²­ki³­a²­ uh³­nxu³­ju³­ta²­ o²­la³­kxai¹­nxa³­lho³­li¹­ la³­pi³­au²­te³­na²­ sa²­kxai³­lu²­ hai³­txi³­ sa²­kxixtain¹­nxa³­lho³­li¹­ a²­nu²­a²­ kwen¹­tai²­na¹­ so¹­nyhain¹­te²­na²­ sa²­kxai³­lu²­ ka³­lih³­kxi²­yhain¹­jau³­su²­ ain³­kxi²­nyhai¹­nxa³­lho³­li¹­ a²­kxa³­nxa²­ yen³­kxa²­ so¹­kxi²­nyhu¹­ain¹­tu³­ka³­txa²­ thi¹­nai²­na²­ yxau²­xai³­lain¹­tu³­ka³­txa²­ hxi²­kan¹­khai¹­nxe³­tu³­ka³­txi³­su²­ na²­he³­li¹­ thi¹­nai²­na²­ a²­wa³­nxin¹­ju³­ta²­ tih³­nxa³­la²­ a³­nan³­khai¹­xain¹­na³­he³­li¹­ nxai¹­nha²­kxai³­ yuh³­xan¹­tu³­ka³­txi³­nau³­xa²­ i³­ki³­ha¹­kxi²­nyhain¹­na²­he³­li¹­ nxe³­kxa³­yu³­su²­ thi¹­nau³­ai²­na²­ sa²­kxai³­lu²­ txa²­wa¹­su³­na²­ wan³­txa²­ i³­hen³­txi³­te²­nau³­xa²­ i³­ya²­lu¹­kxain¹­te²­na²­ i³­ha¹­txi²­ha²­kxai³­ je³­su²­jah³­lai²­na²­ wan³­txa²­ yxo²­i²­tu³­ka³­txe²­nau³­xa²­ i³­ya²­lu¹­kxain¹­te²­na²­ i³­ha¹­txi²­ha²­kxai³­ a²­nu²­a²­ i²­li³­te²­na²­ i³­ya²­lu¹­kxain¹­te²­na²­ i³­ha¹­txi²­ha²­kxai³­ sxi²­jen³­nau³­a²­ nxe³­na²­he³­li¹­ oh³­xan¹­jah¹­la²­ nxe³­na²­he³­la²­,Nambikuára
22311,keyuhoinomaka po'inuhiko xane akoyea yusika kapineyea xane akoti itukapu koati muxone kene iti haina'ikopomea itikoti kuteati ne'e koati ketirinateoxo ne hokoneti ituke vo'u xane akoti itukapa ne koati kana'uti ituko'oviti itea perexomea ituko'oviti nekone perexi ako'o kuti koe yomexoti mani kirepino ituko'oviti,Terena
1335,ta ra me pahte harenh mar ne kep ja homnuj a harenh ma me pama axpen kukrex kinh o ho pama panho hpramja maanen kep ja homnuj a harenh mar ta nom aa hkaga hket ne ari pama axpen kukrex kinh o pama ho panho hpram tyx raha ho ri papa kop am tirtum kaper ket ronhyx pu me kot amnhi tomnuj xaja aa mar ket kumrex nhum te me pama amrakati pyrak,Apinayé
4902,maxeton ywy rehe urehem ire nurupytuꞌu kwaw uremaꞌereko re nurupytuꞌu kwaw maꞌerahy ipuraraw ire teko ipuruzukaiw urewe wa ureamatyryꞌym wa — aipo uzeruzar maꞌe xe har upuir putar tupan wi aꞌe wa nehe uruꞌe zepe aꞌe mehe,Guajajara
16620,i³­yau¹­u³­nxti³­si¹­na¹­hi¹­nai³­ta²­ wan³­txa²­ wain³­jau³­xa²­ a³­na¹­sxa³­ a³­waixsi¹­yhah³­lxin¹­jau³­su²­ kai³­uh¹­nxti³­sin¹­nxa³­ha²­kxai³­ ko³­nxe³­ti³­ kai³­si¹­yhah³­lxin¹­jau³­su²­ kai³­uh¹­nxti³­sin¹­nxa³­ha²­kxai³­ a³­ke³­tu¹­si¹­yhah³­lxin¹­jau³­su²­ kai³­uh¹­nxti³­sin¹­nxa³­ha²­kxai³­ nxe³­nxti³­si¹­na¹­tai¹­ti²­tu³­wa²­,Nambikuára
3163,[aunlola mykainane pilatos pascoa etyry ume etadadyby modo ewy tokala nhetaguehonly adaunlola kurado nhekadybyla] xira tywenizeba saguhoem greguem iweniby modo ewy waga “kainmoen-honly” pilatos keduo myani idanara adaenkewadylymo: — kruz onwa sakajien-honga awaka uguondo iguehoem — kelymo — barrabas xina maentaguehondyze ato — kelymo,Bakairi
26814,be jakam ne ba arym awyr idjabir 'yr pykakam ar ibari ba ama ikaben ja jare me kute ama ikabenja mar kadjy ba ama are dja me kuman arym mramri ikinho kinhkumrex,kayapó
5071,penhemombyry haꞌvy tavy reia gui jejavya mboae py ma nhande ae rete rovai eꞌy jajejavy haꞌe ra itavy rei vaꞌe ma guete rovai ae ojejavy,Guarani
7928,belzebu'ga opojyka jesus'ga e'i tehe ahe  igwete jesus'ga gwemimbo'ehara'ga nderohoi onga pe kiro he'yjuhuve'ga jatykai ga pyri a'ero ndo'uukari ga mbatera jesus'ga pe u'ua ga pyri,Kagwahiva
7463,a'ero jesus'ga remimbo'eharava'ea  iscariotesva'ea – ahe ko aere opyhyguka jesus'ga – a'ero ahe ei: —‍maranuhurame hea nomondojuhu kia itambere'ia kwepygauka ga pe ei ahe he'yjuhuva'ea itambere'ia trezentos po ga ikwepygi hea pe nhandya rehe ramo ei ahe imbatere'yve'ga pe po hea imondoi itambere'ia a'ero ramo ei ahe ga pe,Kagwahiva
8268,un kosin vafor to comparacao ky tog ag my tag to mu ge sir ha me “u vy tog kosin regre ja nigti” he tog “ky ti kosin ty egno tog a panh my: “panhꞌ” he mu “inh my uri isu nim a ty inh my nen nim ke mu en ti” he tog a panh my ti ty to vinh ke tu ve ve ha ra tog to vi mu ge ra ti panh tog a kre my a tu venh kapam mu sir,Kaigáng
18316,makhira kidigamo khama avaakarana viahania vi'bamiha avaakara'ina naothinia ija'ari hoarani fori vihina vahoja'aha kidigamo khama,Paumarí
1535,hamri nhum kuma ne kanhma xa ne ma me ixwyr htem kure kumrex hamri pa me korma krim ixpox ket ne ari matreja jejus wyr htem xa kama ari ixkri jakama nhum matre ma te ne marir ma jejus jare nhum kato ne man me ixwyr te hamri nhum jerujare rum wa hwyr me mrar xwynhjaja omu ne htyx kot hkamy ha pika pumunh ne myr kaxyw htem a hkamnhix ne man hkot mra,Apinayé
1788,hamri nhum simaw petre tee ri me amnhi ta kuma ne kam: —kwa na ri a me ijarenh anhyr ket ne pahihti kot paj akaga hket ne jajaja koja anhgra ne hprot ne ma mrar japer no pa kot paj anhyr ket ne ane,Apinayé
22568,inamapoti vanuke yoko poke'e yane noinjonemaka inamapoti vanuke koane poke'e vo'oku uke'epone neko inuxoti vanuke koane poke'e yoko ako'onemaka ne mar,Terena
23368,apera a'tiro niiwa: —a'ri o'akɨhɨ bese'kɨ cristo niimi niiwa apera pe'e “o'akɨhɨ bese'kɨ de'ro galileiakɨhɨ nii boosabe o'akɨhɨ yee kiti ohaka puripɨ a'tiro niiwɨ: ‘o'akɨhɨ bese'kɨ davi weero noho belekɨhɨ niigɨsami kɨɨ parami nii turiagɨpɨ niigɨsami’ nii oha no'owɨ” niiwa,Tukano
23685,jesu cristore eho peotira na'i ti'aropɨ niira weero noho niisama naa no'o ɨaro wee ma'asama mɨsa naa weero noho weetika'ya a'tiro pe'e weeya naa weesere “ya'ase o'akɨhɨ wee dutitise nii'” nii bahu yoaropɨ i'yoya naa ya'yioropɨ ya'aro weesere mari uukuka bopoya nii',Tukano
24882,chayta yachalalilmi efesochu ca israel mana-israelcunapis jesuspa shutinta manchacuywan licapacula,Urubu-Kaapor
853,morarame moeze nymerohpyry tysekeremase morotokomo a urutoko nymerohpyry roropa tysekeremase eya xine morarame pauru to tykohmase morotoko amorepananomo a ynara tykase toto pauru a —otururuko se awahtao xine oturutokose yna atakyematohme tykase toto,Apalaí
2663,mosiareti xesosi erekapeka inikitakini xesosi tipokotakasaaki itikari mosiareti iua ponaniakasaaki mosiareti itxapekaua,Apurinã
26564,mramri ne me abenma —‍dja gu me jejukot batyk jabej kot ajte batin,kayapó
4204,amo uzeruzar putar herehe wa nehe tupan umur putar aꞌe herehe uzeruzar maꞌe ihewe aꞌe wa nehe heremiruzeꞌeg romo wamuigo kar pa aꞌe wa nehe — napeiko kwaw heremiruzeꞌeg romo pe naꞌe pixik kwaw herehe uzeruzar maꞌe wanupe nehe,Guajajara
12124,miriri waranti pra pena teepiremasanon esanon yepotori ewonpitiꞌpi konoꞌ kaisari eewonpitiꞌpi miriri mori puꞌkuru paapa pataꞌseꞌ yaꞌ timini yaase pra tiise paaka more mini yaapitiꞌpiiya tiise miriri waranti cristo ewonsaꞌ pra man tuꞌke iteꞌka miriri waranti ewonpiꞌsaꞌ ya konoꞌ kaisari moriya tuꞌke iteꞌka cristoya timoron epuꞌti eꞌpai awani eꞌpainon pata ekonekaꞌpi pata pai tiise miikiri ewomiꞌpi tiwin iteꞌka neken tamiꞌnawironkon tonpe siriri yai tamiꞌnawiron ataretiꞌka kupi yai eesenpoꞌpi imakuiꞌpi pe tamiꞌnawironkon eꞌtoꞌ moꞌkapa kaiꞌma tiiwariri tiwin iteꞌka tiisaꞌmantapa eeturumakaꞌpi,Macushi
23988,be'ro maha naa nɨmo ke'ra weria wa'ako niiwo,Tukano
24940,natac rasun sinalacushanca ya'anchicmi cayanchic diosninchicpa ispiritunpa alawaycucunaca jesusninchicpana cashanchicpi suma cushicucunaca canan chay jana aychallanchicman manam chalapacunchicchu,Urubu-Kaapor
5959,haꞌe rami avi pee kuery regua amongue ndapejeroviai — heꞌi po rami jesus ijayvu mbaꞌeta oikuaa ae mavaꞌe kuery pa hexe ndojeroviai haꞌe mavaꞌe pa ijopy uka nhemiara oikoa haꞌe rami vy aipoeꞌive ju: — haꞌe nunga rupi xee aipoaꞌe kuri pevy: “avave rei ndoui ꞌra xere haꞌe rami agua xeru omeꞌe eꞌy ramo”,Guarani
11119,wowase ae majatykaawa ꞌara rupi nipo janeruwarete ꞌga ae resaka najuejue etee ꞌga ꞌa ae kwaap katu katu aꞌeramu ꞌga werowiaaramu jane kwaapa werowiaaramu etee nipo ꞌga jane monou jane mogyau ywag ipe ojepyri aꞌeramu futat ae awau worywamu ꞌga pyri poromu futat janerepya werowiareꞌema ꞌga nane ꞌga ikwaapa nu werowiareꞌema ꞌga ꞌga imonou mamaꞌeukwaawa rapyaw ipe poromu futat ꞌga nepya ꞌga ꞌa ae kwaap katu katu aꞌeramu ꞌga aꞌjea futat ae mepyau aipo pyu anure nipo ꞌga jejui ꞌga mua imojewya esaukaa ꞌau ywy pewara ꞌga nupe najuejue etee tata reny ꞌjawewara pype nipo ꞌga ꞌua ojewya ywagipewara ꞌga ipaje maꞌe ꞌga neewe aꞌe pe janeruwarete ꞌga pe nereko tywearera ꞌga nerekou tyweaete aꞌere aipoa ꞌara rupi pe nereko tywera teepawamu pe nui wemiayuweꞌema ꞌga juejue janeruwarete ꞌga erekou tyweaete “werowiaramu jejui ꞌga petywera moia pe nui pe mogyau wemiayuwamu” ꞌe rerowiareꞌema ꞌga nane janeruwarete ꞌga erekou tyweaete nu aꞌe ꞌga nipo ꞌga wereko tywet futat imuojereꞌema mamaꞌeukwaawa rapyaw ipe najarejuwarete ꞌga pyri rui ꞌga awau ajemogyau mukuu futat ꞌga oi ajemogyau ꞌga wi esage maꞌea te ꞌa janeruwarete ꞌga pajeretea futat ꞌga ꞌa aꞌeramu ꞌga wemiayuweꞌema ꞌga murukareꞌema ojepyri aꞌeramu ꞌga mukuu futat ꞌga monou ojewi aipo nipo ꞌga iapou jejui ꞌga jewyawa rupi ꞌga nupe aipo ꞌara rupi ꞌga remiayuwa ꞌga juejue ꞌjau jejui ꞌga upe: “ene etee futat ꞌa eneresage nitywi futari ꞌga amu ene ꞌjawe ene etee futat ꞌa pajeretea nitywi futari ꞌga amu enepaje ꞌjawe” ꞌjau nipo ꞌga ꞌga resaka pee nane nipo aipo ꞌjau ꞌga upe nu pejejeupe ore jejui ꞌga momeꞌuramu pee ꞌga rerowiaa aꞌeramu pee ꞌga resag ire aipo ꞌjau ꞌga upe nane nu,Kayabí
10955,fariseu mahadu kaiboho tahotinytenyte: abrao heka inylabiehekyreny rare rikirahiotyhy deuxu‑o kia ao aoko rare tamy wikeki mana‑ribi deuxu heka abrao riokoreo riwinykre,Karajá
3952,ton-honre moisesram inwenien-hoymby idanara aguientoem awylygue mara tazezewenry waga kula kydasemaguehoem nudupa awyly deus lela ton-honreim inakanhe aguitobyry xygakeze tymery jesus cristo igonoma karala akawam iazely xira onro anaym kamyenro lelala wane adaunloenla deus izepa ato aniempyra ola deus imery iguely myakawam inakanhe aguitobyry xygakehoem inakanhe tadawyly emaym kura-ro waunlo ara akawam maka ola inakanhe tadawyly emaymba kamakeda satanas “aieka” kehobyry aguiempyra kitoem maka iguely myakawam deus aguehobyry kiankabyra kitoem deus ispiritury kurutobyry ara lela aguidyly iwera ize kydato ara kula inkaba awylygue deus aguehobyry adyese lela kydawyly “aika” kehobyry arala aguidyly,Bakairi
24266,chaynutacmi chayllala lulasha aswactapis ni winanchicchu lalasha mawca wacuyman'a chaynu lulal'a aswacha wacuycata paquichinman; jinaptincha lluy aswapis wacuypis yan'al pampapa canman chaymi chayllala lulasha aswacta mushu allin wacuyman winanchic pulanpis tuqui caycalinanpa” nil,Urubu-Kaapor
15306,tii dꞌ ne paawa hahyy da ta kyyh ha yy: “jaam he ne he y ky enyym do a ha sahonh he hejoj yy baad takameta dak do hyb nꞌaa nahejꞌoonh do sa ha” nang ta kyyh ha yy ti hyb nꞌaa ka tsebee go y hꞌyy kasabꞌee y nahejoonh do ha kristo hejoj bawat hyb nꞌaa ha yy,Nadëb
10561,jesuisi kristu kabede‑o dobehede orarudu ritakemy ka rybe heka inatyhy rybe heka rare jiary heka orarudutyhy nihiky rare,Karajá
5891,haꞌe ra judeu kuery ma heta ijaty vaꞌe oexa vy ndojou porai haꞌe rami vy ijayvu vaikue paulo ayvu re ijayvu rei guive,Guarani
7039,a'ero jesus'ga ei ga pe: —‍pehe marai pe ji ve jipi,Kagwahiva
13111,yeyox te tik te  xanaha' 'amniy 'um 'iha yeyox te hapkumep tu konag xexka ganinet yog hapkux tu' hapkumep 'iha tik taknoy  penaha' ha mam xuk tu' xuxet'ax ximam ya' xuxet'ax noy te: pet xi' taknoy 'axet'ax 'anene' tu mo tut panip yon tu mam xuk pax,Maxakalí
8635,herodes ter herodes tog cidade ty tiro ta ke ag to ju mu cidade ty sidom ta ke ag to ke ge en ag tog herodes nigja ta junjun mu ky ag tog paꞌi si mre vi mu ti jiji ha vy: blasto he mu herodes vy ti ty paꞌi han ja ni en my ag tog to vi mu ti ty ag jagfy vi je paꞌi ty herodes mre ti ty ti fe ty haꞌ he je herodes krem ke ag tog ag my vejen vene he ja nigti tiro ta ke ag my sidom ta ke ag my ke ge herodes ty ag to ju nin ky ag tog ta vejen ve man tu ni sir ha ky ag tog ti fe ty haꞌ he sor mu ti ty ag my vene he man je,Kaigáng
18046,oniaroa jesus va'ora ni'aha: —pa'itxini kaba'i ida deu-ra avakajari'daravini deu-ra avakanikhariavini hihi a'onira no'avini hihi ida avakanikhariaki deu-ra avakajari'daravini oadani avakaabokaki ida ihi'ai avani rasohani-ra avahonariavini: “rasohahi oni 'damani abohani paha bihiakia irakhaihi” ihi'ai avani-ra avahonariahi bana deu-ra avakajari'darihi oniani ida deua binanamithavini hija bana avakanikhariaki — niha ada jesus,Paumarí
21484,miꞌi hawyi  ok takaria tikuap mio ta iꞌatuꞌe hap hawyi taꞌa­tu­ꞌa­tu­kaykay raꞌyn torania hawyi teꞌe­roꞌe iesui mohey haria typyꞌi rakaria pe — maꞌato ti yt naku i uruiꞌatoiat tupana ehay hiwu koꞌi piat miꞌu moꞌe hamo iꞌatuꞌe uruto ti yt urupot­put­ꞌokꞌe i typy motpap nug hamo iꞌatuꞌe yt urupot­put­ꞌokꞌe i tupana ehay moherep at kaꞌap hamo iꞌewyte hiwu poi hamo at kaꞌap iꞌatuꞌe niatpo kahato typy motpap nug hamo at kaꞌap iꞌatuꞌe,Sateré-Mawé
22737,muhikovamaka ya ihake “tiuti” akomaka yusika vo'oku enepone pohuti kali hiyeu tiuti ako itea kehopu'iki ako'o itukovo keha'ati kehaha'ikopi akomaka itea itiki,Terena
6468,modi me niwaxinaɡanaɡa pida yetoledi,Kadiwéu
22613,ina ika'akohiko jesus omatihiko ovokuke koati payasoti ya uha koeti sasedoti inuxinoti judeu ho'eke ina usa'ixoahiko ovokutike kene peturu akone malika kixoaku hokea,Terena
8448,ky un jagre koreg en tog ag to hum he mu ag kygreg tog mu ha ra ag tog ti ty he ri ke tu ni ky ag tog kator ky rinfig mu sir kygvenh ky,Kaigáng
25562,damama nori ha bete e ti'ra nori ha te te 're ha za'ra mono o di za po're ana 're haimana za'ra mono wamha te za to te te 're ha za'ra tane te dure aimama 'wa ha 're ihaimana u'asi mono ha te te 're aiha za'ra wa'wa e mari wa i'ra si tama 're aihaimana za'ra wa'aba mono wa oto taha wa mari na 're robzepata za'ra wa'aba mono nhere te za sada 're asiptete za'ra wa'aba mo aiwi 're robzei'o za'ra wa'aba mono ana 're ihaimana u'asi mono 'ra si oto tama 're aihaimana za'ra wa'aba mono wa te te 're i'aiha za'ra wa'aba mono zem na asina 're waihu'u pese za'ra wa'aba mono wa te za sada 're asiptete za'ra wa'aba mo,Xavánte
15289,joom ag wahꞌee dag ba ka ta danah mejuu ta sii moo hebꞌooh do see ta kaser nꞌaa sa we tagadoo hyb nꞌaa paawa joom ag wob,Nadëb
20721,kyze bijoikpe iknyktsa ziksizonahaze hozipyrykzatsa perytsitsa kino: — aidyktsa berehe bo tsimynakozorenaha deus katsa mybo nitsaso deus tatsumuehitsa mybo zipehaka tsimynakozorenaha — nikaranaha yhy niaha iwaze atsoko anabo niukurunaha maria sose ibykyhy iwatsa bo zumunaha,Rikbaktsa
4087,— kwa aipo zezuz romo hekon tuwe aꞌe iꞌi uzeupeupe wa hurywete wa kury ipytuhegatu wa no naꞌe uzeꞌeg wanupe kury — aipo heta temiꞌu xe iꞌi wanupe,Guajajara
10952,inyo ityhydyydu seriore luukeki tii rubumy ryire wese mahadu‑ribi rohonyre kia reerymyhyrenyre tahe umytuedona‑ki rahara inyo luuokeki tii rubumy ryirawese mahadu‑ki ihymyhyke,Karajá
12706,inkamoro yannoꞌpiiya tunkon zebedeu nimiꞌpi toꞌya kanau yaꞌ tipoitiritonon pokonpe tiise moropai jesus pikiri toꞌ witiꞌpi,Macushi
22897,koati kristu itukovo noivokoe ituko'oviti ovokeovo itina kuruhuke koane porexopea esa'i ituyopea pahunevo uti yoko poehane kutipea uti konokovo kixinoakeneye ituko'oviti koati kouhapu'ikoati poneovo ne kixoku itukeovo yaneko koseana xanehiko pahukovoti yanekoyoke enepo ako'o ipihapana kene ko'oyene vo'okumaka itukeinovi kristu kouhapu'ikoamaka poneovo ne kixoku itukeovo enomone kuti'inoke iyuseoti itukeovo koati ponovoti koane itukeovo enomonemaka ponopa ne xanehiko kuvovoti jesus,Terena
13855,topa tek mun yaykutnaha' nuy mogkutna' kunnix yin xop hah nuy topa pupi ham'aktux nuy xa ham'aktux xohix 'aktux,Maxakalí
9309,ha maria madalena jose sy ndive omaꞌe oi-vy ohexa joty omoi ramo hetekwe,Kaiwá
10273,loo bededyynana tule iwesere tiiboho worana bedehesidile ryire tiiboho rityhynyotyhy urile hetomy riwinymyhyre oworumy riwinymyhyre aona‑di rohonymyhyre,Karajá
2562,kitxakapirika ikara atoko itxama nota sapiretaiko hite apikomoni sito atamatakari kinirao oakata sirikaka inakari iuara kamapekari maerekati akixiniree,Apurinã
19321,entao o diabo o deixou e anjos vieram e o serviram,Portuguese
6980,odaa ane daɡaxa me leeditibige madinemaanitiwaji amaleeɡaɡa ɡadilakiitiwage codaa me ɡadeɡenakitiwaji,Kadiwéu
20025,katsaktsa kiristu humo myspirikporetsa babatsa tsimaha zeka iharere bo zuba pykyhytu hyy tsimykaranaha ana humo kino ahahyrinymyretsa ana hi tsimyzihikiknaha,Rikbaktsa
3725,akaemo ewy egatudyly myani esponja vinhu nhewantybygue ikuize tinkuibygueduo se iopiry onwa nhekajily jesus nhugakain-hoem wane nhuduly aituo eagonro modo aguely: — ine wao elias ingaseguyly elias kruz wagapa etyze aewyly kyzene wao — kelymo,Bakairi
22147,itukapuni yaye yara poke'e ovo ne'e akoni itukapu sasedoti vo'oku anekohiko sasedoti exeati koeku ne omone xane iko'iparaxoke ituko'oviti kuteati pahoenoa ponovoti kixovokuti yutoe muise,Terena
15151,ti mꞌ takꞌep bahꞌood bahem do tabahapah ba mꞌ tabeyym wat mah ti mꞌ ta du doo ba mꞌ tadasug jeng ba takꞌep ma tageeenh jesus ha: —y medeeb takꞌep hyb nꞌaa jawyk doo —nang,Nadëb
1522,hamri ne tanhma hipex kati hto me hkwyjaja hkuk kuhto ne ihkra ho htak nhum me hkwyjaja ihkra hpo ho htak ne ha hper o axke ne kam: —e ape tirtum kra ha ate amnhi jarenh jakama man urak ne axahpumunh tyx jakama e me kot atak xwynhta nhixi jare pa me ama ane,Apinayé
17568,iyeheta wiso iniyalahare nonitata hoka hakaxaikone hotyali aoka wiso maisa xoalini hare womane hiyeta xini hawaiyexehare hiyeta waiyexe maniya moheta wiso cristo jesus hiyeta atyo exe maxaimanehare hawaiyexehare isa womana toahiya tyotya xoalini hare maomakahare xowakita,Parecis
17688,— hatya xinekonitareya -ri kakalaneroxere hoka haliya meta hoka xane ite tawehetehenene maiha kore ite hatyo hiyeta halakisaite -ri maseta hoka xane ite tawehetene kaokehetehenerene kijiya,Parecis
6483,niɡidiaaɡidi joɡopitacedicogi daato akiidi jordao odaa jiɡidiaaɡite digoida anei  batista me nilegetiniwace oko niɡijo jotigide,Kadiwéu
7198,mara po ti tupana'ga hekoi gwemimo'ehara'ga nderekovo nehe gwepy po ti ga ga naeru – kiroki ga onhi'i hete ga pe arimo ypytunimo no ore poko ti javo marai pe mbegwe po ti ga ga pokoga nehe naeru marai pe a'e ji pe me: ga kaitu ga pokogi kotihi nehe ji mbuhura'java avo yvya koty nehe ji rura'javame mara'ngu po ti yvyakotyve'ga ojikoga ji rehe nehe ei jesus'ga yvyakotyva'ero yvagipeva'ero no,Kagwahiva
21463,uiwy­riaꞌin yt naku i wati­mohit hatek takaria yt hekat i rakaria maꞌato wati­mohit miitꞌin yt hekat rakaria i yt uwe wat i mimo­typot koꞌi yt hekat i rakaria pote meremo tupana tikuap aiminug yt naku i hap tupana tiꞌa­tu­kyꞌe yne aito sio aipiit ikahu sio yt sio ahesokpe ikahu sio yt kat i ahesokpe toiꞌa­tu­kyꞌe torania aitoria topyꞌa pe waku tupana ewy wati­ꞌa­tu­kyꞌe torania miitꞌin sio hekat rakat sio yt waku wati­ꞌa­tu­kyꞌe iraniaꞌin tupana aikyꞌe hap ewy miitꞌin ekat kyꞌewi hap neꞌi wati­ꞌairo aiwy­riaꞌin mote — uito poꞌog e hat ewy watoi­neꞌen tupana wanetup hawe katu­pono wati­kyꞌe miitꞌin iꞌatukat kyꞌewi hap wywo neꞌi wetup kyꞌe hamo yn waku wati­ꞌa­tu­kyꞌe miitꞌin sio more­kuaria sio miit emiit koꞌi,Sateré-Mawé
12298,maasa pra tamiꞌnawiri iꞌ kaiꞌma paapa wani manniꞌ waranti cristo wani miriri awani paapa pe tiise pemonkon pe eenaꞌpi tipun ke moropai amiriꞌnikonya aakoꞌmantoꞌkon yapisiꞌpi paapa winipai cristo pemonkono pe awanikon yeꞌnen iꞌ ton pra awanikon pepin maasa pra miikiri ayesaꞌkon wani tamiꞌnawironkon inseriyamiꞌ oꞌmaꞌkon meruntikon nariꞌkon yentai moropai tamiꞌnawironkon kaꞌ po tiweꞌsanon yentai awani,Macushi
7580,jira'oa ko paoheteramo – a'ea ojy yvaga hugwi a'ea ko akoja atyvi – kiroki penamonhava'ea o'u aere omanomo hako ei ga paohetea ga i'urame po ti ga ndeaporogitapyahuro nehe aere po ti ga ndekoi tupana'ga pyri nehe ei jesus'ga ga pe,Kagwahiva
2049,—kinirepa maerekaxiniretinoka pitxa pimaka pinirekini xika aaui pixinikako kona aaui parikauata ikamari imaka iuaritika aaui peereri,Apurinã
21427,miꞌi hawyi nata­naꞌeu toꞌe iesui pe — aikota tuponoi uikuap en uhyt e miꞌi pote iesui tiwesat — haꞌa­wyte neke ewy wiripi piat ekaykay hap eꞌyianmete mekewat wiku yp ywytꞌok­pype ereineꞌen turan eweran turan tig araꞌa­kasa ewawi nata­naꞌeu e,Sateré-Mawé
14232,— deus imen o'guwen ixeyu etaybit am ixem jekay jetabut am tak wuy gu wuywi nuynuy- -wuyteg ma deus dobuxik pin pima iba'ore gu wuywebe tobuxik am,Mundurukú
4616,herehe uzeruzar maꞌe aꞌe wa hakagwer ai wanekon aꞌe wa aze amo haka naꞌiꞌa kwaw nehe aꞌe mehe hehe uzekaiw maꞌe omonohok putar aꞌe nehe weityk hakagwer iꞌa ꞌym maꞌe kwer aꞌe aꞌe rupi maꞌywa ꞌyw ikatu weraꞌu putar aꞌe nehe iꞌa katu weraꞌu putar aꞌe nehe no,Guajajara
4527,aꞌe pe har wexak moz pawru ipo rehe izeaiko mehe wa — puruzuka maꞌe romo hekon pe awa aꞌe iꞌi izupe wa — tupan uzuka kar nezewe aꞌe uzepyro kwez kanuhu wi ykotokotok wi aꞌe aꞌe rupi tupan uzuka putar nezewe aꞌe nehe kury taꞌe puruzuka maꞌe romo hekon aꞌe xe iꞌi uzeupeupe wa pawru omomor moz imugwaw pa tata pupe kury numano kwaw xo moz zo umano,Guajajara
12496,aꞌki insamoro teepiremasanon esanon yepotorikon piꞌ esenumenkanpaiꞌnikon inkamoro wani tonpayamiꞌ waranti pemonkon pe moropai paapaya inkamoro menka tiaronkon koreꞌtapai moropai toꞌ esenyakaꞌmatoꞌ ton tiriiya tapuritoꞌpe toꞌya kaiꞌma yarakkiri teeseurimasen pe toꞌ wani tonpayamiꞌ ton pe moropai inkamoroya tiipiaꞌnikon tiaronkon nenepiꞌpi poꞌti toꞌ nikupiꞌpi imakuiꞌpi ton pe mori pe inkamoro wani tonpayamiꞌ yarakkiri maasa pra toꞌ waranti ri aꞌtuꞌmira tiweꞌsanon pe inkamoro wani miriri yeꞌnen tiaronkon pakkokon piꞌ toꞌ ekoreꞌma pepin imakuiꞌpi kuꞌnenan piꞌ tiise tiꞌnokoꞌpikon pe toꞌ eraꞌma toꞌya maasa pra aꞌtuꞌmira tiwanikon wenai inkamoroya niri imakuiꞌpi tinkupiꞌpikon ton pe ipoꞌti eꞌpai awani tonpayamiꞌ neken imakuiꞌpi kupitiponoꞌsan nikupiꞌpi ton pe pra,Macushi
17632,xetamomotyakalati hiye aimenekotya jesus nehitiya: — xoare kakoaite naimenekohena enore koamaniya nawenatyaka motya atyo hatya ohiro xetamomotyakalati iya hoka kaorehititere trigohe hoka hatyaoseta trigohe tamomotere akereta atyo — nexa,Parecis
13530,pa tikmu'un 'um te 'uyog ham'aktux kopa' kuxa mam puxix ham'aktux hu: “topa 'umax xe'e'” kaxiy,Maxakalí
13550,'ap max'ah pu tik xop kuxxax tat nuy no yaykotinna' pip nuy topa pu ham'aktux xix topa pupi ham'aktux 'axape xop pu' 'a kunnix tep putup'ah kaxiy pa 'un xop tep-tox mo'niy puxix tu max kunnix tep putup 'utux hok pu 'un tep-tox mo'niy nuy yaykotinna' pip nuy topa pu ham'aktux xix topa pupi ham'aktux 'axape xop pu' 'a kunnix tep putup'ah 'iha 'un tep-tox mo'niy hok tu 'un noy putuk nom te' xe moy puyap-tox mo'niy nuy yayhahup hok,Maxakalí
17928,hinamaho ahotyahonai filip — xisoahenaira xisoakalati kiranahore hiyaiya hatya xisoakalati kaloahore exahe waiye netonatyaka atyo xakore hoka mawenekoaretyati aho atyo hoka kahare haliti tonita enaho xisoakalati kiranexe aho atyo howitihare netonatyaka xakore hoka wenati waiyexe xetare atyo hoka haiyanai taita atyo tonita enaho — nexa jesus,Parecis
3742,jesus odopado aituo keanka anju aguely yam: — akeala tainwanseim lelala awara maentyby maindatyby wara deusla keanka tyanjury igononi ady inepa aini awyly xutuen-honze tytaumbyry egatuwani modo enomedaniem tyispiritury igononibyry lapyla maka — kely anju aguepygueduo keanka jesus yam aguely: — xutuwadaunga xira inepa ise kodopadyly — kely keanka tuomareim ise akaemo xira pape waga adydo imeom aitaynrim modo waga iweniby idanara einwannipyry modo,Bakairi
7753,igwete ikwava'ehara'ga nduvihava'ga imbojambojatehei jesus'ga rehe emo jesus'ga nonhi'ikwepygi ga onhi'ipotare'yma gwaramo ga pe,Kagwahiva
9147,—apomboasy voi pee-my fariseu kwery pehasa asy vaꞌera pee penhemboetese rei-gwi heꞌi —ojeporahei haty-rupi ereho penhemboetese rei hagwa upeixa-gwi eregwapyse mburuvixa kwery paꞌu-my ha peho ramo mbaꞌejogwa haty-py ereipota enterove ne mboete rei,Kaiwá
3402,todohoguinly waga tadaturudo iwera mara mainwenibymo waga ise auguely: wamyguemo yam: “uguondo nohoguimba keanra koenda awyly” myguemo,Bakairi
23372,paulo timoteore oha mɨ'taka puri nii' paulo timoteore oha'ke nii' yɨ'ɨ paulo jesu cristo bese kuu'kɨ nii' o'akɨhɨ marire yɨ'rɨogɨ niimi kɨɨta jesu cristo yee kitire were dutigɨ o'oo'wi jesu cristo mari wiogɨ ke'ra yɨ'ɨre o'oo'wi kɨɨreta mari yuu kuera wee' timoteo mɨ'ɨre oha' mɨ'ɨ jesu cristore eho peogɨ nii tihagɨ yɨ'ɨ makɨ waro weero noho nii' o'akɨhɨ mari pakɨ toho niika jesu cristo mari wiogɨ mɨ'ɨre ayuro weeato paha ya'ato mɨ'ɨre ayuro eheri po'ratika weeato,Tukano
9865,irundyve-pe hajy jeapa vaꞌe-pe ave ohexa hesu ohexa ojerovia-ma ramo ojehe upei heꞌi hajy jeapa vaꞌe-pe: —amboyke-ma voi ne rembiapo vaikwe ndehegwi xe raꞌy heꞌi ixupe hesu,Kaiwá
