index,TEXT,LANG
22278,xo'opepoinoa mariya ne izabe yaneko kaxehiko kousokovo ne mariya ehakovo pihea ya pitivoko ovoti xapa mopoi poke'exake njudeya simone'eya urukovone ovokuke nzakariya koane yuhoikea izabe,Terena
18166,ija'ari kidimahi 'bo'da va'ini binahonariahihihi; abinini kamahini ibavi jaharika'oakia okhahi ma'onahai jahaki ija'ari va'ini-ra nahonariahihihi; bivahojahi ida kidimahi ja'dini va'ini jahajahani hiki jaboni,Paumarí
21035,miꞌi hawyi ti nu totiat hewo rakat ewywuat wetup ok wetup ok wanetup hat ewy e teꞌe­ru­wa­netup hawyi waku kahato taꞌa­tu­pueti uimienoi e pywo kahato iꞌatuꞌe maꞌato miꞌiria iaꞌyi yt hapo rakaria i ewywuaria koꞌi tukup­teꞌen e miꞌi pote yt toineꞌen motꞌi i uhehay mohey hap ete e meiuran iraniaꞌin tiꞌa­tu­ky­ryꞌi iꞌatuepiat uimohey hap ete hawyi meremo taꞌa­tu­waure raꞌyn tupana ehay uiwe pywiat e,Sateré-Mawé
1642,nom nhum me kep ne ne me kam: “ma me inho kane kama orti grire kena kot pa ket me ama ho go xe me tokyx ma mra ne nhyri amnhim hkwy japro me” ane,Apinayé
6027,odaa niɡidiaaɡidi pedro ijaa  joɡoyatematitibece codaa me odiiɡaxinaɡatece lotaɡa ǥoniotagodi odaa niɡidiaaɡidi joɡopitacicogi manitaɡa nigotaɡa jerusalem odaa naigitinece joɡodigotece icoa owidi nigotadawaanaɡa samaritaanotedi odaa idiwatawece niɡidiwa nigotadawaanaɡa anodigotece oyatematitedibece nibodicetedi anele anoditece jesus,Kadiwéu
5763,haꞌe ma omboaxy ꞌra henonde ojererokyjea rupi ikuai vaꞌe rakaꞌeve ra ikuai jevy-jevy vaꞌe kuery voi,Guarani
20629,iwaze peduru suao ahatsa nasioktyhyknaha asa tihi: — ikiahatsa myokeryk riktotaha — niaha niytahi estuba tihi: — aty zikwy humo sa iekbyrita tsizororowynaha aty sa tazikwy ty ahabo nyny niy iwatahi maku tsizororowy — niy,Rikbaktsa
2619,kakiti sakire txari: “pao atikaakari axapitiri ipani iuaritika iatikakakiti itori ipe” iua atokokana atika maerekati kamakari xika kaiaopokori kakiti kamari maerekati,Apurinã
4781,amo pepyr har aꞌe wa agwer ikatu ꞌym maꞌe uzapo aꞌe mehe wa tupan pemukatu ikatu ꞌym maꞌe penemiapo kwer wi aꞌe pezemonokatu tupan pe nehe kury ikatu ꞌym maꞌe iapo re pepytuꞌu pa nehe kury tupan pemuawyze aꞌe zezuz zaneruwihawete zanezar imano awer rehe aꞌe wekwe purag ikagaw rupi aꞌe,Guajajara
393,ynara tymerose ritonopo omiryme “taroko zuruko ase ako kueseko mana tyoro omiryae toto zuruko ase moe patapoko omiryae toto zuruko ase yrome morara ahtao ro jomiry onetara exiko ma toto” me tymerose ritonopo omiryme,Apalaí
11642,aꞌere ꞌga yꞌway pyyka yru pypewara reramaꞌjau ywau erojeꞌega ꞌuwa ꞌga upe: —ene te ꞌa mamaꞌea eremut oree— ꞌjau ꞌga ꞌuwa ꞌga upe ꞌuwa ꞌga upe ojeꞌeg ire ꞌga itykurukaa ꞌga nupe najuejue etee,Kayabí
17721,— xoana xanoloka kohase nexa kawiyatya jesus enomanaha — maisa xoare — nexaha ihiye,Parecis
3819,“hebreu xina akelo iunu lapeba” kelymo; hebreu lapyla ura “israel iweompyry xina” takezemo maka iwerypyry lapyla ura “abraao iweompyry xina” takezemo maka iweompyry lapyla ura,Bakairi
8227,ge tagtu han tog ky nen ne en tog veg tuꞌ he mu sir kanhka ta,Kaigáng
19327,o senhor respondeu: ‘servo mau e negligente voce sabia que eu colho onde nao plantei e junto onde nao semeei entao voce devia ter confiado o meu dinheiro aos banqueiros para que quando eu voltasse o recebesse de volta com juros,Portuguese
24585,chaynu lipaculshi nishantanulla wasip puncun caminuchu watalayata talilalin,Urubu-Kaapor
11879,uwa ꞌywarete ꞌjawewat aꞌere jejui ꞌga mamaꞌe mu momeꞌwau oree ore muꞌjawamu: —je ꞌa uwa ꞌywarete ꞌjawe aꞌeramu pee je rerowiaaramu aka ꞌjawe aꞌeramu jeruwarete ꞌga uwa ꞌywa jara ꞌjawe,Kayabí
13811,xonat te yeyox xuhmiy ta yoneo xop te pinat pu' xak 'up-tup puyiy xonat xop xakix xop kup kunakohoh 'up-tup kamah puyiy mipkupnix tu' moy 'uxakix xop ya xexta pet ha nom tep-tup nog 'uxakix xop kutetex pepix mipkupnix yimu nit xap ha nit xap ya yoneo xop yog 'amniy tuknog ya ham hok ha nom nit xap xexkah,Maxakalí
16745,nxa²­ha¹­te¹­ a²­sa³­wi³­ha³­lxai²­na²­ sa²­kxai³­lu²­ jau³­jau¹­xai²­na²­ ain³­kxi²­tau³­ a³­kxu²­thu²­kxa²­ a³­ya³­hain¹­ta¹­hxai²­he¹­la²­ kain²­ o²­lai¹­nha²­kxai³­la²­,Nambikuára
21009,miꞌi hawyi taꞌatu­wesat — uruꞌakasa pakupꞌi hap nug hap ti uruikyꞌesat etunug mehi iꞌatuꞌe,Sateré-Mawé
1954,pawre kot tesaron nho xwynhje ho tirtum wyr a harenh ne na pa htem me ato tirtum wyr raha ho ixpa ne kam:—pa tirtum e tesaron kam akrajaja na pa me ho awy na ka hte akra pahihti jejus kris me wa me ho mex rax o apa jao amnhim me are nhum me ra kam amnhi to mex pram ne na htem amnhi kaxyw jejus ma hamaxper raha pe memoj to axpen kuta nojaret o pa jakama kwa tanhma me hkra hto ke me akot a amnhi nhipex anhyr raha ho pa ker ka me kot akot amnhi nhipex o pa ha me omu ne akinh ne me kam me mex a me hare nhum me ate tanhma me ho mex to ha amnhi ta apumu hamri ne me amnhi pyra ne ama amex o amex a ajarenh raha ho pa ane,Apinayé
7284,a'ea rupi arquelau'ga oko judeiapeve'ga nduvihavamo israel pe opo'ria py'rovo herodesva'ea py'rovo a'ea kwahavame joseva'ea kyhyji arquelau'ga hugwi ndojupotari ahe judeiapeve'ga gwyri pe a'ero ypytunimo okirame joseva'ea tupana'ga rendukatui kiro ga joseva'ea momoranduvi —‍terehoi ti judeiapeve'ga gwyri pe ei tupana'ga ahe ve nura joseva'ea ndohoi pevo galileiapeve'ga gwyri pe ahe hoi israel pe,Kagwahiva
742,ynara tykase ynororo eya xine —etatoko pahne jerusare pona ytoko sytatose moroto kapu ae ayhtohpyry ekaroko ma toto ritonopo maro oturuketo tuisary tomo a moeze omihpyry poko imehno amorepananomo a enara jetapapory se exiko ma toto oximome,Apalaí
3738,jesus in-hoguly: — maka pao ikuiby kaunduhobyry — kely aituo pao sagai ietyby nhanadyly inkuily prato odanogue judasram nhuduly simao queriote donro imeryram,Bakairi
8609,“isy nen to jykren ha ve ha me: pedro ag tovanh ni ver” he tog “ag my: ha mu jeg hemni ver” he tog “ag tu ty ty epra ke ag jykre nin ky tog tuꞌ henh ke mu myr vesog ki ha me” he tog “ti ty ha ra ty tope jykre nin ky ajag tog ty tuꞌ henh ke tu ni” he tog “ajag ty ge ra ag to ju nytin ky ajag tog vaha tope kato te mu” he tog gamaliel ti,Kaigáng
3358,— tara una iwakuru jesus waga kaengatuly umela keanka deus ispiritury nhonwamo xytaguyly saguhoem kura judeu modo kuonwa taetobyry arala keanka judeu keba modo onwa xytaguyly,Bakairi
19251,e tambem algumas mulheres que haviam sido curadas de espiritos malignos e doencas: maria chamada madalena de quem haviam saido sete demonios; joana mulher de cuza administrador da casa de herodes; susana e muitas outras essas mulheres ajudavam a sustenta-los com os seus bens,Portuguese
17050,jesus cristo tahi xakaisaka jesus cristo tyoa hoka kabatixatyaka onexa; waini hoka itimalaxa iratyoa maisa one kakoa taita xini tyoa one timalati xoaha kakoa tyoa isekohaliti waiyexe xakaini hatyo xakaini aliterexe taita,Parecis
11489,—pejewau nipo ꞌga ꞌwyrarete mu upe pejewaema aꞌeramu nipo ꞌga “noreporenuwiweri ore jarejuwarete ꞌga jeꞌeg are” ꞌjau nipo ꞌga pe nupe aꞌeramu ki peꞌje ꞌga nupe: “janeruwarete ꞌga ꞌa wemiayuwamu pe futat numiamu aꞌere ꞌa nepefutari etee ꞌga” peꞌje ki ꞌga nupe “aꞌeramu nipo ꞌga anure pe muꞌarasiga pe mogyau” ꞌjau ki pee ꞌga nupe— ꞌjau jejui ꞌga ꞌga nupe uꞌama —aꞌeramu pee ꞌga ꞌwyrarete pyterimu pejewau pejejemogyau pejepyapaawa nupanupau ꞌyja motototoka jui “janeruwarete ꞌga ꞌa ifuewet pe katuꞌog are futat numiamu aꞌere ꞌa nepefutari etee” peꞌje ki pejewau— ꞌjau jejui ꞌga ꞌga nupe uꞌama,Kayabí
15016,pꞌop haga do ji kamahan ba tamejuu do ji ky daheeh nahejooj ji nahajaa do nado pꞌop haga do mejuu doo sahonh he pꞌop haga do taah rahajaa rajꞌaa eteeg ba badak hahyy ha habong do pꞌop haga do ha hꞌyy kanaꞌeeh do sa ha hꞌyyb tatuk doo jesus ha ji hꞌyy kaꞌeeh do hyb nꞌaa ji jꞌaa etꞌeek badak hahyy ha hanang do nesaa do ji hꞌyyb tatꞌuuk doo jesus pꞌop haga do tꞌaah ne he ky dahꞌeeh doo jaam ne he ti rahajaa rajꞌaa eteeg ba nesaa do ha badak hahyy ha habong do pꞌop haga do ha hꞌyy kanaꞌeeh do hꞌyyb karen doo,Nadëb
20306,sesus kiristu mysapyzeky nihyrikosokda iwatahi deus mysopyksapybyitsa tsimykaranaha mymyokzohik ziknapamykysonahatsa deus wahoro zubata eze siraratsa ziknasibaikiknaha aparakbaha sapyzeky ziknasibakanaha asaktsa bijoikpe bo deus tuk tawahi mynapykyryknaha ispu meky watu maha katsaktsa kiristu spu humo mysapyretsa tsimoziknaha ana humo hi bijoikpe bo mywahi deus tuk tsimynapykyryknaha,Rikbaktsa
11367,—pejejeupe ꞌoga resaukaripyra pype etee futat ki pejup pejejejyiteꞌema ajepeja ꞌoga pype pejejeupe imuripyrera ꞌwau etee futat— ꞌjau jejui ꞌga ꞌga nupe uꞌama —saꞌa ae ojeupe ojomoporowyky re ojomepya nan tee futat nipo ꞌga penemiꞌurama muri pe nupe ojeupe peporogyta repyramu— ꞌjau jejui ꞌga ꞌga nupe uꞌama —ꞌga ꞌwyrarete upe pejewaemawe ki peꞌje ꞌga nupe: “ꞌau ore ruri jarejuwarete ꞌga porogyta momeꞌwau pe nupe” peꞌje ki ꞌga nupe “peꞌje ajee pejejua ꞌga imomeꞌwau oree” ꞌeramu peu pejepytau pejejupa imomeꞌwau ꞌga nupe ꞌga ꞌwyr ipe etee futat pejejemogyau pejejeupe mamaꞌe muripyra ꞌwau etee— ꞌjau jejui ꞌga ꞌga nupe uꞌama oporogytau —ojeroꞌwu maꞌe ꞌga ki pekatuꞌok jarejuwarete ꞌga ree pee ꞌga muꞌjau “werowiaramu ꞌga pe mogoi wemiayuwamu” peꞌje ki ꞌga nupe— ꞌjau jejui ꞌga ꞌga nupe uꞌama,Kayabí
1128,koja tirtum kraje ho tanhma amnhi tomnuj to hamri ne tee ri ja ha amnhi pumu ne amnhi kama hpijaam ne akupym tirtum kot tam amnhi nhipex hamri ne akupym mex ne tam hamaxper pe hkinh ne ri pa ne axte tee ri amnhi kukama hamaxper hket ne ja na tirtum kam hpram ta koja me kep hkra hket xwynhje pyra ne tanhma amnhi tomnuj to ne ra hpijaam japer nom hkwyjaja kot ja ha omunh pix myrape hpijaam ne ari tirtum kot amnhi nhipex ket japer ha koja nhyrma ty ne tirtum kra kot akupym hkot tam amnhi nhipex xwynhje kinha tirtum pe awry rax kumrex ne ri pa me pahte tirtum kaper kwym ri tanhma amnhi nhipex to ha tee ri amnhi pumunh ne amnhi kama hpijaam ne akupym tam amnhi nhipexja na tirtum kam hpram ta na ka xep a amnhi nhipex ane wam ixte me awyr kaga menhta na ka xep prem kama tanhma ixte na puro kama hpijaam ket xwynhta a me ama ixakjer tota kama akaper ne ama hamri ne tee ri me ate korma kot amnhi tomnuj a kam axakjer ket a amnhi kukama ajamaxper ne amnhi kama apijaam ne nom tirtum kam hpram xa hkot me ate jam ajamaxper pe amnhi kama apijaamja na kam hpram ta ka me hpijaam xwynhta kama agryk ne kam akaper o: —kwa me pahpe jejus kwyjaja me pahte a amnhi nhipex anhyr ket ta ka a amnhi nhipex ane na na ka amnhi tomnuj tyx kumrex kot kaj a amnhi nhipex ane pa me ha apumu ne gaa ne apyra ne a amnhi tomnuj ane kwa ja kaga ne axte a amnhi nhipex anhyr ket ne ne akupym tirtum kot amnhi xam tyx ne hkot amnhi nhipex raha ho ri apa ane hamri nhum kri nho xwynhjaja ja ha me ajarenh ma ne me ape jamnuj a me apumunh kure kumrex am hamri na ka prem a kam akaper ane,Apinayé
16227,nxe³­ka³­tu³­ we³­sa²­ in³­txa²­ we³­sa²­ a³­li³­lah¹­na²­he³­la²­ a²­nxe³­te²­ai²­na²­ we³­sai²­na²­ sa²­kxai³­lu²­ yuh³­xan¹­ta³­ nu³­ka³­txi³­nau³­xa²­ hai¹­nxe³­ti³­xa¹­ hxi²­kan¹­txi³­ kwa³­na³­jah¹­lo²­nu³­su²­ na²­he³­la²­ kwa³­thi³­la³­ka³­txa²­ hxi²­te³­nha²­sxa³­ nu³­kxun³­sxa³­ wa³­ka³­ti³­lotsxa³­ i³­hau³­ko³­tu¹­hain¹­jah¹­lo²­nu³­su²­ na²­he³­la²­ nxe³­kxi³­nu³­su²­ txa²­wa¹­su³­na²­ yen³­nau³­a²­ we³­sai²­li²­ so¹­sxa³­ u³­ho¹­a³­na²­he³­la²­ txa²­wa¹­su³­na²­ a³­wxe³­ka³­lo³­a²­nau³­a²­ so¹­sxa³­ u³­ho¹­a³­na²­he³­la²­,Nambikuára
3914,aguely tindatuo sawase kelymo anguy ola tamary nhonwa niepyra sawato odayba awylygue,Bakairi
22958,enomone aupu'ikino xanehiko ovati ra kuveu meum vo'okuke neko iyupanevoti ituke nonekuke neko inuxoti koati koyuvorixovoti xane noinjone ukeakumaka xunako itukea iyupanevoti enepone pi'ape xane noinjone enepone kuteati komuyoyea su'uso pahukoamaka ne xanehiko yara kuveu meum ipoyea okovo neko inuxoti koati koyuvorixovoti xane eneponeko iteovati ne mani koepekeokono vo'oku oko'onevo ya hana'iti piritau,Terena
26080,e me kute me prire pyrak ne amijo katamjabit gedja metindjwynh me utan me kadjy benjadjwyr ne ar meo ba be me prire kute ta amim imarja pumu a me kute amijo anhyr gedja metindjwynh me utan me kadjy benjadjwyr ne ar meo ba mramri ne ba me ama katat are nam a jeju arkum ane,kayapó
18667,hari pedro va'ora kaabani'aha sa'a viso vakhanira kaimoni va'ora nanamithavini hi'ihi ida deua biarakhaonani'avini cadeia hojana —va'ora vanava'isohiha'a bana adani tiago arigamina jesus kaija'ari vihiki deus hora kajoamora'avinia — va'ora ni'aha ada pedro oniaroa ajihiha ibavi hoariha okha'aha,Paumarí
12091,jesusya taꞌpi ipiꞌ: —iꞌ waniꞌ awani yeꞌnen “mori amiri” taaya miriri upiꞌ tiwinan mori moro man miikiri paapa tiaron ton pra man miikiri neken mori —taꞌpiiya,Macushi
18234,uva akadava'ava abono rajomi hida hari oniaroa rajomi kavaranihia jesus va'ora vara ni'aha adani ija'ari vajoroniki —mitha vani'a ka'da'dia bivahonariahihi ida siroi uva rakhajahani ibavini kaimoni bivahonariahihi ida uva avani rakhajahani bono'ihi havahaki kaimoni ida ihi'ai uva oniki varakhaivini naothinia bivahonariahihi kavasiribanini ida uva kasiroini binamonahaki ida ja'di kabavihi karaho bihiaki uva bavini kaimoni uva-ra vakada'aha'ahavini hiki a'bani aniaja kaimoni a'diahi'ihi ida uva bavini bivahonariahihi ida gora namahiki amonahani kidisiroi-ra akadava'avini ibavini kaimoni ida gora hari hi'ihi ida kidibadani va'ora honariaha adani badani abono avakadava'aja kaimoni ida kidiuva avani avakadava'ahi ida uva avani bono'ini kamahini a'bani pitani vakadimoni pitani vakadika'da'di kaimoni bivahonariahivini naothinia ajihi'aha ibavi hoariha napaja hikia okha'aha,Paumarí
9152,ha hesu katu ohexa ramo ojaꞌo vaꞌe ojoko ixupe —ani pejoko tei mita ou vaꞌera heꞌi —tou katu xe renda-py heꞌi joty hesu —haꞌe-ta pee-my: koixagwa omoiru-ma vaꞌera nhandejary gwuvixara-pe heꞌi,Kaiwá
8077,ky tope jo in en krem tog nija ni tope ta tog tumtum ke kati mu nija en ti tope ty ty un mag nin ky ti tar nin ky tope ty jegne jafa ty  ke en ag ty ga vog konan ke to ha u tog tope jo in en kara ranh ke tu ni,Kaigáng
9459,“cristo reko-rupi aiko pora” haꞌe ramo raꞌe hupigwa-rupi voi amombeꞌu ara raꞌe jepe xejehe naxe arandu porai ara raꞌe joty upeixa anhemombaꞌegwasu ramo raꞌe iporave namombeꞌuiry pee-my xe reko peikwaa-ma voi xe remimombeꞌu peikwaa-ma ave koꞌanga xe rereko porave hagwa ndajekwaa ukasei pee-my iporave akiriri tee aiko-vy,Kaiwá
18011,hojaki ada deus hoarana kidija'ari hahavi vakadiabi'i ada bivaka'da'diki ida hahavi hojaki bada bini'aki ida kidibadani kidiamonahi hahavi kania ibavi hahavia hojaki ada deus,Paumarí
23935,be'ro kɨɨ pakɨ api kɨɨ makɨ tiropɨ i'yagɨ wa'asami meharota kɨɨre “da'ragɨ wa'aya” niisami kɨɨ makɨ yɨ'tisami: “aɨ pakɨ wa'agɨti” niisami kɨɨ toho nii'kɨ niimigɨ wa'atisami nii werewi jesu sacerdotea wiora apera judeu masa wiorare,Tukano
21688,iꞌewyte ti aru wetup ywania wetup ywania wywo ti aru toꞌo­ꞌa­tu­ꞌuka atuꞌuka iꞌewyte ti aru wetup setama wetup setama wywo toꞌo­ꞌa­tu­ꞌuka atuꞌuka yne mesuwat yi wato hap ok ta e miꞌi hap ewy ti aru aikope aikope yi huruk hurukꞌe miꞌi hawyi ti aru miitꞌin topap kahato yt kat i hin i miꞌu pote e maꞌato meiuran ti aru poꞌog poꞌog haty wo rakat tut e,Sateré-Mawé
2709,ininia nisa iuamoni ininia nitxari iua: —pisikano ere aatsopa iapirikakari iuasaaki itxano: —papakapariko nika pitxari ia aatsopa pitikakoa kapixiriko ia pinikakiti iuaritika pinamaa potxoariko mapa atoko itxako —itxano nota,Apurinã
25470,taha pari te pi'o ha oto mo 'ri teme sisa'u ma piza ha tire wisi wamha ma to dazo ha awa'awi ane: — oto wasi'aba'rei wa'aba aiba ha sabu za'ra wa'aba da ubure te 're i'ab'manhari mono ze ha ma to ima waihu'u ate o ha 're ihaimana u'asi mono te te ipisudu danho'reptui'wa da,Xavánte
15073,beeh sa kariw nꞌaa hedoo doo be karom be rawehꞌeeh doo da be wehee na-aaj he sa ha be eam mana be karom set ne he ji kariw nꞌaa hy pong je hawat do be bahapah do hyb nꞌaa be karom sa kariw nꞌaa be kariw nꞌaa na-aaj he ne tii ta ti dooh taseew ba ji mahang sed go tagadoo sahonh he ti hyb nꞌaa tabadꞌoo doo da be badꞌoo,Nadëb
15677,tsimoot ha paw-ro maherꞌoot nyy dꞌ rabadꞌoo ta ha ky nꞌaa hahyyh y karen paawa nayyw he mabana we yy,Nadëb
10653,inyo tiu rubu‑ribi rexixaokeki kristu tahe rexixaore tarubu‑ribi kristu rubu‑ribi rexixaore wana jiaryboho aomy waryberenyona idi ao atyhydyynaona kristu inatyhymy rexixaokeki inyboho deuxumy ruimy rybedu mahadumy roire kristu ixixana rybemy dori jiaryboho rarybemyhyrenyre kiata bohe deuxu kristu riixixanyolere,Karajá
2282,teoso misakiretikoataa apotiitakaniua asia tixini auakani xinikamanapitai hite akira inakori pirisira inakoro pakini iteene xinikamanapitai hite kotxi apiananiri nakiti hitxaua apaka xesosi sakire auiakani ninoa aapoko apotiitakaniua xinikamanapitai hite ikinimane aitariakori uai auakani xinikamanapitai hite haokitakakasaakiua himaratakakauako kotxi teoso nakitiakori hitxaua,Apurinã
26240,pedru 'exnhi kukam kute kum arenh ar 'yr mo: nhym jeju arkum —‍be akamatja tamkam dja me ijo ajke gar me umaje aprot ne ajma amrebe: ne me bakukamare ar aprot ne abimanh'a ajare metindjwynh kukwakam ne me aren mema kum “be dja ba mryki'atomtio ba djwynh titik nhym mry umaje prot ne ajma” anen arym 'a pi'ok no'ok ne be akamatja tamkam dja gar me umaje aprot ne ajma me bakukamare kute ar aja ujarenh kot dja gar aprot ne ibe ajma,kayapó
20286,“o batu imysapy utakta ba ziktsuk kaokanireta” niy bykyze sizo izoize ipe niy: “o ikia kino pakutynykta katse tsikadisaha” niy “batu o atuk mynapykyryk ta tu tsimyzikpehakaze uta hyy mynakara iwatatu batu katy myikaha batu pikuza ty tybeze atse anamy ziaksebaikta tu iwaze wytykyryk humo ziwebaik iwaze anamy zipykta tu sa ziksizoze tumy tsipikuku itsyhyryze pikuza tsibeze” niy,Rikbaktsa
8688,ki ha to sog ti tope ha ne isar hanꞌ ti ha ne inh my a jykre kuryj nimꞌ ky tog ty isy ty rara jafa ni tope jykre ha en ti inh kren han tog tope ti ti ty inh my venh jykre kuryj nim ti ky ky ag tog ti jykre ha tugrin ag tog ajag jykre koreg veg ti ge,Kaigáng
5466,amboae kuery mbaꞌemo pereko vaꞌe ojopy agua haꞌeve ramo orevy pe katuve ma ndaꞌevei ri tyꞌy rojopy agua haꞌe rami tei ore kuery ma haꞌe nunga ndorojopyxei haꞌe rami ꞌrague py opa maragua rogueropoꞌaka nei petei henda py rojou vai uka eꞌy agua cristo regua ayvu pora,Guarani
2012,notakata auakani xinikapikai pite pisapiretanako ate tiretakani eree xesosi sakire auiakani nixinikamanapitana ninoa ikinika erekari teoso sikai hite hikinika ikara atoko niokatsopata pitemoni amee,Apurinã
22061,itea ituko'oviti enepone kouhepekopoti isoneu xane ikaxu'iti okovo kouhepekopinovimaka visoneu vo'oku kayukopeovo titu xoko uti hainamaka pohutine vo'okuke ne'e itea koatimaka ve'okukenoe uhepepino visoneu vo'oku koyuhopinovea titu inekurukivovine koane ketixoponivo keikaxu'iki ongovo yanekoyo yoko u'uso-u'uso keyeyinoe itiki anja'inopi yane koati kuri'uxovoti elokeko ongovo vo'okuke,Terena
13516,kaxiy miy hok topa ya 'og 'atak tu hamyummug xe'egnag tu xatep-tup yummug tap,Maxakalí
4412,amo tupan heko haw pe har uwewe oho wanaikweromo aꞌe no uzeꞌeg pa wahyhaw rupi aꞌe no — aze amo umuwete katu azaguhu yryhu wi uhem maꞌe kwer aꞌe wa nehe aze umuwete katu hagapaw aꞌe wa nehe no aze umuapyk kar her wehapyka rehe aꞌe wa nehe opo rehe aꞌe wa nehe no aꞌe mehe tupan wikwahy putar aꞌe teko wanehe aꞌe nehe iꞌi oho iko uwewe pa — wikwahy tuwe putar wanupe nehe wanehe uzepyk pa nehe iꞌi oho iko uwewe pa — omono kar putar aꞌe teko tatahu pe wa nehe weko haw pe har ikatuahy maꞌe wanuwa rupi wa nehe arapuharanaꞌyr zawenugar huwa rupi wa nehe no iꞌi oho iko uwewe pa — tataxin aꞌe nehe aꞌe tata wi uhem maꞌe ram aꞌe nehe uzeupir putar oho tuweharupi aꞌe nehe awyze har rupi upaw ꞌym pa aꞌe nehe taꞌe nuwew kwaw aꞌe tata aꞌe nehe xe iꞌi oho iko uwewe pa — azaguhu imuwete katu har aꞌe wa nehe hagapaw imuwete katu har aꞌe wa nehe her wehapyka rehe hereko har aꞌe wa nehe nupytuꞌu kwaw aꞌe maꞌerahy ipuraraw ire wa nehe iꞌi oho iko uwewe pa,Guajajara
24133,chaychun amcuna taytayquicuna ‘yanapaycamay’ nipacushuptiqui ‘manam capamanchu; diosmannam lluy uyculu’ nil niyalcanquiman chay jinashayquiwanmi yachayalcachinqui mana yanapapacunanpa chaynu awiluyquicunap custumrinta yachayalcachilmi diospa shiminta mana caman muyulcachinqui,Urubu-Kaapor
2368,atxiiti iuasaaki nanera apokaerekatari nisakire kotxi nitxana: “nota auikari ipikani okitikiniua iuaikana auaki inini ikapani ikara nauikakiti sakiretxiti xika hite maikano nota” atxiiti nanera apokaerekatari ikara nisakire —itxa paoro sakire perisimoni,Apurinã
14158,ibo ekawen tag  batista o'jebapuk uk'a'umat pe o'jebapuk ijodiat mubatisasan deus ekawen muwenuwen tak — ikereat mujurugrugap cuy epeyepere — io'e ijodiat pe — epeyewemubatisaan cuy “ikereat o'gujurlug gu gasu bit” i'e am soat pe imen ey'e buje deus ikereat ju'uk eywebewi — io'e ade ma o'ju  kay cekawen co am judeia eipi beayu o'ju jerusalem ka beayu dak — ikereat cuk adi ogujurugrug — io'e ip — gasu bit cuy ogujurug gu — io'e ip imenpuye ip o'gubatisaan jordaodi be ixe  doti camelodap mugege yukpumunpu kug oeku ixee mugege arobidadek puximat o'o'uk osunuy eit kogufpi dagat o'o'uk tak osunuy joao,Mundurukú
3422,— tala pyla myani uguondo ady pebaom lazaro keho toenzepa myani iwaga pinuri modo egasely kopaelagaembaba myani adaholy maka adypeom ety iwyantaji aunlola myani asewinzedyly maka adypeom typyniry egupyry nhameyby iwenzary wagapa ihugueyby modo kula myani nheinzeseguyly kaxorodoram iwinuriry ajilugainholy,Bakairi
10354,tahe jiary retorunyre: —wanyry mowexe ratxireri,Karajá
16223,nxe³­tu³­ka³­txai²­na²­ sxi²­ha²­ ton³­tu³­ka³­txa²­ ya¹­nxain¹­na³­la²­ ja¹­nxe³­nu²­la²­ a²­nu²­a²­ i²­li³­te²­a²­ ou²­ro²­ki³­su²­ ta³­nxa²­ pra²­ta²­ki³­su²­ ta³­nxa²­ txah³­lxa³­kxa²­ a³­lxi²­ki³­a²­ i²­li³­ki³­su²­ ta³­nxa²­ nxe³­ki³­a²­ te³­sxa³­ sxi²­ha²­ wi¹­thi³­na²­ txo³­nai¹­nhi³­nxna³­la²­ a²­nxe³­thi³­nai²­na²­ wan²­ju³­ta³­la³­ yu³­hi³­nxnxa³­wa²­ ja¹­nxe³­jutsu³­nxe²­ i³­tih³­nxe³­nxti³­tu³­ka³­txa²­kxai³­ wain³­jau³­su²­ i³­tih³­nxe³­nxti³­kxai²­nan²­tu³­ sxi²­ha²­ wa²­nxa³­thi³­na²­ ton³­tu³­ka³­txa²­ ya¹­nxain¹­na³­la²­ te²­ya¹­nxun³­jutsu²­ a²­nu²­a²­ a³­xa²­ hi³­sa³­katsu²­ ta³­nxa²­ wai³­nhxan³­sxu²­ ta³­nxa²­ si³­sa³­nxan³­su²­ ta³­nxa²­ nxe³­sxa³­ te³­nu²­la²­ sxi²­ha²­ txo³­nai¹­nhi³­nxna³­la²­ a²­nxe³­thi³­nai²­na²­ wan²­ju³­ta²­ yu³­hi³­nxna³­la²­ ja¹­nxe³­jutsu³­nxe²­ i³­tih³­nxe³­nxti³­tu³­ka³­txa²­ wai³­nxa³­jau³­su²­ i³­tih³­nxe³­nxti³­kxai²­nan²­tu³­ sxi²­ha²­ wan²­thi³­na²­ ton³­tu³­ka³­txa²­ ya¹­nxai¹­nhi³­nxna³­la²­ nxain¹­kxai²­nan²­tu³­ kxa³­non³­tau³­a¹­ kris²­tu³­jah¹­la²­ a³­ka³­nxi²­sxa³­ wxa³­tau³­a¹­ txa²­wa¹­wa³­ka³­li³­yu³­ta²­ i²­te³­lhxa³­ wxa³­tau³­a¹­ kai³­ki³­ju³­ta²­ i²­ne³­lain¹­tu¹­wa²­ kai³­ki³­ju³­ta²­ wi¹­ta³­nxa²­ wi¹­lxa³­ta³­nxa²­ e³­lxah¹­ i²­ne³­lain¹­tu¹­wa²­ i²­ne³­lhxa³­ a³­ya³­txi²­sxa³­ i³­yi¹­li²­ne³­tu¹­wa²­ i³­yi¹­li²­ne³­ju³­ta²­ ha³­nxe²­a²­ ya¹­nxe³­hi³­nxna³­la²­ kai³­ki³­ju³­ta²­ ha³­nxe²­a²­ yan³­sxa³­ wan²­ki³­kxa²­ ya¹­nxe³­sxa³­ kris²­tu³­jah¹­lai²­na²­ i²­ne³­lhan²­sxa³­ i³­yi¹­li²­ne³­lain¹­tu¹­wa²­,Nambikuára
21315,miꞌi hawyi tuwat i raꞌyn more­kuaria yat koro pyi tuwat hawyi iꞌatu­we­papꞌi kahato itote — tupana iꞌatuꞌe urutu­wehum kahato raꞌyn eete iꞌatuꞌe koitywy urumo­sa­tyꞌi satyꞌi saꞌag kahato itote esaꞌyru mohey haria uruto pote iꞌatuꞌe maꞌato ti waku uruho­ꞌopot esaꞌyru iesui set poꞌypyi iꞌatuꞌe,Sateré-Mawé
18332,nokhoi 'ba'dani sa'ai-ra kani'aja vaha: —ni-ikahojani-ra okanofiki abonoi kania — asohirihi ida nikia kavaraninika'da'di 'damai-ra kani'aja vaha jaboni: —ni-ikahojani-ra okanofiki abonoi kania — asohirihi ida nikia kavaranini nimania ida jaboni cristo kaija'ari hoariha-ra kaihiponiravini asohirini,Paumarí
21899,wetup ewatym simau nu toꞌe uruepe — toꞌiro i pira pe e uruepe miꞌi hawyi waku urutoꞌe urutu­kup­teꞌen itote simau nu hawyi ipotmuꞌe tume wetup set titimu ipat rakat miꞌi re ipotmuꞌe nata­naꞌeu tawa kana tama karireia kaipywiat miꞌi hawyi sepeteu saꞌy­ruꞌin hawyi typy ok ipotmu­ꞌeria tiaku iꞌewyte uito iuwau urutu­kup­teꞌen itote,Sateré-Mawé
17614,fariseunai xaotyakiyaho kakoa waiyoreterenai xoaha enekonitareha hoka ehareha jesus xaotyakiraharenai hiye hoka axahene: — xoana hoka xikanakairita xiserita kalorexe noloxa resebetyaseharenai haiyaharenai iniyalahare nomaseharenai xoaha kakoa nexaha,Parecis
14619,— soan ma e'em ip warara'acat pe jejojoan deus ekawentupat ekawen mubarararag ip wara'atup pe ibo dup mogmog ip tupmun pe- -tuperenaptup igo mun pe mogmog ip jedopa'a dag jeba dag tak warara'acat pe tup mun jojoan imen ojuy ip ixeyu kay warara'acat aguy dag “deus kay cicaat teku” i warara'acat pe i'e am — jesay iwaruat kug ip jekukum warara'acat muak am jekay jesay ukpi mubogubog ip warara'acat pe jejojo an,Mundurukú
8237,“ky eg mre milagre hyn han ni ge un kagyga ag ty haꞌ hemni eg ty nen han vanh han ni eg ty a my to vin ky eg ty a kosin ty jesus jyjy to ky eg ty un kuryj ni en to ky” he ag tog tope my,Kaigáng
1439,samar nho ta nhum tirtum kaper tum o me ahkre o me pa xwynhja jejus wyr te ne hex rom kot kama hamak kaxyw kam: —pa e kwa inhma memoj jare tanhma kot paj we nhyrma tirtum ri ixtir tum ne ixpa kaxyw amnhi nhipex to wehe ane,Apinayé
7944,topomogita katu ti ji kiro a'ero cristo'ga omano yva rehe nhande repyga ikwehe nhande jikogame jate cristo'ga rehe tupana'ga ei pepyry pe javo judeus'ga ki a'e te e'i: “po ahe gwendu moisesva'ea remimbo'eagwera hamo” ei judeus'ga nura akoja'ga – kiroki ga oho pe pyri – ga pe kytiuka pota tohendu katu ti ga moisesva'ea remimbo'eagwera a'ero javo a'ea ga opota a'ereki ga e'i ojohupe: “nhande ga kytiukarame po ti judeus'ga nhimohemi nhande rehe nehe” ei ga “ndokote'varuhui po ti ga nhande ve a'ero nehe nhande cristo'ga manoa mombe'urame nehe” ei ga a'ea rehe jate ga e'i hete pe me pejikytiuka javo,Kagwahiva
16024,nxe³­jau³­xai²­na²­ sa²­kxai³­lu²­ sa³­nxe³­la³­kxah³­lai²­na²­ sa²­kxai³­lu²­ ain³­kxi²­te³­na¹­ i³­ain²­txi³­sxa³­ i³­ta¹­hxai²­he¹­la²­ yen³­kxih³­khaixnxe³­ha²­kxai³­ yen³­kxa²­ a³­lxi²­ha²­kxai³­ hai¹­sxa³­ i³­ta¹­hxai²­he¹­la²­,Nambikuára
25664,tawamha dasi'wape haiwa nho're ama ma to watobro haiwa ama romhuri'wa ha mide na isisi ha dure haiwa ama isire tama iromhuri'wa nori ha te ho'ora haiba ne ropoto siwamnari haiba za'ene ha siwi 'wape tawamha ho'ora haiba ne ropoto siwamnari ha ma to sina ana haiwa ama tama iromhuri'wa nori me tane nhere ma to mide nori ha ama ai'ute za'ra taha wa haiwa ama 're haimana waihu'u za'ra mono o di za oto tawamha ho'ora haiba ne ropoto siwamnari ha ma to siwi time ti'ai u apa mori to da ta ha satanasi wanhitob'ru ta ha dureiha wahi na isihaiba ubure tizadawa nhipese na te te 're ida'a'rami mono 're ihaimana u'asi mono zadawa para newa ti'ai ama daro mono ba tawamha wa'ubure nori zama isib'a'uwe zama ma to isire siwi samra ti'ai u apa si'aba're to da ane wa to te ab'mada'a inhoto 'rowim ne,Xavánte
9681,ha judeu kwery katu ndojohu porai upe vaꞌe nheꞌe: “ani erepoi ixugwi ejuka ranhe katu” heꞌi vaꞌekwe xe-rehe upeixa heꞌi-ma ramo haꞌe-ma xe mburuvixa-pe: “aipota xe monheꞌe mburuvixagwasu cesar” haꞌe mburuvixa-pe heꞌi omombeꞌu-vy —ha namombeꞌu moꞌai mburuvixagwasu-pe judeu kwery hembiapo vaikwe xejehegwa mante amombeꞌu-ta heꞌi —ha koꞌanga katu amombeꞌu-ta pee-my nhandejary nheꞌe yma vaꞌekwe nhane ramoi kwery-pe heꞌi vaꞌekwe nhandejary “oikove jevy vaꞌera omano vaꞌekwe gwive” heꞌi vaꞌekwe heꞌi —upea heꞌi vaꞌekwe ogwerovia vaꞌekwe hikwai ha xe arovia ave upea nheꞌe arovia-gwi xe pokwaha-rehe xe rereko upea-gwi xe apombovia uka kuri anhomongeta hagwa pene ndive heꞌi ou vaꞌekwe-pe,Kaiwá
25194,taha wa paru te te iwahudu ha da te 'mada'a za'ra wamha ma to dasima 'mahara za'ra ni ane: — ihaiba'o nori iwaihu'upese nori ha ma to wei wateme 'manhi'ra zahure ma to si'aiba zahure ama 're iwawata za'ra mono nori ha — ane ma to dasima 'mahara za'ra ni dasimremezem na rica'oniza ama 're idasi'ubumroi mono nori mreme na,Xavánte
1356,—kwa me ixkaper ma ne amnhi kra kama amnhi kram haxar tyx ne me ate amnhi kaxyw ixkot ajamaxper xwynhjaja kot kaj me ixte tanhma amnhi nhipex to ho ixpa ha ixpumu ne ixkot a amnhi nhipex anhyr o ri apa kot paj akupym inhipeexa hwyr api ne kuri ixpa ho ixpa ka me ixwakre kama ixihtyx xa ho tanhma me akwyje ma amnhi nhipex to ho ri apa,Apinayé
682,kure ma ritonopo nymeropohpyry moeze a zae roke ipoko kuahtao xine kure sytatose rahkene,Apalaí
6588,odaa pilatos jeɡee “aɡajipaatalo inoa ɡanotaɡa igaataɡa owidi lotaɡa modakapetaɡagi makaami nilaagedi”,Kadiwéu
996,—morarame ynara ako tuisa konoto eya xine mana “etatoko pahne imehno poko enupunara mexiatosene aetuarimarykohtao toto pyno pyra mexiatosene toto anakorehmara roropa mexiatosene morara exiryke jakorehmara mexiatosene” ako ynororo eya xine mana,Apalaí
5089,mbaꞌeta petei-tei pe oikuaa uka ꞌra nheꞌe guigua pave pe ojapo pora agua,Guarani
24854,cay nishanchicpi mastala tantialpunchic melquisedecnuy juc sasirduti yalamuptinmi pay manama muyula nunacuna sasirduti cananpa camachishanpachu sinu'a mana camaca cawsaypa munayninpam paypimi caynuta niyan: “melquisedecnumi wina-winaypa sasirduti am cayanqui” nil chayura punta camachicuy juc-laduman chulaycusha cala pishi callpa cayninpam jinaman mana atipashanpam chay camachicuy manama yan'allapis allincaman muyuycachimalanchicchu chaymi juc jatun allin alcayla shaycamun; chaypam icha tayta diosman ashuycunchicla,Urubu-Kaapor
12053,miriri etasaꞌ pata pai epuꞌtiꞌnikon taripai iniꞌ panpiꞌ epuꞌti eꞌpai man moriya miriri piꞌ esenupanpaiꞌnikon man paapaya itiri ya,Macushi
23458,—mɨsa a'to i'yase mɨto diho no'orosa' nee ni'ka ɨtaga apega bu'ipɨ yee turia mɨha'ke tohasome niikɨ niiwi,Tukano
8555,ky vaha u ty hen ri ke ag tog venh ven mu sir tope ty jene jafa ag kanhka tan ag en ag vy tope my vi ha han mu,Kaigáng
11678,maꞌja saꞌe sipo ajee jane aipo are niaꞌwyri tameje moisesi ꞌga jeꞌegera saꞌe sipo jane naani ꞌga remikwasiarera kaꞌarana mogyta re te jane jarejuwarete ꞌga remifutara kwaawi “pejokaraema are pejejea myina niaꞌwyri jarejuwarete ꞌga upe” ꞌjau ꞌa moisesi ꞌga ikwasiaa rakue “tekotee ꞌga karaema futara iaꞌwyreꞌema jarejuwarete ꞌga upe” ꞌjau ꞌa moisesi ꞌga ikwasiaa rakue aꞌeramu je moisesi ꞌga jeꞌegera kwaaw ire te je tetywera kwaapa ꞌga jeꞌegera kwaaweꞌem ire amunipo ꞌa je nane “ojokaraema are wea myinara ꞌga iaꞌwyreꞌema jarejuwarete ꞌga upe” ꞌe kwaapeꞌema futat tekou,Kayabí
9134,hesegwa nheꞌe oromombeꞌu-gwi oromano vaꞌera-ramima ore oroiko ha pee ae katu inheꞌe oromombeꞌu-gwi pene moingove pora-ma hesu,Kaiwá
24224,ima-aycachupis diospa nunannumi pablo tacyaycun ya'acunap cay lulaynicuna mana jamuyasha cananpa cawsaynicunawan pimanpis manam sasachacuycunacta chulapacuchu ashwanpam lluy imachupis camalachipacu diospa nunan capacushata: ima nacaycunachupis pishipacuycunachupis sasachacuycunachupis,Urubu-Kaapor
21929,miꞌi hawyi peteru toꞌe raꞌyn — urumuꞌe hat saꞌa­wyꞌi te ti uruꞌatoiat yne meimuewuat koꞌi uruekat eupiat urutuwat hamo e peteru iesui pe,Sateré-Mawé
23050,toopɨ kari ape nɨmɨ pe'e surara dɨ'poka me'ra wa'a'kara toota mahami tohati a'titikara niiwa jerusalepɨ naa yaa wi'ipɨta taha cavaloa me'ra wa'a'kara di'akɨ paulo me'ra yɨ'rɨakara niiwa cesareiapɨre,Tukano
5354,haꞌe silas profeta ikuai vaꞌe voi irmao kuery ombopyꞌa guaxu vy heta ayvu py omombaraete,Guarani
12146,martaya taꞌpi: —epuꞌti piꞌ wai tiwinanoꞌpi wei yai isaꞌmantaꞌsan koreꞌtapai apemonkonoyamiꞌ eꞌmiꞌsaꞌka yai piipiꞌ niri eꞌmiꞌsaꞌka,Macushi
26193,benjadjwyr djwynh jeju mema ane nhym metindjwynh arym kajkwama amiwyr o wabi nhym arym ra:x ne metindjwynh djubok'anh nhy,kayapó
26420,me kute adjar nhym kam jodje armate kube ne jeju kot ba djwynh'o mebe idjaer runh pymaje kute mema amijarenh ket ne kube jejukot ba djwynh'a kute mema amijarenh ket ne ne kam arym piratu'yr ten kum —‍ba jeju kaban o rwyn o ten adja ane nhym piratu kum “ajra” ane nhym kam arym amu te amu nikodemu'yr ten 'yr box nikodemu ne amrebe akamatkam jeju'yr box nhym ar abenma kabeno nhy nikodemu ja'yr ne jodje box nhym ar ro'a jeju'yr te 'yr tem ketri ne nikodemu arym jeju kadjy kudjy djao atomkumrex uti'a akrekam uti: kute  kiru pyrak mirame arome ne abenkam o aka nam kudjy dja tun arym jodjeme ro'a jeju'yr o ten 'yr o box,kayapó
1160,hamri nhum amnhi jaer pe kot a kam kaper anhyrja ma hamri ne kam: —xe per apri ha ate ixpumunh par pyrak man ape tirtum nhy ha kaper jarenh o me pa xwynhje ho man ka me,Apinayé
200,ynara tykase izaja roropa izyraeu to poko “ikuhpyme izyraeu to toehse ahtao ro isawa samo tuna konoto ehpikuroko morara ahtao ro toitoine roke ma inypynanohtyame exiko toto okyna pyra seropoko rypyry epehmapoko kueseko mana axi roropa” tykase,Apalaí
18348,deus kania avarakha'a bana ida hahavi avava'ini-ra soko ani'aki a'onira akadava'aki ada ovari,Paumarí
19832,contudo depois que os seus irmaos subiram para a festa ele tambem subiu nao abertamente mas em segredo,Portuguese
23047,pedro kɨɨ toho niika tɨ'o kɨɨ siro siru tuu wihakɨ niiwi “diakɨhɨta niisari a'te o'akɨhɨre were ko'tegɨ yɨ'ɨre mii wihase ape tero weegɨ ke'egɨ weesa'” nii wakukɨ niiwi kɨɨ toho wihasere ayuro masitikɨ niiwi surara naa nee ko'te duhirore yɨ'rɨakara niiwa be'ro apero ke'rare taha yɨ'rɨaa tii wi'i nee sahaaro kome sope tiropɨre ehakara niiwa naa toopɨ ehaka tii sope basi paria wa'akaro niiwɨ be'ro naa tii sopere yɨ'rɨ wiha wa'akara niiwa yoa kurero wa'a o'akɨhɨre were ko'tegɨ bahu dutia wa'akɨ niiwi pedro ni'kɨta toha nɨ'kakɨ niiwi maha be'ro kɨɨ bahu dutikapɨta ayuro tɨ'o masikɨ niiwi —diakɨhɨta niiapa yɨ'ɨ i'ya'ke niirota o'akɨhɨ yɨ'ɨre yɨ'rɨ dutigɨ ni'kɨ kɨɨre were ko'tegɨre o'oo'api herode ya'aro weetika'ato niigɨ toho niika judeu masa jesure eho peotira nii pe'tise yɨ'ɨre ya'aro wee si'risere ka'mu ta'agɨ o'oo'api niikɨ niiwi pedro,Tukano
12627,tiise yuukuiya pra jesus waniꞌpi moo awaniꞌpi iniꞌri teepiremasanon esanon yepotori eseurimaꞌpi: —cristo amiri paapa munmu paapa nimenkaꞌpi —taꞌpiiya,Macushi
22037,koati enomone porexo'ovi koukoponeovo uti ikeneke uha koeti uti kutipoati uti kuti koeti muyo kristu koeku itukeovo enomone kotuti uti yoko enepone koxe'u uti ape itukovoke ne pohutihiko ihaxakexoku koane ekeyokoku yoko kuso vekoku xunako kuti'inoke ehevokovoti koane unati ko'itukeyea kuti'inokemaka paya'iti koane ukoponoti yoko enomonemaka koeneye uti ikeneke kristu koukoponeokoko uti yane vexone vitukea itukeke koekumaka akoyea omotovokoko vokovo,Terena
10430,kiamy aou aou iny aokodu ryikremy aoule heka tamy aowihiky biwinybenyke jiary tahe aki aou aou aokolekre,Karajá
19268,pois e claro que nao e a anjos que ele ajuda mas aos descendentes de abraao,Portuguese
2838,mosiareti xesosi makananitini xesosi apokaapota xerikoo sitatxiti takote mosiareti kimapori tiniapo iitopakanata amanaanataro txineiro,Apurinã
17458,enexe iyateliti isa haisani ana axalisa maheta halitinai hoka tyomahitere tahi sema hoka nikareta mokahene maheta hiyaiya haliti ityani tehitiya atyo hoka,Parecis
26101,ga me kute pur kreo morja pumu metindjwynh ne me kute kre kadjy kute mema 'y nhor ne kam kute mema djwy nhor me o kwy kren dja'a kute mema or myj'a ne ba ar ama ja jare bir ar aje mema myjja nhor'a ne ba ar ama ja jare metindjwynh ta dja ar apumu dja gar me o myjja ketma amikuta anho myjja kwy nga nhym arym ar apumun ar ama myjja kumex nga ar aje mema myjja nhor jakrenh mex ne ar ama kunga ga me kute myjja 'y kumex ne kren arym o djwy kumex ne kute o atomja pumu ar gadjwy dja gar mema myjja kumex nga nhym metindjwynh arym panh ar ama myjja kumex nga gar arym katat ar amijo aban kum amexkumrex ne,kayapó
26529,ikabenja kot ne me amrebe: me bakukamarema kum “benjadjwyr djwynh kute myjja'a amim karo djam me'o kute mar kati kam djam me'o kute metindjwynhma myjja'a karoma ne kum ‘gedja ga a ane’ ane arkati metindjwynh ajbit ne kute myjja kuni mar” nam me a me bakukamarema ane nhym be gwaj bajbit ne gwaj karo kot kritu djumaro badjumar ne arym baje mar kute amikaben'a amim karoja gwaj arym baje mar tam ne ja,kayapó
6864,aca wajekalo madewete ane yajigotalo aneotedoɡoji iniodataale beexotedawaanaɡa jesus iwitediogi ica oko minitaɡa aneotedoɡoji liɡeladi odaa naditediogi niɡijoa liicotedi noɡoyokoletinigi ninyeelo naɡajo niwokodaɡaxi aneotedoɡoji,Kadiwéu
14864,gebuje pedro o'jede jewawewe'ukayu yobogayu be deus biogbuk cebe jija osunuy imenpuye ya'obacam o'jede cebe ip- -judeuyu kukukayu be — tapupuyu — io'e — “abu-a'obi taojere tuibit epegu'ada” i eyju e'em ocewebe “apentak ixe epegu'ada” i dak — io'e,Mundurukú
5974,pevyꞌa ke ovyꞌa vaꞌe kuery reve haꞌe ra ojaeꞌo vaꞌe reve ma pejaeꞌo,Guarani
12715,moropai mori pe eꞌni yuwapaiꞌnikon tiaronkon yarakkiri tiaronkon piikaꞌtipaiꞌnikon tamiꞌnawiri mori pe toꞌ saꞌnama wenai moropai tiaronkon niri saꞌnamatoꞌpe toꞌya moropai toꞌ piikaꞌti yuwatoꞌpe toꞌya,Macushi
7141,aherembirekokwerava'ea remimondoa igwete jesus'ga apygi upa gajatykahavuhua pype itambere'ia ryru'ia pyri he'yjuhuve'ga ga gwepia ga inogame itambere'ia tupana'ga pe hyru'ia pype imbateheteve'ga he'yi inogi ipype novia,Kagwahiva
5381,ojeroviaa rupi vy oeja ovy egito yvy nei huvixa ipoxy ramo voi ndokyjei guive haꞌe rami ꞌrague py oi ata jaexa eꞌy vaꞌe oexa vaꞌe rami,Guarani
25933,dure asisowa asina aihata'a te asiwasu'uzeb zo 're rosa'rata ha za'ra wa'aba mono o di za,Xavánte
25520,taha wa bata na wanhib'apito ubure za te te ida'awaihu'uze wana asiwi iwaihu'u aba zarina asiwi iwe'o za'ra wa'aba da asima i'ama 're rosa'rata za'ra wa'aba mono o di za wanhib'apito apa wei mori o re ha ni'wam nori zama asiwi iwaihu'u aba zeb zarina asiwi we'o za'ra wa'aba da asima ama 're rosa'rata za'ra wa'aba mono o di za bata na wanhib'apito za da'ama isipo'oze wana taha si te za dawi a'upsibi nhamra oto so'awi ubure dape'e 're 'rawi da te dasima 're irosa'rata za'ra mono ze ha mari ha barana da te 're 'mada'a za'ra mono da da te 're i'uiwe za'ra mono ne te za wanhib'apito ha so'awi oto dawi a'upsibi nhamra ubure mari ha da te 're 'manhari za'ra mono da da te dasima 're iwe za'ra mono zem na danhimirosa'rada ha tawapsi te za 're ihaimana u'asi mono ha wasu'u we za'ra ni'wam nori ha ti'ab re tihaimana we zem na te te tama ama 're uwaimrami za'ra mono wa te te 're i'awaihu'u mono zeb zarina,Xavánte
24913,natac jundu allin allpaman chacanuymi cayan allin willacuyta uyalicul casucuca chaymi allincunallacta wayuycun jucllay mujullapi quimsa chunca suta chunca pachac wayuyniyu-camala canpis” nin,Urubu-Kaapor
14892,— wekawen cug'um pima iboap cuy eguwen soat pe ijoceacat pe — io'e jesus — wekawen cug ma bima bit apenpuye dak en odopaokaka — io'e,Mundurukú
22036,enepone ihikauvoti itoponopitinenoe ukopononemaka xapa uha koeti po'inuhiko xane yara kuveu meum koane eno eho xapakukehiko kuteatimaka apeyea xepakukenoe ukeati ina kemoa enepo ina yexoa kana'uko ne hana'iti seanakovi ituko'oviti yoko enomone ne ihikaxeopike epafara ha'ine uti ya itukeke ituko'oviti akoti omotova vokovo enepone koati kuvovoneti koane yuixovoti ko'itukeino kristu xepakukenoe,Terena
11070,aꞌeramu jejui ꞌga ꞌjau ꞌga nupe: —awyja te owyk jeraity are raꞌe— ꞌjau ꞌga ꞌga nupe —tee naje rui— ꞌjau tee ꞌga rewiri oo maꞌe ꞌga ꞌga upe aꞌeramu pedro ꞌga ꞌjau ꞌga upe: —kwaiwete te ꞌga ꞌa ki ja aꞌeramu ꞌga okwaapaweꞌemamu ojopypypypyk te ꞌga ꞌa— ꞌjau pedro ꞌga ꞌga upe,Kayabí
22935,yoko ape seno nduse koetine xoenae ka'arine akoti aka evesekea arine enepone seno koati uke'exotine apeinoati xoko ipixaxotihiko itea ako'oti koitovati akeneke jesus veko neko seno sipoheoponeati heve ipovo eha'axo sipoheyea etetukone arine,Terena
9587,hesu mita ramo onhomongeta gwi nhandejary nheꞌe mboꞌeha kwery ndive ha tuvy kwery oho meme hikwai jerusalem-my aretegwasu pascoa ary ohasa meme hagwa upe-py hesu ogwereko-ma ramo doze roꞌy oho indive kwery jerusalem-my pascoa ary ohasa hagwa upe-py judeu kwery reko-rupi oho hikwai ohasa-ma rire aretegwasu oho jevy-ma hikwai gwoga rape-rupi ha ohokwe-vy heꞌyi kwery anho-ma ojeꞌoi hikwai ha hesu katu nomoirui ixupe kwery ojeꞌoi ramo ha haꞌe opyta jerusalem-my ha tuvy kwery ndoikwaai ipytaha “gwapixa kwery ndive oho hesu” heꞌi moꞌa hese ha kaꞌaru-ma ramo ae oheka moꞌa ixupe ha ndotopairy gweꞌyi kwery ndive ndoikoiry ave gwapixa kwery ndive ndoikoiry ave upe pygwa paꞌu-rupi oheka rei ave ixupe,Kaiwá
18407,deus va'ora nava'iponivini hiki adani ija'ari va'ora kaboa'iki ma'onahai jahaki va'ora avi'onanivini a'onira kaboa'iki ada deus va'ora kaboa'iki jaboni adani avakadisai ija'ari vahoariha hahavi vanamitharonisiagaki ija'ari napaja vahojaki va'ora kaboa'iki ada deus,Paumarí
10106,tyytybybina jesuisi reteherenyreu urile iko‑txi resere ryryreri: —kai deuxu riore tate,Karajá
15050,ti mꞌ paheew ky hadoo: —judah buuj kanerꞌood bong a ha raky nꞌaa herꞌoot hyb nꞌaa paw-ro mamahuum hyb nꞌaa sinedirijo ajyy nꞌaa rakahetꞌaa henh rakaren ma paawa raky nꞌaa napee magyys he paw-ro ky nꞌaa kenꞌooh da maky dahe mana da  ajyy tahyb nꞌaa pe ragadaa dak radajꞌeep hyb nꞌaa kejen rabe ba pꞌop haga do ha raky dang dooh rawa ba dooh reeg ba rananaboh na ba paw-ro da he ti abe padeek ragadaa dak maherꞌoot do panꞌaa sa ha —nang ma paw-ro sꞌaah kyyh warahen sa wahe nꞌaa hehꞌaat ub do ha,Nadëb
23388,be'ro anania safirare toho wa'a'kere tɨ'ora nii pe'tira jesure eho peora apera ke'ra ɨpɨtɨ uikara niiwa,Tukano
14384,— imen cuy ace — i o'jede ebadipdip itabegayu ya'obuyxiayu dak pig'i o'at'at ip topabe- -aypapayu pig'i o'at'at ip “soat podi ma en xipat” i'e am cebe,Mundurukú
14443,— ikereat mujurugrug'ukayu je'ju ipiat'ajojoap kay — i'e'em deus — soat em jeedop ip ipiat'ajojom — i'e'emitaybit ip iboap ekawen inaka ip big ma buk ikereat kay icokcok ip e'em warara'acat pe ikereat mujurug am jebuxim i'eat pin ip puye,Mundurukú
16368,yxah³­lxin¹­kxai²­nan²­tu³­ txa²­wan³­txa²­ i³­ye³­kxi¹­nxta¹­jau³­xai²­na²­ a²­yxo²­ha³­kxa¹­ sa²­yxo²­wetsi¹­hain¹­jau³­su²­ i³­yau¹­u³­txain¹­yah³­lxi³­he¹­li¹­ nxe³­ya¹­nxta¹­wi¹­ a³­si³­te³­kxi²­sa²­te³­nxta¹­tu¹­wi¹­ yuh³­xan¹­ko³­nau³­a²­ ne³­ki³­so³­nxa³­tau³­a¹­ a³­si³­te³­kxi²­sa²­te³­nxta¹­tu¹­wi¹­ nxe³­ya³­nxta¹­wi¹­ je³­su²­jah³­la²­ ta¹­hxai²­he¹­la²­,Nambikuára
3585,konokuze kula “deus itaumbyry egatuim xina” kewani modo jesus aguely: — tonomeguela itaunga “deus itaumbyry egatuim xina” kewani modo aga udodo kaneru xuhudugue azetydadyby emyenro kula akaemo,Bakairi
4867,hemimuꞌe weruzar zuaw zeꞌeg wa upuranu oho zezuz rehe wa aꞌe ꞌar mehe we zezuz umukatu imaꞌeahy maꞌe teteaꞌu aꞌe wa tekwe ikatu ꞌym maꞌe teteaꞌu umuhem kar wamono puruwi wa no umuhapyha kar hehapyha ꞌym maꞌe teteaꞌu wa no,Guajajara
16112,nxe³­jau³­xai²­na²­ ju³­ta²­sah³­la²­kxai³­lu²­ ain³­kxi²­nu²­la²­ ka³­lih³­kxi²­la²­nha²­ e³­kxi²­te³­nah¹­lxi¹­: — wi¹­na³­li¹­ jah¹­lai²­li²­ a³­yau³­hu¹­nxta¹­tu¹­wi¹­ nxe²­ i³­he³­son³­kxi²­nyhain¹­ta¹­hxai²­he¹­la²­ nxe³­nu²­la²­ je³­su²­jah³­la²­ a³­yau³­hu¹­te³­lhxa³­ yxai¹­nha²­kxai³­ hai³­a²­ wahxnxain¹­ta¹­hxai²­he¹­la²­,Nambikuára
15038,ti mꞌ pꞌop haga do tob nꞌaa go tamoo wat do bahanh ba ka tababaaj hom kan ma ta tob henh,Nadëb
9777,—ejerovia katu nhandejary hesu-rehe ne resende-ta oresende-ta nde roga pygwa ave heꞌi preso-rehe onhangareko vaꞌe-pe hikwai upei omombeꞌu ixupe preso-rehe onhangareko vaꞌe-pe nhandejary rehegwa nheꞌe hoga pygwa-pe omombeꞌu ave upeixa ramo ogweraha ombojahu preso onhemoi vaꞌekwe-pe oipire joka hagwe-gwi oipeꞌa hugwy upe-ma ramo omongarai ixupe preso-rehe onhangareko vaꞌe-pe hoga pygwa-pe omongarai ave upe rire upe onhemongarai vaꞌe ogwenogwahe heru-vy gwoga-py omongaru ixupe kwery nhandejary-rehe ojerovia-gwi ovyꞌa eterei-ma hoga pygwa ovyꞌa ave,Kaiwá
22185,hako sikovo kea itukeovo xunati ekati exo keku vo'oku poehane vahere koekuti omino xane ne'e itea kiri'akapu sasa'iti omixone ituko'oviti motovati itukeovo enomone exo keku,Terena
4039,tuweharupi tupan uzapo maꞌe iko uzeꞌeg rupi aꞌe awyzeharupi uzapo wemimumeꞌu kwer aꞌe rupi wexak kar putar zezuz zanezar imuwa ywak wi nehe teko nanan nehe zezuz werur putar tupan heko haw pe har ikag maꞌe aꞌe wa nehe no werur putar tata nehe no aꞌe ꞌar mehe nehe tupan upuraraw kar putar maꞌerahy kwer wanupe nehe ipuraraw kar arer wanupe nehe uzepyk putar uzehe uzeruzeꞌeg ꞌym maꞌe wanehe nehe zezuz rehe zeꞌeg purag heruzar ꞌymar wanehe nehe no agwer teko aꞌe wa nehe upuraraw putar maꞌerahy tuweharupi aꞌe wa nehe upytuꞌu ꞌym pa aꞌe wa nehe nuiko kwaw zanezar ipyr wa nehe wiko putar muiteaꞌu izuwi tuweharupi wa nehe ikagaw wi wa nehe ikatu haw wi wa nehe no ipuragaw wi wa nehe no noho pixik kwaw ipyr wa nehe aꞌe ꞌar mehe nehe zezuz tur mehe nehe uzeruzar maꞌe paw rupi aꞌe wa nehe uzeꞌeg putar nezewe izupe aꞌe wa nehe — kwa nekatuahy azeharomoete ne iꞌi putar izupe wa nehe — nekag weraꞌu amogwer wanuwi nepurag eteahy weraꞌu wanuwi no iꞌi putar izupe wa nehe ipytuhegatu putar hexak pa wa nehe pe pezeruzar urezeꞌeg rehe zezuz rehe urezeꞌeg mehe aꞌe rupi pezeꞌeg putar nezewe izupe nehe aꞌe ꞌar mehe nehe,Guajajara
7612,hahya pe ndekokaturame mbapavamo ji ei pe me nhaporemo pembojo'jajo'ja ti pendeaporogita jara'ga ndekoveveuhurame ti pekoveveuhu ga pavei no jara'ga ndoryvame ti pejory ga pavei penhoiruramo penhoaro hete ti pejoporogwety ti tapenhimboheteuhui pejogwerekovo,Kagwahiva
12467,epiremati aniꞌ tiweꞌtarumaꞌtisen moro nai akoreꞌtaꞌnikon paapa yarakkiri eeseurima eꞌpai man aniꞌ taatausinpasen moro nai akoreꞌtaꞌnikon paapa yapuriiya eꞌpai man teeserenka pe,Macushi
26992,nhym kam paur mema ujarenho dja nhym par punuja kaben maro nhy ne mex kadjy arym tu amim metindjwynh kamnhixkumrex nhym paur kam no djar tyx ne arym kute amim kamnhixkot omu nam omun kaj be kum “kajma dja” ane nhym arym ekrux ne kajma djan arym mranh mex,kayapó
6216,inioxoadipi modi malee jiiɡaxinaɡatece ica malee leeditibige niɡinoa ɡoneleegiwadi moyakagidi lolaadi ane lakatigi judeutedi modocaɡatalo aneotedoɡoji nigidaaɡeji me jiiɡaxinaɡa igame leeɡodi inaa maleeɡetidiatetibece nigaleeɡidaaɡeji me jiiɡaxinaɡa niɡina mejitece niiɡaxinaɡaneɡegi aneetece lemeɡegi cristo madataɡa nicenaɡanaɡate agotiɡica ane yelatema yatematigo domaɡa jemaatibige niɡinoa ɡoneleegiwadi anetiɡadigiwocitiwaji anetiɡadiiɡeni makagiti ɡadolaadi domaɡa jemaa mowote caticedi niɡica ane liiɡenatakaneɡegi mawii mepaa dinoɡa me daɡadiaaɡica lionigi,Kadiwéu
8529,ky jesus tog mog mu sir kri ha tavi tog ni tope vy ti ve ha han mu ge ky tog venh kar my ha ti sir ag ty ti jykre ven ky,Kaigáng
972,—kapu ao eraximako mana tonehpory ropa tumy a tooehse ropa tahtao kukurakatoryko ropa mana moro poko tymerose pake ritonopo poe urutokomo a,Apalaí
8539,inh kanhkaꞌ tope vy ajag kupreg ky vasansan venh kar ty ajag jykre ha tugrin ki kanhro nyti je ti ty ajag kupreg mu en ti ky ajag tog ty pranh kenh ke tu ni ha vemni kanhka ve je ajag tog ke mu ha vemni eg senhor ty jesus cristo tu ti eg krenkren han ti en tu ti tuꞌ henh ke tu ti ni ti ty ta ty un mag ni ti,Kaigáng
1534,hamri nhum me ixte amnhi nhipex a ixkukja ne tee ri me kot memoj myrape ixpir kaxyw tanhma ixkukjer to kapry jakama nhum me kam ixkator pram ne,Apinayé
26773,nhym kam piratu ajte me'yr katon mema kum —‍be ije kam axwe'o mar ket axwe ket kam ba ije ajte me ama o ikatorma dja ba o ikato ga me kam arym ama axwe ketja ma ane nhym jeju arym kato mrynhio kradjeme inoka ryti kamrek ra'a ne 'a kato nhym piratu mema kum —‍ota tam ne ja ane,kayapó
24656,natac bawtisacalalil'a paywanmi pampalalisha-yupay capaculanqui; paywantacmi shalcamushapis capaculanqui dios jatun munayninwan shalcachimushanman chalapaculcashayquipamari,Urubu-Kaapor
23345,ye'e noho pe'e basio weeti mɨ'ɨre basio' purika wame yee dutiya ‘yɨ'ɨ jesure eho peo' yɨ'ɨ ya'aro wee'kere akobohoya’ nii seriya o'akɨhɨre” niiwi yɨ'ɨre anania,Tukano
3558,tara kayna trombeta idyen-honze ura anju domodo igonose ura idanara ata anaka deus iduakeyby modo idatyguyze xixi egaseho eynyna egawanto eynyna norte eynyna sul eynyna wara — kely,Bakairi
18789,pauloa khai bini'a'iki ida deua bikajoamora'avini khai oni'avini hiki ada akadika'da'di jesus cristo hora nagathogatho'avini monina jahaki oananamithaonivini biogaki ida hora honariaha ookhahi oniani ida hora honariavini hija khai oni'avini hiki jaboni ada jesus oananamithaonivinia hora kakodiavini 'bo'dakari varani jaharikia jesus cristo-ra okanavaraniha'iki ho kidija'ari va'ora onajaharihari'iki ho jesu-ra okava'ijokojokokarahoha'oadaha'iki ho kaba'i hora nofiha monina jahaki oananamithaonira kaimoni jesus cristo-ra okajari'davini mani ida kodihojai asohirini-ra oogaravini hija nimania ida kodihojai 'bo'da kaba'i deus hora va'adihi,Paumarí
9308,entero nhandejary remimoingokwe ipora meme voi ndoikoi jaꞌu eꞌy vaꞌera nhatima pora ramo ixupe jaꞌu hagwa-rehe jaꞌu joty vaꞌera ndaipori voi jaꞌu eꞌy vaꞌera upea nhandejary rembijohu pora “ipora ereꞌu” heꞌi nhande-vy jajapo oracao hese ave upea-gwi ndaipori jaꞌu eꞌy vaꞌera,Kaiwá
21455,timoteu etunug no haty wo yne yne enapin hap uhepiat hap ewy etiꞌa­tu­napin uiꞌewy yne itotiaria toꞌe­wy­ꞌewy eꞌyian pupi o yt erekenꞌe teiꞌo eꞌywania pupi iꞌatu­napin hamo ewy ok sese pupi iꞌewyte yt erekenꞌe teiꞌo inapin hamo maꞌato waku torania etiꞌa­tu­napin perupꞌi puo woro­napin tupana ehamo iesui ehamo iꞌewyte atipy piaria wakuaria ehamo woro­napin uhaꞌyru,Sateré-Mawé
23136,o'akɨhɨ marire espirito santore o'okɨ niiwi toho weera mari o'akɨhɨ maripɨre niisere masi' mari ke'ra kɨɨpɨreta nii',Tukano
17532,hatyaoseta pedro hikoaheta nalita hoka tiya kalore amaikohare hoka,Parecis
13129,'apu yay pu 'og hapkummuk mi'ax 'aktux nuy tu yay pupi ham'aktux puyiy topa 'ahittupma' puya' kuxa mam xop xohix yay xape xop pupi ham'aktux topa pu' ha topa te tikmu'un yog ham'aktux 'apak ha 'axape kuxa te topa xak puxix topa ham'aktux 'apax,Maxakalí
13214,yoye xix manix te yeyox tat topa pet xexka tu' ha 'amniy te  ha manix yipkox pip tu moyyex yog xat'ax pu' yipkox pip 'ap topa pet xexka kopa mo'na'ah ha 'amniy te  nog 'iha' mog yoye mutik mog tu kakxop tat tu komen yenoyanen tu' xupep nuy xonnu hom topa pu' ya topa te' xat hu: “iyaet yog tikmu'un kutok maxap 'upit puxix 'uktok ya topa xe'egnag yog” kaxiy,Maxakalí
7426,ga opyhy yhypoa hatiuhuva'ea a'ea ga ipovapovani japovo onhatimagatuva'ea akanitara inoga jesus'ga akaga rehe aga ko huvihava'ga akanitara javo tehe jupe yvyra ga imondoi gapo pe gajohukoty rui ga ko huvihava javo gwenypy'amo garovai pyteri pe ga e'i tehe jesus'ga pe ga rerekomemuamo ga jaita ga e'i: —‍judeus'ga nduvihavuhuhetero ko nde ejoryjory ti ei ga ga pe,Kagwahiva
19936,com isso agitaram o povo os lideres religiosos e os mestres da lei e prendendo estevao levaram-no ao sinedrio,Portuguese
9156,ha omenda vaꞌe-pe haꞌe-ta: ani tei erepoi ojohugwi kwimbaꞌe katu ani tei erepoi ne rembireko-gwi ani ave eremoi kwatia-rehe erepoi ete hagwa ne rembireko-gwi ha kunha katu ani ereheja tei ne mena ixupe ereheja ramo jepe ani tei eremenda ambue-rehe eiko omenda eꞌy vaꞌe-rami iporave ereiko pora jevy ne menakwe ndive nhandejary rery-py koa amanda pee-my ndahaꞌei xehegwi rei nheꞌe namombeꞌu reiry pee-my hery-py haꞌe upeixa -,Kaiwá
12891,moropai herodiao upata yaꞌ tiweꞌsen judeu pia moropai tamiꞌnawiri uyonpakon narciso pemonkonoyamiꞌ innape jesus kuꞌnenan pia,Macushi
10038,wyteseo dori satanasi hemy roire,Karajá
24666,chaychumi simon pedro: “ma challwa chala lisha” nin niptinmi llapanpis: “ya'acunawanpis lishun-ari” nicuyalcan chaymi juc barcuman lluy ishpipacula chaychumi chay jinantin tuta mana ima challwallactapis chalapaculachu,Urubu-Kaapor
19265,alguns dos presentes comecaram a dizer uns aos outros indignados: por que este desperdicio de perfume,Portuguese
20331,ahatukytsa ispirikpobyita bo tsipioktyhyknaha zeka wasani byitsa tsimykaranaha ikiahatsa sispirikpobyitsa watsa tsimaha sispirikpobyitsa ahatukytsa ahahumo mysapybyrikinaha iwatsahi ikiahatsa deus harere bo batu hy tsimaha sispirikpobyitsa ahanamy piaksenaha zeka kyzehu ziaksenaha sispirikpobyitsa pahasapybyikinaha kyzehu zahasapybyikinaha,Rikbaktsa
18078,oniaroa okaronajorakihi ida oathi ikhajorakija kaimoni jahaki ida ikha'ini hida akadiania deus viaha haria ajoroni'iki hari akamithahahavija kaimoni ida varani deus ira honariavini hi'iki — cornelio pedro-ra ni'a'aha,Paumarí
492,imehno oneonezuhpyra mana opore oturupyra roropa mana osemataoko netaryme opore oturupyra mana,Apalaí
2221,ininia eereka nikirioka notakata sakirauatakari natamatini ikapani nikiriokasaaki natamatari setxi tirikapi topakini oro kamakori tirikapi topakiniataa natamatari kakiti itari iaxitikiri iuaritika ipinimoni itxaua iua maka otanori ikitiapeka apoka ipakiomatare atoko oro kamakoro aua itorotamoni,Apurinã
13859,—‍'ate xa hapxe'e 'aktux: topa yog haptup mo'nap-tup 'iha topa te tikmu'un yog hapxopma'ax xohix kopit tu' yog ham'aktux hitop kopit putup 'ok pe ya' max 'ok pe ya' kummuk ya 'og ham'aktux ha topa te 'axop yog hapxopma'ax kopit putup nuy yummug 'ok pe 'amax 'ok pe 'akummuk kaxiy,Maxakalí
12004,moropai kaꞌ poi inseri iipiꞌpi iipia miikiriya merunti ke ikupiꞌpi,Macushi
4582,naꞌe uzeꞌeg zezuz izupe kury — amo tupan zeꞌeg imuapyk pyrer nezewe uzeꞌeg aꞌe no — eagaw zo tupan nezar nehe iꞌi aꞌe zeꞌeg iꞌi izupe,Guajajara
520,ynara tykase  eya xine —imehno pyno ehtoko asakoro oupoko ahtao toiro ekarotoko arypyra exiketomo a anapyryko roropa apiakatoko tynahkakara napyryme tykase eya xine,Apalaí
9586,ani peiko tei haꞌe kwery heko-rami erejerure eꞌy reheve ne remikoteve oikwaa-ma nhandejary nhande ru,Kaiwá
4819,naꞌe ure hemimuꞌe ure urupuranu hehe ure kury — zeꞌeg kwehe arer rehe upurumuꞌe maꞌe aꞌe wa nezewe uzeꞌeg aꞌe wa — tupan hemimur kar awa romo uzeapo maꞌe ram tur ꞌym mehe we eri ur putar aꞌe nehe iꞌi waiko teko wamuꞌe pa wa marazawe tuwe nezewe haw rehe upurumuꞌe waiko aꞌe wa uruꞌe izupe,Guajajara
6293,odaa joɡoige moditalo “manige akamaɡakaami niɡicoa ane niwakatee aneotedoɡoji me ɡodatamaɡateetetege ɡodaxakawepodi enitoɡowa nige naɡakamaɡakaami” odaa ja igidi meetediogi “deɡejitaɡawatiwaji neɡemeɡee aɡadadiwaɡati codaa daɡa ɡadigeetiwaji aɡadigiti,Kadiwéu
8957,“inh pi je ajag my: inh my jankamy nim inh my kur nim he muꞌ” he tog,Kaigáng
25723,tawamha o ha te 'mada'a wamha wa to ipapara aime sa'ete ida'a ne ipahi te tane nhere ma tinhib'rata nhimire niwi i'upi ipahi to da ane te ima tinha: — ima aipahi to wa ha isana'rata hawimha mari o re ha wa to 're ihaimana ubure mari ha si'utori pese nhere isarina isi'utori o di za wa ha one u'asi wa za 're ihaimana,Xavánte
22437,itinoe mbo'inu akoti omotova ongovo ako yusika inotoyeova yokovo ra'a: ya xoko vunae ituko'oviti kuti koe pohuti mili xoenae ne pohuti kaxe kene pohuti mili xoenae kuti koe pohuti kaxe xoko vunae haina koukoponoati vunae ne kaxena kayukopovope enepone koati yuhoti yuho'inovi yanekoyoke haina ko'okoriti itukea neko yuho kuteati isoneunoa po'inuhiko xane itea koati yupihovoti akoyea imaxapa kuxoixeopinoe puvati apeyea xane pihopotimo ipihoponovokutike kaha'ainotimaka uha koeti xane ikotivexea isoneuke ne pahunevo koane sasa'ipea nonekuke,Terena
6249,ica niotagi ane yakadi me jinakatonaɡa icaaɡica ane daɡa yakadi me jinakatonaɡa odaa pedro ja ige jesus meetalo “ǥoniotagodi okomokoko manatematiitoɡowa ica natematigo ane ɡodiiɡaxi oɡoa aaɡaɡa atematiitiogi inatawece oko”,Kadiwéu
10821,pilato soldado mahadu urile idi juhu risinyre soldado tyamy ritidire pilato heto‑o ridyre,Karajá
12482,iseruku pepin miriri miriri yeꞌnen toꞌ yakoꞌmenkaki merunti ke innape jesus kuꞌtoꞌpe toꞌya yairi toꞌ yakoꞌmenkaki tipantonikon tipiinamai pra toꞌ eꞌtoꞌpe paapa maimu yuꞌsan pepin nekaremekiꞌpi tipiinamai pra toꞌ eꞌtoꞌpe,Macushi
13007,'un te hapxopma max yummug hu' miy 'ukxok putup hak hapkot putup yiy ta honha 'un tek yin muk nuy haxya max xokxax putuk,Maxakalí
10274,ierydyyna mahadu tahe widee rarybere: —tii kia rarybere iny orotxu diwyodeki,Karajá
1754,hamri nhum me kuma ne tee ri amnhi kukama hamaxper ne kam: —kwa nom me ixpiita me inhma me ixkukrex jape kena jakama xa kot paj me ixpiita nhyrma war ari ixtir tum ne ixpa ho ixpa hket ne na ane,Apinayé
4414,pirat uzuka kar zezuz aꞌe kury teko wazemonoꞌog mehe we kwarahy nanagatu pirat umuhem kar amo awa zemunehew paw wi teko wanupe aꞌe teko waneminoz umuhem kar wanupe aꞌe amo awa zemunehew paw pe hekon aꞌe wa puruzuka maꞌe romo wanekon aꞌe wa hapa taꞌyr wanuwihaw her romo aꞌe aꞌe ꞌym mehe teko ipuruzukaiw tuwihaw pe wa wazeamatyryꞌym mehe hapa taꞌyr uzuka amo awa aꞌe rupi zauxiapekwer umunehew hapa taꞌyr heraha aꞌe wa naꞌe aꞌe pe pirat heko haw pe kury ur teko aꞌe pe aꞌe wa kury uzeꞌeg pirat pe wa maꞌe henoz pa izupe wa uzapo kar wemiapo putar haw izupe wa — emuhem kar amo awa urewe nehe ty iꞌi izupe — taꞌe eremuhem kar ai amo awa urewe maiꞌu haw uhuaꞌu maꞌe ꞌar nanan ne xe iꞌi izupe wa upuranu pirat teko wanehe kury — maꞌenugar peputar iꞌi wanupe — aipo amuhem kar putar zezuz peme kury zutew wanuwihawete romo hekon aꞌe iꞌi wanupe tuwihaw hewyrowyroahy zezuz rehe wa aꞌe rupi omono zezuz pirat pe wa pirat ukwaw wanewyroahy haw aꞌe — ipuruzuka wer hehe wa iꞌi uzeupe,Guajajara
18872,gaa'a damasco sidajia okha'a ikaikahini vani hoariha ira honariavini hiki-ra bada ni'a'a bana — niha ada jesus,Paumarí
6208,leeɡodi me nakato aneotedoɡoji odaa jeɡeo ane liiɡenatakaneɡegi aneotedoɡoji igaaneɡeo niɡijo ane liiɡenatakaneɡegi aneotedoɡoji odaa jeɡepaanaɡa yoniciwadi eliwaɡatakaneɡegi,Kadiwéu
8549,ky kanhka ta venh genh tog kute mu tope ty jegne jafa ag to paꞌi mag ty miguel vy mig fer en kato vasan mu a krem ke ag mre ky mig fer en tog a krem ke ag mre miguel to rara mu ge sir ha ra ag tog ti ty hen ri ke mu sir kanhka ta ke ag mig fer en ti ty ky ag tog kanhka ta ti kutem mu ti mre ke kar ag mre ha mig fer en kutem ag tog mu sir pyn ve ty un ve fag krin konan en ha ve japon ha ve satanas ha ve epra ke ag ty tope kato vasansan han mu en ha ve ha vy: mig fer he mu ag ty kanhka ta ti kutem ky ag tog ga kri ti fon mu sir ti krem ke kar ag mre ha ky ag tog ga kri mugti ha japo ag,Kaigáng
21112,hekat rakat yat koro pe tukup­teꞌen kahato seiam koꞌi yt toꞌo­ꞌe­wywuat ewywuat rakaria i iraniaꞌin wuatꞌi eꞌat piat ahenuk hap maꞌato iraniaꞌin aiwy­riaꞌin sese poi hap ewy tukup­teꞌen miꞌi koꞌi yt wetup kawiat yn i irania kuiꞌa kawiat irania yi kawiat irania hekat rakat kawiat imehit rakat miꞌi koꞌi heiam wati­pueti getap wato pe,Sateré-Mawé
5757,lei mbaꞌera pa oejaague re ijayvua haꞌe rami avi lei ma haꞌevea rami amongue oiporu ramo haꞌevea jaikuaa pave,Guarani
7976,—‍pyry hete pe me ga ete'varuhurame pe me ga imondorame hahyva'ea pe me pyry hete pe me ite'varuhuparavuhuva'ea pe nhaporemo ti ga ei pe me o'mbero nehe pe ndekoro gwaramo jireheva'ero ga erame na pyry hete pe me ei jesus'ga ga pe —‍pejoryjory hete ti ga jigwarairame pe ndehe naha a'ereki tupana'ga gwereko katu pe me yvagi pe ikwepykavuhua pyryheteva'ea aere po ti ga imondoi pe me nehe a'ereki pe peko ymyahuva'ea ja tupana'ga nhi'iga mombe'uharava'ea ja hahyrame pe me a'ereki ymyahu agwamove'ga namonhava'ea ojigwarai tupana'ga nhi'iga mombe'uharava'ea rehe no ei jesus'ga ga pe,Kagwahiva
20520,ana ty hi niahaze deus sohokotsa seremias tubabatu ziwatahaka atsatu my ta tihi: — okyrysaro ty okyrysaro parata hi zibykyknaha ana kino sudeutsa ihumo zihuaknaha kyze itsuhuk ty bo ziaksehyk niaha ana okyrysaro ty itsuhuk huak ziaksehyknaha aektsikni humo tarabaja ziknakarata itsuhuk huak ziaksehyk naha okyrysaro tuk — seremias niy hawa deus niy seremias botu ziwatahaka abazuba anaharere atsatu niy,Rikbaktsa
20488,deus ta batu zimyi batu ziky atazuba haramwe eksok hyrity wa wasanikita katsa iwata tsimyzurukunaha zeka tyharape hapokzitsikinaha deus mysopyksapybyitsa tu tsikykaranaha mymyokzohik sesus deus tse iharapatawyhyta humo taspu ziwebaik nihyrikosokda ana humo hi mysapybyitsa tsikykaranaze deus mymyokzohik abaka sesus humo meky watu tsimoziknaha ihumo mysapyretsa tsimoziknaha hy,Rikbaktsa
11073,aꞌeramu ꞌga rera okwasiꞌwau amunawa pype “kuja ee pedro ꞌga omoferap jejui ꞌga rer imu” ꞌea okwasiꞌwau jope pe aꞌeramu kwaiwete ꞌga jejui ꞌga rerowiaa,Kayabí
15258,—hyy ka —nang ma —dooh dꞌ merꞌood wad ba a tꞌaah benang ba ka y maky nadaheeh do hyb nꞌaa pꞌop haga do hꞌyyb dang noo go da ti awat ne da a ha y herꞌoot do a tꞌaah ky nꞌaa —nang ma aas kyyh sakarija ha,Nadëb
15691,“be sahonh he be maa newe ha y hꞌyy kaꞌeeh do je padꞌyyt he kahetꞌaa do ha pꞌop haga do sahee maherꞌoot doo je nesaa do ha jꞌaa ketse doo dooh da tahob ba banesaa henh pawop nuu me dag radejep do kamaneeenh doo” jesus ha ji hꞌyy kanae ba ji hub dajeb ba ji hꞌyyb tym dajep hadoo na-aaj he ta jawen teeg hoo henh ji pꞌop haga do ky nꞌaa etyy noo go ji hꞌyyb tym dajep doo dooh tagawatsig ba ji ahob hadꞌyyt he da ti hyb nꞌaa“pawop nuu me dag radejep doo”ta ti kamaneeenh,Nadëb
6887,igaanaɡa oigodi jesus moyototedeloco nicenaɡanaɡate niɡijoa iodaɡawadi odaa joɡodibatalo lowoodi odaa joɡodinilaagaɡaditigilo onaditecibige niɡijoa cwaatolo iodaɡawadi odaa yeyaɡatice onajoteci naɡajo nitoonicogo anadatawece me lipegeteɡe adinapeegi,Kadiwéu
5151,haꞌe nunga rupi opa maragua aropoꞌaka oiporavo pyre kuery re vy haꞌe kuery voi oupity agua cristo jesus nhandereraa jepea haꞌe hexakaa imara eꞌy vaꞌe,Guarani
24678,chaymi diospa nawquin jesusninchicpa nawquin aclashan anjilnincunap nawquin canan niycuc cay nishacunata pimanpis mana shalcullal lulaycunayquipa,Urubu-Kaapor
26163,kwarik wanh ga mum me ijanor ket ane ne kaj be kum kaben ne amineje kum kaben ne ne kum —‍kwarik wanh ga kre ry typydjija'yr me ijanor ket kwarik wanh kam me ijo abikenh ket ba me itokry ket anhyro nhy nhym kum ajma angro jamyre kranhrekam kumex kute pi'o pyrak ne akuro kumex nhym kam me karo punu jejuma kum —‍dja ga angro jamyre'yr me ijano dja ga angro jamyre'yr me ijano ba me kum wangje ane nhym kam mema —‍ra'a ane nhym kam me karo punu arym kum iren ma kurum katon angro jamy'yr mon kum wangij nhym angro jamyre umaje bom tym ne pyka kra'yrkam mon ngo to do: ane akax prek'a ne mon nox nhym kam ngo kuni nhimex ne,kayapó
25784,— tawamha danho'reptui'wa na da te dasina 're i'umnhasi za'ra mono wamha rowe u'asi te za dada'a ana 're dahaimana u'asi za'ra haiwa ama 're ihaimana u'asi mono 'rata to sena wa aima rowasu'u za'ra wa'wa waihu'u za'ra wa'aba da,Xavánte
19904,ele lhes disse: entao como e que davi falando pelo espirito o chama ‘senhor’ pois ele afirma: ‘o senhor disse ao meu senhor: senta-te a minha direita ate que eu ponha os teus inimigos debaixo de teus pes ’,Portuguese
13006,puxi' xuxya gay nam tu kamanat xuyga'ax 'uyanan tu' tu' moga'ax nuy tu kummuga tikmu'un kummuk mutik nom pa max paya' kuxa kummuk ha' potap-tup 'uxuy xexka tu' tu ta tu' kux kaxiy,Maxakalí
20688,iwatsahi sihumo tahapokzitsikinaha tisapyrena mysitsumuehinahaze deus okzeka wasania ty tsimytsasokonaha siwatsa iwaze deus wasania ty tsimytsasokonaha watsa sihumo tahatsumuehinaha iwa deus okze my,Rikbaktsa
20277,tubabatu deus harere papeu humo botu ziwatahaka ana hi tsinymyrykynaha — harahare wahoro mozoknikitsitsa batu isapy mytsaty nikaranaha iwatsahi nipapykiknaha ata hi harahare abazubata niyzik iwatahi wahoro tisapyrena niyzik — deus harere niy — ana hi deus mykara iwatsahi katsaktsa: “o tisapyrena tsipisapywyky tsimaha deus mypehatsa ihumo hi tisapyrena hy tsimaha” iwa tubabatu deus harere papeu humo botu ziwatahaka — sesus niy,Rikbaktsa
13805,topa yog kamanat 'ukxape xop 'axop te ham xexka yog puknog xop putuk ya' kuxa mam hok xop ha puknog 'apu hapkummuk miy hok 'axop te nom putup pox te xonat putex ha kaxiy hapkummuk miy'ax te tikmu'un koxyoy,Maxakalí
2402,nimarotari hite kaminiri nota otakikakiti iaoka nota iuikai hite hite kamataparaxiniretano nota amaxikaakapika iuaritika iteene nipoxokoniuata,Apurinã
5960,haꞌe ojapo uka vaꞌe rupi jaiko vy jaikuaa ꞌra jaikuaa vaꞌe jaikoa,Guarani
4010,pezeruzar ko hezeꞌeg rehe nehe aiko heru inuromo ihe heru wiko heinuromo aꞌe no pemaꞌenukwaw heremiapo kwer rehe nehe maꞌe purumupytuhegatu kar haw rehe nehe aꞌe mehe pezeruzar putar pitai romo hereko haw heru inuromo nehe,Guajajara
172,morararo juteu tomo aparao paryme ma toto jaiko potapihpyry tysahkase exiryke roke pyra aparao paryme ma toto ritonopo enetuputyryke tyya xine enetupuhtopopyry saaro aparao a tyaiko potapihpyry onysahkara ahtao ro tukurakase toto ritonopo a aparao kurakatopopyry saaro,Apalaí
25642,parisezu nori datob'a ne 're i'aihaimana za'ra wa'aba mono nori ma'ape aihaimana wasete za'ra wa'aba ze ha reme pese za'ra wa'aba danhimihasize wa'wa ha upto wa da te 're i'upso za'ra mono ne tawapsi te za oto 're anomro we wa'aba mono zem na sena na da te 're aiwaihu'u za'ra wa'wa,Xavánte
17983,xikatyawaxehena wihinaeharenae cristo koamaniya tyaoniterenae hiye hoka xasohitanakolisahene,Parecis
23963,yɨ'ɨ toho ohagɨ “a'ti nukukakaharare ba'patiti butia'ka'ya” niigɨ meheta weewɨ a'ti nukukapɨre no'o ɨaro weera niima a'me tarara ɨari pehase bɨkɨra yahara o'akɨhɨ mehereta eho peora niima yɨ'ɨ toho nii butia'ka be'ro niika maa mɨsa no'o wa'ara wa'a boopa yɨ'ɨ a'tiro pe'e niiwɨ: “no'o ‘jesu cristore eho peo'’ niimigɨ ya'aro weegɨ me'ra ba'patitika'ya a'me taragɨ nohore ɨari pehagɨ nohore no'o masa naa yee'karare eho peo ma'agɨ nohore ba'patitika'ya toho niika ya'aro tu'tise pihagɨre ke'ase bɨkɨre yahagɨre nee ba'patitika'ya nee ka'ro naa ‘jesu cristore eho peo'’ niimira ya'aro weera me'ra ba'atika'ya” niiwɨ,Tukano
13001,tu komen nayane nim nuy komen kapanan tu' xip ha konag xexka ganinet te' yika' xup ya' xip hapxexka yemonom xix naptanix tu',Maxakalí
24821,chay wala quio malcap chimpanpa pasayalcalmi walantinta samos malcaman chalali chaychu pablo: “jerusalenchu cusicha fistaman chanami puydin yan'ach efesocta yaycuycul'a cay asia-ladullachu dimuracuman” niptinmi chay walantinnin dirichalali mileto malcaman manana efesoman yaycul,Urubu-Kaapor
22241,ihokokono kohiyakopeti paum ne kixoku itukeovo ne farizeuhiko yane taru'uxoane jesus yoko ihikauhiko poixo'oke ne mar yoko inotovone okovo omea paum ne ihikauhiko,Terena
7993,—‍tupana'ga oapo na'e nhaneremboypya ojipejiva'ea hako ei ga aere ga ahe mbohetauhui huvihava'ga mongovo gandeheve'ga pavei igwete ga ga mboja'oja'ogi ga mondovo gagwyri pe nhaporemo ei ga ga'apoa renonde tupana'ga e'i jipe oyvyteri pe hako: “nahanaha po ti ga pe nehe aere po ti naha nehe” ei ga “pevo gwe ti ga toko nehe” ei ga a'ea tupana'ga e'i oyvyteri pe hako ei paulo'ga ga pe,Kagwahiva
25484,mari ha dama 're 'manhari za'ra wa'aba mono da asina dama 're ropisutu za'ra wa'aba mono wamha ane si te za dama 're inhari za'ra wa'aba mo: “ihe wa za to 'manha” dure mari ha dama 're 'manhari za'ra wa'aba mono da asima 're we za'ra wa'aba mono o wamha ane si te za dure dama 're inhari za'ra wa'aba mo: “mare di wa ha te 'manhari o di za” ane si te za dama 're inhari za'ra wa'aba mo ane si dama 're nhari za'ra wa'aba mono o wamha wa'ubure nhimiwada'uri zarina te za aiwasede ha 're i'manhari za'ra wa'aba mo,Xavánte
17178,xoana hoka ximaotikone xisaonita hetati ene enore nisekohare niyatere xema xisaonita hoka kalikini atyo xiyatere xema taitehena xisaona xaokowita,Parecis
17848,jesus kalore ihalahare hatyaosehena hoka isekohaliti waiyexe niyatere hiyeta jesus kalore ihalahare hoka nexa: — aba hiso atyo enokoa waikoa xoaha xekohasehare nihalahare hikakoa hawaiyekehalakahenere hitahi akiti xoimanai exahe mawaiyoreharenai ana hiyeta hoka waiyorexe semarexe tyaohenerenai ana atyo metahare hamoka hitahi akiti aliterexe aba hatyoharenai atyo kaomaka hiyaokala exahe haokitere akereta — nexa,Parecis
16020,nxe³­yah³­lxin¹­ju³­kxai³­lu²­ wi¹­lhin¹­ki³­lxo³­jah³­lxi¹­lxi¹­ yxan¹­ta¹­ ko³­nxe³­thin¹­khai¹­yxah³­lxi¹­lxi¹­ ha³­lo²­ai²­la³­ ta³­nxa²­ o³­si³­nai²­la³­ ta³­nxa²­ ye³­khe¹­yah³­lxi¹­lxi¹­ yxan¹­ta¹­ txa²­wa¹­su³­na²­ wan³­txa²­ a³­ne³­wxe³­yah²­lxa³­lxi¹­ txa²­wa¹­ko¹­ko¹­sa²­jah¹­la²­ hau²­no³­nha²­ki³­jau³­su²­ wain³­txi³­ o²­la³­kxah³­lxin¹­ju³­ta³­nu³­a²­ hxi²­kan¹­txi³­ a³­ya³­jah¹­lxan³­kxai²­le¹­,Nambikuára
23308,davi o'akɨhɨ dutiro weegɨ kɨɨ niika terokaharare keoro di'akɨ weekɨ niiwi be'ro kɨɨ werika i'ya kɨɨre yaakara niiwa apera kɨɨ yekɨ sɨmɨa meharare yaa'karopɨta kɨɨre yaaka be'ro kɨɨ yaa ɨpɨ boa wa'apa o'akɨhɨ maso'kɨ jesu purikare kɨɨ ɨpɨ boatipa toho weera mari masi' jesu pe'ere kɨɨ yaa ɨpɨ boa dohatiatehere ohagɨ weepi davi,Tukano
15134,—“hed nꞌaa ti be asꞌoot” ranoo ba “takꞌep hyb nꞌaa jawyk do karen” nak da be kyyh —nang ma jesus pawop hadoo do sa ha,Nadëb
2905,teoso mikapiritiniua pirena peerekari teoso aauite xesosi kristo iri itxaua kaamonikareri iua ati kakiti amonikakari iua atoko inakari auari amaerekaxinirenisaaki iua atekata aua amaerekaxinireni imakatxakinaua iuasaaki imikapiritaua imikapiritaua amaerekaxinirenisaaki ininia apanakini maerekaxinirenisaaki iua atokotxikana ate mikapiritana ninoa apaka kotxi aimarotari teoso mikapiritiniua ate,Apurinã
17929,hatyaoseta waiyasekoatyaha xakore hoka jesus taita waiyehenahitaha hahaliyaha,Parecis
21644,waku eweiꞌe eipyꞌa pe — uito areke teran pai areke teran an mekewat okenꞌypy yt iwato i rakat ewywuat pe areha­kye­raꞌat hap pueti hamo waku eweiꞌe at kaꞌap eipyꞌa pe are yt naku i — waku muki­ꞌite areke eweiꞌe hap ewy eweiꞌe are katu­pono meiuran ti aru iꞌatu kahato tuwe­hytꞌok teran atipy pe aikope tupana toineꞌen morekuat no hap kape wen maꞌato miꞌiria yt tuwe­hytꞌok kuap i katu­pono wehytꞌok hap motꞌi poityꞌi rakaria — muki­ꞌite waku areke saꞌa­wyꞌi iꞌatuꞌe pote e haria pote e yt kat i typy okenꞌypy atipy kape eweikat ro mekewat wetup yn okenꞌypy uiꞌywot kape hap e iesui tuwepiat,Sateré-Mawé
23003,o'akɨhɨ mɨsare paha ya'ase mɨsa eheri po'raripɨ ayuro tɨ'o ya'ase ma'ise kɨo yɨ'rɨka weeato,Tukano
3694,aituo tagase waunroem idaly se imasedo sicomoro keho figueira emyenro onwa akuly jesus iwaguepa tientoem sakadyly ume,Bakairi
1526,tirtum kaper a kaga htum kot tanhma karo jarenh to ne harenh kot: na pre tirtum me pahwyr amnhi karo re nhum me pahwyr wry ne me pakama agje ne me pahkot pa ho pa me pahte hkot pix ma amnhi nhipex o papaja na kam hpram ane am hamri a harenh kot anhyr jakama kwa ker ka me harenh ma ne kam ajamaxper tyx raha ho ri apa,Apinayé
2680,ininia sotatoakori auite paniatana sotatoakori anikiniri paoro aiko kaikori aki sotatoakori aapoko aki ipaniatana paoro ixirokitatiko tikane kotxi inirekari imarotiniri paoro omanatiko xika,Apurinã
15820,—sahonh he ta ti be ha y wen herꞌoot be hꞌyy kaneret hyb nꞌaa ha y be hꞌyy kaꞌeeh doo,Nadëb
14527,jose maria itop osunuy jaco maria itop ebay osunuy jesus maria'it osunuy cristo i ibutet ixe jesus putet,Mundurukú
7526,a'ero ga apyni tapy'ynhapipyryva repiaga ipype emo ga ndoki ipype kiro simao pedro'ga vahemi ga reviri okiavo ipype igwete ga hepiagi tapy'ynhapipyryva no pevo tuvi jesus'ga akaga mamanipyra no a'ea ko irupe'i tuvi tapy'ynhapipyryva hugwi onhimamana oina,Kagwahiva
6493,leeɡodi janagi me jao niɡina nionigi me lakapetegi eliodi niona lakapete eliodo codaa me niiɡate lakapete loxiiɡate odaa dinaxakawepodi niɡidi oko idaaɡida me domaɡa dinoiigiwepodi,Kadiwéu
16547,jo³­au²­ ba³­tis²­jah³­lai¹­ta²­ sa²­kxai³­lu²­ a²­nu²­a²­ te³­sxa³­ i³­ye³­na²­ u³­hu¹­kxi²­sa²­sai¹­ain¹­kxe³­su²­ ih¹­jah¹­lo²­ta³­ i³­sa²­si¹­ha³­ain¹­thai¹­li¹­ txa²­wa¹­su³­nu²­khai³­xai²­la³­ ta³­nxa²­ a²­nu²­khai³­xai²­la³­ ta³­nxa²­ nxe²­ i³­yau¹­u³­jah¹­lxi³­txa²­sa²­nhe³­li¹­ je³­su²­jah³­la²­ ta¹­hxai²­he¹­la²­,Nambikuára
10717,ibutumy raorarunymyhyre deuxu obitina tamy rauhenymyhyre,Karajá
10771,kia bede dinodu mahadu rahinykre itoenamy tii‑wana dori ota ota riwinyrenyra tiiboho robikre wada iribi rohonyrerio wahe,Karajá
7640,gaporavykya okwahavuka xunhi nhande ve yvagipeva'ea a'ero nhande ei: na ja gwerevi nhanderepykava rekoi yvagi pe na jitehe moisesva'ea rembiapoukara okwahavuka xunhi nhande ve yvagipeva'ea a'ereki ymyahu tupana'ga e'i moisesva'ea pe moisesva'ea rembiapohava renonde tenda apohava renonde tupana'ga e'i: “ji rendu katu ti yvytyruhua rehe ji ikwahavukari nde ve naha ko yvagipeva'ea javo a'ea'jaheteva'ea eapo katu katu pa imohina kiro” ei ga moisesva'ea pe a'ero moisesva'ea tupana'ga nhi'ipo'rupavi a'ea'jaheteva'ea japokatuuka tenda tapyjamo oapopavuka ahe mbatera no imondovo tenda pype naha ahe japopavukari yvagipeva'ea'java'ea yvya koty a'ea pype leviva'ea rakykwepohara'ga israelitas'ga ndepygi okovo ikwava'eharamo yvya koty,Kagwahiva
3980,iwera waunropyry modo ilaem aganaynra ise aganonrobyry modo ilaem waunroem ise wara — kely jesus,Bakairi
11229,aꞌeramu jejui ꞌga ꞌjau wesakara ꞌga nupe: —ko ꞌga kuimaꞌe ꞌga judeua futat aꞌetea ꞌga mamaꞌe tywera wapo akou raiꞌi aꞌere ꞌawamu janeruwarete ꞌga ꞌga katuꞌogi— ꞌjau jejui ꞌga ꞌga nupe —je ꞌa penekiꞌyraretea futat maꞌeramu ꞌa je ruri okaꞌjam maꞌe ꞌjawewara ꞌga nekaa tekou jeruwarete ꞌga jeꞌega renupareꞌema ꞌga okaꞌjam maꞌe ꞌjawewara futat ajemogy aꞌeramu je ꞌga nekaa te tejua etee ꞌga katuꞌokawamu tejua etee— ꞌjau jejui ꞌga ꞌga nupe kuimaꞌe ꞌga remiayuwa ꞌga momeꞌuawet jerusarega pyri awauwe ꞌga rupi oo maꞌe ꞌga ꞌjau ajaupe: —sawaem jaꞌwyjaꞌwy jane jerusarega upe raꞌe ꞌawamu futat nipo ꞌga rekoi ꞌwyriaramu janee— ꞌjau ꞌga ajaupe,Kayabí
24560,chaymi panuylunpis utac chulaculcushan mudananpis ishyacunaman apasha captin'a imawan ishyacunapis natac achatucunap maquinchu cacunapis lluy allinyapacula,Urubu-Kaapor
25418,ni'wam nori ha dama ipire na ti'ab re 're haimana za'ra mono nhere te za 're ihaimana u'asi mono ha te te tama 're apisutu da'aha na wapu na 're haimana za'ra mono da oto za da'ama 're isib'a'uwe mono zeb ama ha dure ni'wam nori ha ti'ab re dama wapu na 're haimana za'ra mono nhere te za te te tama 're apisutu pire na oto 're haimana za'ra mono da — ane ma to zezusi ha wama waihu'u siromo za'ra isire 're iwanomro mono nori ma,Xavánte
5215,ndea py noenduavei ꞌra mbaꞌepu ixa reta vaꞌe mbopua imbaꞌepu vaꞌe nei mimby haꞌe mimby guaxu monheꞌea ndojekuaavei ꞌra mbaꞌemo py ombaꞌeapo vaꞌe rembiapo ndea py noenduavei ꞌra mbaꞌemo raꞌyigue monguꞌia revovo ndea py naexakavei ma ꞌra tataendy omenda ta vaꞌe kuery ayvu voi noenduavei ꞌra ndevy mbaꞌemo ovende vaꞌe ma yvateve ikuai vaꞌekue yvy re mbaꞌeta yvy regua kuery haꞌe javi rembotavypa vaꞌekue nembaꞌevykya py haꞌe vaꞌe teta py ae omoea profeta kuery ruguy ikyꞌa eꞌy vaꞌe kuery haꞌe yvy re ojukaa vaꞌekue haꞌe javi ruguy,Guarani
3181,saguhoem janes jambres wara janes jambres wara myakawandy adyesenry modo kehoem diabu eon-honrugue aieni moises egito iwymary farao wara enado  da da wara aguely testamento saguhobyry waga ezedymo naepanagueba idanara judeu domodo ola akaemo waga adakeze xunarymoem wara moises iduerymoem myakawandy ara lapyla asaemo iozepa kula una egatuwani modo jesus waga una iozeno idueryem awylymo apaunzedomo inakanhe ietybyen-ro waunlo ara jesus einwanniem tawyly adakezemo lelala wane jesus neinwampyramo ola ala aisezedyly nitaymba ise akaemo iweapa nitaymba ise ady utuim keba awylymo adutuoly janes jambres wara adutuohobyry ara,Bakairi
9036,upe-ma ramo onhehendu herakwa opa-rupi enterovete ohendupa inheꞌe galileia yugwarusu jerekwe rupigwa gwive ohendupa,Kaiwá
12324,moropai imakuiꞌpi pe tiweꞌsen epuꞌtiyaꞌnikon ya miriri yuꞌse pra eꞌti,Macushi
14352,pao'a o'yabu jesus- - beat'a axima dak o'jat o'jekawen jesus jebay be- -deus pe — bay — io'e — xipat en ocewebeam ocexat egum — io'esoat xat o'takat jesus- -pao'a axima dak o'yamu'acog cica ya'ade jija o'e ade axima dak imu'acog puye iumum o'e jeweju etaybitbinayu be cexat umum o'e ip iboceayu be,Mundurukú
13397,tu hokmam xop yog hapxop pop tu' xupxet tu topa pu ham'aktux puyiy tikmu'un hampe'paxex ya' max topa te yog hapkummuk miy'ax yanan xexkap-tup kaxiy,Maxakalí
21129,mekewat miwan enoi hat — uito poꞌog waku iraniaꞌin kai e hat toineꞌen pote yt toiꞌa­tu­kyꞌe hin i iraniaꞌin miꞌi pote toꞌe iesui pe — uwe pyno waku atikyꞌe iraniaꞌin e,Sateré-Mawé
4159,zezuz umukatu ipari maꞌe aꞌe kury amo ꞌar mehe uzewyr zezuz oho kapanau taw pe aꞌe wa kury naꞌe aꞌe pe har uzeꞌeg uzeupeupe wa kury — zezuz tapuz me hekon aꞌe iꞌi uzeupeupe wa uzemonoꞌog tuwe teko teteaꞌu wa aꞌe pe hexak pa wa tapuz me wa te nupuner kwaw wixe haw rehe aꞌe pe wa ni uken rupi wa katu pe har nuexak kwaw wa upurumuꞌe zezuz in aꞌe pe,Guajajara
26062,mebe idjaer krapti jamakkre ket kam djam gwaj baje amim —‍metindjwynh ne arym o mebe idjaer kanga anhyrma kati mebe idjaer ta te kute metindjwynhma amijo mex jabej ar ban axwe ra'a ne ne kam metindjwynhma mex ket ne nhym be metindjwynh kute me ketri amijo mebe idjaer kwy pytar ja ne me arym metindjwynhma mex ne nhym kam mebe idjaer 'a katamja metindjwynh arym me'a amakkre ket me me bakukamare kute amrebe: me'a pi'ok no'ok kot metindjwynh a meo ane kama ne me bakukamare mema kum “metindjwynh ne me'a kapti me nam me te non no ket te me amak krekren kute mar ket” nam a me bakukamare mema ane nhym me jakam amakkre ket ra'a,kayapó
16523,nxa²­ha¹­te¹­ ya³­lu²­jah¹­la²­kxai³­ kwen¹­tai²­na¹­ i³­sa²­yxau³­nu²­la²­ i³­ye³­a³­si³­wxe³­ta¹­hxai²­he¹­la²­ nxe³­ju³­tan¹­te²­kxa³­ya³­lhu²­ je³­su²­jah³­la²­ hi²­sen³­kxai³­lu²­ in³­txai²­li²­ kwen¹­ta²­ ka³­ten³­si²­jah¹­lai²­na²­ sa²­kxai³­lu²­ wi¹­lxo³­kxi²­nha²­sxa³­ a²­ha³­ka³­na²­ sxi²­ha²­ a³­wa³­li²­ta¹­hxai²­he¹­la²­ u³­hu¹­xi²­ta¹­hxai²­he¹­la²­,Nambikuára
19807,entao tiraram a pedra jesus olhou para cima e disse: pai eu te agradeco porque me ouviste eu sabia que sempre me ouves mas disse isso por causa do povo que esta aqui para que creia que tu me enviaste,Portuguese
1270,hamri nhum katorxa me hipeexa wa amnhi jaer pe akupym htir kam omu ne kama no pyma ho hkinh tyx ne hamri nhum jejus wa kam: —e wa inhma ker ka wa akupym ixte war ama ho htir a ri me kam ijarenh o ri apa hket ne am kwari ho kwari ane,Apinayé
14425,waram jesus epit puje galileia eipi watwat icokcok o'e iwiwim ip puye agokatkat oajem jesus kay,Mundurukú
19510,tiago servo de deus e do senhor jesus cristo as doze tribos dispersas entre as nacoes: saudacoes,Portuguese
10973,tai iolo rarybere teoduboho‑o: —waworana bedehesi rexihumy ryireri ibutumy kia iny mahadu ijoi juhuu retobinyra heka ao ibina heka roire urile riomysanymyhyrenye,Karajá
15225,baad ub jowaw nu gahemꞌuun do paa baherꞌoot paa ta ti ky nꞌaa hahyy da mꞌ ta kyyh: —hahy ti y ky nꞌaa herꞌoot doo hahyy da y baherꞌoot ba: “jawen y hana doo hyb nꞌaa jawyk ti bahanh yy tawad dag ne he poj yy je do hyb nꞌaa” —nang ma jowaw kyyh,Nadëb
19571,e disse: e necessario que o filho do homem sofra muitas coisas e seja rejeitado pelos lideres religiosos pelos chefes dos sacerdotes e pelos mestres da lei seja morto e ressuscite no terceiro dia,Portuguese
14797,abiude ebay zorobabel osunuy eliaquim ebay abiude osunuy azor ebay eliaquim osunuy,Mundurukú
4774,zezuz tur ꞌym mehe we imaꞌereko haw iapo ꞌym mehe we zuaw purumuzahak maꞌe umumeꞌu tupan zeꞌeg oho izaew izuapyapyr nanan aꞌe — pepytuꞌu ikatu ꞌym maꞌe iapo re nehe pezemuzahazahak kar nehe iꞌi oho iko wanupe,Guajajara
6451,ǥonioxoa epafras yecoaditibigaɡajitiwaji epafros elatibige ɡanigotaɡa inaaɡina liotagi jesus cristo codaa midioka limedi me dinoniciwaɡadi me yotaɡaneɡe aneotedoɡoji leeɡodi akaamitiwaji dipokotalo aneotedoɡoji matiteteloco ɡatiwaɡatakaneɡegi codaa mele mowooɡotitiwaji niiɡaxinaɡaneɡeco aneetece ǥoniotagodi codaa dipokotalo midioka limedi mowooɡoti codaa mawiite inoatawece ane iiɡetedaɡawatiwaji aneotedoɡoji,Kadiwéu
17897,xane kaoka simao pedro haliya hoka simao pedro nehena ihiye: — xoana hatiha nokiji haokowi xekohaseti nexa axa jesus,Parecis
35,ynara roropa tykase ritonopo tumukuru tooehse ahtao sero nono pona “ynenyohtya emero kure umukuru riko mana ‘kure mase tuisa imehxo’ ako toh mana eya” tykase ritonopo,Apalaí
11074,nitywi futari janeruwarete ꞌga remiapoeꞌema mamaꞌe mu “ꞌaga ꞌga nuapoi” naꞌjawi futari ꞌga upe ayeꞌemeteete futat ꞌga mamaꞌe apoi aerefetee upe te mamaꞌe apo rayramu rewejemi aꞌere kuꞌjywa ꞌga upe naayi futari mamaꞌe apoa “mamaꞌe esagea eapo jee” ojeupe jane ꞌeramu ꞌga mamaꞌe esage apou janee ojeupe janeremienuiwera apyraapa naeapyoi futari ae ꞌga remiaporam are ꞌga te okwaap ae rerekoa aꞌere ꞌga iapoi futari janee uꞌagesagea ꞌga imua janee ojeupe mamaꞌe apoukaawamu aꞌeramu ꞌga uꞌagesageu futat mamaꞌe apou janee,Kayabí
20582,niytahi ananias niparak sudas wahoro bo nitsukze tatsyhyrypetsa ty sauro harek humo paik niy ipe niy: — o kaziky sauro mypehakatsa abo zikpeha ta kino ikia damasko ske buruk tsinyhik atahi abo zikpeha iwatahi ahyriziktsa mysizororowy iktsazo tsimy deus hyrikoso abo mozumu atuk mynapykyryk iwatahi zikpeha — niy,Rikbaktsa
16812,ja¹­nxe³­sxa³­ txa²­wa¹­su³­na²­ hi²­sen³­su²­ yen³­kxa²­ a²­yxo²­ha³­kxa¹­ i³­yutsi¹­jah¹­lo²­su²­ ta¹­hxai²­he¹­la²­ te²­ya¹­nxe³­sxa³­ yen³­kxai²­li²­ i³­yutsi¹­kxa²­ wi¹­lha²­te³­si¹­jah¹­lo²­su²­ ta¹­hxai²­he¹­la²­ nxe³­ha²­kxai³­ je³­su²­jah³­lo²­nu¹­ta²­kxai³­lu²­ ye³­khauh³­lxa³­thin³­khaixnha²­sxa³­ ya³­lu²­kxi²­nu¹­nhe³­ta¹­hxai²­he¹­la²­ a²­nxe³­jah¹­lai²­na²­ hi²­sen³­kxai³­lu²­ txa²­wa¹­ko³­nxe³­ti³­ kai³­ki³­ju³­ta²­ a³­wa²­su¹­tu¹­nhe³­jah¹­lai²­la¹­wa²­ nxe³­nu¹­nhe³­lhxa³­ txa²­wa¹­su³­nu²­kxai³­lu²­ i³­hxi²­ka¹­ta³­lun²­sxa³­ yxau³­ta¹­hxai²­he¹­la²­ a²­nxe³­ju³­tai²­na²­ wain³­ye²­na³­la²­ a²­nxe³­ju³­tan¹­te²­kxa³­yan³­tu³­ ha²­wxan³­txa³­ oh³­nau³­nu¹­ka³­na¹­ su³­na²­ ha³­lo²­a²­ yxau²­xai³­ki³­tu¹­wa²­,Nambikuára
20376,sesus jypykyhyzytyktatsa niratatsa zihyrizikpowy iwa nitsasokoze kytsa sibo zumunaha kytsa sairu wahoro ezektsa sibo harape bo zumukunaha asahi: — aste botu nihyrikosokda sairu kyzekta iwa zeka sesus mytakni — niaha,Rikbaktsa
7660,ahe ko onga apohara'ga ja kiro jesus'ga ei: —‍pe'e pe ji ve: “ga ko nhandepojykaharetero” naha pe ji renoi novia emo pe ndapekoi nhinhi'iga rupi ei jesus'ga,Kagwahiva
11717,iꞌme maꞌea futat ꞌga nokwaawi futari ꞌga mamaꞌe aꞌjea miamu namutamutat ꞌga mamaꞌe tywera apoi ajemogyau aꞌere ꞌga ꞌawamu mamaꞌe esagea ojeupe iapoa nokwaawi nojemuꞌakwaawaꞌuweri ꞌga mamaꞌe esage apo are nokwaawi futari ꞌga wemiapo tywera “kuꞌjywa ꞌga aeremirekoa nafutari” ꞌjau futatee nipo ꞌga ajaupe ajemogyau aꞌere ꞌga ꞌme ate ꞌga jemogyramu “ꞌawa mamaꞌea peꞌu aꞌere kasi pea peꞌu ne” ꞌjau ꞌga ꞌme irua ajamuꞌjau iꞌupyreꞌem are aꞌere naani ꞌga ꞌme ate yma te ꞌa janeruwarete ꞌga mamaꞌe apoi janeremiꞌuramamu futat rakue aꞌere ae jejui ꞌga kwaaw ire mamaꞌe ꞌu katu katu etee futat jarejemogyau ꞌga upe jarejeꞌega mono re jane mamaꞌe ꞌui katu katu etee futat “auꞌjete mamaꞌea eremut oree ꞌga upe” ꞌe re ae mamaꞌe ꞌui katu katu etee,Kayabí
22891,ikitixati mani akoti pahukinanu nza'a akoti yumaxapu ovoxe enepone anju ihae vanuke kotixoponeonu yara okoku ora eneponi embema,Terena
