index,TEXT,LANG
3185,awara uriza vende iedyly-ro watay trezentas moedas takaze kehoem taise idinherugu tokala anu ara kehoem tasewanize uguondo trezentas moedas pratagueto tamakehoem  koenda taise vende nhedyly ebyry ady pebaom modoram tiunduhoem — kelymo toenzepa pekodo nhunaguedylymo,Bakairi
17900,hoka jesus ekahe hiyeta otoka maxosehare hoka xane ekakoa sekose aka wenakalati nonitata hatyaoseta haxataho xolotya exose hiye hoka hakahe ekaokakisa ihiye hoka axene: — xoana xoalini hare hiyaiyita nexa,Parecis
6803,jesus icilatidi ica alejaado ane daɡadiaa ditineɡe jesus naɡa waxoditedinigi niwatece migo daato weiigi odaa jiɡicotedicogi manitaɡa epaa nigotaɡa,Kadiwéu
22873,yane enepone koyenoati ne noivana unati koeku kene ne akotine okoyenoa unatineoxo koeku ako iyusea koeku ya emo'uke ngereku itukeovo so'ixoti noivuna ne arunoe ako'o ha'a ne arunoe ainovo motovati enomone akoino akutikoko koeku ya uha koeti bibilea ya po'ike bibilea hara koe: “  itea itukovo apeti inixoati akoyeamo aunati xoko ihine anu'ukea ye'akeye xoenaena mani ko'imape yoko inixa ha'a ra arunoe kaha'ayea ko'imayea motova iko'imaxea akaha'a haina pahukovoti oko'ima  itea itukovo itoati ihine akoyea oko'ima epo'oxo enepo hakoti usotine yuhoti iko'imaxeokonomo koane atiu'ixo isoneu ha'a unatiyea kixeaneye akoyea ika'imaxa ihine koati unatimo koeku akoeneye ituke  yane'e enepone iko'imaxoti ihine unati ituke kene enepone akoti ika'imaxa unatineoxo ituke”,Terena
5808,haꞌe nunga rupi haꞌevea rami nhaipytyvo haꞌe vaꞌe irmao kuery anhete vaꞌe oenduave agua rami jajapo,Guarani
12551,tiise miriri epuꞌti toꞌya pra toꞌ wani piikaꞌtiton pe jesus wani epuꞌti toꞌya pra wani teuren sabado kaisari eta toꞌya paapa maimu ekaremeꞌnenan profetayamiꞌ kaaretari erenka toꞌya epuꞌti toꞌya teuren miriri waranti tiise ikupiꞌpi toꞌya tepuꞌse pra miiwini tiise jesus yewanmiri toꞌya ituꞌse pra toꞌ wani iꞌ ri see imakuiꞌpi inkupiꞌpi ton pra tiise miikiri rumakaꞌpi toꞌya poncio pilatosya iwi meꞌpotoꞌpe kaiꞌma tamiꞌnawiri aweꞌmenukasaꞌ paapa kaaretariya taasaꞌ yawiri ikupiꞌpi toꞌya tepuꞌse pra miriri tipo miikiri esaꞌriꞌpi moꞌkaꞌpi toꞌya pakiꞌnan poi miriri yuꞌnaꞌtiꞌpi toꞌya,Macushi
23056,be'ro masare nii nemokɨ niiwi taha: —yɨ'ɨ pakɨ nii pe'tise wee masisere yɨ'ɨre o'owi kɨɨ ni'kɨta yɨ'ɨ niisetisere masi pe'oka'sami yɨ'ɨ ke'ra ni'kɨta kɨɨ niisetisere masi pe'o' no'o yɨ'ɨ masika wee no'ora ke'ra kɨɨ niisetisere masisama niikɨ niiwi jesu,Tukano
440,“kure matose” tykase ritonopo yna a morara exiryke zae roke oturuko ynanase aomipona tymenekase yna ritonopo a tumukuru poko imehno zurutohme ahno akyemapory se hkopyra ynanase ritonopo akyemapory se roke ynanase yna kurohtao eneko mana,Apalaí
16995,a³­na²­sah³­la²­ i³­wa³­txi³­jau³­su²­ ain¹­ka³­tu³­ ro³­ma²­no²­ nu³­ka³­txai²­na²­ a²­hxi²­kan¹­jah³­la²­ i³­kwa³­na³­ta¹­hxai²­he¹­la²­ ain¹­ka³­tu³­ a²­so³­ta²­to³­ nu³­ka³­txai²­na²­ nxe³­ha²­kxai³­ ju³­te²­a²­ nu³­ka³­txa²­ a²­so³­ta²­to³­ nu³­ka³­txa²­ nxe³­ha²­kxai³­ ain¹­sxa³­ je³­su²­jah³­lai²­na²­ sa²­kxai³­ i³­sa²­so¹­sxa³­ sa²­tai³­kxain¹­ta¹­hxai²­he¹­la²­ ain¹­ka³­tu³­ sxi²­ha²­ kain²­thi³­na²­ te³­sxa³­ a³­nxai³­ta¹­hxai²­he¹­la²­ ain¹­sxa³­ wa³­nxin¹­te²­ si³­yxau³­ka³­khai³­su²­ jah¹­la²­ a²­i³­lxa²­ kai³­fa²­sah³­la²­ a²­kuxka³­nai²­na²­ a²­i³­lxa²­ a³­na²­sah³­la²­ a²­sxi²­ha²­ sa²­kxai³­lu²­ te³­sxa³­ a³­nxai³­ta¹­hxai²­he¹­la²­ nxe³­ain¹­saxkux ha³­la³­je¹­nhi¹­nai³­kxai³­lux wa³­nxin¹­te²­ si³­yxau³­ka³­khai³­su²­ jah³­lai²­na²­ sa²­kxai³­lu²­ a²­i³­lxa²­ kai³­fa²­sah³­lai²­na²­ sa²­kxai³­lu¹­ e³­te³­nah¹­lxi¹­: — a²­nu²­a²­ ka³­na³­ka³­na³­jah¹­la²­ so¹­lxi³­ je³­su²­jah³­lai²­na²­ so¹­lxi³­ ya³­lu²­kxi²­ne³­ju³­ta²­ wi¹­na³­li¹­ kai³­fa²­sah³­lai²­na²­ wan³­txa²­ ju³­te²­a²­ nu³­ka³­txa²­ a³­nhai¹­tun³­te²­nau³­xa²­ ye²­yhain¹­ta¹­hxai²­he¹­la²­,Nambikuára
16938,ja¹­nxe³­jutsu²­ txa²­wa³­ta³­syah¹­lxi¹­lxa²­ je³­su²­ kris²­tu³­jah¹­la²­ txa²­wa¹­hxi²­kan¹­ta²­ si³­yxau³­jah¹­lo²­su²­ ha²­kxai³­ nxe³­jah¹­la²­ thai³­ti³­la²­ a³­lxi¹­nxti³­ju³­ta²­ ten³­sa³­nha²­wa²­ ja¹­nxa¹­jau³­su²­ txai²­li²­ pau²­lah³­lo²­na¹­xai²­na²­ ta³­lu²­na¹­wa²­,Nambikuára
458,tosenepose ropa jezu tymarokomo a morarame tykohmase ahtao nomikoae ro toximose jezu poetory tomo tapyi tao tapyi eutary tapuruse toto a juteu tuisary to zuno toexirykoke morarame jezu tooehse toto ranaka ynara tykase ynororo eya xine —toretyke pyra ehtoko tykase eya xine,Apalaí
11616,kristu ꞌga pee erowiaramu ꞌga amu pe pymiau ꞌy pe kristu ꞌga rerowiaara resaukaawamu pejepymi re pee pejejemujaa ꞌga ree aꞌeramu ꞌga pe nerekou,Kayabí
13611,tik te  te mo'pok xop ha' tehe' hapxip 'iha' kuxa mam ka'ok xop xohix noy na' mog ha genex yiy'ax yog tikmu'un te: —‍'amniy xohix ha 'axop tek xit'ax popmaha yumu yog hok mam xop pu' paya 'ugmug yiy'ax xop xate' xaxok tuk xit'ax 'ohnag hom 'iha yoneo yiy'ax hok mam xop pu' popmaha' kaxiy,Maxakalí
21269,saꞌa­wyꞌi ahaꞌa­seꞌi musei timo­poiꞌam ariaꞌyp posak ete moi iaꞌakap imehit rakat mohag wo miꞌi tutunug yahig note moi tok pe moi mieka­tuꞌu koꞌi moehaite hamo ipap tet pupi miꞌi hap ewy ti aru uito miitꞌin ykeꞌet taꞌa­tu­mo­poiꞌam ariaꞌyp posak ete e miꞌi hawyi meiewat iꞌatu­mi­mo­poiꞌam mohey haria wyti aru wuatꞌi eꞌat piat ieineꞌen hanuaria tukup­teꞌen e uimo­poiꞌam aru mekewat moi iaꞌakap ewy miitꞌin moieineꞌen hamuat e iesui,Sateré-Mawé
10394,jiary kaiboho ibutumy aluurenyre deuxu ibutumy inyboho ritarenyre kia ibutumy ariritinykemy idi rahotinyra inyboho heka ibutumy deuxu sy mahadu roire iwese iny rityhynymyhyre wese tii iny ritynynymyhyre iribi tahe iny mahaduo adee nade iny inytyhyna riwitxiradyynykemy adireny ratxireri iny heka inatyhyna biyrubunybenyke obitimy rarehyyke kia obitiko mahadu ayreny‑o ralora tiiboho deuxu rityhynyore deuxu inydeereny awi heka rare oraru‑ribi iny ritarenyreki kia obitiko mahadu tahe kia wese rarybere: —oraru‑di atxikeki kia ao aoko rare deuxu dori iny oraru‑ribi ritare jesuisi iny wedu rare iny iolo wahe tiiboho tule rarybere: —deuxu bityhynybenyoke deuxu ihetxiu rieryre kia wese tiiboho rarybekemy tai tahe tii ritynynymy ihyre tiiboho bedeheotybina‑o riteonyke,Karajá
12212,jesusya taꞌpi: —tamiꞌnawironkon tinpimiꞌpi pepin aroꞌtasaꞌ yaroka umi esaꞌya miriri waranti tamiꞌnawironkon paapa pemonkono pe pra tiweꞌsanon moꞌkaiya tipemonkonoyamiꞌ koreꞌtapai —kaiꞌma toꞌ maimu yuukuꞌpi jesusya —inkamoro yeꞌkakon tipiinamai pra eꞌti maasa pra toꞌ wani enkaruꞌnankon waranti miriri yeꞌnen tiaronkon yenupa toꞌya eserike pra toꞌ wani enkaruꞌne siꞌma enkaruꞌnanya tiaron yari eserike pra awani yari yuꞌse tiwani ya toꞌ eꞌsoroka ituꞌnakan yaꞌ saꞌniri,Macushi
24490,• salomonpa chulinnatacmi roboam roboampa chulinnatacmi abias • abiaspa chulinnatacmi asa,Urubu-Kaapor
16256,nxe³­ya³­sai¹­nha²­kxai³­ sa²­ba³­to³­nxe³­ti³­xa²­ thi¹­nai²­na²­ a³­li³­ya³­sain¹­ka³­tu³­: — ka³­wa³­lxa²­ yxo²­ka³­teh³­nau³­a²­ ju³­te²­a²­ nu³­ka³­txai²­na²­ sa²­kxai³­lu²­ txa²­wa¹­su³­na²­ i³­ye³­kxi²­te³­lhxa³­ a³­wxa³­sxa³­ a³­nu²­kxai¹­nhxai²­na²­he³­na¹­ ja¹­nxain¹­tu¹­xa¹­ nha¹­jau³­su²­ ai³­sxi²­ya³­sain¹­na²­he³­la²­ ya³­sai¹­nha²­kxai³­ a³­wxe³­nha¹­nu²­la²­ txu¹­ti³­nau³­xa²­ i³­yau¹­u³­ain¹­si¹­na¹­he³­la²­,Nambikuára
13892,ha yoneo xop yog 'amuk xexka 'axet'ax “pam tokatok hok” kux hak mug pip pinio tu' tu mipkox hak mug mog tu konag yimu' mog ha 'amniy te  nog 'ihak mug mog tu moktu moxaha tonot tu' ha' noy xop mutik yay tu nu'naha' tu' pip 'amniy te  ha,Maxakalí
18767,deua bini'a'aha ada moises kohana: “onofihi ida ija'ari-ra okajoamoravini; okajoamoramanihi onofihi ida ija'ari-ra ova'adivini; ova'adimanihi” niha ada deus,Paumarí
3534,sainse mara deus eynynonro modo deus ize ato ara kehoem nhehoguedo anri awara aidyly adaguly-ro wara adara ioze ehoguedyly awyly xutuen-honze eagamola ise deus ispiritury deus waga enomedazemo maka awaka ioze lela ehogueni modo mawanka deus ize ato tohogueniem,Bakairi
5375,ndevy pe ma yva pygua poꞌakaa roke peꞌaa ameꞌe ꞌra mbaꞌemo yvy re rejokua vaꞌe ma yva re voi ojokua pyre ꞌra oiko haꞌe ra yvy re rejora vaꞌe ma yva re voi ojora pyre ꞌra oiko — heꞌi,Guarani
23074,apera e'katirare e'kati tamuya apera utirare uti tamuya,Tukano
20195,kyze estuba tapara taypykta tsimyharerewabyziureta kape niy: — asukabyity iktsa tykta — estuba zuba suda iknykta mydiri dawi tsekokatsa atahi ipirikwyhyha mysibabaribaik iwaze hi papeu humo iwatahaha pinyba atakta abazubata tsipunihikreta parini wata atahi isokpykziurenikita satanas iharere bo hyy mykara,Rikbaktsa
14915,— warara'acayu be dak kawen idipat oguwen- -wara'atka watwat pe dak — io'e — “deus soat kukukan je'e” i juy oce cebe ip — io'e — deus cuk omudot ibo ekawen muwen am — io'e jesus,Mundurukú
1228,me kot amnhi to runh ta me ixte jejus kot ixpa ho ixpa xwynhjaja amnhi kukama ijamaxper ne amnhi ta jejus kukja ne kam: —kwa me inhma memoj jare pahihti nhyrma me ixpe pahi ne anhihko ha me ho amnhiptar o ri ixpata a me ixto kot paj we me ho amnhiptar rax o ixkwyje jakre ane,Apinayé
26403,ne kam amu te temo ram ne jan tu myrbe tym tym ne arym metindjwynhma amijo a'uw ne kum —‍djunwa aje itokry ikaprijabe ipytar pram jabej ipyta nar kon kwarik wanh ra'a ba tu itokry djam ba ne ba amimarkot ar amijo iba kati akabenkot ne ba ar amijo iba ane,kayapó
18371,oniaroa vakhaniha adani judeus kaija'ari vaka'ojomo'iva abono jerusalea vikha'iki vakhaniha: —bajadi vakadika'da'di biosibo jahari onikia jesus va'i-ra nahonariahihivini biosiboa bino'aki ada jesus danona bikaabokaja kaimoni ida bajadi akara'o'ini — vakhaniha,Paumarí
10857,inyboho tahe iximy rekexiobitidyynyke ywina‑di ityhyna luuna‑wana heka iny orarunareny itxena wesenamy rikitidikre tarasana tahe inyratiywina wesena rare tarasana rarosona wahe,Karajá
25073,ni'wam nori ha isazei'wa nori ha te 'rawi te te si'ama 're rosa'rata za'ra nima ha bada ha romhuri'oze ha iwa 're irere'e mono sidapasi bada dama 're ipire za'ra mono zem na ha dure ni'wam nori isazei'wa nori ha te te da'ama 're rosa'rata za'ra asa aiwapsi bada ha ubure dama 're haimana za'ra mono nhere ama 're idahaimana za'ra mono zeb da ha taha wa ate wa'aba mono ba romhuri'oze bata mono na asimirosa'rata mono ba te za asiptete sina ama 're aihaimana za'ra wa'aba mo to oho na si,Xavánte
12370,—miriri piꞌ tauya —taꞌpi jesusya —tiwin wei paapaya tamiꞌnawironkon yenumi yai iꞌ taꞌpi tiuyaꞌnikon ekaremeꞌse toꞌ eꞌmiꞌsaꞌka kupi siriri paapa rawiri miriri tamiꞌnawiri iꞌ taꞌpi tiuyaꞌnikon seꞌ tapairi ekaremeꞌtoꞌpe toꞌya paapa piꞌ —taꞌpi jesusya —maasa pra amaimuꞌpikon wenai paapaya taa kupi siriri: “imakuiꞌpi pe naatii ayenumiuyaꞌnikon siriri” taiya miiwini pra awani ya mori amaimuꞌpikon wenai paapaya taa kupi siriri apiꞌnikon: “iꞌ waniꞌ pra man mori pe naatii” taiya kupi siriri,Macushi
19481,por meio de quem obtivemos acesso pela fe a esta graca na qual agora estamos firmes; e nos gloriamos na esperanca da gloria de deus,Portuguese
9397,osemba-ma upe teta-gwi hikwai oime ou-ma hikwai hesu renda-koty ogwaꞌe neꞌira vyteri ogwahe hesu-pe,Kaiwá
16172,te²­ya¹­nxe³­jutsu²­ tu¹­txi³­nau³­xai²­na²­ sa²­kxai³­lu²­ a²­we³­ha³­lxa²­ ya³­lu²­kxi²­tai³­ta²­ ka³­ten³­su²­ i³­sa²­yxau³­xain¹­ta¹­hxai²­he¹­la²­ yxo²­i²­ai¹­nha²­kxai³­la²­ yxan¹­ta¹­ a³­xai²­na²­ sa²­kxai³­lu²­ txa²­wa¹­su³­na²­ wan³­txa²­ a³­na¹­si¹­jau³­su²­ i³­khauh³­lxa³­tain¹­yah³­lxi³­ta¹­hxai²­he¹­la²­: — txa²­wa¹­su³­na²­ a³­na¹­yah²­lxan³­kxai²­nan²­tu³­ wa²­nhxa³­txa²­lxa¹­tu¹­wi¹­ nxe³­jau³­xai²­na²­ a²­la²­ ain³­kxain¹­kxan²­ti³­ txa²­wa¹­su³­na²­ yxo²­i²­ain¹­kxe³­su²­ a³­na¹­ain¹­ta¹­hxai²­nxa³­he¹­la²­ — oh³­nau³­nu¹­ka³­na¹­ kxa³­nau³­a¹­ ka³­te³­na²­ wi¹­yxau³­na¹­ju³­ta³­nu³­a²­ wah³­nxa¹­tu¹­xa¹­ a²­e¹­nan¹­jau³­su²­ ta¹­hxai²­he¹­la²­,Nambikuára
15941,ti mꞌ jesus ky hadoo enh: —taganahꞌood ba be ha hahy panyyg nyy dꞌ tagahoot panyyg wob be ha —nang mah,Nadëb
9587,hesu mita ramo onhomongeta gwi nhandejary nheꞌe mboꞌeha kwery ndive ha tuvy kwery oho meme hikwai jerusalem-my aretegwasu pascoa ary ohasa meme hagwa upe-py hesu ogwereko-ma ramo doze roꞌy oho indive kwery jerusalem-my pascoa ary ohasa hagwa upe-py judeu kwery reko-rupi oho hikwai ohasa-ma rire aretegwasu oho jevy-ma hikwai gwoga rape-rupi ha ohokwe-vy heꞌyi kwery anho-ma ojeꞌoi hikwai ha hesu katu nomoirui ixupe kwery ojeꞌoi ramo ha haꞌe opyta jerusalem-my ha tuvy kwery ndoikwaai ipytaha “gwapixa kwery ndive oho hesu” heꞌi moꞌa hese ha kaꞌaru-ma ramo ae oheka moꞌa ixupe ha ndotopairy gweꞌyi kwery ndive ndoikoiry ave gwapixa kwery ndive ndoikoiry ave upe pygwa paꞌu-rupi oheka rei ave ixupe,Kaiwá
8207,ky canoa mag to jykren ni ge ehe tog ny ha ra kaka vy ti tin ti ky ag tog ti vog jafa ty ti vog ti ky tog ag my ki ke ti ti vog mu ag munh ke ra tog ti mu sir ti vog jafa si ra tog ki ke mu canoa mag ti,Kaigáng
22143,koane itukapu veo'u enepone koati ihinovoke vaherexino itike yusikoneni tituki koane kiriki akotike malika motovati akoyea vaherexea itike mani unatine akoyea poixo'o veo'u yenopi vanuke yaneko usoko ko'iyea veo'u itea yenopoti ipihoponovokutike —‍kixovokoxoane jesus exokoatihiko konokea akoyea iyuhixapapu saya'ikopeova ne vahere ituke,Terena
4578,aipo peiko tuwe maꞌe kwaw par romo peiko maꞌe kwaw par romo pezapo ikatu maꞌe peho peiko nehe peiko weraꞌu zo amo wanuwi nehe nezewe mehe pexak kar putar maꞌe kwaw par romo peneko haw nehe purupe nehe,Guajajara
2187,iua teoso ininiua sapiretakari kaiaopokori auapika kotxi erekari teoso sikakiti kakitimoni oerekari iua teoso ininiua teoso sikari aparaa iaxitikiri kakitimoni iua aparaa oerekari iua teoso ininiua takari kikio auakari iua sikakiti erekari apaka oerekari kakiti iua teoso ininiua teoso sikari nipokori ikini sereti kakitimoni ikara oerekari iua teoso ininiua iua sikapoxokonitari aakixinire ikara apaka oerekari iua teoso ininiua,Apurinã
6716,jinaɡacipeta viinyo daɡa adinemakatiti igaataɡa ɡadibeyacaɡatitiwaji pida ikani liwigo aneotedoɡoji me ɡadajacaɡati,Kadiwéu
17398,waiyexe maniya nawenatyakeheta  corint  corint exeharenai tahi davi xakai aokowita etake enore waiyexenai aohenerenai nihalaharene tahi iraehenere xowaka iniyalahare enomaneha maotyaneheta hoka hatyo hiyeta haliti waiyexe aokahene waiye kaiserehare atyoite tyaohena haiyaharenae enore atyo iniyalahare enomanenaeha maotyaneheta exahe enomane iniyalahare hoka emaisaheta waiye kaiserehare atyoite hatya haliti tyaonehena enore atyo iniyalahare enomane maotyaneheta hoka,Parecis
15691,“be sahonh he be maa newe ha y hꞌyy kaꞌeeh do je padꞌyyt he kahetꞌaa do ha pꞌop haga do sahee maherꞌoot doo je nesaa do ha jꞌaa ketse doo dooh da tahob ba banesaa henh pawop nuu me dag radejep do kamaneeenh doo” jesus ha ji hꞌyy kanae ba ji hub dajeb ba ji hꞌyyb tym dajep hadoo na-aaj he ta jawen teeg hoo henh ji pꞌop haga do ky nꞌaa etyy noo go ji hꞌyyb tym dajep doo dooh tagawatsig ba ji ahob hadꞌyyt he da ti hyb nꞌaa“pawop nuu me dag radejep doo”ta ti kamaneeenh,Nadëb
9238,ani pendejehe anho rei peiko meme tei pende rapixa-rehe ave peiko pene manduꞌa meme hese,Kaiwá
3191,myara lapyla ise xira auguehobyry modo aidyly adaguly maentuomo kodopado iwaguepa awyly mauntulymo,Bakairi
22436,vapasikaikopo vitukea koekutihiko porexo'oviti akoyea vakapakaka yoko akoyea puvakaka uti enepone koekutihiko porexo'ovitimaka koukoponeokoko uti ikeneke ituko'oviti,Terena
4722,upytuꞌu zezuz aꞌe pe wata re — perur hehapyha ꞌym maꞌe xe ihewe nehe kury ty wa iꞌi wanupe werur izupe wa upuranu zezuz hehe kury,Guajajara
7712,pe jireheva'ero gwaramo po ti tupana'ga aroe'yve'ga imbohahyi pe me nehe a'ereki ga ndokwahavi tupana'ga nhimbuhurukara'ga ei ga,Kagwahiva
15641,ti mꞌ taty kawꞌood dag kan sa we ti mꞌ ajꞌyy ha ka taky hadoo: —madajoow a mooh —nang mah ti mꞌ ta moo tadajoow dak ahub dag kan mah baad dag ma ta moo ka,Nadëb
22880,embemo titu pihea xepakuke koane apemaka po'inu uti xoko jesus mbahoe xane'iyea inixeakopo itukeovo namukeopiti tiuketi ne titu ako kalihuina koahati pohutine visoneu undi yoko titu koahati pohutinemaka kixoku vitukeovo,Terena
6103,jesus yeloɡoditedibece nibodicetedi anele niɡijo naɡa yeloɡotibige jesus ja noditedice nigotaɡa igo miditaɡa nipodigi ane diɡica niɡeladimigipi niɡijo noiigi odoletibige odaa noɡodakapetege adomaɡaleeɡoikatedice mopi,Kadiwéu
3506,filipe uguondo etiopia donro aga jesus waga aguehobyry marapygueduo myani anju aepanaguely aguely filiperam: — on-honga filipe sul einka ida anwa jerusalem gaza wara ontano oze — kely kurado aekuru sakado keba myani mara anwa,Bakairi
946,ritonopo poe kure kuehtohko eraximako sytatose naeroro ynara ako ase ritonopo a opoko xine “papa kapuaono opoetory to akyemapoko toretyke pyra tyriko toto oenetuputyryke eya xine mame ouzenu jamitunuru ke orepyrahxo tyriko toto kure toehtohko eraximary poko” ako ase opoko xine,Apalaí
1360,nom pa me kep ja kaga ne me kam: “na me ixpe rom nho xwynhjaja na pa htem a me hipex anhyr ket ne na pa htem me kot ho kaper xwynh noo ma tanhma hkukjer to nhum tanhma amnhi ta aprar to pa htem kuma ne ri korma tanhma me ho no na pa htem korma me kot tanhma amnhi jarenh to hket ri tanhma me ho hket ne” ane,Apinayé
20731,hawa sesus tuktsa ty tsimaha maku iktsaikbata imysapybyita mykara zeka betsak betsakbyity ituk tsimypamykysoko zuba hawa imysapybyita mykara ana humo hi tsimypamykysoko azo wata humo tsinakara nahawa tihi kytsa siypykyzytyktsa bo tsimypamykysokoze atukytsa babatsa humo tsinakara naha wa wytykyryk sistsaikbaza simysapybyiza mykaranaha zeka asiza bo tsimypamykysokoze ajeza humo tsinakara naha wa tihi sipyitsabyiza bo tsimypamykysoko zeka atukykyry babaza humo tsinakara naha wa tihi wytykyryk tsimypamykysokoze batu mytsaty ziky: — o uta piaksetsihikik — tsimy iwa batu mytsaty tsimy ba ziksimyi,Rikbaktsa
21737,miꞌi hawyi — wai yt ereto teiꞌo ieru­sarei kape mehi urutoꞌe pauru pe iꞌewyte itotiaria waiꞌi­ꞌa­tuꞌe,Sateré-Mawé
24575,ashwanpa salbacu duynunchic jesusta sumata lisiycul llaquipayninchu masta-masta winaycaliy ¡pay cananpis imaycamapis altuman juluycusha cachun chaynu cachun,Urubu-Kaapor
26593,pedru kute djeruxarekam me jama amikot amijarenh nhym kam me bajtemdjwy arym tu amim metindjwynh kaben markumrex nhym me kwy arym amu mema arenho ipok ne nhym pykabe djudejakam jeju kute ar anorja arym me arenh ma nhym jeju kukwakam me kute abeno kamydjwy me arenh ma nhym kam pedru arym akubyn kriraxbe djeruxarema ten box nhym me kute amim jeju mar kwy mebe idjaer kukradja tum'a no tyxi 'a ne me mema me my ka renhne jare pedru box nhym me my ka renhne arym pedrume akta kabeno aben japanho dja,kayapó
2931,saporieta apakapakari himarotari mitekatxi kakiti miteekani miteka iuaritika atinoka apakapari imitekini iki merepitipanika mitekatxi mapotokire apokakarinoka apakapari imitekini iki ininia miteekari atoko hitxako hisapitipo teoso parika hikamapitipo hiparika iki hapakapini ikapani ikini miteekari parikauatapitipo iito tapara iteene auini ikapani auiritari iito misiritakari ikara atoko ikama saporieta imitekini iki apakapini ikapani ikara saporieta kona okanani aua oxipokapitikako ate parikauatapitipo atiao aapakapakiti aapakapini ikapani ikara aapakapakiti ixipoka miteekari isinimoni mimarotakati atoko nitxaua nimarotari nisinimoni nisapitipo mitekatxi mapotokiremoni maxikatiika nineenamauata na neenamauata nisanokakata nitxikitakari niito ninitiri ininiua nota nireekiti ikamini ikapani kotxi nisapiretapekari ikara apanakinimoni ininiakara kona ninirekari nimapakapakaniri notaka parika iki,Apurinã
14782,kariwa jebekitkit mujemjem jetabixewi yukpiwatpin ma jekupinap tag jeku am wuyju dak ixeyu buxim ma jesus kay wuyetabun puje wuyukpiwatpin ma wuyeku but “ocekpiwatpin ma oceku but” i'umgu juy epe'e ikereat mugeap ojuy eyukpiwatpi gu juy epeku- -deus ukpiwatpi aca,Mundurukú
7,naeroro tomeseke ehtoko aomiry onetara exiketo sa pyra ehtoko mokaro ritonopo omihpyry ekarone onetara aehtya sero nono po osepynanohpyra tokurehse toto morara exiryke kymaroko roropa mokaro saaro omonoko sytatose apotoimo htaka kapu ae ayhtohpyry omiry rumekaryhtao kyya xine,Apalaí
2562,kitxakapirika ikara atoko itxama nota sapiretaiko hite apikomoni sito atamatakari kinirao oakata sirikaka inakari iuara kamapekari maerekati akixiniree,Apurinã
5867,peiko kuaa pota ke xee romonheangu ma voi,Guarani
11166,ae apisawa pyri yꞌwa ꞌywa tymawera ꞌupa itymawer ipe ita kwaruu ꞌuina aereumera maꞌea ꞌuina aipoa ita kwaruua ipyau ate nomonoi we futat ꞌga aereumera ipype jejui ꞌga tameje futat ꞌga omono aipo ita kwara pype,Kayabí
17215,hatyaoseta hatya tyoa kaoka enomanaha hoka nehena ihiyeha: — xasemehena etake hinamahare haliti xaberexohenere iraexatyakalati hana nali tyaonita aotyakijita halitinae,Parecis
25230,tawamha pedru te ama 'maha zezusi ha: — ma'ape ama wama rowasu'u za'ra na taha na ama iromnhimire'e na ha wa te waihu'u za'ra da,Xavánte
20168,hawa ha ty deus motsasoko atsatu mykara katsa hi: — deus mymysapywyky ituk mywahi tsimynapykyryknaha — tsimaha batu tyso: — deus ja mymysapywy tozeka ja ituk mywahi tsimynapykyryknaha batu mynyhy — iwa batu tyso deus harere bo zuba tsimykaranaha iwatsahi iharere humo tsimyspirikpotohinahaktsa kytsa iharere tsiperynaha,Rikbaktsa
24756,jesusmi shamun chaypitam anjilca nimana: “cay limashacunaca rasuncawan chalapacunamari willacunincunacta tantiaycachi quiquin diosmari cachamun anjilninta cay shamu muyuncunachu imapis pasanancunacta chalapacunincunaman tantiaycachinanpa “canallannam shayamu maynu cushishala can'a cay libruchu diospa limashanmannupis casucucunaca” nil,Urubu-Kaapor
23816,naa a'tiro niisama “mɨsa apera dutise doka nii wee' toho weera mɨsa ɨaro weeya” niimisama toho niimira naa basi ya'asere wee du'u masitira ya'ase dutise doka nii wa'yara weero noho niisama nii pe'tise mari ya'aro weesere du'u masitise tee doka nii wa'ya ko'teka wee',Tukano
19200,entao jesus afirmou de novo: digo-lhes a verdade: eu sou a porta das ovelhas todos os que vieram antes de mim eram ladroes e assaltantes mas as ovelhas nao os ouviram eu sou a porta; quem entra por mim sera salvo entrara e saira e encontrara pastagem o ladrao vem apenas para furtar matar e destruir; eu vim para que tenham vida e a tenham plenamente,Portuguese
2297,kotxi xoao kapatxisareri apoka ikorapokoriti itakanapari inikini teoso imisakiretini ikapani iatari ovaa iuaritika hite txari: “maerekati matamatakoti auaitotari xoao” hitxari,Apurinã
17803,exahe enanae tehitiya hoka halakisaha ohironai hoka xane hatya haenanehatya kakoa iniyalahare kahaiharetyakere tyomahitaha kalore maiyasekakoahitaha hoka nikare tyaonahitaha nikare tyaonahitaha hoka hatyotaha atyo iniyalahare axomokanikisoahitaha hoka iniyalahare kaxomokakahitaha hatyoharenai hiyeta,Parecis
19409,nao fiquem admirados com isto pois esta chegando a hora em que todos os que estiverem nos tumulos ouvirao a sua voz e sairao; os que fizeram o bem ressuscitarao para a vida e os que fizeram o mal ressuscitarao para serem condenados por mim mesmo nada posso fazer; eu julgo apenas conforme ouco e o meu julgamento e justo pois nao procuro agradar a mim mesmo mas aquele que me enviou,Portuguese
4486,zanezar zezuz uzeꞌeg izupe — mart mart marazawe tuwe erezemumikahy maꞌe teteaꞌu rehe ne iꞌi izupe — pitai zo maꞌe rehe ezekaiw nehe mari ukwaw aꞌe uzekaiw katu aꞌe maꞌe rehe aꞌe ni amo nueraha pixik kwaw aꞌe maꞌe izuwi aꞌe wa nehe iꞌi zezuz izupe mart pe,Guajajara
14342,imen e'em deus ekawen tup: ka'uma ma itaybit apen deus jewaguyguy iam i ka'uma ma ixe awewem i ka'uma xe ma ixe eweroap opop i imen e'em deus ekawen tup,Mundurukú
14760,iboap co buje soat jesus a'okayayu o'jekawen ip deus eju — ocekukukat — io'e ip — soat mugeat en kabi eguge ipi dak idibi dak tibog cicaati dak — io'e ip — soat kaka dagat tak eguge — io'e ip,Mundurukú
6039,nige daɡa idinilaanaɡatibece odaa idokee me ɡodeleo nigepaa ganigicatibige ajaaɡajo naɡajo lakata ica oko ototalo jesus odaa joɡoyatematitalo ica anodaaɡee pilatos me diiɡenataka monigodi anigepidiɡica niɡijoa galileutedi maleeɡidaa diitigi monigodi waxacocoli moibootema aneotedoɡoji leeɡodi libeyaceɡeco,Kadiwéu
8801,ky israel ag venh kanhran jafa u ta ag tog ti vi kafan mu un kygvan ky nyti he mu en ag cidade ty cirene ta ke ag ke ge cidade ty alexandria ta ke ag ke ge ga ty cilicia ta ke ag ke ge ga ty asia ta ke ag ke ge en ag kar vy ajag ty estevao mre vin ky ti vi kafan mu,Kaigáng
25183,tawamha rosa'rese o re ma to dare apusi tawamha ubure ma dasi'utori pese a na tane dure wa ha dasire ipodo ha danhimiza'rese ana 're danomro mono re wa za wei mo apa,Xavánte
10979,jiary paulo heka aomybo adeereny arexitoenykre aoherekibo tamy tarabemahatenyte awanareny watxiwahau urihimyole watyhyna watxirerimy wamy tarybemahatenyte jiary heka awana rybetere‑di rarybeomahare awanareny watxireri wana tiu rareu taheka roritidyyre rybetere‑di wahe rohotinywahare rexitoenyreri awi heka rare ywina‑di iny risynymyhyre inyo wamyreny ibinamy rarybekeki tahe tule ararybeke heka,Karajá
8061,“u ty e he ka me ag tog ajag tu ki rir ha han ti ag rogro vy jegti ky ag tog ajag in ki rir ti sir u ty ag tu mag tu nin je ky u tog ag tu vog ke tu ni ge ag ty ki rir ha han ky kejen u tog u tog u ty e he ka me en in ta jun mu u ty ti tar kafor ni ti ti rara kafor nin ky tog ti ty hen ri kenh mu sir ky tog ti rogro vag mu ti ty un kagten jafa vag tog mu ky tog ti tu man kan mu ge sir ge ti ni isy nen han mu en ti u ty e he ka me ri ke ti ni japo ti ha ra sog un tar en ri ke ni” he tog,Kaigáng
12545,jesus eraꞌma inenupaꞌsanya tiwin puꞌ pona tiimoꞌtaiꞌnikonya miriri tipo jesus eraꞌmaꞌpi inenupaꞌsanya tiwin puꞌ pona tiimoꞌtaiꞌnikonya tiwentamoꞌkakon yai eraꞌmaꞌpi toꞌya jesusya toꞌ panamaꞌpi —uyewankonoꞌma piꞌ naatii —taꞌpiiya toꞌ piꞌ —iꞌ ton pe see innape eꞌmiꞌsaꞌkasaꞌ kupiyaꞌnikon pra awanikon eꞌmiꞌsaꞌka tipo akoreꞌtawonkonya uyeraꞌmaꞌpi enen miiwini tiise innape ikupiyaꞌnikon pra awaniꞌpikon innape ankuꞌpai pra awanikon miriri —taꞌpiiya,Macushi
25362,isisanawa nori ane wa za aima ama waihu'u za'ra wa'wa to sena ti'ai ama re wahaiba ha wanhi re ha dure wawaprui re ha taha re haiwa u ire 're wanhisisi waihu'u mono o di za 're ihaimana u'asi mono ha da'ama 're isib'a'uwe mono zeb u ha e mari wa ti'ai ama re wahaiba ha za wawi 're isi'utori za'ra mono ha haiwa ama ire 're wahaimana waihu'u za'ra mono o di za oto 're ihaimana u'asi mono 'rata ire 're iwahaimana u'asi za'ra mono zeb da ha,Xavánte
1865,hamri nhum me kam:—na me kot amnhi tomnuj tyx myrape me kot me himex ket me apiita me ate amnhi tomnuj o axpen pyrak kena ta kot ka me amnhi tomnuj kaga ne tirtum kot amnhi xunhwyr ket ha kot ka me nhyrma ty hamri ne o kri hwyr axapir ket ne,Apinayé
11511,jejui ꞌga retea futat ꞌjau ikue: “saꞌa janeruwarete ꞌga jeꞌega momeꞌwara ꞌga oa kwe pe ꞌga jeꞌega momeꞌwau aꞌeramu ꞌa kwe pewara ꞌga jemi erowiaa aꞌere ꞌa ꞌga ꞌwyr ipewara ꞌga jemi nuerowiari ꞌga ꞌga pytuna ꞌga miamu ꞌa ꞌga rerowiareꞌema ajemogyau” ꞌjau ꞌga ikue aꞌeramu ore arawau garireja ywy pe nu jejui ꞌga ywy pe nu ꞌga resakawe peuwara ꞌga wekoeajamu ajemogyau ꞌga nane awau jerusareg ipe maraka magwapa raiꞌi peu ꞌga jejui ꞌga remiapofera resaka raiꞌi aꞌe resakarera ꞌga wekoeajamu ajemogyau oywy pe ꞌga resakawe,Kayabí
11400,aꞌerauwe erote ꞌga uꞌarasigamu aipo ee ꞌerauwe niporojukaweri ꞌga jua ꞌga ree aꞌeramu ꞌga aꞌeramu uꞌarasigamu “maꞌeramu je ꞌjau ee upe raꞌe ꞌu: eneremifutara tamono enee ꞌjau ꞌjau ee upe raꞌe ꞌu” ꞌjau ꞌga ojeupe uꞌarasigamu aꞌere ꞌga wemimoꞌwyꞌwyrera ꞌga nemianuwamu aipo ꞌga ꞌi ee upe aꞌeramu ꞌga ojenosou “kasi ꞌga aꞌe pe je iapoeꞌemamu naje rerowiari ne kwy ꞌga nekoi jeꞌme are ne kwy” ꞌjau ꞌga ojeupe,Kayabí
26643,nhym kam metindjwynh arym kum my ka kra'yr'a kum karo nhym kabenkot arym amijo ten arym amimy ka kratan kam arym amija maro ba nam mar kunikot amim —‍be amrebe ne ba tu amim metindjwynh kamnhixkumrex nhym arym tu ima ijaxwe ket jarenhkumrex ga imy ka kra'yrja pumu anhyro ba amrebe kute my ka kra'yr ketri ne abraao tu amim metindjwynh kamnhixkumrex nhym arym tu kum axwe ket jarenhkumrex nhym kam tumram amimy ka kratan arym a amim anhyro ba a amimy ka kra'yr'a amim anhyro ba myj kadjy ne kute my ka kra'yr ketri kum axwe ket jare bir me bajtem my ka taja kuni kajma'a ne kum axwe ket jare abraaobe me kute amikajma'a metindjwynh marja kuni nhinget kadjy dja me tu amim markumrex nhym arym tu mema axwe ket jarenhkumrex,kayapó
23556,mɨsa basi masiya maha yɨ'ɨ mɨsare be'ropɨ wa'aatehere were yuu toha',Tukano
7488,pehendu katu ti peko hete ti tupana'ga nhi'iga rehe hendukatuavo ymyahu tupana'ga imombe'uukari onhi'iga yvyakotyva'ea pe moisesva'ea pe nura ahe imombe'umbe'ui ganhi'iga ymyahuva'ea pe ymyahuva'ea nohendukatupotari reki tupana'ga nhi'iga ahe hendupotare'ymame tupana'ga nhimonha'ngai ymyahuva'ea rehe noka'nhymi ahe hahyva'ea hugwi a'ero agwamo yvaga hugwi tupana'ga nhi'igi nhande ve nura po ti nhande kaitu niaka'nhymi hahyva'ea hugwi nehe nhanderekoa'jave'ymame ganhi'iga rupi nehe,Kagwahiva
7263,tupana'ga rembikwatijarukara ko e'i hako ei ga “onga apohara'ga japorame onga ita apopyra hepiagi ojipeji ita a'ea ga imombori tiruahu javo jupe aere akoja jitehe hekoi huvihavamo jara hohe opyryhetero onga pyhykatuavo” e'i ikwatijara hako ei pedro'ga na jitehe ko pe ei ga pe napearoi jesus'ga tiruahu ga javo tehe ga pe tupana'ga ki a'e te oaro hete reki ga pyry hete ga javo ga pe ei ga,Kagwahiva
18900,jesus va'ora kaabaniki adani farisio vakadihojaia c- hari anokhomi'ihi ida jesus kavarani farisioa bikaboa'i'aha ada jesus gorana 'baira kaimoni okhaha ada jesus okhajakosiha mesa kania vithi'aha,Paumarí
7860,ga horame ypiahu pe judeus'ga mbo'ehara'ga ruri jesus'ga pyri ombo'embo'e ga moisesva'ea remimbo'eagwera rehe jipi ovahemame jesus'ga pyri ga ei jesus'ga pe: —‍ji po ti neremimbo'eharamo nehe ndehoa nanani po ti ji hoi nde rupi nehe ei ga,Kagwahiva
8256,jesus ty koho ty tugꞌ he kejen tog canoa kara ra mu ti mre mu ti ag mre ky tog ag my: “mu ny goj nig kafa u ra” he mu ky ag tog mu mu canoa kami,Kaigáng
18998,ija'ari-ra avanakaidivahi; hari'a va'ini vavajaha'imarini vakaramona'a bana ida hojai jaharika'oaki vanofijahaki'a ida deua bivajahaki,Paumarí
10233,tai jesuisi dehemynyde deuxu dohodyyna heto‑o tai tahe robedeerydyymy ratximyhy tahe xiwena wahidyydu mahadu tule judeu bede ywina erydyyna mahadu tule tamy dyyraximy nade tai tahe jesuisi‑o ryyraxire: —morurudibo heka kai aomydyynana tewinymahate mobo heka arateranyre kia biwinykemy,Karajá
26784,nhym djeruxare bu'a pykabe djudejakam apynh me kute amim jeju mar ne kot ar aben pydjio ba djari me kute ipumunh ket ra'a nhym be me kwy ne me amu mema ijaren mema kum —‍paur kute me bajo bikenho ba ja ne arym jakam kaj be kritu'a mema ujarenh ar ba me kute kritu kot amijo bama mema 'a ujarenh ar ba me kute kritu mar ket kadjy ne paur amrebe mebe kritu kureo ba ne jakam arym 'a mema ujarenh ar ba nam me a ijarenho ane,kayapó
15914,pooj je be y ma erii wat doo pooj je be gadoo doo ajꞌyy nesaa do moo wat do hadꞌyyt hyb nꞌaa nado y wen erii wat ta ti ajꞌyy hꞌyyb reja dak do hyb nꞌaa hadꞌyyt nado hyb nꞌaa na-aaj he ta ti be y wen ma erii wat paah be hꞌyy kadawꞌuuh hyb nꞌaa be hꞌyyb baad hadoo do be meteeh hyb nꞌaa ka aa we pꞌop haga do matym go ti hyb nꞌaa dooh aa hꞌyy keton boo ba aa hꞌyyb tsebꞌee yy dooh aa hꞌyy keton boo ba aa hꞌyyb nyyw padeek ne he takꞌep aa tsebee na-aaj he takꞌep tiit hꞌyy gadajaa kan aa bahapah do hyb nꞌaa tiit wen hꞌyy gadajang be sahonh he be hꞌyyb enꞌyym do hyb nꞌaa ta ha,Nadëb
20840,estepanus portunatus akaikus iwa ahatsa kabo zumunahaze sihumo kakureta ikykara ikiahatsa nokponitsa tu tsimaha asaktsa ahatsyhyryze ziktsumuehinaha asahi pikykusukniwykynaha botu sihumo ahakuretsa abaka pikykusukniwykynaha kaokzeka wasanitsa maha ahaokze kino niwatihi simysapyretsa myziksizonahaze siharere bo ma tsimaha iwa hy tsimaha,Rikbaktsa
5855,oiko avi petei kunha doze maꞌety re ma gueko re riae oiko vaꞌe haꞌe vaꞌe ma hakykue gui ou vy opoko ijao apy re mbaꞌeta ojeupe ae “ijao apy re rive apoko tei akuera ꞌra” heꞌi,Guarani
21420,katu­pono saꞌa­wy­ꞌite tupana ainapin miwan me — yt eweipo­hari teiꞌo wetup ok iharyꞌi ete heꞌaito ete e iꞌewyte toꞌe — yt eweiꞌauka teiꞌo miit e tomiwan nu kawiat puretig etiat miꞌi hawyi yt wati­po­hari i wetup ok iharyꞌi ete heꞌaito ete maꞌato wati­ꞌauka wetup ok hawyi tupana woꞌo­napin hap wati­ꞌa­parap kahato katu­pono miit auka hano raꞌyn wato­py­huꞌat raꞌyn,Sateré-Mawé
4219,— ezemukatu nehe kury ty iꞌi izupe wa — ewezyw ywyra kanetar wi taritykaꞌi nehe ty iꞌi izupe wa,Guajajara
9542,koꞌemba-ma ramo ohenoi gwemimboꞌe kwery-pe ogwahe hagwa henda-py upei oiporavo doze kwimbaꞌe-pe —pee xe remimondora kwery voi heꞌi upe doze gwembiporavo kwery-pe,Kaiwá
24121,niptinmi chaycunacta jesus chuncay-chuncay nila pi cashantapis mana camalachinanpa,Urubu-Kaapor
13089,yeyox yum tu' xanaha yay yog tik xop ha' nun ha: —‍'ok xatep-tup xayiy xexkah 'apu yay kutognag pe'apaxeh nuy noy pu 'aham ya' xohix yog kamanat kaxiy,Maxakalí
13112,pa tikmu'un tep-tup nog tu' yipkox 'ohnag tu' manog tu yeyox 'aktux kummuk yiy paot te yay yog topixxax kuto'ok tu: —‍topa te 'og hapxopma'ax kopit putup nuy hapkummuk miy'ax ha' yanan kaxiy tu xe ham'aktux hu: —‍xate topa yog putat yok max putup nog 'ak yay kuxop'ah huk mog yoneo xop ha' puknog xop hah kaxiy,Maxakalí
1660,hamri nhum memyjaja kep kwat ne i kama htyk xwynhja my ne jejus kot ho mex kaxyw hwyr o te,Apinayé
21840,miꞌi hawyi toꞌo­pueti iesui wywo hawyi toꞌe iesui pe — mimi e ikuꞌuro raꞌyn aiwy urukywyt e yt naku i katu­pono meiupe ereineꞌen pote ti neke urukywyt yt ikuꞌuro hin i mimi e maꞌato miꞌi pytkai atikuap kat ehetup kat ehetup tupana kape miꞌi pote tutum merep emietup ok ta hap atikuap e mata,Sateré-Mawé
19594,dessa forma o amor esta aperfeicoado entre nos para que no dia do juizo tenhamos confianca porque neste mundo somos como ele,Portuguese
