index,TEXT,LANG
18818,hagihia vararahi ida trigo 'ba'dani igitha vaha'ihi onivani fori vihira adani ija'ari vahoarahanana deus athi-ra vakamithaki hari oniaroa khaki ada jahari deus athi-ra anihavini va'ini bodinia oniani ida deus athi-ra vakava'i'birinivini hija,Paumarí
14678,pugpug itabucayu'in e'em: — cug ma wuywebe deusbaroyu wap ienmog'ibiten o am — iimenpuye soat en o'om ip warara'acayu bit e'em: — cug gu wuywebe ibiat en o am — iimenpuye ien o'om gu ip- -kadai o'om aca ip,Mundurukú
8489,ky sog kyru ag jyven sor mu ajag my sog: “un sanh ty ajag my nen u to mu en han ni” he sor mu ky sog venh kar jyven sor mu ge venh kar my sog: “jagne to e he tug ni” he mu “jagne ki rir ha han ni jagne my nen u ha kar han ni” he sog mu tag vy ran ky ni tope vi ra ki ha me “tope vy u ty jagne to e he mu ag kato te ti ha ra tog u ty: “un si vy ty inh ni” he mu en to ha ni” he tog tope vi ra ki ha ky vesy un mag han sor tug ni,Kaigáng
24923,quiquiqui-pula cuyanaculcay allaycapacushayquipipis uyalipaculanquim: “quiquinchic-pula cuyanacushun” nil yachachicuyta ama-ari supaypa nunan cain shullcanta wanuchicanu'a cayashunchu imapitan wanuchila quiquinpa lulaynincuna mana allin captin shullcanpanatac allin captinma,Urubu-Kaapor
13366,ha' mog tu moktu moxaha xamanit tu' tu topa tu' xak puyiy yay koxuk nu'kutna nom tikmu'un hah homa xix honha topa te yay koxuk xe'egnag nu'kutna hok xamanit yog tikmu'un hah pa konag hap-tox pix puxehnag 'iha yeyox ya yay xuxya 'aktux ha pet xix yoam tep-tox yimu' yim xex ha topa te tikmu'un ha nu'kutnaha yay koxuk xe'egnag,Maxakalí
3607,ayanmo kaenkaguyly kuru ola deus aga amyguehomoem inepa ayanmo ugonotondoem,Bakairi
9174,maꞌera po ndereiporiahuverekoi ne iru-pe oroiporiahuvereko hagwe-rami” heꞌi upe gwembigwai-pe,Kaiwá
4585,tuwe teko paw wiko neremiruzeꞌeg romo wa nehe taꞌe wanuwihawete romo ereiko ne xe nereko haw pe har uzapo neremiapo putar haw aꞌe wa tuwe ywy rehe har uzapo neremiapo putar haw aꞌe wa nehe no,Guajajara
5621, — pendepyꞌa re toi eme ndaꞌeveia pejerovia tema nhanderuete re xere avi tema pejerovia,Guarani
24768,chaymi israel cashtacta pushaycamuyniwan israel cashtamannuy muyuycu chaynutac camachicuyninpa maquinchu cawsacunata pushaycamuyniwanpis paycunamannuy muyulcul cawsa chay camachicuypa maquinchu mana cayalpis,Urubu-Kaapor
9224,upeixa jaiko-ma nhande hesu reroviaha vaꞌe kwery cristo rete ramigwa nhande upeixa-gwi jaiko petei tei hete rehegwa-rami,Kaiwá
17879,exoa hoka kinatyaxa kawiyatya: — wenakalati kalorexe babilonia kamawenekoaretyakeheta kalikini atyo tihanare isekohaliti ewaxirahare tyaonita enakoa exahe xoalini hare kotehala kaiyalaharexe taita tyaonita hatyo wenakalatyaose hiyaiya isa haolone vinhoxa waikohekoa nihatyaka tyaoniterenai ana exahe aiyatolotyoa exahitaha iniyalahare tyomaha maheta hatyo akereta xekohasetinai koxaka iniyalahare tyomaha hatyo ohiro kakoa exahe xiyehaliti betetyaseharenai kaoloxere kaxiyeharexe tyaonaha enawenane ewaxirahare hiyeta — nexa,Parecis
3524,pyma domodo aguely kyzeinwane pyma domodo aguehobyry einwantaunga uguely idanaraam idanara pymado pymaem awyly arala deus ize awylygue deus ara izepa watay pyma lapeba taise awylygue idanara pymado pymaem awyly deus aguehobyryenla awylygue,Bakairi
21430,yt naku i wato­py­huꞌat aikota tawa sutuma hawi tawa kumura eko ewy itotiaria yt teꞌe­ro­kenꞌe hin i atipy kaipy­wiaria pupi iꞌewyte miꞌiria taꞌa­tu­mi­ky­ryꞌi kahato yne akag koꞌi etiat haria yt taꞌa­tukuap i tupana esaika hap pytkai iꞌatuehay saꞌag neꞌi yne akag koꞌi ete iꞌatuehay saꞌag taꞌi miꞌiria ti aikota gaꞌapy piaria haiwot rakaria ewy tukup­teꞌen katu­pono torania miitꞌin akag koꞌi ete iꞌatu­hu­haꞌi neꞌi iraniaꞌin mimo­typot koꞌi ete yt taꞌa­tukuap i waku rakaria haype hawyi yne wakuap koꞌi ete iꞌatu­saiwot miꞌiria ti tupana miꞌa­tu­sa­tyꞌi satyꞌi koꞌi katu­pono tuweu­piaria raꞌyn taꞌa­tu­minug saꞌag ete yn teꞌe­re­moe­hapap miꞌiria iraniaꞌin moweu­kaꞌi taꞌa­tueso wywuat haria miꞌiria wakuap sese koꞌi yt kuap i haria aikota awyato miit auka hat ewywuaria iꞌatueko miꞌi pote miitꞌin miꞌauka wo teꞌe­ro­py­huꞌat awyato auka hap ewywuat are iꞌatu­haiwot popuo syꞌat iꞌatuꞌe yt nakuap i utui hap ete hawyi teꞌe­ru­wewi teꞌe­ru­we­ꞌauka taꞌi uiwy­riaꞌin miꞌiria ti saꞌa­wy­ꞌiwuat kai e hap het rakat ewywuat heko rakaria kai ti saꞌa­wyꞌi ipyꞌahak toywyt wakuat apeu toiꞌauka yt nakuat i uito teꞌe hap toimo­herep kai ewywuat sese koꞌi miꞌiria tukup­teꞌen at kaꞌap are nimo te mekewat tupana ehay ran moherep hat paini koro parau me tupana toꞌe — yt ereto teiꞌo uiꞌy­wania iuteu ywania kuasa te hamo e maꞌato parau toto raꞌyn toiky­ꞌesat kahato haꞌup iwato morekuat po pyi miitꞌin tiꞌa­parap mono tupana kapiat weꞌeg hap teꞌetu yt naku i nug hamo toto itote toimo­herep yne saꞌag sepap hap miꞌi hap ewy miꞌiria paini parau ewywuat tukup­teꞌen tupana ehay ran moherep haria maꞌato iꞌatu­pyꞌa pe yt kat i tupana kyꞌe sese hap wywo are taꞌa­tu­henoi miitꞌin wen maꞌato iꞌatuekat kyꞌewi hap yn teꞌe­ru­we­wa­netup wywo iꞌewyte ti teꞌe­ru­we­mo­wato teran kahato hap kape yn teꞌe­ru­we­wa­netup kaꞌap are yt kat i tupana motypot hap sese iꞌatuekai are saꞌa­wy­ꞌiwuat paꞌi ran kore e hap wanetup hap — uito poꞌog musei kai e nimo tupana mohey haria musei miꞌa­py­koktia pe toipo­hari yne teran musei tupana mohey haria tupana huria haype maꞌato toiꞌa­parap kahato tupana pe hawyi tupana miꞌauka meremo rakano topy­huꞌat yi kaꞌa pe ipyp taꞌi mekewat paꞌi kore ewywuaria kahato tukup­teꞌen ne mesup aipy­ꞌa­setpe are miꞌiria tupana huria aimi­ꞌa­pykok aiwy­riaꞌin iesui mohey haria ete aipo­hari teran aimi­ꞌa­pykok wetup sehay upi yt iesui ehay upi i haria miꞌiria wyti aru tupana mimoma wuanuaria paꞌi kore ewywuat are,Sateré-Mawé
12594,yai pra nura kuꞌnen wani imakuiꞌpi tinkupiꞌpi anwapuꞌtipai moropai umaimu yuukuiya see waranti: —yekkari wanni wani paapa nikupiꞌpi pe enaꞌtoꞌpe moropai uroꞌtakon wani uyekkarikon yenseꞌ pe paapa nikupiꞌpi pe miriri yeꞌnen iꞌ ri enapiuya ituꞌse uuri eꞌtoꞌ pikiri iꞌ waniꞌ pra awani miriri piꞌ tauya siriri: —inna seruꞌ pepin miriri toꞌpe ikupiꞌpi paapaya tiise miriri yaretiꞌkaiya kupi siriri saꞌniri ˻tiise uyesaꞌkon yaretiꞌkaiya pepin˼ uyesaꞌkon kuꞌsaiꞌya pra man nura kuꞌtoꞌpe uyonpakon yarakkiri moropai seꞌ tapairi wiriꞌsanyamiꞌ yarakkiri eꞌnitoꞌpe ikuꞌsaiꞌya pra man tiise ukupiꞌpiiyaꞌnikon uyepotorikon yapuritoꞌpe moropai uyepotorikonya uyesaꞌkon yapuritoꞌpe timiri ton pe,Macushi
21441,miꞌi hawyi iesui tikuap taꞌyn tuwepe mekewat miit tuwa­netup hap hawyi toꞌe tope — paꞌi simau e ahenoi teran wetup sehay epe e miꞌi hawyi toiwesat — waku uhyt waku uimuꞌe e iesui pe,Sateré-Mawé
15928,jesus dajep do panyyg nꞌaa hahyyh wasyg dak ma ti nuuj je ti mꞌ ta bag badoo wat badagyb dak ma badak hahyy ha jaam he tug ba tabawag dak pꞌaa henh dooh mꞌ papyyj bag wat peh tii ba mꞌ pꞌop haga do tob nꞌaa tꞌop ta go noo gatse hebaan do kasꞌeed hyng mah tii ba mꞌ takꞌep ma jesus geeej wat: —ee —nang mah —a moo go y banoo hep y tym —nang mah ti mꞌ ta ti taky hadoo ba mꞌ tadajeb kan mah,Nadëb
21843,eipe tupana motypot yat ewy eweikup­teꞌen uito tupana motypot yat akukag moꞌam hat ewy uipo­ꞌoro hat miky­ꞌesat ewy are hapyk kahato atunug wuatꞌi nug kuap hat ewy waku yne hawyi iraniaꞌin inug ipiit iꞌewyte iraniaꞌin iꞌahik yi wo hap ewy miꞌi hap ewy atunug ehepe are katu­pono tupana toꞌe — eiweꞌeg wo o ewetunug uiꞌyat nug hap ete waku uiꞌe hap ewy ewetunug o e ahepe miꞌi pote waku wati­ꞌa­tu­muꞌe miitꞌin hapyk kahato ihay pywuat nuat yn aika­ꞌiwat iesui iꞌapy­ꞌyha ewywuat kahato iꞌapy­ꞌyha watopag yi pe aiꞌyat moheg hamuat hawyi aiꞌyat yt taꞌat hin i miꞌi hap ewy ti aika­ꞌiwat iesui watopag aiꞌa­py­ꞌyha wo hawyi watoi­neꞌen wuatꞌi eꞌat pe yt karape i wataꞌat aria pe iesui yn tupana miꞌairo aheha­kye­raꞌat hat yt naku i watoꞌe iraniaꞌin me — yt iesui yn i ti aheha­kye­raꞌat hat maꞌato toineꞌen wetup ok aheha­kye­raꞌat hat watoꞌe neꞌi yt naku i watoꞌe,Sateré-Mawé
20508,kyze zumunahaze wasani pikuza bo zumunaha sesus nikara nahawa tihi ibo zumunaha zisatsuknahaze zihitsa ispe niy: — hawa skaraba tsimykaranaha — niy,Rikbaktsa
23644,api juda iscariote meheta jesure niiwi: —wiogɨ de'ro weegɨ mɨ'ɨ niisetisere ɨsa di'akɨre i'yogɨsari de'ro weegɨ a'ti ɨmɨkohokahara mɨ'ɨre eho peotira ke'rare i'yo weeti,Tukano
14106,“deus eju jeburerem oceju” i wuyju e'em pima ikereat mujurugrug ma'gu wuyju napa ma wuyju e'em cug gu dak wuyju jekukum,Mundurukú
22877,enepone xane koetineye kixoku itukeovo koati kousokoati xokoyoke ne kana'uti kixoneti koeti: “kayukopinovamaka tamuku nikopea ne oevo” koane “kayukopovomaka ne ahiuti kure komotekexopeovo xapa yomomo” koeti,Terena
25872,dureiha ma to mozesi ha ane na te te dama 're roti 're ihaimana u'asi mono zadawa para: “ni'wa ha siwaprosi te te 're da'awasu'u mono wamha 're saze za'ra wa'aba mono o di za isimirowasu'u na siwaprosi wamha mreme wapure di maparane wapsi 're ine we ha ama 're sisaze zahure mono wamha te za isimirowasu'u zahure na 're isaze za'ra wa'aba mo sahure wamha mreme pire zahure di” ane mozesihi nhimiroti na rob'ui'ere ha,Xavánte
4943,aze teko uzeruzar tupan zeꞌeg ikatuahy maꞌe rehe wa nehe aze uzemuꞌe hehe wa nehe tupan upyro putar aꞌe teko aꞌe wa nehe aze aꞌe teko uzekaiw katu wiwi aꞌe zeꞌeg rehe wa nehe aze weruzar tuwe wa nehe izuwi heharaz ꞌym pa wa nehe aꞌe mehe wanemiapo kwer ikatu tupan pe wa nehe tupan umurywete kar putar aꞌe teko aꞌe wa nehe ikatuahy maꞌe iapo pa wanupe aꞌe wa nehe,Guajajara
25978,tawamha haiwa nhiroto'a za'ene ha ma ubu za'ra zezusi nori ha taha wa haiwa nhiroto'a hawi ma we tama nhari za'ra 're ihaimana u'asi mono ha pedru nori ma: — a ha i'ra te 're isawi pese mono ma'ape isimiroti ha 're wapari pese za'ra wa'aba mono za,Xavánte
772,yrome imehno pyno ehtoko kure toto riry poko osenetupuhtoko imehno rypyry ikorokapotoko ritonopo a moromeipo owenikehtoko “otara kara” kahtoko ritonopo a oorypyryko korokatopopyry samo kyrixtu maro toehse oexirykoke,Apalaí
14744,— gebuje pug mil iat o'yabuiat o'jekawen ixe be- -jekariwa be — “kariwa” io'e “kuy juk wetaybit edacup iam- -warara'at ekat pewi ejat iam- -etiotata'umap kat pewi” i napa ma o'e cebe “kuy juk wetaybit ekapikap'umat pewiata etabu iam” i napa ma o'e dak “oparara ebuxim ibuye edinheiro'a oyamog ipikuykuy be- -mil iat'a juku” io'e “edinheiro'am- -ebubut'am”,Mundurukú
20654,sesus: — kaharere ty wasani ahabyizeka kytsa bo tsimytsasoko kaharere wasani my zeka amy skaraba tsikokpykik — niy anas sesus kajapas bo zioktyhyryknaha itsipatsa waraha tatu ibo zioktyhyryknaha,Rikbaktsa
1752,me kot tirtum kaper o me ahkre xwynhje jarenh ne kwa kris kot ixkwyjaja me axohto ne me ama tirtum kaper o me ahkre hpram ta korma ja kaxyw me apiita me amex ket me ixte tirtum kaper o me ajahkre xwynhjaja kot paj me tanhma amnhi tomnuj to japer nhum tirtum ja ha me ixpumu nhum ja kep omnuj ne me ixte kaper o me ajahkre ho me ixpa kena kot pa hket me ri tanhma amnhi tomnuj to ho ri ixpa jakama kot kaj me tirtum kaper piita hkot ri amnhi nhipex mex ne ri korma ho akwyje jahkre ho ri apa,Apinayé
6711,ǥodixaketedi ane najigotoɡowa aneotedoɡoji liwigo inioxoadipi jemaa mowooɡotitiwaji anewi aneetece ɡodixaketedi ane najigotoɡowa aneotedoɡoji liwigo,Kadiwéu
6977,ijo onateciɡijoa fariseutedi anodi “niɡijoa ɡoneleegiwa aneote niɡida loenatagi aicoɡotedigi miniwataɡa aneotedoɡoji igaataɡa dibatedigi saabado” odaa ica eledi modi “niɡijoa ɡoneleegiwa daɡa agopeloagi doɡowidi libeyaceɡeco daɡanagawini ayakadi deɡeote niɡinoa ɡodoxiceɡetedi” odaa ja dawalace niɡijo lapo fariseutedi leeɡodi jesus,Kadiwéu
12433,arinikon inenupaꞌsanya jesus rumaka tiise arinikon jesus maimu piꞌ teesenupasanon esewankonoꞌmaꞌpi imaimu piꞌ —saꞌme puꞌkuru imaimu man —taꞌpi toꞌya —aniꞌya innape ikupi eserike pra man,Macushi
19736,para que possamos pregar o evangelho nas regioes que estao alem de voces sem nos vangloriarmos de trabalho ja realizado em territorio de outro,Portuguese
5765,“pejeroviaa re orepoꞌaka vaꞌe” ndaꞌei haꞌe rami avi pee kuery pevyꞌave agua re ronheaꞌa mbaꞌeta pejeroviaa rupi ae ꞌra penembaraeteve,Guarani
1591,kaper a kaga htum kot ja ha me pajarenh kot: me kot tirtum kaper kot amnhi to mex xwynhjaja na htem amnhix amnhi xa htyx kama hamak o pa kama ty nhum tirtum ma o kri hwyr amnhi wyr me ho apir kure kumrex nom me kot amnhi tomnuj xwynhjaja koja me hkinha amnhi xa htyx kama hamak raha ne pa ho pa ne aa mex ket ne ane,Apinayé
3469,awylygue awito ara lela amitomoem kaenkadyly,Bakairi
16948,nxe³­nxa²­ha¹­te¹­ wan³­txa²­ e³­yain¹­jau³­xa²­ ain³­kxain¹­nu²­la²­ a²­sa³­wi³­ha³­lxa²­ i³­xan³­txi³­sxa³­ yxo²­kain²­txi³­ i³­ye³­kxain¹­te³­nah¹­lxi¹­: — ti³­a²­na³­ka³­lxa²­ e²­fe³­so³­thi³­nan¹­ta¹­ka³­lxa²­ kain²­khaixsin¹­na³­li¹­ nxe³­nyhain¹­to³­ta¹­hxai²­he¹­la²­,Nambikuára
15224,ti mꞌ raky hadoo: —mosees anoo ji erii dak ji yym ji ered hom do heen nꞌaa tii bꞌ ji mejo hom tabahom hyb nꞌaa —nak ma parisew sa kyyh,Nadëb
7910,iponhimamava'ea aere jesus'ga hoa'javi gajatykahava pype pevo ga rekoi iponhimamave'ga,Kagwahiva
765,tuisamehxo exiko mana ritonopo mukuru imehxo exiketyme esehtoko imehno mana emero eseme tyripoko roropa kueseko ritonopo mana tytamuru tawi ehtopopyry sa exiko mana jako pakomotya tuisaryme roropa exiko mana jumame toto eseme exikehpyra mana tykase kapirieu eya,Apalaí
12949,aniꞌ wani ipikku pe panpiꞌ tiaronkon yentai moropai miriri yai inenupaꞌsanya jesus ekaranmapoꞌpi —aniꞌ wani eꞌpainon ipikku pe panpiꞌ anna koreꞌta paapa pemonkonoyamiꞌ —taꞌpi toꞌya,Macushi
243,mame joroko kahpyry enease oseruao pororu sa toh nexiase tututase toto zakareimo konoto mytae onokyroimo xihpyry mytae ajohpe uruto mytae enara tututase toto joroko to mokaro joroko tamuru poetory tyjamitunuru eneponanomo nono poro ytoko ma toto oseruaokomo tuisa to enehse oximome toto ehtohme atatapoitohme ritonopo imehxo exikety maro iirypyrymako apiakatoh konoto toehse ahtao,Apalaí
13297,tik tup xop 'apu tik hitap xop 'apax nuy 'ayipkox pi' 'apu yay kutognag pe'apaxeh nuy noy ha 'atehet ya topa yog tappet te: “topa tep-tup'ah yay xexka pe'paxex xop pa topa te yay kutognag pe'paxex xop pu hammaxnaha'” kaxiy,Maxakalí
9198,xe aikose ha-rupi ndaikoi ndajaposei vaꞌe ajapo joty upeixa-gwi xe ndaikwaavei-ma voi xe rekoha,Kaiwá
11439,ꞌau ꞌga nitywi ꞌga ruwarete ꞌga ꞌga moferap ko nu nepeneaꞌari nipo ꞌga ꞌeawer are “je ꞌa penekiꞌyra aꞌeramu nipo ꞌga jejywaa pypiraa ꞌypeywar are aꞌeramu nipo je temanumu futat” ꞌga ꞌeawer are— ꞌjau ꞌga ꞌga nupe —“aꞌere nipo mukui etee je seri imuapyra ꞌara rupi teferapa nu” pejejeupe ꞌga ꞌeawer are nipo pejejeaꞌareꞌemamu pejejemogyau aꞌeferupi tee ꞌa ꞌga ferawi nu saꞌa ꞌga ꞌamamu nu— ꞌjau ꞌga kujamera ꞌga nupe ꞌga aapyt ꞌga jemogyramu ꞌga aipo ꞌjau ꞌga nupe,Kayabí
25510,tane nhere ni'wa ha si'uiha na 'rawi si'uwati waihu'u o di mreme wasete to da ha danhoto ha dama 're ihaimana za'ra mono ha ta ha iwasede wahi 'wa wa'u ne dapari'wa damreme wasede ha,Xavánte
18513,vanaaba'a bana hida a'onira vara oni'avini hiki athii avarigaki ida mahi hahavi anokhomini kamahini amaakari'ini avavadiki fori avihiki a'oni hari avanokhoni aforajoraki'ava bana jesu-ra avakaijokabiininivini vani ni-deus haria akava'ijoavini kamahini amaakariki kaho hari maha amaakari'iki ida haria akava'ijoavini kamahini ihimini amaakariki ida joma bakibakini fori hiki kama'dani amaakariki ida mahi vagani hari'a bada ani'ajanava ida hojai asohiriki ija'ari bakibakinia vahojakia bada vani'aki anabiiniva ida akadisa'ai fori hiki mahija nahina jahariki-ra adavini mahi vagania,Paumarí
19963,naquela ocasiao os chefes dos sacerdotes e os lideres religioso do povo se reuniram no palacio do sumo sacerdote cujo nome era caifas,Portuguese
19790,ouvi uma forte voz que vinha do trono e dizia: agora o tabernaculo de deus esta com os homens com os quais ele vivera eles serao os seus povos; o proprio deus estara com eles e sera o seu deus,Portuguese
23745,ɨsa pe'ere niiwi: —mɨsa purika yɨ'ɨre eho peora e'kati' yɨ'ɨ weesere i'yara yɨ'ɨ bu'esere tɨ'ora eho peo' diakɨhɨ mɨsare weregɨti pahara o'akɨhɨ yee kiti were mɨ'tara toho niika dɨporokahara masa ayura nii'kara ni'karoaka yɨ'ɨ mɨsare weesere i'ya si'rikara niimiwa yɨ'ɨ mɨsare weresere tɨ'o si'rikara niimiwa toho wee si'ri'kara niimira i'yati tɨ'oti yɨ'rɨoka'kara niiwa niiwi jesu,Tukano
22803,yoko kaha'ainoa mbaranabe ne xuaum ihaxonetimaka marku xane'iyea,Terena
24926,ya'anchicpanatacmi icha juc uycuna sityu juc liccha micuywan cayan; chaypima micunchic unay limalicuypa alawana carpachu sirbi sasirduticunanatacmi icha chaypi micunanpa ni cunsintishachu chay puydi sasirduticunaca malcapa juchan pampachaycusha cananpa yawartam apaycula chay suma chuya sityuman aychannintanatacmi malcapi washaman julalcamul canapacula,Urubu-Kaapor
7110,aherembirekokwerava'ea remimondoa kiro judeus'ga jatykahavuhu pe jesus'ga imbateve'ga ndepiagi ga imondorame itambere'ia hyrua pype,Kagwahiva
18182,jesus va'ora nakaidivaki adani jerusalem sidaji kaija'arini hari kidivarani anokhomi'aha ada jesus va'ora ni'a'aha: —jerusalem sidaji kaija'arini va'ora avanaabinibakhiaki adani deus athi namoniva abono ja'dia va'ora avanagahabakhiaki adani athi avikhava abono deus va'ora karona'iki avakadiania kaba'i a'onira onakaidivaki ho onofiki ida a'onira oakava'ijoavini arakava kidisai-ra bihini nabo'ania najoroniki fori a'onira onihavini-ra onofibakhiahi ni-avanofipa'itxiki,Paumarí
7738,nanime ga jipe'ai paulo'ga hugwi – kiroki ga onupa gwerevi ga tomombe'u ti ga okote'varuhua javo igwete soldados'ga nduvihavuhu'ga e'i: —‍romanoramo reki ga oko ei ga mbaria po ji ga kwarukateheuhui ra'e ei ga okyhyjiavo,Kagwahiva
1846,—hamri nhum kam apenh xwynhta tee ri me kuma ne awjana ne ma akupym te kot ma me hwyr menh xwynhta wyr ma akupym te ne kam me hare hamri nhum tee ri me harenh ma ne me kama gryk ne hamri ne hpanha me kep amrakati xwynhje hwyr kam apenh xwynhta me me hkra pipanh puro xwynhje hwyr kume ne me hpigex tyx xwynhje hwyr kume ne me hirot ne apenh hket xwynhje hwyr kume nhum ma me kam ujarenh o te hamri ne amnhi kot me kuwy nhum me kuma ne wamtaje rom hkot mrar kure kumrex hamri ne agje ne apkur kaxyw me hkri xa kama hkri hpa,Apinayé
19215,mas ele negou: mulher nao o conheco,Portuguese
8717,ha ky tog inh my ha ti uri sy ajag kygpe ja tu ni ti tag to sog tope my: “ha ti ni” he ti ky ajag tog iso: “ti jiji to ky sog kype ky ni” he vanh nytigti crispo ha kype inh kar ky gaio ti ke ge,Kaigáng
2376,ova manapi inakasaaki iokanatana initiriakori itakare nikatakanimoni ova apakapinina ikapani,Apurinã
13085,tu ham'aktux kux ha topa te' mogaha pepi' pexkox ha' mog ha yay yog mo'pok xop te' penaha' ha hamgoy xexka te' xaxogaha' paya' kopa' mog tu moktu' xupep ha yeyox yog mo'pok xop te' pena ka'ok yeyox penap-tup tu' tu pepi pena' 'iha pexkox yog mo'pok xop  moxa mo'ka'ok tu topixxax ponnohnag mo'tat tu: —‍ganinet yog tihik tep mun xak xate pexkox kopah topa te yeyox mogaha pexkox hah ha xate' penaha' ha hamgoy xexka kopa' putpu' nun putup kaxiy,Maxakalí
11041,saꞌa kunumiakyra kamyꞌia etee iꞌua naꞌuaꞌuweri ꞌa miaroꞌoa nan tee futat ꞌa pee nepejemuꞌe ymani nipo ꞌa jarejuwarete ꞌga remifutar are maꞌeramu ꞌa je mamaꞌeayeꞌeꞌmi are etee futat pe muꞌei mamaꞌeayeꞌeꞌmi are tee te ꞌa peneapyo nepeneapyoaꞌuweri futari nipo ꞌa pee mamaꞌeay are maꞌeramu ako je pe muꞌei mamaꞌeayeꞌem are etee raꞌne futat aiꞌi numiamu,Kayabí
24322,cuyashacuna caynu diosninchic cuyayamaptinchic'a chaynumi ya'anchicpis cuyanacunanchic,Urubu-Kaapor
14069,— “pug ma ikugat pui bewi juy cedinheiro epejat” io'e kariwa jexeayu be  be ikugat pe juy epegum” io'e — jesus o'e,Mundurukú
11182,—aipoa ꞌga remikwasiarera renupara ꞌga wenup katu katu ꞌga remikwasiarera ajemogyau ajepeja ꞌga remikwasiarera moromuꞌjau ajuee aejejuka esage are etee futat janeruwarete ꞌga jeꞌega momeꞌwara ꞌga nane oporomuꞌjau aipo are nu— ꞌjau jejui ꞌga ꞌga upe,Kayabí
10446,tahe eryna wiwihikymy mynymy atximyhybenyke tahe ariteosynykre tibo ryy,Karajá
18040,hari sidajia avikha'aha vakaraga'ihi ida ibavi jesus va'ora nava'isohijoravini hi'iki oniaroa vako'baiha'aha,Paumarí
20377,kaharere wasani mykara deus hi ityryktsa mynasipehaka kytsa abazubaha mynasipeha wastuhu ahatuk kytsa ana bo hi iktsa maha deus ahapehakatsa mozik ana bo hi iktsa maha bykyzehu zuba mohyrikosokdanaha,Rikbaktsa
26229,kribe ridja ne kribe djopeo ram ne ja dokre ty nhym kam me kum —‍pedru ne ridjakam ar ba ane nhym jejukot me ba djwynh arym kuman pedru'yr ar amanhkrut jano nhym ar 'yr ten kam 'yr box ne kum —‍e amikra ket ne ridja'yr te ane,kayapó
5552,oreramoi kuery ma yma nhanderuete omboete rakaꞌe pevaꞌe yvyty ary haꞌe ra pee kuery ma aipopeje nhanderuete nhamboete agua jerusalem py anho oia rami,Guarani
17670,hoka jesus nexa: — kalikini atyo exe haliti kaiyakeheta iniyalahare maniyata exahe exe haliti tehitiya atyo abraao jikolahare hiyaiya haliti ityani atyo tyoa taweheta iyeheta maheta mititereharenae — nexa -hokose olo hokosenai tahi hatyaoseta jesus xakaihitiya ihiyeha haxaimenekola kakoa iniraene semehenerenai ana jerusalem owitehena mokahita hoka exahekolaha hiye hoka motyala okoi xekohaseti enore nalitare kalorexe kaotyakehena aokahitaha hoka,Parecis
15504,ti mꞌ raky hadoo takꞌep: —mado hom mado hom mepeem dag —nak mah —be wahe nꞌaa y epeem dak gꞌeeh —nang ma pirato ti mꞌ pꞌop haga do tob nꞌaa yt ha moo hebꞌooh do sa wahe nꞌaa raky hadoo: —jaam ne he set he aa wahe nꞌaa sesa —nak mah,Nadëb
22080,ape pahoe xuaum mbatita xoko jesus apehiko ihikau xuaum mbatita koyuhopinoti xuaum uha koeti neko itukevo jesus yane ihaxikoane xuaum pi'ati ihikau ina pahukoamaka xoko vunae epemoponea itukeova ne mesiya kuxone xane simeamo ako'o konokeako kuxea po'inu,Terena
15706,tii bꞌ y bahapah aas see papyyj jo hageet doo takꞌep hadoo doo me ta kyyh tanaeenh sahonh he tawꞌeed dab haweh doo we ha habong doo hahyy da ta kyyh sa ha: “bꞌeep dana be baweh hyb nꞌaa be ha pꞌop haga do anoo doo haj nꞌaa sa wahe nꞌaa sa dab warahen sa wahe nꞌaa sa dab karejan do sa dab kawaaro sa dab kawaaro jo hatꞌoonh do paa sa dab be ta da sahonh he badak hahyy ba habong do sa dab kariw nꞌaa temah do sa dab sa karom sa dab ky nꞌaa etseeh do sa dab ky nꞌaa netsꞌas do sa dab na-aaj he da be ta” nang aas papyyj jo hageet do kyyh tawꞌeed sa ta haweh do ha,Nadëb
741,toiparo roke “kure ynanase” ako matose zae pyra oexirykoke ynara zuaro matose maxihpe aexihpyry ahtao toiro roke repe yrome toximose ahtao imehno maro morararo exiko ma toto moro sa iirypyryme exikety mana toiro tyyrypyry poko exikety amaro xine ahtao okyna pyra imehno ma morararo isa exiko tyyrypyryko poko oorypyryko irumekatoko emero porehme oorypyryko poko pyra awahtao xine iirypyryme pyra matose tyrisena sa matose pake kaneru mukuru totapase juteu tomo a toytorykohtao ejitu poe kaneru mukuru totapase orihpyra tapyitaoko ehtohme mokyro saaro jezu toorihse orihpyra kuehtohkome paxikoa riryhtao juteu tomo a otuhtoh konotome atakyemako ma toto kaneru mukuru orihtopopyry poko tytamuruko orihpyra ehtohme moro saaro wenikehpyra sehtone roropa jezu orihtopopyry poko kymyakakome orihpyra kuehtohkome jezu kynorihne kymyakakome orihpyra kuehtohkome naeroro kyyrypyryko surumekatone kyyrypyryko poko pyra sehtone zae roke sehtone ipunaka imehno onenekunohpyra sehtone morara kuahtao xine atakyemako sytatose jezu orihtopopyry poko juteu to atakyematoh saaro kaneru mukuru etapatopopyry poko,Apalaí
12975,moropai ereꞌkipankon mepiꞌtitii moropai tiaron paran piꞌ tiweꞌsanon mepiꞌtitii moropai isaꞌmantaꞌsan miꞌmiꞌsaꞌkatii moropai oꞌmaꞌkon yarakkiri tiweꞌsanon yapai menpaꞌkatii miriri waranti mikuꞌtii teꞌmai pra maasa pra teꞌmai pra siriri merunti yapisiꞌpiyaꞌnikon miriri waranti niri itiiti antirikon itepeꞌpi tuwai pra,Macushi
1440,kot kaj me kam ixkaper jarenh o ri apa nhum me hkwyjaja tee ri me ama nhum ja me kep omnuj ne nhum me tirtum kaper o me ahkre xa ha ixkreja rum amnhi ne me ajano ne me akwyje hpar o pa hamri ne hamaxper o: “e pu me axte me hkwyje pyne ne me kupa tirtum kam ja mex kena” anhyr o htyx hamaxper o pa,Apinayé
8211,ranhraj ha han ajag tog ti ti to ajag ha tavi nyti ti tu ki rir ha han ajag tog ti ge tope vy tag veg ti ajag ranhraj ha tag ti pi je ka jatu nigtiꞌ venh jykre venhmy han tu pe ti nigti tope ti,Kaigáng
17966,enore hotohare awaiyetya wiso hatyo hiyeta wawaiyetene,Parecis
16392,ja¹­nxe³­ju³­tai²­na²­ a²­nu²­a²­ ka³­na³­ku²­ te²­a²­ i³­sa²­yxau³­ain¹­ka³­tu³­ i³­ye³­ki³­ha¹­kxain¹­ta¹­hxai²­he¹­la²­ i³­ye³­ki³­ha¹­kxain¹­te³­nah¹­lxi¹­: — je³­su²­jah³­lai²­na²­ a²­wan³­txa²­ ain³­kxi²­si¹­na¹­he³­li¹­ nxe³­jau³­xa²­sa¹­: “txa²­wa¹­su³­na²­ sxi²­hai²­na²­ a²­nu²­a²­ hxi²­ka²­ to³­nain³­thi³­nai²­na²­ sa²­nai¹­a¹­tu¹­wi¹­ na¹­kxai²­nan²­tu³­ ye³­ha¹­li¹­ ka³­na³­ki¹­ a³­la²­ni²­sxa³­ sxi²­ha²­ a³­lxi³­thi³­na²­ txa²­hi³­na²­ sa²­ton³­ta³­lu²­na¹­tu¹­wi¹­ a²­nu²­a²­ hxi²­ka²­ sa²­to³­nai¹­nxa³­thi³­na²­ txai²­li²­ sa²­to³­na¹­tu¹­wi¹­” nxe³­na²­he³­li¹­ ta¹­hxai²­he¹­la²­,Nambikuára
26966,kikre'a mema ujarenh metindjwynh tu kum ikaprikam ne ba prine ar ama metindjwynh kukradja jarenh mex kute mramri ne me kute prine kikre nhipex mexja pyrak ne ba ar ama kukradja jarenh mex ba ne ba ikumrex ar ama kukradja jare gar ama kute mramri ne me kute kikrema pyka nhiponho tem kata:t pyka nhiponho tem ne kam kam ken kapin ne kam iby pyka tyx kapinja pyrak ne ba ikumrex ar ama arenh mex me'o ne arym ar awyr box ne ajte ar ama kukradja 'odjwy jare kute mramri ne me'odjwy kute pyka kadjwynhbe ken ja nhiby kikre pyrak ne me'o ar ama kukradja 'odjwy jare ije ar ama kukradja jarenh nhijukri ar ama are gora ge ikot boxja ikudjwa ajte metindjwynh kukradja jarenh 'ano djan prine katat ar ama arenh mex kute mramri ne me kute kikre 'ano am ne prine katat ipex mexja pyrak gora ge me katat ar ama arenh mex djam me kute pyka kadjwynhbe ken ngranh ne kupa'a kute ajte 'odjwy nhipexkam mex got kati kritudjwy djam me'o kute katat mema kritu'a ujarenh nhym ajte me'odjwy box ne kute mema kupa'a 'a ujarenhkam mex got,kayapó
3101,jesus kruz waga iguehoem sakajihobyry aituo myani sodadu domodo jesus nhawadylymo nhadylymo kruz onwa sakajize iguehoem anwa oze tatadaymo myani uguondo simao aga oxiodylymo xidada cirene donro myani maka poji ananobyryem myani odopadyly tiontuo myani sodadu domodo kruz jesus tiankajiho eyam nhananehonlymo — xira kruz saka jesus nhapygue — kelymo myani,Bakairi
6827,simao ijaaɡijo niɡijo eledi anodiotibece joɡodoletibige jesus idiaanaɡadii,Kadiwéu
2580,ia nipaniatai hite hitiretakakiniua,Apurinã
4650,naꞌe ainu amo maꞌe izeꞌeg mehe ihe wa kury wazeꞌeg nuzawy kwaw teko teteaꞌu wazeꞌeg aꞌe wa wazeꞌeg nuzawy kwaw yrypu uhuaꞌu maꞌe aꞌe wa no nuzawy kwaw amananog wa no aenu wazeꞌeg mehe ihe wa — tupan ikatuahy aꞌe iꞌi ihewe wa — taꞌe zanezar ikag weraꞌu maꞌe aꞌe xe tuwihawete romo hekon aꞌe xe iꞌi ihewe wa,Guajajara
26387,ne ekrux ne kajma dja ne arym te ne kam arkot metindjwynh nho kikretima wadja nam arkot ari te kinhkumrexkam arkot ator ten metindjwynhma mextire jarenho te,kayapó
23678,surara wiogɨ romano masɨ a'te toho wa'aka i'yagɨ o'akɨhɨre ayuro wakugɨ a'tiro niikɨ niiwi: —diakɨhɨta a'ri nee bu'iri moogɨ niimiapi niikɨ niiwi nii pe'tira toopɨ niira jesu werika i'yara naa yee wi'seripɨ tohaara puuro bɨha wetira naa kutirore paa wa'kakara niiwa nii pe'tira jesu me'rakahara pe'e toho niika numia galileiapɨ kɨɨre siru tuu'kara yoaropɨ toho wa'asere i'ya nu'kukara niiwa,Tukano
17107,haiminisa hexe hityo xoaha hawaiyehena haiyanai hiso hawaiyetyoawitere akereta — nexa,Parecis
23723,toho weeka uuku masitimi'kara uukuwa amukari dɨ'pokari dohori wi'ia yɨ'rɨo no'owa opa yuriri siha'kara diakɨhɨ sihawa i'yatimi'kara i'yawa teere i'yara masa i'ya mariawa be'ro o'akɨhɨre “mari israel kurakahara wiogɨ tutua yɨ'rɨami” niiwa,Tukano
25564,tawamha ubure ma to isimirowasu'u ha wapari za'ra ni danhib'apito ma rob'uipraze ubumroi'wa nori zama ma to dame wapari za'ra ta nori ha ma to oto wapari pese za'ra 're ihaimana u'asi mono nhimiroti ha taha wa ma to zuwa ha a dawabzuri ha tama 'manhari za'ra,Xavánte
6729,jesus yalaɡatace me yeleo codaa me yewiɡatace jesus ijaaɡijo niɡijo anodiotibece ja noditicogi niɡidi nipodigi odaa ja ixomaɡaticogi miditaɡa nipodigi galileia jesus adomaɡa yemaa diɡica ane yowooɡodi ane diɡetedicogi igaataɡa domaɡa yemaa me niiɡaxitediniwace idiokidi niɡijo anodiotibece niɡijo naɡa niiɡaxitediniwace meetediogi “icota metidajigotiogi niɡinoa ɡoneleegiwadi ɡoneɡaɡa odaa niɡidiwa ɡoneleegiwadi etideloadi ee ǥoneleegiwa ane jicoɡotibigimece ditibigimedi pida nige ixomaɡatedijo itoatadiɡida nokododi me ideleo odaa ja idewiɡatace”,Kadiwéu
13308,yeyox te yay yog tik te  pu yay mug ta yeyox te yay yog tik xop pu yay mug 'uxeheh konag xexka timenit yog hapkux tu' ya' yay mug ha kaxiy,Maxakalí
8301,maria fi ty isabel fi venh ti ti tig kar ky maria fi tog ti mu ge sir isabel fi jama ra panonh e ta tog ni fi jama ti ga ty judeia ta fi ty ra tig ky fi tog furun ti mu fi ty  in ta jun ky fi tog isabel fi my: “a my ha” he mu,Kaigáng
4005,naheta pixik kwaw ikatu ꞌygwer iapo ꞌymar wa zutew ꞌym uzapo ikatu ꞌym maꞌe waiko aꞌe wa nupuner kwaw upytuꞌu haw rehe ikatu ꞌym maꞌe iapo re wa zutew aꞌe wa no aꞌe rupi katete aꞌe wa no aꞌe rupi zutew naꞌikatu weraꞌu kwaw zutew ꞌym wanuwi wa taꞌe aꞌe paw nupuner kwaw ikatu ꞌym maꞌe iapo re upytuꞌu haw rehe aꞌe wa xe,Guajajara
10454,jesuisi tahe raumynyre bede erytyhymy relere ibutumy he iny iluure deuxu wowydyna‑di ihyre,Karajá
16540,nxe³­kxa²­yu³­su²­ wxa²­ha³­lo²­a²­ txa²­ha³­lo²­a²­ wittxa²­ a²­e¹­na²­ u³­te³­na²­ yu³­te²­ju²­he³­le¹­ nxe³­te³­na²­ a²­nu²­a²­ yxo²­ha³­ti³­lhi³­te²­nu³­a²­ hxi²­kan¹­txi³­ yxo²­ha³­ti³­lhi³­ai¹­nxa³­lho³­le¹­”,Nambikuára
2979,merepitipanika pinirekariko teoso piauite ininiaua iua nireekiti pinitako ininia atao inakarinoka pikamako ikara atoko inakari pikaminia pite nirekakiti apaka isikaiko,Apurinã
9973,nhandejary rembigwai voi nhande ruvixa pende-rehe ombaꞌapo vaꞌe voi ha ne rembiapo vai ramo katu pene mytuꞌeꞌy pendejehe ndogwereko asy uka reiry nhande ruvixa-pe nhandejary nhandejary rembigwai voi nhande ruvixa inheꞌe-py hembiapo vai vaꞌe-pe gwive ogwereko poxy vaꞌera,Kaiwá
2431,xesosi moianari pininiua ati oti itomaneri kakiti moianatari xesosi ininia ikirioka sapireta itxana ia sakiretxiti:,Apurinã
26937,on me kadjy abenjadjwyr ne ar meo aba ga kajkwakam me kute akaben marn kot kute ar amijo baja pumu ge me pykakamdjwy on me kudjwa a akaben marn kot ar amijo bao ane,kayapó
21485,— uiꞌauka teran eipe eiꞌywot sese minug ewy ewetunug neran e — uruto ti uruikuap ti uruꞌywot iꞌatuꞌe taꞌi yt iꞌywot wekuap reꞌym rakaria i ti uruto iꞌatuꞌe wetup yn uruꞌywot miꞌi ti uruetu­pana iꞌatuꞌe,Sateré-Mawé
11934,aꞌere jane mamaꞌe aꞌjea etee futat imomeꞌui jarejaupe jarepotaꞌwaramu jarejuee aꞌeramu jane jarejemogyau kristu ꞌga ꞌjawe kristu ꞌga ꞌa werowiaaramu janejararetea aꞌeramu kristu ꞌga aeakaga ꞌjawe ꞌga rerowiaaramu jane jarejemogyau ꞌga rete ꞌjawe,Kayabí
10614,tiu kia aobo uladu isabeli kia‑ki iule rexiwatxinymyhy marie‑o isabeli heka tyxiykyle deuxu tyytybytyhy‑di ratximyhy,Karajá
20255,paze ja asaktsa tahapiak zizyzyknaha asa zuba sakuretsa batu ba kytsa kino niwatihi sipiakzyzykyhybyitsa sakuretsa niyziknaha iwaze abarao soho bo mytsatyzo tsimahaktsa deus harere papeu humo isoho ziwatahaka: — o abarao deus harere bo hyy ziknakara iwatahi deus ipe niy: “ikia tsasopyksapyreta” niy iwa deus harere papeu humo niy,Rikbaktsa
5729,fariseu kuery pe jesus ijayvu eteague fariseu kuery haꞌe nunga oendu vy ojojai rei okuapy perata re ndaꞌeveive vaꞌe vy,Guarani
22310,puyakoponovamaka ongovo ne kixeku kivivo ituko'oviti akoti itikaheapa kuteatimaka kixoaku yose loidi kuveova inuxoti ya itike koanemaka memaina eunise koane enjoamaka ko'iyeaneye ne kivivoa,Terena
10919,tamy bodoibedenyke tii dori manairuhyky wese rare heto tira widyydu kia mana‑di rehura tahe deuxu dee kia ixitarasanamy rare awimy heka tai rahare kaiboho tule mana iruhuky wesemy toimahate heto obiti wesemy aijoreny‑di kanaijedyynydenykemy xiwena wedu mahadu obitimy boibeke deuxu dee wina xiwedyyna obiti biwinybenykemy jesuisi kristu wowydynamy,Karajá
7140,yvyakotyve'ga ndekote'varuhupava gwaramo tupana'ga nohenduvukari ga pe onhi'iga taporogwety ti ji ga nhaporemo nehe javo,Kagwahiva
16169,ha³­teh³­nxa³­nxa²­ hxi²­te³­nha²­txa³­nxai²­na²­ i³­yau¹­u³­jau³­su²­ nxa²­ha¹­te¹­ ha³­lo²­a²­ tah²­yu³­ta²­ i²­a¹­he³­la²­ a²­hxi²­kan¹­txa²­ a³­wxe³­ka³­lo³­ai²­na²­ a³­wxe³­jah¹­la²­ i²­xi²­na¹­he³­la²­ a²­hxi²­ka²­ a²­wi¹­tau³­a²­ ha³­teh³­nxa³­nxa²­ hxi²­te³­nha²­na²­he³­la²­ a²­nxe³­txa¹­nxai²­li²­ wan³­txa²­ yau³­ka³­lxa¹­txi³­ u³­wha²­li¹­lin²­ta²­wa²­ txa¹­nxai²­li²­ a²­ta³­lo³­nau³­a²­ u³­wha²­li¹­li²­ a²­ta³­lo³­nau³­ai²­na²­ u³­wha²­li¹­li²­ a²­kxa³­nxa²­ nxe³­ain¹­nin²­ta²­wa²­ nxe³­kxa²­yu³­su²­ txa¹­nxai²­li²­ uh³­yxo²­ti¹­san²­nu²­la²­ ye³­ka³­lxa¹­txi³­  nxe³­tau³­a²­ u³­txa¹­ta³­kxai¹­nin¹­ta²­wa²­,Nambikuára
