index,TEXT,LANG
25752,tawamha simiwe sina ma to waihu'u: — 're ihaimana u'asi mono ha za te te irob'manharizeb da ha so rowapta'a o di za oto  ama haiwa ama romhuri'wa ha tinhimnhiharazem na simnhihara wamha te za 're ihaimana u'asi mono ha ama uwaimra dureiha te te da'ama sima iropisutuze ha dama iwaihu'u'o ha dureiha tizadawa wasu'u 'rata 'wa nori ma te te iropisutuzem na te za oto dama rob'manha ane wa to sena na awaihu'u 're ihaimana u'asi mono nho'a isimiropisutuzem na zama — ane ma to 're ihaimana u'asi mono zadawa para waihu'u haiwa ama romhuri'wa ha haiwa nho'omo tinhib'rada te te iwe ha 're ihaimana u'asi mono ha ta ha haiwa 'manhari'wa dure ti'ai 'manhari'wa dure a pore 'manhari'wa dure ubure iwa 're idahaimana za'ra mono poto 'wa,Xavánte
9311,ha heꞌi ixupe kwery: —gwembireko-gwi opoise vaꞌe omenda jevy ramo ojapo vai voi hese,Kaiwá
19256,indo um pouco mais adiante viu num barco tiago filho de zebedeu e joao seu irmao preparando as suas redes,Portuguese
4417,zauxiapekwer ukwaukwar zezuz rehe aꞌe wa kury zauxiapekwer zezuz pyhykar aꞌe wa uzeꞌeg uryw ahyahy hehe aꞌe wa hehe ukwaukwar pa aꞌe wa upyk heha izuwi pan pupe wa naꞌe amo ukwar hehe — aipo erekwaw nerehe ukwar maꞌe ne iꞌi izupe wa,Guajajara
23046,mɨsare “mari yekɨ sɨmɨa duti'ke me'ra yɨ'rɨsome” nii were tohawɨ ni'karoakare tee me'ra yɨ'rɨrasa' teere weeya niigɨ yɨ'ɨta bu'iriti boosa',Tukano
15746,—ajꞌyy ananijas had nang do y tahegꞌaas baad ta ti ananijas ky dahe hadꞌyyt he mosees ky nꞌaa jawꞌyyk doo ta ti panang ba habong do judah buuj rawehꞌeeh ti ananijas pa y tabagꞌeed dak ba taky hadoo: “wakan yy saw-ru mabegaa dak pꞌaa henh” nang mah y bahapee dag kan nayyw he tii ba,Nadëb
15762,be raganado ba be ahom sa mahanh sa panang ba naa be ahom ba be tsyym suun be tepyng padag kꞌaats tii da be badꞌoo rabahapah hyb nꞌaa dooh baad tado ba pꞌop haga do panyyg raky nadaheeh doo —nang ma ta kyyh sa ha,Nadëb
22084,ako noixoponoati rakoxo vanuke akoti itukapa ne ukeatiya yoko enepone ihae vanuke ikutipasikoponovoti xane enomone ra yuho'ixopiti,Terena
5513,mbaꞌeta petei tete regua ojexavai ramo haꞌe javive ꞌra ojexavai hexeve petei omboetea ra haꞌe javive avi ꞌra ovyꞌa hexeve,Guarani
10583,tahe andre jesuisi‑o simao didyde jesuisi simao‑o retehere urihimyo idi tamy rarybere: —kai simao tate joao riorere iribi tahe ani sefamy rarekre kani heka pedro rare,Karajá
21360,meiuran wiripi toto towy ok nata­naꞌeu kat hamo toipueti hawyi toꞌe — are pai koitywy atipueti raꞌyn tupana mipo­ꞌoro aipo­rekuat nuat sese mekewat saꞌa­wy­ꞌiwuat musei miwan miat mienoi ewy mekewat tupana ehay nimuat eꞌyianmiat miwan miat mienoi ewy e miꞌi miit ti iesui e hap het rakat mekewat mehi iuse saꞌyru e miꞌi ti mekewat tawa nasare kaipywiat sut hat e wiripi towy ok nata­naꞌeu pe,Sateré-Mawé
14695,co'a be yajem puje jesus pa o'subamupaya ip korosa jeje ce'uat'a ririt'a i omuy co'a butet iecugap a'o kay kuyjobit'umayu dak o'subamupaya ip wara'at pe korosa be- -xepxepayu pug korosa o'jomuy ip ipikuykuy be jesus ba'at kadi wara'at o'jomuy ip iba'ugat kadi jesus tak o'jekawen deus eju,Mundurukú
7331,naha tupana'ga ikwatijarukari ahe ve hako igwete ahe ei hako: “ndokwahavi pa ga nhandepojykaharete'ga reaporogita nomogitai pa ga ga javo ga pe” ei ikwatijara nhandereaporogita reki cristo'ga reaporogita'java'ea,Kagwahiva
24476,niyculuptinmi satanashca cachaycula jinaptinmi diospa anjilnincuna jesusta yanapa shapamula,Urubu-Kaapor
6702,nigodi niɡina oko “aɡica ane ɡodigecaɡaleɡe daxixe aɡicaantokaaɡini ane idoiiɡatibige” pida codidigida nigenoteloco ane yaaɡadi aɡica ini ane yakadi me iwoko nige limedi aneotedoɡoji me iloikatidi oko ane doɡoyiwaɡaditeda macataɡa naɡana iwaalo naɡa nipegi me dinigaje odaa aiwoko niɡida lawikodigi,Kadiwéu
12214,miriri yeꞌnen iꞌ kupiuya epuꞌtiuya pra awani maasa pra iꞌ ituꞌse pra eꞌtoꞌ kupiuya uwakiri pe ituꞌse eꞌtoꞌ kupiuya pra tiise,Macushi
5851,paulo ovae ramo judeu kuery jerusalem gui ou vaꞌekue ombojere rei okuapy opa mara rei hekokue ramigua omombeꞌu haꞌe rami tei haꞌe kuery nomombeꞌu pora kuaai guive,Guarani
14121,kabi i'um i'pi dak wekawen pit i'um gu soat em wekawen kay itabut jeedop ip adeayu — io'e,Mundurukú
19024,mas quando acenderam um fogo no meio do patio e se sentaram ao redor dele pedro sentou-se com eles,Portuguese
7755,“kiroki ga e'i ji ve ji poko ti javo – gapojykaharetero po ti ji amboheaporogita pyahu ga mongovo jijipyri avuirama nehe” ei tupana'ga ei ga naha joelva'ea imombe'ui tupana'ga nhi'iga kwatija hako joelva'ea rembikwatijara pedro'ga omombe'u ga pe no,Kagwahiva
20108,iwaze ipe niaha: — aharere suao batista soho batu myhyrinymyryhy — niaha sesus: — uta niwatihi ahaharere “aty sa kape tarabajatykta my” batu tyso — niy,Rikbaktsa
26446,ne kam kot ba djwynhbe jame ro'a ruw ne pyka kenh'yr box ne kam kam meo dja nhym me kot ba kajgo ne me 'a kumex nhym me katamjadjwy jeju'yr mon box ne 'a kumex pykabe djudeja kurum me kraptime kriraxbe djeruxare kurum me kraptime ngo rax noka'a pykabe xirume xidome kurum me kraptime me tam ne me akan jeju'a kumex me ja ne me 'yr akupro 'yr bikpronh ne kute kaben mar nhym kute apynh me kane djari meo mexma ne me 'a akupro nhym me karo punu kute meo bajadjwy mekot 'yr mon box nhym kam mekam me karo punuja jano nhym me arym mex ne nhym me itepato kute jeju kupenh pram nam jeju tu tyxkumrex nhym kurum uma apox ne me kunio mex kam ne me kuni kute jeju kupenh prama,kayapó
21940,yt naku i kahato mesu­wa­ro­tiaria tukupteꞌen katu­pono yt tupana mohey i haria kahato eipe e — etimo­herep to esaika hap atipy kaipywiat iwatoꞌin nakat merepꞌe hap ewy hawyi emohey haria wo urutu­kupteꞌen eweiꞌe saꞌag uhepe e maꞌato yt atunug i aru iwatoꞌin nakat ehepe eiꞌakasa hamuat uimohey ehepiat hamuat e maꞌato ti aru wetup iwatoꞌin nakat eiꞌakasa hamo ehepiat uimohey hap yn atunug e taꞌi meiuran ti aru aretem ni aru guꞌuro pyi aikota mekewat saꞌawyꞌiwuat tupana ehay moherep hat iuna tuwetem mekewat pira wato rakat we pyi myeꞌym eꞌat hawyi hap ewy ti aru aretem guꞌuro pyi e miꞌi iwato rakat yn atunug aru uwe uito hap moherep ehepiat hamo e miꞌi hawyi ti iesui toto woꞌomuꞌe haria yaty­pepyi iꞌewyte tupana ehay iwan miat wan pakup i haria kaipyi,Sateré-Mawé
15636,ti mꞌ ta see pe noo go atsem sꞌeeh hadoo paw-ro ha sꞌeeh hadoo doo go jesus berꞌoot paw-ro sii hahyy dꞌ ma ta kyyh paw-ro ha: —eyym manah maherꞌood hadꞌyyt he keh y nꞌaa maky nꞌaa ered manah y awad hadꞌyyt he a sii dooh da a ha moo dang peh dooh da om rareja ba baba babuj nꞌaa sa mahang hajok y raky daheeh da —nang ma jesus kyyh paw-ro ha,Nadëb
8969,ha ra ag tog ti my nen u to tu ni ky jesus tog un kaga en kri a nige fi ky ti ty haꞌ he mu sir ky tog ti my: “ha tig ge” he mu,Kaigáng
4674,taꞌe tupan heko haw pe har ai wanekon putar aꞌe wa nehe xe numano wi kwaw wa nehe tupan taꞌyr romo wanekon putar aꞌe wa nehe taꞌe tupan umugweraw wi kar uzeupe aꞌe wa nehe xe,Guajajara
20633,aty ipehatsa humo tarabaja mykara zeka ana humo hi ihuak ty okyrysarowaka ty nyny niy itarabaja humo zuba okyrysarowaka ty nyny niy wasani my deus iwa batu isopyk mykara,Rikbaktsa
20141,iwaze sesus ispezo niy — aty sa tsipiberikinaha — niy — sesus nasare ezekta — niaha,Rikbaktsa
12282,moropai tesanonkon pia ayarikon toꞌya yai “aka yuꞌtouꞌya ton epuꞌtiuya pra wai” kikati aawaririꞌnikon eeseurimakon eꞌpai pra awani tiise mori yekaton wanniya anekaremekiton ekaremeki ya miriri mekaremeꞌtii,Macushi
4752,mokoz kuza umukuꞌi putar arozran waiko aꞌe wa nehe no tupan weraha putar pitai kuza aꞌe nehe inugwer upyta putar aꞌe pe aꞌe nehe,Guajajara
9328,maꞌera ndereroviai nhandejary nheꞌe kwatia-rehe oi vaꞌe ererovia nipo raꞌe aikwaa voi ereroviaha heꞌi mburuvixagwasu-pe,Kaiwá
22393,koati vo'oku akoyeane yakaha'ine po'inuhiko xane koetineye ituke enepone yuixovoti itukea uha koeti ko'iyeovoku koekuti akoti aunati ene poe'ainopinoe isoneuhiko koane ihakeopinoe vo'okuke,Terena
22448,itea koati ngixopitinoe: muhikova neko uha koeti uhe'ene salumaum enepone hana'iti nati iriku mekuke ako itapana uhe'ene hiu ne itunoevotihiko ihae meum,Terena
23484,nii pe'tise mɨsa weesere masi' mɨsa pi'etise pahase kɨosere masi' toho pahase kɨomira pehe kɨora weero noho nii' apeyere masi' apera ‘judeu masa nii'’ niima toho niimira mɨsare ya'aro uukuma naa judeu masa waro niitima naa wati yaa kurakahara niima,Tukano
16818,yah³­lxin¹­ta¹­ hi¹­na²­ txa²­wa¹­su³­na²­ i²­yah³­lxi¹­lxa²­ te²­ya¹­nxe³­sxa³­ txa²­wa¹­su³­na²­ i²­nxti³­na³­la²­ nxe³­nxti³­kxan²­ti³­ hi¹­na²­kxai³­lu²­ i³­yatjah³­lxin¹­sxa³­ yen³­kxa²­ wa³­nxin¹­nxa³­kxa²­ ha³­ya³­kxa³­lxi³­sa²­te²­a²­ yuh³­xai²­nan¹­ta²­yen³­kxan²­tu³­ nxe³­te²­na²­ an³­ten³­yah³­lxi¹­lxa²­ ih¹­nxe³­kxa²­yan³­ti³­ta³­ yah³­lxin¹­ji¹­wa²­ yen³­kxai²­na²­ a²­wa³­kxen³­yah³­lo²­lo³­ju³­ta²­ an³­ten³­yah³­lxin¹­ji¹­wa²­,Nambikuára
11274,aꞌeramu ꞌga kwaiwete ꞌga rerowiaa aꞌeramu ꞌga ꞌjau ajaupe: —ꞌau ꞌur ire ꞌa janeruwarete ꞌga remimurera ꞌga aeremiapoeꞌema apoi ꞌga paje resaukaa janee jejui ꞌga ꞌa nanuara wapo jepi aꞌeramu ꞌga futat ꞌga remimurera raꞌe— ꞌjau ꞌga ajaupe jejui ꞌga rerowiaa,Kayabí
16861,yxan¹­ta¹­: — ha³­lo²­la³­ i²­li³­ko³­la³­ ha³­lo²­lo³­ta¹­xa¹­ nxe³­ki³­kxai²­nan²­tu³­ je³­su²­jah³­la²­ a³­lxi²­ne³­jah¹­la²­ kain²­ hxi²­kan¹­txi³­lo³­khaixne³­na³­la²­ ne³­lha²­kxai³­ ha³­lo²­an²­ta³­ khauh³­lxa³­ti³­ti³­hi¹­te³­ju³­tan¹­ta³­ hxi²­kan¹­ an³­sen³­sai¹­khai¹­nxe³­hi³­ki³­ta³­la²­ a³­la³­kxi²­sxa³­ e³­a¹­wa²­ na¹­jau³­xai²­na²­sa¹­ je³­su²­jah³­la²­ a³­lxi²­ne³­te²­ hxi²­ka²­nau³­a¹­ yxau²­xai³­ki³­sa²­kxai³­ ha³­lo²­a²­ ko³­nxe³­te²­ ha³­ta³­nxan²­txi³­ sa²­hxi²­so¹­ki²­nha²­ne³­ju³­ta³­la³­ yu²­nxa³­wa²­ ki³­sa²­kxai³­ ka³­ten³­su²­ ta³­nxa²­ ya³­lu²­te²­su²­ ta³­nxa²­ yxau²­xai³­ki³­kxai²­nan²­tu³­ je³­su²­jah³­la²­ hxi²­ka²­ sa²­so¹­ki²­nha²­ne³­ju³­ta³­la³­ yu²­nxa³­wa²­ te²­ya¹­nxe³­sxa³­ a²­ta³­nau³­xa²­ oh³­xai²­nan¹­te²­su²­ te²­nau³­su²­ ta³­nxa²­ a²­ta³­nau³­xa²­ hxi²­kan¹­ta²­ si³­yxau³­te²­su²­ te²­nau³­su²­ ta³­nxa²­ a²­ta³­nau³­xa²­ nu³­kxun³­te²­su²­ te²­nau³­su²­ ta³­nxa²­ nxe³­kxai²­nan²­tu³­ hxi²­kan¹­txi³­ je³­su²­jah³­la²­ hxi²­ka²­ sa²­so¹­ki²­nha²­ne³­lhi³­nxnxa³­wa²­ je³­su²­jah³­la²­ hxi²­ka²­ a²­la²­ i³­khai¹­nxe³­sxa³­ yau³­ki²­khaixne³­lha²­kxai³­la²­ te²­ya¹­nxe³­nun³­kxe³­hu³­sxa³­ kwen¹­tai²­nan¹­te²­ ha³­lo²­a²­su²­ ta³­nxa²­ yxa¹­nan¹­te²­ ha³­lo²­a²­su²­ ta³­nxa²­ oh³­nau³­u¹­tai²­nan¹­te²­ ha³­lo²­a²­su²­ ta³­nxa²­ yuh³­xu¹­tai²­nan¹­te²­ ha³­lo²­a²­su²­ ta³­nxa²­ nxe³­sxa³­: — je³­su²­jah³­la²­ hxi²­ka²­ sa²­hxi²­so¹­ki²­na¹­tu¹­xa¹­ nxe³­kxi²­ne³­kxa²­ha³­ta³­nxan²­ti³­ hai³­txi³­ je³­su²­jah³­la²­ hxi²­ka²­ sa²­hxi²­so¹­ki²­nha²­ne³­ju³­ta³­la³­ yu²­nxa³­wa²­ a²­hai¹­nxe³­te²­ ya¹­nxe³­kxe³­hu³­nxe²­ txa²­wa¹­ki³­na¹­xai²­na²­ je³­su²­ kris²­tu³­jah¹­la²­ txa²­wa¹­hxi²­kan¹­jah¹­la²­ sa²­hau³­ko³­te³­te²­ki³­na¹­xai²­na³­ su³­na²­ si³­yxau³­tau³­a¹­ te²­hxi²­ka³­nau³­a¹­ a³­lxi²­ne³­jah¹­lo²­su²­ te²­hxi²­ka³­nau³­a¹­ wxa²­sa²­yau³­ki²­nha²­xi²­ne³­lhxa³­ yxau³­hi³­ki³­ta³­la²­ ki³­sa²­kxai³­ su³­na²­ si³­yxau³­tau³­a¹­ so¹­lxi³­ hxi²­kan¹­na³­la²­ hai³­txi³­ a²­yen³­kxi³­la³­ wetsa²­sai¹­kxe³­su²­ nxe³­te²­ yen³­ki³­la³­ hxi²­ka¹­nxa³­wa²­ nxe³­ha²­kxai³­ hxi²­kan¹­ti³­ sa²­hxi²­so¹­ki²­nha²­ne³­lhi³­nxnxa³­wa²­,Nambikuára
24808,cay nishaca lluypami: ¡musyat-musyat capacuy” nil,Urubu-Kaapor
705,razaru esemakapotopopyry ropa samu tykase jezu tatasamase yronymyryme morarame toytose ynororo aorikyhpyry ekepyry esaka ypy onuhtoh po kynexine okepy eny apuru kynexine topu risemy,Apalaí
11240,tata rakuwa pype futat nipo ꞌga awau ajemogyau eukwere nipo ꞌga jemogyi waemamu waꞌjykajamu nipo ꞌga ajemogyau ay upe— ꞌjau ꞌga oree imomeꞌwau,Kayabí
17382,jesus aotyakijita halitinai iraexatyakalati hanako ferakiti nihatyaka hoka makiya xanehitita oliveiras tyairiya nali nemaka maheta hoka tyotya halitinai xanahitaha makiyaseta iraexatyakalati hanako semaha maheta iniraene,Parecis
7768,tres kwara mbo'arire ji hoi jerusalem me tahepia ti pedro'ga javo mbohapyrete ji kiri quinze ji kiri ga pyri ikwehe,Kagwahiva
14201,iboap co buje jesus waram o'jekawen cebe — pug ma buk omuy ewebe i'e am — io'e — soat ebubut cuy eteida dinheiro bu am dinheiro juy egum ikug'umayu be — io'e — ium puje ebubut ade ece'e kabi be — io'e — gebuje juy ejot oweju juy ejeku — io'e jesus,Mundurukú
19536,por algum tempo ele se recusou mas finalmente disse a si mesmo: ‘embora eu nao tema a deus e nem me importe com os homens esta viuva esta me aborrecendo; vou fazer-lhe justica para que ela nao venha me importunar’ ,Portuguese
26727,me kute me kukradja punu kot amijo ba ketma ije ar ama ja jarenhkam djam ar aje arek amijo aba tum kot amijo aba ra'ama amrebe ne gar ate metindjwynh be ar amijo aban me bajtem kukradja punu kot ar amijo aba djam aje arek me kukradja punu kot amijo aba ra'ama kati tam ne ba ar abe uma: me wa ne me amim myjja kajgobit'a karoo ba,kayapó
822,kyzehnotoko kyhtomatoryko mana pitiko roke pyra jezu poetory to kara naeroro typye pyra awahtao xine kurehxo ya morara oexirykomo typye awahtao xine opyxiako onurumekara ehtoko mapyra typye pyra awahtao xine pytara ehtoko,Apalaí
16790,nxe³­kxa²­yu³­su²­ wa³­nxin¹­sxa³­ o²­la³­kxi²­na²­he³­la²­ nxe³­sxa³­ oh³­xan¹­ko³­nau³­a²­ ha³­nxe²­a²­ i³­te²­a²­ wxa²­ka³­nxa²­ wxa³­si¹­jau³­su²­ i³­kwa³­na³­na²­he³­la²­ nxe³­te³­na¹­ ya²­la³­tu³­ ha³­nxe²­a²­ wxa²­ka³­nxa²­ wxa³­ye²­na²­he³­la²­ a²­nu²­a²­ yxo²­ha³­kxa¹­ i²­ain¹­nun³­na²­he³­la²­,Nambikuára
3761,aika aika wara myani apaunzedylymo deus itaumbyry waga tala myani paulo barnabe wara eynynonro tala lapyla myani judeu domodo ewy jesus einwantanry,Bakairi
25104,tawamha zezusi ha te tama nhari za'ra: — to'a pi'o ha rowe na haimana e mari da ma to sada asahi za'ra wa'wa pi'o ha iwe uptabi ha ma to ima 'manha,Xavánte
3243,ady deus ize ato tutuze deus ispiritury awylygue deus xura modo eynyna eaga agueduo deus ize ato arala nhekadyly,Bakairi
1492,na me pahte tam amnhi nhipex o papaja na tirtum kam hpram no ket me pahtyx ri nham menije ho amnhikati o papaja na kam hpram ket jakama kwa ker ka me amyjaja apro pix tanopxar o ri apa no me ri nham menije ho amnhikati ho ri apa hket ne ne me anijaja ker ka me amjen pix tanopxar o ri apa no me ri nham memyje ho amnhikati ho ri apa hket ne jejus kwy hket xwynhjaja kot htyx ri kam hpram xa hkot menije hwyr mrar ne me ho amnhikati hta ker ka me ho me urak ket ne kwari ho kwari,Apinayé
9016,hesu imbaꞌegwasuha reheve ojehexa uka vaꞌekwe joao-pe xe joao ahexa vaꞌekwe hesu ojehexa uka ramo xe-vy xe kera-py rei verami aiko jave ahexa vaꞌekwe ixupe xe joao pende reꞌyi vaꞌe hesu-rehe jajerovia-gwi nhande jaiko ojoeꞌyi kwery ramo hese ha-py jahasa asy asy jaiko-vy upe jave nhanhemokiriri katu nhandejary nhande ruvixagwasu ary-rehe haꞌaro-vy hesu-rehe ha-py aime ramo vaꞌekwe preso ahexa vaꞌekwe ixupe hesegwa nheꞌe amombeꞌu mbeꞌu-gwi upe anhetegwa nheꞌe amombeꞌu mbeꞌu-gwi xe moi vaꞌekwe preso hikwai ygwasu mbyte-py oi vaꞌe yvyꞌajere hery vaꞌe patmos upe-py aime preso jave ojehexa uka vaꞌekwe xe-vy hesu,Kaiwá
2301,“nikamapitikariko” pinakasaaki pakiriuakatapiri itixi uaka kotxi teoso uai aua apaka “nikamapitikariko” pinakasaaki pakiriuakatapiri xerosaree uaka kotxi auitetxi apiananiri sitatxine itxa,Apurinã
8043,ky ti vi meg mu ag tog to vemen mu “ky u hyn kren ke tu pe ni” he ag tog,Kaigáng
21085,miꞌi tupono koitywy wuatꞌi ywania pe — ewetunug no iesui eipo­rekuat no urutoꞌe wuatꞌi miitꞌin me eiweꞌeg wo o watoꞌe eweikuap o mesuwat sehay wakuat watoꞌe wuatꞌi pe miꞌi hawyi yne tupana esaika hap wywo waku watoi­neꞌen weꞌeg haria wo iraniaꞌin pyꞌa­setpe katu­pono wati­ky­ꞌesat kahato miꞌiria yne yne tupana wywuat ieineꞌen haria wo watekyi teran kahato miitꞌin aiweꞌeg hap wywo tupana kape wati­ky­ꞌesat miꞌiria tupana kuap haria wati­ky­ꞌesat miꞌiria haꞌyru mohey sese haria wati­ky­ꞌesat miꞌiria wetup wanetup hap ewy yn aipo­typot iesui wywo,Sateré-Mawé
19114,jesus fez tambem muitas outras coisas se cada uma delas fosse escrita penso que nem mesmo no mundo inteiro haveria espaco suficiente para os livros que seriam escritos,Portuguese
3005,jesus salokuzenomo odano kadopa nhankyhobyry jesus pedro tiago  wara aga iwy wagapa xytaguybygueduomo myani tagonrodo nhedylymo kura domodo duay moises inweniby waga enomedani modo ton-honre kehoem ajihogulymo jesus eynynonro modo aga kadopa niankyba awylymogue jesus saindyly tientuo toenzepa kurado asewanily inepa kehoem myani edaenkuze idalymo,Bakairi
17796,hatyaoseta jesus irae halitinai hiye hoka waikoa tyokaha,Parecis
18889,makhira hoarana binakama'da'iki ida ija'ari hahavi hoarahananani abinini onivani fori hija ida makhira hoariha binakama'davini ija'ari abinini naothinia ahoki'ini adao kaija'ari vanamitharonisiagaki vihina mani ida ija'ari hahavi vahoarahanana-ra va'ora naabinija onivani fori hija ida ija'ari ahoki'ini abinini naothinia cristo kaija'ari vihina mani ida kidija'ari hahavi-ra va'ora anahokija deua bikava'ibodivaranijora'iki ida ija'ari avahokina hana hina miro'a hana vihina avahokironisiagaki cristo miro'a deua bianahoki'iki cristo joina kamahini kidija'ari maina adani deus va'ora anahokira bana,Paumarí
12213,unmukuyamiꞌ seeniꞌ kaareta menukauya aapiaꞌnikon maasa pra imakuiꞌpi ankupiꞌpikon kupiꞌpi paapaya tiiwanmira uuriꞌnikon ton pe tinmu nikupiꞌpi wenai moropai aꞌyekeꞌtonon pia niri siriri kaareta menukauya jesus epuꞌnenan pe awanikon yeꞌnen manniꞌ paapa piawon miikiri jesus pena tamiꞌnawiron koneka paapaya rawiri moropai amenankon panpiꞌ warayoꞌkon pia niri siriri kaareta menukauya makui yentainon pe eenaꞌpikon yeꞌnen moropai moreyamiꞌ pia imenukauya uyunkon paapa epuꞌnenan pe awanikon yeꞌnen aꞌyekeꞌtonon pia niri imenukauya jesus epuꞌnenan pe awanikon yeꞌnen manniꞌ paapa piawon pena tamiꞌnawiron koneka paapaya rawiri moropai amenankon panpiꞌ warayoꞌkon pia imenukauya merunti ke awanikon yeꞌnen paapa maimu koꞌmanni piꞌ man ayewankon yaꞌ moropai eenaꞌpikon makui yentaino pe,Macushi
2896,imoianariakori auikari xesosi sakire —mitxi niomaatari ipixini nisakire kakiti mimarotakaniri ikapani ati oti kona niomaataikari atao nisapiretaiko niri iteene himarotini ikapani,Apurinã
5710,xapyꞌa rei amongue oporandu ꞌra mbaꞌe re pa pejoraa re haꞌe rami ra aipopeje: “senhor ma oipota haꞌe gui ogueru ruka voi ju ꞌra apy” peje ꞌra,Guarani
4696,uzeꞌeg tupan iko zanewe aꞌe kury zanezar romo hekon aꞌe ikag weraꞌu maꞌe romo hekon aꞌe — izypy mehe arer romo aiko ihe iahykaw rehe aram romo aiko ihe aiko ko ꞌar rehe kury izypy mehe kwehe mehe aiko ihe no aiko putar tuweharupi ihe nehe no iꞌi iko zanewe,Guajajara
25778,taha pari ma to zezusihi zo ai're za'ra iwana da'a zahure wamha te te siwi hi'ei o di,Xavánte
12813,ayonpakon saꞌnamayaꞌnikon ya upemonkonoyamiꞌ pe awanikon epuꞌti tamiꞌnawironkonya pedro nekaremeki ton ekaremeki jesusya simao pedroya taꞌpi ipiꞌ: —uyepotori oꞌnon pata pona atti miriri —taꞌpiiya jesusya yuukuꞌpi: —upikiri atti eserike pra awani oꞌnon pata uuti ya tiise maasa uwenairi atti —taꞌpiiya,Macushi
917,—mame toemynyhmase ipoetory yronymyryme tukurohtao ynara tykase ynororo tyya rokene “jese poetoryme pyra exiko ase naeroro otara exiko hano taroino oty pokohxo ke erohnoko hano taroino jemary ke jerokuru waro pyra ase imehnomo a tineru ekaropory poko ihxipyke roropa ase,Apalaí
14132,cewebumun'ibiyu ogukuyjo gasu bit wa'obi gu on jeymukuyjo- -wuykukukat a'obi aca tapupuyu eytayxi juy epeyepere gu aoyu eyitop cuy epeyepere gu eyitop epere buje bit cuy waram epeyewetopta gu eyepit put koap epesop ikug iat kay eyitop kay,Mundurukú
21839,maꞌato watikat aihu suu upi neꞌi tupana kapiat muꞌap pote yt putꞌok­wa­toꞌe i atipy kape yt naku i ahei hamo katu­pono — uhaꞌyru suu yn putꞌokꞌe eikoho hamo e tupana maꞌato — yt atiky­ꞌesat i epuꞌap watoꞌe tupana pe hawyi yt naku i ti esaꞌyru suu watoꞌe hap ewy watoꞌe tupana pe miꞌi hawyi yt kat i aheha­kye­raꞌat hap mio ta watoꞌe neꞌi pote miꞌi hawyi yt kat i topy­huꞌat muꞌap tupana kape watikat pytkai,Sateré-Mawé
18316,makhira kidigamo khama avaakarana viahania vi'bamiha avaakara'ina naothinia ija'ari hoarani fori vihina vahoja'aha kidigamo khama,Paumarí
13607,ha tikmu'un te xupyag hep miy tu' xokxax kutut kopa' xuk 'ohnag ka no xax kutut tu yay pot ha' hep te ham tu nu'naha' ha' nog 'amhok pa xupyag hep tup xuk xokxax tup kopah nuy ti ka'ok kaxiy yoam yog tik xop te hapxopma'ax hittap tat putup tu nom tup putup nog kaxiy,Maxakalí
13264,pa 'ate hampe'paxex hu: ya' max xe'e pu' hok tu xip ka'ok ya kaxiy topa koxuk te 'a hamyummugaha',Maxakalí
2209,ataopitikara ia atoko nitxai hite hitxiapatako himatinaniuatako iuasaaki apanakini kakiti ikorapokoriti auakani poxokoniuatako himatinaniuatako eereka hipoxokoni apokapitikako,Apurinã
6128,codaa domaɡa nibeotibigege paulo daɡa yediatece dinyeelo liikoa me ikatice joaniɡidaa leeɡodi melioditibece menidita paulo me dinotaɡaneɡetege,Kadiwéu
8755,kuja ag ky israel ag kuja ag vy ta nyti ge kuja en ag tog ema kar kri rum ke ti kejen ag tog ajag ty venh jagre koreg ven ky ag tog jesus jyjy to ti on ky ag tog to ti ky ag tog u my: “jesus jykre ty sog a kutem ke mu paulo ty un kamen ti en jykre ty” he mu un jagre koreg my ha ra ag ty on ky jesus jiji to ve ti mre ke pijeꞌ u ty ge to mu ag vy ty israel ag nyti tope tu ki rir ti to paꞌi mag kre ag ve ky ti jiji ha vy: ceva he mu ag panh jyjy ti u ty  ke ag ve ti kre en ag,Kaigáng
6877,icoa niiɡaxinaɡanadi awitakaɡaɡa yokaaɡetedipi yemaanigipi domaɡa eliodi me jemaa me jidikotibigaɡajitiwaji me idalaɡata anodaaɡee aneotedoɡoji meote me ɡodewiɡatace okotawece pida jakadi meneɡegi leeditibige me jidikotibigaɡajitiwaji me ɡadoniciwaɡati manienaɡaneɡeni niɡinoa niiɡaxinaɡaneɡeco ɡotiwaɡatakaneɡegi codaa makapetege niɡina anoyemaa moiigi niiɡaxinaɡaneɡeco ɡotiwaɡatakaneɡegi liiɡaxinaɡaneɡeco ǥoniotagodi ane nenyaɡaditetema niɡina anoyiwaɡadi liiɡaxinaɡaneɡeco anidioka limedi mida ane jaoɡate igaataɡa idiwa ɡoneleegiwadi ane lakapetedipi aneotedoɡoji jaɡawatege loiigi ǥoniotagodi me diɡicata ane yowooɡodi naɡa dinawanaɡaditege odaa joɡodiiɡaxinaɡatece niwitakeco odoletibige modiiɡaxinaɡatece me jakataɡa me jaoɡate niɡinoa lidaɡataka ɡodolaadi ane beyagi igaataɡa modi aneotedoɡoji me daɡa ɡodiloikatiditeda leeɡodi me daɡaxa meletedoɡodomi codaa aɡodibatege jesus cristo anokijoatece me ǥoniotagodi niɡijo jotigide aneotedoɡoji naɡakaa yalaɡate anigoteta me iloikatidi niɡinoa niiɡaxinaɡanadi awitakaɡaɡa,Kadiwéu
2041,ininia eereka itakanapari nasaree sitatxiti kapanaoo sitatxitipeka aua itxa kapanaoo karireia poa takote apaka seporo natarii pakini topati takote,Apurinã
22131,yane ihaxikoane poulu ne pahukoti pohuti sendu hundaru koane kixea: —‍yama ra homoehou xoko pahukoti uha koeti hundaru aneye aha koyuhoinoa —‍kixoane,Terena
1790,jejus kot me kep je ma me apenh  hamri nhum jejus me ixrenh pa ne ma me hwyr me ixrenh kaxyw tanhma me inhma kaper to ne me inhma: —e ker ka me ma me piita me kam ri ijarenh o apa no am korma me kep ijaew ket xwynhje nho pika hwyr apa hket ne ry me kep samar nho kri hwyr ka me apa hket ne am me pahpe ijaew nho kri kot pix ma man ri apa me kot tee ri amnhi kukama hamaxper o pa jakama te me kep owehti pikunor ne htyx ri mex ket ne pa pyrak,Apinayé
3139,jesus pekodo samaria eynynonro aga aguehobyry jesus nhenomedado idani modo aguiom kuru  aguely idani modo takaze jesus agui kurado batiza nhenehonly  batiza nhetyby takaze kely tydase myani fariseu domodo jesus keba ola tainwanni modo batiza ieni xina eynynonro modo una tywaga  waga wara tiuntuduo jesus judeia eynynaba idyly galileiaranla odopadyly eagala xina idaly,Bakairi
8971,ky ag tog jesus my to vi mu ag ty hen ri ke mun ti kur mraj me je ky ag tog haꞌ haꞌ he kan mu sir ag ty ti kur men ky,Kaigáng
23023,tii maka sumutohopɨ jupitere eho peori wi'i niikaro niiwɨ tii wi'ikɨhɨ sacerdote paulo ke'rare eho peogɨ wekɨa ɨmɨare o'ori me'ra ma'ma su'a'karare tii maka nee sahaaropɨ wehe wa'kakɨ niiwi sacerdote apera tookahara paulo ke'rare eho peora wekɨare wehe ɨha moro peo si'rimikara niiwa,Tukano
1683,mo kaxyw na mojes kaper a kaga   ta mo kaxyw na mojes kaper a kagaja na me pahte tanhma amnhi tomnuj to ho papa ha amnhi pumunh nhum tirtum kot a me pahte amnhi nhipex anhyrja ne me pahkure kaxyw na pre mojes tirtum nhy ha memoj ne me pahkure me pahte axpen pe paxahkinh ne me pahkure ne me pahte axpen ma paxex o ri papa ne me pahkure a memoj ne me pahkure ane me pahpri ha kaper mar ne tam amnhi nhipex o papa kaxyw ja kaxyw na pre tirtum ijaew kaxyw mojes ma kaper go na pre kaxkwa rum kaper o wryk xwynhjaja kumrex kam hare nhum kuma ne ijaew ma ha kaga jakama na htem harenh o: “mojes kaper” anhyr o hareta apraaw kanreha htamnhwy krisja korma kator ket ri nhum ijaew mojes kaper ma ne hkot ri amnhi nhipex o pa ta nhum krisja kator o mojes kaper o hapex ra tirtum kot kris kukama ho mex a amnhi jarenh xa ha arigrota kator me nhum mojes kaper hapexno na pre tirtum ijaew ma ujarenh kaxyw tam me kam ujarenh ket ne kaper o wryk xwynhje ma na pre hare nhum me amnhi xo ri mojes ma me kaxyw kam awjare kot me o ri me kam harenh kaxyw no apraaw ma na pre tirtum tam kaper na pre hwyr kaper o wryk xwynhje ho menh ket ne tam kot kam kaper jakama kaperja na mex o ijaew kaxyw mojes ma kaper jakrenh,Apinayé
26561,jeju kute ar 'odjwy janorja ar awyr box ne ar ama kukradja jare gar kam panh arkum myjja nga nhym ar kukren o iko nhym be ar ba djam ar bajbit ne gar ren ar ima o panh ket got ar ije ama kukradja jarenhja gar ren ar ima o panhkumrex ar kute ni kute amim jeju mar'yr mor ne ma amikot o ba djam kam bajbit ren ipro'yr imor ket got ba ren ipro'yr imorkumrex wanh ne jeju kute ar anor 'odjwy ar mema arenho ban ma pro japron o ba jeju kot axikot ar apoxdjwy pedrudjwy idji 'odjwybe ne xepa wanh ne ar ma pro japron o ba,kayapó
16876,nxa²­ha¹­te¹­ ka³­la³­ka³­la²­a²­ i³­yxai²­lxi²­ti³­xa²­ je³­su²­jah³­lo²­kxai³­lu²­ i³­yau³­xa²­ a²­ne³­ka³­na²­ha²­ ti³­ne³­wxe³­ yxau²­xai³­sxa³­ wxa³­yain¹­ta¹­hxai²­he¹­la²­,Nambikuára
17480,xafityatiye tahi hatyo ferakeneta jesus hikoaheta hatyakota xane galileia xa haliya xane tyoka one haliya hoka aotyakihena halitinai,Parecis
10809,tai tahe jesuisi tamy rarybere: —kai aobo myyraxikeki wadee tai ako tuu arelyykre kai dyyraxinaomy bidiwatynynykeki tahe adee tuu arelyykre —joao sebedyydu heka morurudibo nade morybekibo tuu tadiwinymahate wesemy morybekibo joao iny risebenymyhyre deuxu rybe‑ki aobo ada iny rybe‑ki aobo tai tahe widee rarybe raryberenyre: —aoma deuxu rybe‑ki tuu rosebedyymyhyre mykeki rakarybenykre taheka: —aoherekibo tetyhynytenyote myle tii risynykre aomamy rikisynyrenykeki: —iny rybekile tii tahe nade myy rikisynyrenykeki tasy kia ijoi inydeereny rakyarananyke joao sebedyydu dori ibutumy iny rityhynyrenyre moma tii deuxu deoduo ratximyhyre heka rakarybenyokre tahe,Karajá
5237,jesse raꞌy ma huvixave davi haꞌe huvixa davi raꞌy ma salomao urias raꞌyxykue piꞌa vaꞌe,Guarani
10350,jesuisi ibutumy judeia mahadu bede bedemy dohodyyna ryiraki rotohodyymyhyre,Karajá
7751,ombogwera ga lazarova'ea jesus'ga py'a omynhetea'ja igwete ga ruri garyvy pe ikwaruhu pe jurukwara pype u itauhua imohinipyra hovapytymbavamo,Kagwahiva
24218,pabloctam alawacunanpa limalichipacun ¡icha ishcay quimsa luclu caynita awantaycalimanquiman ¡aw-ari awantayalcamanquinama,Urubu-Kaapor
420,tupue aexihpyry kurakatopopyry sero jezu a mame jezu a tamorepase toto juteu atamorepatoh tao oserematohae moroto nohpo kynexine tupue aexihpyry me ikonopory taropose eya kure pyra joroko poe morara toehse ynororo jume tupue xikihme owopyra toehse ynororo mame mokyro eneryke tyya jezu a tykohmase ynara tykase ynororo eya —xihxi okurakako ropa ase seromaroro tykase jezu eya mame jezu a tomary ke tapose ahtao axi xikihme toehse ropa ynororo mame —kure mase ritonopo tykase ynororo tukurakase ropa toexiryke,Apalaí
20424,sesus nasare eze niapykyrykspyk kyze sesus nasare bo ziksizo anaeze itaypyk iwaze mybyrykywy eze sesus deus wahoro bo pororo ziknakara deus wahoro bo nitsuk niytahi ziknapamykysokota perytsa deus harere ty papeu ty sesus bo nyny niy iwaze kyik niy deus harere iwatahaha nitsasoko opykani haty nikara sizubaretsa ziwabykynaha tubabatu deus harere isaijas ziwatahaka isaijas deus sohokotsa sesus papeu ty zoksapare niy niytahi papeu zikaha iwatahaha:,Rikbaktsa
15463,ti mꞌ panyyg go mꞌ tamaherꞌoot ma ta ma mateg sa ha hahyy dꞌ ma ta kyyh: —hajong ti anyy dag paawa joom ag wahꞌee dak do ji ataa do panꞌaa pawop its ta taa nꞌaa hahyy dꞌ jesus hanang peh: hajok ta ha hꞌyy kaꞌeeh do panꞌaa paawa pawop its ta ky nꞌaa sa ha herꞌoot do panꞌaa —nang mah —ti hyb nꞌaa tawꞌaats he joom danah ha pꞌop haga do ha be ky nꞌaa etsꞌee tamejo na ta wob joom ha ramoo bok hyb nꞌaa —nang ma jesus kyyh,Nadëb
18244,oniaroa vajoroni'aha adani ija'ari vaipohiki paulo-ra va'ora vidavini-ra vanofi'aha ija'ari vanasohiva abonoa vana'bira'ihi ida paulo silas vihiki vakadimakari sorara-ra vahonariaha: —va'ora vidafiaha'a ava va'ora vidafiahavini naothinia va'ora avisa'aha cadeia cadeia akadava'ava abono-ra vani'aha adani sorara —va'ora daboha bana mahija va'ajihiravini,Paumarí
23896,a'ti ɨmɨkoho pe'tiatoho dɨporo jesu “a'tiro wa'arosa'” nii'ke nii' be'ro jesu kɨɨ bu'era me'ra ɨrɨgɨ oliveira o'akɨhɨ wi'i diakɨhɨ niikɨhɨpɨ wa'akara niiwa jesu toopɨ duhiri kura pedro tiago joao andre apera tɨ'otiropɨ kɨɨre seri ya'akara niiwa:,Tukano
24931,chaynutac chalapacu walmip mana chalapacu wayapan mana cachaycul allinpa cawsaptin'a chay walmipis amatac laquicuyachunchu,Urubu-Kaapor
25613,a ha aima waihu'u pese di 're ihaimana u'asi mono nhimiroti ha ane dama isimiroti ha: “'re danhimroi wa'aba mono o di za dure aimro na asiwi 're asipsaihuri za'ra wa'aba mono o di za dure danhibrom na dawi 're asipsaihuri za'ra wa'aba mono o di za dure dahaiba wasu'u na dama 're asadawa nhipese za'ra wa'aba mono o di za dure dama 're asadawa nhipese za'ra wa'aba mono o di za dure aimama ha te za 're iwaze pese mo ana zama” ane 're ihaimana u'asi mono nhimiroti ha,Xavánte
10989,tai tahe fariseu mahadu rohonyre wii rotyre aobinamy jesuisi rarybekeule heka rimykemy idi ryimyhy kia aoma fariseu ijoio heka riteonyre jesuisi‑o tule herodi ijoi mahadu riteonyre ryyraxire jesuisi‑o: —erydyydu kai heka habuwi tate habu obiti kai heka tobedeerydyymahate deuxu deewinamy awire aobo ariowynyrenykre roma hawa mahadu dinodu‑o,Karajá
1569,ta jar ixpunuj ne ixkri ka me ijarenh ma ne ixwyr kaxpore hkwy re am hamri na ka prem ixwyr are,Apinayé
13499,ya honha 'un te ham'aktux hak mu kuxanog mayon xupep 'iha 'un mog 'uxukpot ha' mog paya yeyox xokxax xip 'ohnag mikax xap kox kopa' xip 'ohnag ha putpu' nun tu pexkox yog mo'pok xop 'aktux tu' penaha no'om ha yeyox putpu' hi'ax 'aktux,Maxakalí
13266,'ukxape xop topa te 'axop putup pax tu tikmu'un xohix kopa 'axop yimogatux tu 'axop miy topa yog tikmu'un xe'e' ha kaxiy 'ugmu'ate pe'paxex tu topa pu ham'aktux,Maxakalí
11876,je ree iporomutareꞌema ꞌga jejeꞌega nuerowiari futari natejeꞌega rui te ꞌa je amomeꞌu pe nupe tejuwarete ꞌga jeꞌega te je ꞌa amomeꞌu temuarera ꞌga jeꞌega etee futat— ꞌjau ꞌga ꞌga upe ikue,Kayabí
18190,hari jesus va'ora kaamina'aha adani ija'ari vaipohiki naothinia vaki'dama'aha adani jesus ai vakihi'aha avakakafianiha magada kaarabonia avako'omisi'aha,Paumarí
9602,upe-ma ramo heꞌi: “ndaxe puꞌakavei-ma upe ijaty vaꞌe kwery-rehe” heꞌi “xe rairo rei-tama hikwai opoxy-gwi xe mongyhyje rei-ma hikwai” heꞌi ojeupe ikyhyje-vy upea-gwi ojerure y-rehe upea y-py ojepohei atyra-py ojogweroaty vaꞌe kwery resa-py ojepohei: —xe poti-ma heꞌi —ko heko jejavy eꞌy vaꞌe ndajukasei heꞌi —ndaxe pyꞌa vairy hese pene nheꞌe-py ae katu ojejuka vaꞌera hesu heꞌi hesu-rehe pilatos,Kaiwá
6827,simao ijaaɡijo niɡijo eledi anodiotibece joɡodoletibige jesus idiaanaɡadii,Kadiwéu
11851,nanuara ꞌga nee janeruwarete ꞌga nojejukai “mamaꞌe tywer are etee ꞌga paruapoweramu tene ꞌga jemogyi otywera etee iapou raꞌne” ꞌjau ꞌga ojeupe aꞌeramu taetu ꞌga ajemogyau mamaꞌe tywera apou ajaupe,Kayabí
26999,kam dja ga on akranma anho pi'ok kapri jamyn o te mramri ne pidjoko'yr ar kute akaten boxja ije arkum o panho kute apyrak mramri ije ama or kot ije arkum pynh ne orkumrex inho ne pi'ok kapri djwynh ba dja ba amim me'a karo kot mema kunga djam kam ijaxwe kati ima ar ja kaprikam ga ren akinh ne nhym be kati angryk me'o nho myjja pro pramje angryk ne kwarik wanh” nam a o pidjoko djwynh ane tam ne ja be dja a benjadjwyr djwynh kute pykakam amim me utarn ar meo bakam mema o panho ane ane jeju a kot ba djwynh arkum ane,kayapó
17090,— hatyaoseta hatyo haliti kalorexe tyaona hoka haikoaheta hawenakala xeta hoka hawakaneharenai kawisa etake olo isehenere enomanaha akiti sema aokowita xoanere xamani ala kajiyanetyahene hoka,Parecis
