index,TEXT,LANG
10492,kaiboho heka kristu tyyriti wese aoma toite riritinymy heka roimyhyre inywo‑ki inyrayky‑ki idi riramy kaiboho burubenykeki aobo kaiboho tewinymahate heka tamy betehebenyke tai tahe rierymy idi rariake ixideele idi rariake hare tahe idi rexibedeerynyke kaiboho heka kristu tyyriti wese heka toite inydeereny iwahidyymy heka tii rare kia tyyriti witxiramy rare ao ritidyyna manamy aoko riwinyreri deuxu tyytybytyhy‑di tahe riwinyreri ao manatyre‑ki aoko roritidyyreri inyraykyreny‑ki inyworeny‑ki roritidyymyhyre,Karajá
14592,imeneju soat em oceju kawen deus eju eywebeam eyaweg tobuxik puje ocebu'u gu ocesop jekawen am eywebeam imen oceju e'em deus pe: — bay ocekitpitpiyu juy egutaybin apen ebikuy ixeyu be jeku am iam — i — ixeyu juy egutaybin apen xipat exe iam apen ikere exe iam tak — i oceju e'em — iboam itaybit cica je'e ip ebiogbuk ixeyu mutaybitbin puye — i oceju e'em cebe,Mundurukú
3228,yataen-hodo kainwyneguyly modo xygatyby modo ehoguedyly imowadaunga,Bakairi
10709,isaia tule rarybemyhyre aoma judeu mahadumy wahe sowemy sowemy imahaduo hare tahe ibutumy tarasanamy reakre deuxu ele elemy rotyynykre timybo rarybere myna ijo‑o ruxetoena riwahinykre ijo‑o adehuna riwahinykre riixawidinyrenykremy,Karajá
24580,jinayalcaptinmi jesus nila: “juc-ladu nasyuncunap puydinincuna jinantin nunantam alafirsa duminalcul llaqui bidacta pasachin jinalculmi ‘allintam lulaya nunacunapa’ nil'a alawacunpis,Urubu-Kaapor
19845,ele nao falou isso por se interessar pelos pobres mas porque era ladrao; sendo responsavel pela bolsa de dinheiro costumava tirar o que nela era colocado,Portuguese
7797,tupana'ga nhanderuvete'ga tomombyry pe me jesus cristo'ga pavei nhandepojykaharete'ga pavei tonogatu ti ga pepy'a no,Kagwahiva
875,kapu ae ayhtohpyry ehtoh saaro kapu ae tooehse ywy xiaro sero nono pona typoetoke pyra sa ywy takorehmaneke pyra roropa yrome akorehmase xine oepyase orihse roropa oepyase oorypyryko epehmatohme ritonopo poenome oehtohkome tykase jezu eya xine,Apalaí
12522,—anna yenupanen anna yepotori taa piꞌ naatii upiꞌ yairi man maasa pra ayepotorikon pe wani tiise uuriya ayepotorikonya ayenupanenkonya aꞌpukon rona piꞌ man miriri waranti ayonpakon puu ronayaꞌnikon eꞌpai awani,Macushi
13349,ha yeyox te: —‍'axop tek mun tikmu'un kutok xup putup pepix mipkupnix tu' hak xup putup tuk xok putup 'iha 'axop te' yummug putup 'ugmun yag mun tu 'axop te' yummug putup 'ate yap-xehnag ha hapxopma 'ohnag pa yognu 'atak yog hamyummug 'aktux 'ate' tu hapxop noy 'aktux 'ohnag,Maxakalí
17044,nexa hoka talatya jihotyaha hatanakoako hatyaoseta kawiyatyaha toli kinatyaxa hoka tyotyaha jiyaha estevao ana hatyohekota nolokasekoatyahene hikoaha menane aka ekakoa xaneha wenakalati nonitata haware ekakoa hoka sehali kakoa mokotyahene iniraeharetyasenae saulo nexarexe xoimahaliti ana isaha haimanasenaiha enomana kaxaikone maheta,Parecis
4090,naꞌe aꞌe maꞌe meꞌegar aꞌe wa nehe uꞌam putar oho muiteaꞌu taw wi aꞌe wa nehe taꞌe ukyze putar maꞌerahy ipuraraw pyram wi aꞌe wa nehe xe uzaiꞌo putar uzemumikahy pa hehe wa nehe,Guajajara
1432,nhum ra kep kwat ne o xijere kama memojja kapi jakama nhum ra hpanha hoja o xijere o te ne goj rum mrymnuti kot me ho amnhiptar xa ha hkri xa ha hkapir pa jakama nhum ra kot me ho amnhiptar xa ha pikaja kama kamat ko htyk par kumrex hamri nhum mrymnuti me hkot me kot amnhi nhipex xwynhje ha kamat ko hpa nhum me amnhi xa htyx a maj amnhi nham o axpen kamnhar tyx kumrex ne a tirtum kot me hipex anhyr a amnhi ta omu ne kama gryk tyx ne tanhma ho kaper punuj to ho pa no am kot amnhi tomnuj xwynh a amnhi pumunh ne kot amnhi tomnuj kaga hket ne,Apinayé
26235,ije ar ama ar tumre jarenhja ne ar kuni amikajma'a metindjwynh mar ra'an ty metindjwynh kute kaben pynho mema myjja jarenhja kaben ja jarenh ja ne ar kraxje kute amim byr ket ne ty nam ar kute amybym noo omunhman prabe amikukam kuman tu amikam kinhkumrex ne mema kum —‍me bajtemkam ne bar iba me o pyka prokam ne bar iba pyka ja ne inho pyka djwynh ketkumrex ane,kayapó
21778,wetup ok tupana ehay moherep hat ti mehi akapu miꞌi tiꞌa­tu­muꞌe kahato itotiaria — pywo ti rat meiuran irane ti yt kat i hin i hamuat iꞌaman yne mesuwat yi tote toineꞌen e miꞌi hawyi ti aru mikoi koꞌi topap kahato hawyi yt kat hin i eimiꞌu topy­huꞌat aru e tupana uhepe e akapu miꞌi hap ewy topy­huꞌat kahato aikota toꞌe hap ewy mekewat morekuat kautiu topy­huꞌat morekuat pakup mo hap eꞌat pe ikahuro raꞌyn iꞌaman yne yi wato hap ok ta,Sateré-Mawé
11445,atroniku ꞌga upe juniasi ee upe je tejeꞌega monou ꞌga futaa jepytuna futat ꞌga jejui ꞌga rerowiareꞌema ꞌga ꞌga imonou imunepa moromunepawa pype je pyri ikue ꞌga jejui ꞌga remimonofera nane futat rakue nu yma jejui ꞌga ꞌga monou ojemomeꞌwaukaa rakue jejui ꞌga rerowiaara ꞌga ꞌga kwaapa najuejue etee futat kristu ꞌga ree ꞌga jemogypyygi je renunewe futat rakue,Kayabí
18526,va'ora vakajoamora'badaraha afobakhia adani kaariha afohanana kaariha kanahina gorani hiki-ra visaarivini kaba'i deu-ra vara vani'a'badaraki athii oadakia vahoariha vajahaka'oaki va'ora vavanihara kaimoni deus va'ora arakhaki bana jaharini arafiakia nikia vakabadaniki — va'ora ni'aha ada jesus,Paumarí
19235,pois ele esperava a cidade que tem alicerces cujo arquiteto e edificador e deus,Portuguese
1126,ta memo kaxyw na hte me pahto hpimraata me pahto hkra na kaxkwa kama kaper o me wryk xwynh pytar xwynhjaja ne mekaromnuti kot me pahte amnhi nhipex nyw o papa ha me pahpumunh kot axpen ma tanhma tirtum jarenh to kaxyw ne harenh o: —kokyy tirtum ahpumunh tyx o ahpumunh tyx jakama na hte tanhma me hipex to nhum me tam amnhi nhipex mex o pa na tirtum ahpumunh o ahpumunh ne hihtyx o hihtyx ane koja me ate amnhi to mex o apa ha me apumu ne a axpen ma tirtum jarenh ane amnepem korma memoj ket ri na pre tirtum me pakukama me pahta tanhma amnhi jarenh to hamri ne jejus kukwak ri a me panhipex ane jao me piita me kam ahpumunh o ahpumunh a amnhi to amnhirit,Apinayé
10929,inyo wabede ywinareny dikeki tahe riywinykeki waluudu rare waha tule iluukre jiary tule iluutyhyre tamy tule arexideosinykre,Karajá
7287,a'ero jesus'ga ei ga pe: —‍ji rui ko ima'eharamo ahe ve,Kagwahiva
3311,ynynonro keba modo inagazedamo yeinwandylymogue mazenagazeolymogue kula yeinwampyra mipyra ola keanka amaemo toenzepa wane mazenagazeomo tuomareba mipyra ola mataunaguynre,Bakairi
22964,enone nguxea ne seno ikotivexea isoneuke ne pahunevo koane kurikopea itea ako akaha'a kurikopea ixomoyea kapine hoyenohiko akoti itukapu ima,Terena
24688,chaychu pablo chaqui yamtacta ashilcamul ninaman jitaycuyaptinnatacmi juc culibray ninaca lupananpita ayimushanchu pablop maquinman alwicalcul cachulun,Urubu-Kaapor
5494,galileia yeꞌe rembe katy jesus ojevy vy heta ju omongueraague jesus haꞌe gui oo vy galileia yeꞌe rembe rupi ranhe oo haꞌe gui yvyty re oe vy oguapy haꞌe py,Guarani
25820,taha wa ma to pi'o nori ha ama tipo're pu'u za'ra zezusihi mreme na taha pari te ab're hawi apa ai'aba're isazei'wa nori u aiba  na ihaiba za'ra nori ma ma to rowasu'u pese za'ra zezusihi sire 're inomro mono nori ma isire isi'ubumro nori ma zama ma to tama rowasu'u pese za'ra pi'o nori nhisi ha ane: mariza madarena dure zuwana dure mariza ti'aduhu na ta nori ha isire pi'o nori me ab're u isi'aba're ha te zezusihi zadawa wasu'u'wa nori ma rowasu'u pese za'ra,Xavánte
24953,niptinmi: “taytay manam pillapis canchu cuyuchishan ura yacuman apaycamani juchuycachacushacamam juccuna apuraypa llallillaman” nin,Urubu-Kaapor
16654,nxe³­ha²­kxai³­lu¹­ ma³­ri²­a³­ ma³­ta³­le²­na³­ka³­lxu³­kxai³­lu¹­ i²­a³­nu²­la²­ a³­ni³­hi²­ a³­wa²­lhxa³­ si³­mau³­ pe²­jah³­la²­ i³­ha¹­txi²­ a²­sa³­wi³­sxa²­ a³­xa²­ je³­su²­jah³­la²­ a³­lxi²­kxah³­lo²­su²­ jah¹­la²­ i³­ha¹­txi²­ nxe³­yhain¹­ka³­tu³­ i³­ye³­kxain¹­te³­nah¹­lxi¹­: — txa²­wa¹­hxi²­kan¹­ta²­ si³­yxau³­jah¹­lai¹­ta²­ o²­kxi²­sa²­ta³­kxi²­ne³­lain¹­te²­nun³­sin²­ju²­li¹­ ih¹­nu¹­la³­ta³­ sa²­ta³­kxi²­ne³­lain¹­te²­sin²­ta²­ku²­ na¹­he²­li¹­ ta¹­hxai²­he¹­la²­,Nambikuára
20520,ana ty hi niahaze deus sohokotsa seremias tubabatu ziwatahaka atsatu my ta tihi: — okyrysaro ty okyrysaro parata hi zibykyknaha ana kino sudeutsa ihumo zihuaknaha kyze itsuhuk ty bo ziaksehyk niaha ana okyrysaro ty itsuhuk huak ziaksehyknaha aektsikni humo tarabaja ziknakarata itsuhuk huak ziaksehyk naha okyrysaro tuk — seremias niy hawa deus niy seremias botu ziwatahaka abazuba anaharere atsatu niy,Rikbaktsa
4419,ameꞌegatu ipupe har wanehe aexak maꞌeaꞌyr teteaꞌu ihe wa: miar tezu moz wiramiri wirahu,Guajajara
22735,kuteanemaka koeku ne ehakovoti kaha'ati itea iparati akomo namuka ne iparati enepomo hakoti hokoa ne nokone vekea,Terena
25545,tawamha zezusi ha ma to wa'ubure ma rob'ru ihawi watobro da isiti te te tama rob'rui wi ma to aiba ha mreme watobro taha wa ma ama tatob'uzu za'ra ni te dure dasima nhari za'ra ni ane: — niwa wa te i'mada'a za'ra o ane ha izarazehe nhihudu nori nhipti'ai 'remha,Xavánte
20501,— aty mypehatsa iakparawy byizeka atahi sinini my — my kaharere niwatihi: — maranata o mypehakatsa aidy tyziksizo — my,Rikbaktsa
2778,kaiokatsoparerini pariseoakori apaka aua iuaa atamatapikarina xesosi atauako erekapeka itxikitakapaniri motikauakotakari tomatiko otisaaki inirekarina xesosi kerokiniri tomatiko otisaaki iparikauatinia ninoa apoitari iua,Apurinã
22708,ina ipihopamaka jesus ne vo'u ukekuke neko hoyeno yane turixovone unatipea inixopea koati unatipotine koane inixopea uha koeti,Terena
16600,nxe³­nxa²­ha¹­te¹­ na³­vi²­o²­te³­na²­ a²­wa³­kxen³­yah³­lai²­na²­ wan³­txi³­kxai³­lu¹­: — nxe³­jah³­lxi³­wxi¹­ ti¹­ai²­li²­ na³­vi²­o²­te³­na²­ a³­ki³­ju³­ta²­ wi¹­lxa³­wi¹­ ti³­ha³­lun³­kxai²­nan²­tu³­ ka²­lo¹­ai²­li²­ itsa²­ta³­kho³­kxa²­yan³­txi³­su²­ nxa¹­wi¹­ nxe³­ha²­kxai³­ fe³­ni²­se²­thi³­na²­ kre²­ta²­ko³­xan¹­thi³­nai²­li²­ a²­la²­ wi¹­lhi³­nxna³­li¹­ itta²­ ti³­ha³­luh³­xa²­ hai³­txi³­ yu³­te²­sxa³­yu²­he³­li¹­ nxe³­thi³­na²­ ai³­sxa³­ yxau³­a³­sah¹­lxi³­wxi¹­ nxe³­sin¹­na²­he³­la²­ a²­sa³­wi³­ha³­lxa²­ te²­ya¹­nxe²­ e³­ain¹­sin¹­na²­he³­la²­ nxe³­yan¹­ta¹­ so³­ta²­to²­ hxi²­kan¹­te²­na²­ hi²­sen³­kxai³­lu²­ na³­vi²­o²­te³­na²­ a²­wa³­kxen³­yah³­lai²­na²­ wan³­txa²­ ain³­kxi²­ a²­sa³­wi³­ha³­lxai²­na²­ wan³­txa²­ ain³­kxi²­ nxe³­sin¹­na²­he³­la²­ yxan¹­ta¹­ pau²­lah³­lai²­na²­ wan³­txa²­ sa²­yxo²­a³­ain¹­sin¹­na²­he³­la²­,Nambikuára
10694,iny retehekre deuxu riore dehemynyna‑di biurawetyky‑ribi kodobehekre kia heka lobixina kanabotoranykre,Karajá
1645,hamri nhum kam: —pa jakaris kwa tee ri ajamaxper o ama ma hket ne na pre tirtum ate akra ha hwyr o apa ha ama ne ha apumu jakama koja tanhma apro hkra xa ho ka kama akra nhum no ne rax ne kato ne myre ka wa ha hixi me nhum kep juaw,Apinayé
6023,odaa niɡijoa ɡoneleegiwadi anodipegitege paulo modita “niɡida makaami ja beyagi motaɡaneɡeni lacilo-sacerdotitedi”,Kadiwéu
23465,mɨsa no'o ya'aro weegɨre akobohoka yɨ'ɨ ke'ra kɨɨre akoboho' yɨ'ɨre ya'aro weetiwi mɨsa pe'ere ya'aro weewi yɨ'ɨre ya'aro weetimika kɨɨre akoboho' mɨsare ma'igɨ toho wee' jesu cristo yɨ'ɨre “kɨɨre diakɨhɨta akobohomi” nii i'yasami mari kɨɨre akobohotika wati kɨɨre ya'aro bɨha weti yɨ'rɨka wee boosami jesu cristo yeere du'uka' boosami mari wati wee wɨasere ayuro masi',Tukano
13722,'ate 'a tu' pip ka'ok xop pu nom hom hak mun ya 'uyog topah ya 'uk-tok xop no'om,Maxakalí
19446,respondeu jesus: o geracao incredula ate quando estarei com voces ate quando terei que suporta-los tragam-me o menino,Portuguese
18158,makhira bini'aha ada jesus: —hora nanamitha'a bana hana hina mahija ovakaijokavini,Paumarí
22765,uke'etimo ra vanuke koanemaka ra poke'e itea enepora emo'um akomo uke'eyeaku,Terena
5725,haꞌe gui ma oipeꞌa vy hekovia davi ju oiporavo huvixavera haꞌe vaꞌe reko re ijayvu vy aipoeꞌi: “jesse raꞌy davi ma ava xee ae rami ipyꞌa vaꞌe ajou xee aipota vaꞌe ojapopa vaꞌera” heꞌi vaꞌekue,Guarani
12175,miriri yeꞌnen uyonpayamiꞌ unsaꞌnamakon miriri piꞌ teesenkuꞌtii pra eꞌti,Macushi
9735,agwahe vaꞌera aha-vy nde ha-py aha eꞌy jave emonheꞌe nheꞌe katu nhandejary kwatia nheꞌe onhomboaty vaꞌe-pe “jajapo katu nhandejary nheꞌe” ere ixupe kwery erehekomboꞌe pora-vy,Kaiwá
16472,in³­txa²­ txu¹­ha²­ te³­nyhu¹­te²­a²­ yxau²­xai³­nyhu¹­kxi³­ju³­ta²­ ja¹­nxe³­sxa³­ a²­hi¹­nai²­na²­ txu¹­ha²­ in³­txa²­ te³­yah³­lxin¹­ta¹­ka³­lxu³­nau³­ i³­nxa²­ so¹­lxi³­ i³­ye³­kxi¹­nxta¹­xa²­ wxa²­we³­sai¹­ah³­la²­nau³­xai²­na²­ sa²­yxo²­we¹­jah³­lxi³­he¹­na²­ yah³­lxin¹­kxai²­nan²­tu³­ wxa²­we³­sai¹­ah³­la²­ txa²­wa¹­su³­na²­ wan³­txa²­ yxo²­i²­ai¹­nxa³­te²­su²­ kxai²­nan²­tu³­ su³­na²­ an³­si³­te³­si¹­hain¹­yah³­lxin¹­jau³­su²­ i³­ye³­ye³­kain¹­yah³­lxi³­txa³­he¹­na²­ hai¹­nxe³­sxa³­ sa²­yxo²­we¹­ti²­ wi¹­kai³­i²­ nxe³­je¹­txain¹­yah³­lxi³­he¹­na²­ yah³­lxin¹­kxai²­nan²­tu³­ wxa²­we³­sai¹­ah³­lai²­na²­ i²­so¹­nxti³­kxai²­nan²­tu³­ sa²­wa³­ti³­nha²­sxa³­ txa²­wa¹­su³­na²­ wan³­txa²­ yxo²­i²­yah³­lxin¹­kxa²­ ya¹­yxe¹­nxti³­tu¹­xa²­ ja¹­nxe³­ya³­nxti³­te³­lhxa³­ ya³­nxta¹­xa²­ ain¹­sxa³­ wxa²­we³­sai¹­ah³­la²­ a²­e¹­nan¹­jau³­su²­ te³­nah¹­lxi¹­: — txa²­sxe³­xa³­ka³­lxai²­na²­ hai³­txi³­ je³­su²­jah³­la²­ sa²­yxo²­wetsi¹­sa²­jau³­su²­ i³­ye³­kxi²­sa²­hxai²­nxa³­he³­na¹­ sa²­nxa³­kxa²­ha³­ta³­nxan²­txi³­ je³­su²­jah³­la²­ sa²­yxo²­we¹­ti³­ten³­sa³­nha¹­ nxe³­sa³­ku¹­ txa²­sxe³­xa³­ka³­lxai²­na²­ wi¹­lhi¹­ni²­ yxo²­i²­nha²­ txa²­wa¹­su³­na²­ yxo²­o²­nha²­sxa³­ yxau²­xai³­li²­ nxna³­na¹­ ta¹­ka³­lxai²­na²­ a²­su³­na²­ wi¹­lhin¹­khai¹­nxe³­jah¹­lo²­su²­ yu³­hi³­nxna³­na¹­ na¹­ha²­kxai³­ sa²­yxo²­we¹­ti³­ten³­sa²­nu³­nha¹­ wxa²­we³­sai¹­ah³­la²­ nxe³­yu³­nxti³­hi³­nxna³­na²­,Nambikuára
11394,aipo ojeupe ꞌga ꞌeramu jefaruu ꞌga yaꞌriꞌi siawonoka imonou imoia yaruu awi,Kayabí
17756,aisakakoaha hoka kirakahare kaxotokaka exahe iraiti xakaisasehare metalahare xoaha hatyo atyo kirakahare xema tyaonita hoka tyoma maomakahare kahare ehaotita halitinai tyakekoahene maheta halitinai tyakekoha emaoserala hoka kirakahare feroxa kakoa kakaferoxatyakaha exahe awaiyetyahitaha kirakahare xaimenekotyaka kaxotokakaha hoka hatyaoseta kaseta kaxawatyakaha irikati enxofre kakoa kiritere koni tyotya esorarexanai kaxaisakaha kesekase hikoitere kawalo iyomere henore kanasakotare kakoa kaxaisakaha hoka hatyaoseta kotehalanai oloho harenae kaokaha nisakatyaha hoka fakatehareha,Parecis
114,atiokia po panape to ehtopopyrypizitiapo po morotoino pauru to toytose wapu ae papo poe peje pona papiria pona enara moroto  maku a toytotozopya turumekase jerusare pona toeramase ropa ynororo,Apalaí
26466,mebe kureo djan arym mema kuretuw mebengetme mojdje kukradja mar djwynhma kuretuw nhym me arym kam akreo kumex ne 'yr prot ne o tym ne pa 'amy nhym me runh krapti arym kutep akupro nhym me arym me'yr o box,kayapó
18714,ovilia akamadaki karajomihi hida hari oniaroa jesus kania vakaikahi'aha adani imposto gathaniva abono ija'ari hojai jahariki vakahojaiki vahoariha khama vanofiki ida jesus kavarani-ra vakamithavini imposto oniki ida jiniro arabo kaka'da'di kabadani abosini kaimoni vakadihojai jaharini vahoariha va'ora vakahibakhiaki adani imposto gathaniva abono,Paumarí
1877,ne satanasti kep kamat ko kama me kot amnhi tomnuj ho me pa xwynhje pam tam na hte me ho amnhiptar o pa ne hkot na pu prem amnhi nhipex o papa raha nhum tirtum tee ri ja ha me pahpumu hamri ne kam kep me papytar pram xaj me pahwyr kra jape htyx kumrex xwynhja me nhum me pahwyr wry ne me pane htyk o me pahte amnhi tomnuj panha kam amnhire ta pu prem hkot amnhi xunhwy nhum tirtum ha me pahpumu ne me pane me pahte amnhi tomnuj o hapex pa te kot amnhi katut kot renh par pyrak jao satanasti pe me pahpyta nhum hpanha jejusja tam kep me pahto amnhiptar o pa xwynh ra htyk o me pahte amnhi tomnuj piita hpanha amnhirer jakama na pu htem hkot amnhi xunhwy nhum me pahte amnhi tomnuj o hapex pu me axte satanasti hkot ri amnhi nhipex ket ne am jejus kot pix ma amnhi nhipex o ri papa,Apinayé
6911,ee paulo emeɡee jidi iboonaɡadi me idecoaditibigaɡajitiwaji jinaɡa ɡadaagititiwaji me ee niwilogojegi jemaa aneotedoɡoji midioka limedi meletedaɡadomitiwaji odaa jiɡidaaɡee amem ,Kadiwéu
20247,mysapybyiriwy humo hi tsimyhyrikosokdanaha deus harere mymywatawyky hawa ikiahatsa mysapybyi ty tsimykaranaha mysapybyi humo tsimykaranahaze deus sesus humo mymyokzohik,Rikbaktsa
17742,hatyaoseta fariseunai axehitiyene: — hoka hiso atyo xoare haoka hatyo hikaxosetyaseheta nexaha — iraiti xakaisasehare atyo naokene — nexa hatyo kaxosehetehenere ihiyeha,Parecis
11922,aipo ꞌga ꞌeramu jua ꞌga enupa aꞌeramu ꞌga ojeꞌega ꞌga nupe: —naani naae katuꞌokara rui je naje rui ꞌga remimurera— ꞌjau ꞌga ꞌga nupe aipo ojeupe ꞌga ꞌeramu —naani janeruwarete ꞌga remimura ꞌga ꞌa kuimaꞌeeteetea te— ꞌjau ꞌga imomeꞌwau ꞌga nupe —je naani je akoteeꞌi maꞌea te apoat te je ꞌga tekou— ꞌjau ꞌga ꞌga nupe uꞌama —je ꞌa aꞌjea futat apymi pee ꞌy pe tekou aꞌere je rewiri ꞌut maꞌe ꞌga te jarejuwarete ꞌga ꞌagesage muri pe nupe— ꞌjau ꞌga ꞌga nupe imomeꞌwau —ꞌga te amut ꞌuwarete ꞌga ꞌagesagea werowiaaramu pe nupe werowiareꞌema ꞌga nupe te ajee ꞌga namuri futari uꞌaga wereko tywerete futat nipo ꞌga ꞌga,Kayabí
16717,je³­su²­jah³­la²­ i³­koxko¹­son²­kxi²­jah¹­lo²­su²­ txa²­we³­ha³­lxi³­nau³­xai³­ ha³­lo²­ai²­na²­ hxan³­je³­na³­kxa²­ yau³­son³­na³­la²­ yau³­son³­kxe³­su²­ je³­su²­ kris²­tu³­jah¹­la²­ i³­koxko¹­son²­kxi²­jah¹­lo²­su²­ jah¹­la²­: — je³­su²­jah³­la²­ yxo²­kwin¹­kxi²­na¹­nha¹­ nxe³­jah¹­lo²­su²­ jah¹­la²­ wxa³­kxe²­ya¹­nhe³­tu¹­wa²­ wxa³­kxe²­ya¹­nhe³­ju³­ta³­nu³­a²­ ain³­kxi²­yah³­lxin¹­tai¹­ti²­tu³­wa²­ nxe³­jutsu²­ ko¹­ko¹­xa²­nu³­ka³­txa²­: — je³­su²­jah³­la²­ yxo²­kwin¹­kxi²­na¹­nha¹­ te²­ya¹­nxe³­tu³­ka³­txa²­ kai²­li³­tu³­ka³­txa²­ wxa³­kxe²­ya³­nhe³­lain¹­tai¹­ti²­tu³­wa²­ ne³­lai¹­nha²­kxai³­ ha³­lo²­ai²­na²­ hxan³­te³­lhxa³­ nxe³­ju³­ta²­nu³­a²­ a³­la³­kxi²­ki³­ta³­la²­,Nambikuára
2110,xesosi itokakitakana atoko sotatoakori kosekari xesosi maka imatsorakitarina imaka mata imatsorakitana ninoa ipi ipi pakini apakapini ikapani ati sotato apakapari ipixini ati sotato apakapari ipixini itxaapota xesosi maka ati imaka patapi auakari imatsorakitana kotxi iotsare auari peerekari,Apurinã
2850,ininia iuaikana akiritana eereka itxana: —kona hisapiretapinikariko apikomoni xesosi pirena kona hoerekapiriko iuaikana xesosi pirena —itxana,Apurinã
6620,odaa me jiditibigaɡaji naɡajo eledi iwakate notaɡanaɡaxi jaotibige niɡina nigejotaɡawa me daɡawii me ee agecaɡalo leeɡodi jaɡakamaɡakaamitiwaji ane domaɡa leeditibige mawii me idinitibeci igaataɡa jowooɡodi niɡina me idinitibeci makaami leeɡodi codaa makaamitiwaji akaami inikaɡawepodi,Kadiwéu
9816,ore ae yma ete gwive orohasa asy voi ore vareꞌa meme ore yꞌuhei ave ituja-ma ave ore ao ore nupa nupa oroiko-vy orova rova vaꞌe ore ore roga eꞌy vaꞌe voi ore,Kaiwá
8458,ky jesus tog jenger jagy han a fe ty ky tog ag my: “ajag ne tog eg ty nen han vanh ha ve sor muꞌ” he mu “sy ke ha ve ha ky sog ke mu: venh ke tu ajag ni uri ke ag vy eg ty nen han vanh venh ke tu pe ni” he tog ag my jesus ti,Kaigáng
4798,aze amo ipehegwer imaꞌeahy nehe amogwer ipegegwer upuraraw putar aꞌe maꞌeahy haw aꞌe wa nehe no aze teko uzeꞌegatu amo ipehegwer rehe wa nehe amogwer ipehegwer hurywete putar wa nehe no,Guajajara
793,tuaro sehtone jezu oepyry ropa symomohtone wekyry tomo jezu oepyry ropa waro matose yrome aepyry ropa poko imeroko ase wenikehpyra oehtohkome tuarohxo roropa oehtohkome omato oepyry sa kueseko oepyry mana tokare pyra oehnoko mana,Apalaí
20303,iwaze usta bijoikpe ezekta taporawy ziokehuhu aba harakykbyihitsa botu nisiokehuhukunaha iwaze byrisoik puetsikbyita bijoikpe iknykta wytyk bo inasik rika mokorobakaze tawata buburu jokboha niy pupuputsa niwatihi jokboha nisipykwy ispianikia byrisoik naro byrisoik humo jokboha pihik tispiarena niyzik mybarawy ezektsa ana pihik zikukunahatsa hi ispi humo niakbakaranaha,Rikbaktsa
13561,ha paot te xonat yog kapitam pu ham'aktux xix xonat xop pu' hu: —‍'uxat pu' xohix mipkox kopa' pi' ka 'axop xakix kaxiy,Maxakalí
21565,taꞌi koitywy eweikuap taꞌyn aikowuat uito hap e iꞌewyte uipuꞌap eweikuap taꞌyn e,Sateré-Mawé
24205,am ricucunapam icha na capushunquina imayquipis cushiculcanayquipa natac imanuyta capacunqui diospa,Urubu-Kaapor
3050,jesus sodadu domodo iwymary aga tawaneim ewanu ume kua nhetobyry akaemo kurado aga agueypyem jesus idaly xidada cafarnaumram,Bakairi
5878,jesus ombovai: — anhete aipoaꞌe: yy haꞌe nheꞌe gui ndapeikoi vy ma ndapeikei ꞌrae nhanderuete poꞌakaa py toꞌo gui oiko vaꞌekue ma toꞌo haꞌe ra nheꞌe gui oiko vaꞌekue ma nheꞌe penhemondyi eme peiko jevy agua re xeayvu ra pendu vy,Guarani
11155,aꞌeramu ki jane jarejemogypyyka ꞌga ree kasi aꞌe pe jane jemogyi ymawarera ꞌga ꞌjawe ne nuerowiari ꞌga kuꞌjywa ꞌga rakue aꞌeramu ꞌga awaweꞌem ojeupe ꞌga remimomeꞌufera ywy pe rakue kuꞌjywa ꞌga ꞌeawera eko maꞌe ꞌjawe futat ꞌga ꞌeawer imu etee futat mamaꞌea jeapoi ipaje maꞌe ꞌjawe futat ꞌga ꞌeawera jyuu aime juowajuu ꞌjawe nane janeruwarete ꞌga ꞌeawera nu saꞌa ae jyuu aime juowajuu pyu wyroꞌo ikysi pawe tameje imonoa iywyterimu aꞌeramu ꞌa ae iywyter ipewara oꞌo resaka ikaga miamu ꞌa ae imowoka aꞌeramu ꞌa ae ikagyawa resaka nan tee futat janeruwarete ꞌga ꞌeawera janeapya pype ose re ꞌga jeꞌega jane mueapyoukaa janeremifutar are mamaꞌe esage are janeparuapower are mamaꞌe tywer are janeparuapower are jarejeaꞌaresage are jarejeaꞌatywer are mimer are ꞌga jeꞌega jane mueapyoukaa nimimarui jane mamaꞌea jarejuwarete ꞌga wi wesak katu katu ꞌga mamaꞌea okwaap katu katu ꞌga mamaꞌea janereaꞌara miamu ꞌga okwaap nimimarui jane mamaꞌea ꞌga wi ꞌga reape jane jemogyi anure nipo jane jarejemiapofera momeꞌui ꞌga upe aꞌere ꞌga jane kwaawi katu katui aꞌeramu jane ꞌga moryteearumeꞌem jarejee ꞌga upe jarejemomeꞌuramu,Kayabí
15268,papuuj ky nꞌaa jawyk do be ha y mejuu: tawꞌaats he be kamahan ta wob tawꞌaats he be y kamahan doo da be kamahan ta wob,Nadëb
6793,owidijedi notaɡa eɡinoateda owidi ane domaɡa ejitedaɡawatiwaji pida ajiditedini igaataɡa inibeotege me idalitaɡawatiwaji me eetawece me ɡadotaɡaneɡenitiwaji amaleeɡaɡa jakadi makaami inikawepodi lionigipi ɡanioxoa naɡajo ane ixipetedice aneotedoɡoji me nebi iditawece oyecoaditibigaɡaji odaa jiɡidaaɡee amem ,Kadiwéu
23112,“ɨsa bu'ese wapa ɨsare ba'ase o'oya” niita basiomika nee weetiwɨ mɨsare ayusere wee i'yo si'rira ɨsa basi da'rawɨ,Tukano
15404,—nesaa do y moo wad wat —nang ma sa ha —mo hajꞌaa kadꞌoo do nado dajeb ha y haeej dak doo —nang ma  kyyh sa ha ti mꞌ sa wahe nꞌaa hedoo do raky gadoo: —dooh hyb nꞌaa aa hyb nꞌaa peet pe ta tii a ky gabuuj he ti ta tii —nak ma sa kyyh ti mꞌ  dawats beeh tuu moweed pꞌop haga do tob nꞌaa yt ha ti mꞌ tabahom kan nu kasagiiw dak ma tyd me ti mꞌ pꞌop haga do tob nꞌaa yt ha moo hebꞌooh do sa wahe nꞌaa rabata dak moweed tuu kajak doo ti mꞌ raky hadoo: —dooh er ky nꞌaa jawꞌyyk do anꞌoo ba pꞌop haga do tob nꞌaa dajeer nꞌaa tabahado dak hyb nꞌaa hahy dajeer majyyw dajeer nꞌaa ti hyyh —nak mah ti hyb nꞌaa mꞌ rahyb nꞌaa newe dak ramametsee hyb nꞌaa hewꞌyyt do joom banang doo judah buuj nadoo do kamag kadebong do panꞌaa,Nadëb
18437,anokhaki hida cristo haria akava'ijoavini ariabinirina oadani anokhaki jaboni ida haria akava'ijoavini ariabini'ina naothinia cristo haria akava'ijoavini-ra kaabokarija vaha ariabini'ina naothinia; ija'ari khaii niriki fori arihimanihi vaha arafiaja vaha ida akadikhaiiniri arihokina oadani hidiaja,Paumarí
14168,— ibocewi wara'at oajem ibuywatwat'ukat — io'e — “juku kariwa” io'e “edinheirom pug ma” io'e “ocekapik gu wara'at pu am oguekabek pit pagom” io'e “oparara ebuxim en warara'acat mudadaybotbon puye” io'e “en ibubum warara'acat xewi iumum gu ma'gu” io'e “en ibubum cexewi ip taidadam gu ma'gu” io'e ibuywatwat'ukat — jesus o'e,Mundurukú
15436,ti mꞌ jesus ma mateg baad jesus kamahan do ky hadoo peed ha: —jesus hyb nꞌaa jawyk do ne tii —nang ti mꞌ simaw peed had nang do maa napah ba ka jesus tii tahanang doo nayyw he tadadag dak ta hatse pooj je tado nyyh do ti tabahop tame jesus we tabatsom hom hyb nꞌaa ta wob ahꞌuum ta jawen hꞌoo go edah ta nabyyh  meet tahyb nꞌaa peh ti hyb nꞌaa karahi rabejoonh tame naa,Nadëb
9466,hesu heꞌi: —xe-vy peporanduha-rami ave aporandu-ta pee-my xe aikwaase pendehegwi vaꞌe-rehe heꞌi ixupe kwery hesu —pemombeꞌu ranhe katu xe-vy pee-my aporandu-ta vaꞌe-rehe heꞌi ixupe hesu upe rire xe amombeꞌu-ta ave pee-my kivaꞌe nheꞌe-py pa aporomboꞌe heꞌi ixupe kwery hesu —ay aporandu ranhe-ta pee-my kivaꞌe nheꞌe-py oporomongarai arakaꞌe  batista amyri nhandejary nheꞌe-py paraꞌe teko rei nheꞌe-py paraꞌe heꞌi ixupe kwery —pemombeꞌu ranhe katu xe-vy heꞌi huvixa kwery-pe ha haꞌe kwery katu ndoikwaairy onheꞌera hesu-pe: —mbavaꞌe jaꞌe rei-ta po hesu-pe heꞌi ojoupe oporandu randu-vy hikwai —nhandejary nheꞌe-py oporomongarai vaꞌekwe joao jaꞌe ramo “maꞌera po ndapejeroviai arakaꞌe hese” heꞌi ara nhande-vy heꞌi ojoupe hikwai —ha teko rei nheꞌe-py oporomongarai vaꞌekwe jaꞌe ramo katu nhane mytuꞌeꞌy ara nhandejehe heꞌi ojoupe —“pende apu” heꞌi ara nhande-vy teꞌyi jusu “nhandejary nheꞌe-py omombeꞌu vaꞌety ae katu joao” heꞌi ara mbavaꞌe tipo ojapo ara nhande-rehe hikwai heꞌi ojoupe huvixa kwery,Kaiwá
5454,mbaꞌeta ymave rupi nhanderuete ayvu anjo kuery omombeꞌu vaꞌekue ndoaxa rivei rakaꞌe mbaꞌeta haꞌe vaꞌe rupi heko vai haꞌe nonheꞌe rendui vaꞌe kuery ombopagapa haꞌe rami rire mbaꞌexa ꞌra tu nhande jaa jepe nhandereraa jepe agua regua iporave vaꞌe nhaendu rive vy mbaꞌeta jypyꞌi senhor ae omombeꞌu haꞌe gui henduare kuery ju omboaxa anhete etea jaikuaa porave agua rami,Guarani
21265,urutoria iuteuria ywania tikuap kahato tupana woꞌo­napin saꞌa­wy­ꞌiwuat hap musei mimo­herep kat som waku watunug kat som yt naku i watunug hap miꞌi watikuap yne pytkai yt watunug i torania pote wati­ꞌa­parap waiꞌe hap ete — ewetunug no e hap ete are miꞌi pote yt uwe i mesuwat yi tote uruto — yt karape i atiꞌa­parap tupana waiꞌe hap ete yt urutoꞌe kuap i iꞌewyte yne aito wuatꞌi puo mesuwat yi totiaria wato­py­huꞌat tupana miꞌa­piheg wuanuaria wo pywo ti rat mekewat eꞌat pe aru — eiperia yt naku i nug haria e aru tupana ahepe torania pe miꞌi toꞌe pote aru yt uwe i aitoria — u pai u an yt karape i atiꞌa­parap emiky­ꞌesat nug hap ete e haria itote kat pote toiꞌa­tu­mo­herep wuatꞌi ehamo aiminug saꞌag koꞌi e miꞌi pote yt wati­wesat kuap i aiwe­moti hap toineꞌen mote e,Sateré-Mawé
21736,miꞌi hawyi so wete­weru haria yt haꞌup nug kuap i taꞌa­tu­we­te­weru hap morekuat pe katu­pono yt kat i taꞌa­tu­we­te­weru hap saꞌup wote miꞌi pote ti mekewat morekuat tineiru puru hat toꞌe tepiat wete­weru iwato kahato hat pe — pyno waure wo areineꞌen mekewat emipuru iwato rakat kai e so — miꞌi hawyi toꞌe tepiat wete­weru yt haꞌup wato i rakat pe wetup ewaty kapiat yn haꞌup takat pe — pyno waku mehi atiwaure raꞌyn uhepiat ewete­weru hap kurin kat mehi e tope wy e morekuat e iesui sehay iaꞌakap puo miꞌi hawyi iesui apoꞌe paꞌi pe — simau e aiuwat som poꞌog morekuat kyꞌe tuwe­te­weru hap kawiat waureꞌe hat e sio mekewat tuwe­te­weru iwato rakat waure hap sio mekewat wete­weru kurin kat waure hap e iesui simau me,Sateré-Mawé
26141,me kute arek katat amijo bajama dja katat mema o panh metindjwynh kute ta amimexo meo mex kadjy ne kute mema “amexkumrex” anhyr kadjy ne kute mema i ny i punu pram ketja nhor kadjy ne me arek katat amijo ba nhym kam metindjwynh katat mema o panh nhym me arym metindjwynh kot tin ne ar ba ra'a: ra'a ne,kayapó
23047,pedro kɨɨ toho niika tɨ'o kɨɨ siro siru tuu wihakɨ niiwi “diakɨhɨta niisari a'te o'akɨhɨre were ko'tegɨ yɨ'ɨre mii wihase ape tero weegɨ ke'egɨ weesa'” nii wakukɨ niiwi kɨɨ toho wihasere ayuro masitikɨ niiwi surara naa nee ko'te duhirore yɨ'rɨakara niiwa be'ro apero ke'rare taha yɨ'rɨaa tii wi'i nee sahaaro kome sope tiropɨre ehakara niiwa naa toopɨ ehaka tii sope basi paria wa'akaro niiwɨ be'ro naa tii sopere yɨ'rɨ wiha wa'akara niiwa yoa kurero wa'a o'akɨhɨre were ko'tegɨ bahu dutia wa'akɨ niiwi pedro ni'kɨta toha nɨ'kakɨ niiwi maha be'ro kɨɨ bahu dutikapɨta ayuro tɨ'o masikɨ niiwi —diakɨhɨta niiapa yɨ'ɨ i'ya'ke niirota o'akɨhɨ yɨ'ɨre yɨ'rɨ dutigɨ ni'kɨ kɨɨre were ko'tegɨre o'oo'api herode ya'aro weetika'ato niigɨ toho niika judeu masa jesure eho peotira nii pe'tise yɨ'ɨre ya'aro wee si'risere ka'mu ta'agɨ o'oo'api niikɨ niiwi pedro,Tukano
14190,fariseuyu cucum o'e ip jewemubatisasan jordaodi be saduceuyu dak cucum o'e ip  o'jekawen cebe ip- -fariseuyu be saduceuyu be dak — deus xewi eyenapon pin eykay itakoma buye eyenapon pin ikereat ipi cicaat puxixim abu jeymukuyjo eyenapon am — io'e — puybu'it'it buxim eyju wuye'uap mubapukatpu buxim eyju — io'e — apen puybu o'jenapon wuykat pewi wuykat mupik pima imen tak eyenapon pin deus o'supi'ajoiat pewi — io'e,Mundurukú
2031,ininia mata: —apiananiri nauikapitikari teoso mereekiti pitxaua teoso akiri pitxaua teoso iokanatakiti itiximoni ikari pitxaua ikara nauikapitika —oa txari iua,Apurinã
12964,miriri anarimakon wani pepin paapa pemonkonoyamiꞌ neken piikaꞌtitoꞌpe tiise miriri wani iniꞌ panpiꞌ kureꞌne paapa piꞌ —mori pe man —taa toꞌpe toꞌya awani inkamoroya paapa yapuri maasa pra miriri toꞌ piikaꞌtitoꞌyaꞌnikonya ekaremekiꞌpi innape ikupiyaꞌnikon neken pra tiise iꞌ kaiꞌma cristo maimu yawiri awanikon ekaremekiiya moropai niri paapa yapuri toꞌya kureꞌne antirikon tipiikaꞌtitoꞌkon wenai moropai tamiꞌnawironkon tiaronkon piikaꞌtiyaꞌnikon wenai,Macushi
12344,miriri yai paapa maimu ke toꞌ yenupaꞌpi jesus naipontiꞌsanya tekkarikon yonpa tiuyaꞌnikon yai timurukun pe toꞌ eꞌpitiꞌpi moropai teepiremakon yai timurukun pe toꞌ eꞌpitiꞌpi miriri waranti toꞌ koꞌmamiꞌpi innape jesus kupi tiuyaꞌnikon yeꞌnen,Macushi
8527,ajag jagtar han je ag tog ke mu isugrin mumeg tug ni ha ra japo vy ajag kato vasan ke mu ky ag tog veseja kata ajag vam ke mu japo ty ajag jykre ve sor ha ve kura ty  ke ki ke ve ag ty ajag vog konan ke ti isovanh tug ni ag ty ajag ten sor mu ra ky ajag tog rir kryg ja tu venh ke mu ky tog ajag my ser tinh mu he tog hemni venh ran ki” he tog u ty ty epra ke ni ve en ti inh my,Kaigáng
4713,ikatu ꞌym maꞌe azapo iteko ihe aꞌe rupi nakwaw katu kwaw maꞌe ihe aꞌe rupi nezewe aꞌe hezeupe ihe — tupan zeꞌeg kwehe arer hemurywete kar putar aꞌe nehe aꞌe hezeupe naherurywete kwaw ihe taꞌe napuner kwaw heruzar haw rehe ihe xe azemumikahy ihe taꞌe ikatu ꞌym maꞌe azapo aha iteko ihe xe,Guajajara
7567,kiro po ti ore imombe'ukatui pe me omanove'ga jiupiragwama yvagi pe nhandepojykaharete'ga omombe'u a'ea ore ve po ti nhande niamanoi ve nehe nhandepojykaharete'ga jesus cristo'ga rura'javame yvya koty nhande koty nehe a'ero ti nhande ndiahoi tuhe omanove'ga jiupira renonde nehe nhandehorame jesus cristo'ga rovatiamo nehe nhandepojykaharete'ga tuhe ti ga rura'javi nehe yvaga hugwi ojyva nehe jesus cristo'ga ojyvame ti ga onhi'iga mbuhuhetei nhande koty nehe ohapukai ti tupana'gapyrive'ga nduvihavuhu'ga nehe tupana'ga apoa trombeta ti onhi'i nehe no a'ero ti omanove'ga vyri na'e gwyvya hugwi okwerava'java nehe – kiroki omanove'ga ojiko jesus cristo'ga rehe omanorame,Kagwahiva
14705,yaum pin gu o'e herodes ibu'u o'e iguycug o'e yaypan'isuat imen o'e buye o'yaum an pit cebe jekawen puye itakoyiayu buye dak- -jewejuayu buye jekawen tag o'yaum,Mundurukú
25832,tawamha ane te wama rowasu'u za'ra zezusi ha: — bata pusizem hawimha bada sebrezeb u ha rowa'a di tawamha ni'wa ha rowa'a na mori wamha simei o di za e mari wa rowa'a na ha rob'mada'a pibui pese wa robra na mori wamha te za aime — ane so'awib o nhere te wama siwasu'u za'ra zezusi ha 're ihaimana u'asi mono ma to tama pisutu 're imorize ha a'a 're mori da taha wa te sina hata'a ana 're mo,Xavánte
198,morarame tomehse ahtao tymaroko tykohmase tyya mame me tymenekase eya tynenyokyryme —jomi poe ytoytoko matose jomiry ekarose pata to punero tykase ynororo eya xine,Apalaí
3475,agueypyem ani paulo pao nhanadyly — tuomare ura xira pyni maunduhobyry waga pabai — kely ani deusram idanara kurado enanaym adakebygueduo ani pao nhepadyly nhedawynly lapyla wara,Bakairi
19455,entao voltou aos seus discipulos e os encontrou dormindo simao disse ele a pedro voce esta dormindo nao pode vigiar nem por uma hora,Portuguese
13438,ha pet nun tu nuktu mo'naha' ha kohnen te' kopaxux ha' naha' tu nu'xup nuy heyak,Maxakalí
8368,rir inh je ni ter ja inh ni ha ra sog rir je ni ky sog ter man ke tu pe ni isy u my: “ter je a tog ke mu” hen ky tog ter ke mu isy u my: “ter ke tu a tog ni” hen ky tog ter ke tu ni ge ky tog veser jama venh ke tu ni ge” he tog,Kaigáng
8517,“moises vi han vanh ag nyti eg jogꞌjog ag ky ag tog ti tovanh ky ga ty egito ra mu man sor mu kyragra ky,Kaigáng
7933,a'ero po ti ji ei jiyvyteri pe nehe: mbaterahetea ji herekoi hepiakatuavo mbaigwe po ti ipavi nhimbatera nehe nura po ti ji ndaporavykya'javi nehe toryva rehe jate po ti ji rekoi nehe i'uheteavo vinho gwovo jiroryroryvamo nehe naha po ti ji ei jiyvyteri pe nehe” ei imbateve'ga,Kagwahiva
9342,pende reko tujakwe remimbota-rupi peiko ramo mombyry peiko ara nhandejary-gwi omano vaꞌekwe-rami rei peiko ara ha nheꞌe marangatu tee vaꞌe remimbota-rupi peiko ramo katu anive peiko tei pende reko tujakwe-rupi ereheja-ma vaꞌera nde rekoha tujakwe ani penhemeꞌeve tei pende reko tujakwe-pe yma gware pende reko-rupi ani peikove tei upeixa ramo peikove vaꞌera nhandejary ndive,Kaiwá
17328,xakore hoka xekohaseti hekota kaxaiko natyo exahe hoka iyateliti isa nomani hoka tyotya iraiti noxakai maheta majudeuneharenae hiye exahe iyeheta natyo leao kanasakota,Parecis
25486,ta nori ha te te sima 're we za'ra 're ihaimana u'asi mono nhimiroti 'rata na rob'ui'ere na dama rowahutu'wa 're nomro mono da tane nhere tama waihu'u pese za'ra o di isimiroti ha tama waihu'u pese za'ra newa tazaha tama pibu pra za'ra di te te dama 're irowasu'u za'ra mono ze ha,Xavánte
26640,ar ba:n kam arym rabema boadji dji boadji dji nhym arym kato katon kam arym abatanh ne ar ba ar ba:n kam arym ruxima obet dji obet dji nhym arym kato katon kam arym abatanh ne ar ba ar ba:n kam arym djexe dji djexe dji nhym arym kato katon kam arym abatanh ne ar ba,kayapó
15458,jesus atsꞌyyt do ta sii habong do panꞌaa panyyg nꞌaa hahyyh ti mꞌ karajꞌaa garirej had nang do nabyy me jesus bawat ba mꞌ tabahapah ma pawop he ajyy simaw peed ramaneeenh doo ta hyyj an-dereh daheeh tahꞌyyb ma resꞌaak karahi me tahꞌyyb sag ne he mꞌ tii,Nadëb
23575,“ape tero weegɨ timoteo me'ra api mari akaweregɨ epafroditore o'oo'ro ɨasato” nii waku' epafrodito yɨ'ɨ me'ra tutuaro jesu cristo yeere were tamumi mɨsa basi yɨ'ɨre wee tamu dutira kɨɨre o'oo'kara niiwɨ kɨɨ mɨsare puuro i'ya si'rimi kɨɨ do'atise kitire mɨsa masika tɨ'ogɨ puuro bɨha wetiwi toho weegɨ kɨɨre o'oo'gɨti diakɨhɨta nii' puuro waro wa'awi werise pɨ'to niiwi kɨɨ puuro do'atimika o'akɨhɨ kɨɨre paha ya'awi kɨɨ se'sarore toho weetiwi yɨ'ɨ ke'rare paha ya'awi epafrodito werika maa yɨ'ɨ bɨha weti yɨ'rɨa boopa toho wa'aka ɨatigɨ o'akɨhɨ kɨɨre yɨ'rɨowi,Tukano
