index,TEXT,LANG
19054,ele proprio nao era a luz mas veio como testemunha da luz,Portuguese
9922,ohendu-ma ramo upea nheꞌe ndikatui ojohu vai,Kaiwá
19219,mas jesus disse: alguem tocou em mim; eu sei que de mim saiu poder,Portuguese
20831,bykyze kytsa: — o mysorokretsa — niaha tahadisahabanahaze itsatsakyhy arehe zipupukunaha peryktsa bo pukpuk nikaranaha iwa sete peryktsa bo zipupukunaha kytsa abazubatsa kwatero miu ahatsa kytsa tahadisahakanaha wytykyryk sihyrytsa ahatsa kino niwatihi iwatsa tahadisahakanaha,Rikbaktsa
14445,jesusyu oajem ikabogatka exintabi be- -naim ka exintabi be jay ibocewi agokatkayu yaypan'isuat'um tujujemjem ip o'e ikabogatka bewi ikot am ce'uat xibuk i'it'et gu osunuy wara'at jagepug ma dak osunuy ce'uat xibuk itop'um e'u'ibit osunuy adeayu o'ju ce'uat xibuk eju ibo ka watwat,Mundurukú
20420,iwatatu mystiazik tsikaeni tsibik tsizubarena ihumo tsimytsasoikiknaha nanabyi tsimytsasokonaha batu pyk zikaha mystiazik izo waha izo tsikaeni niahatu zuba waratok humo mynapokze mokorobaik izo tsikaeni zuba iwahatu mynapokbaik mystiazik niwatihi mystiazik izohyritywa mystiazik humo tsimypamykysokonaha tsimysapybyrikinahaze batu imysapy tsimaha katsa izo hyritywaha tsimaha izo mokorobaikze hwitsa moroktsiroronaha batu sapy my myharere ty sizubaretsa tsipimyikiknaha zeka batu imysapy tsimaha satanas humo myharere pisapybyriki zikzibyituhukutu ihumo tsimysapybyrikinahaze satanas harere bo yhy tsimykaranaha iwa katsa mystiazik humo tsimykaranaha mystiazik tsikaeni tsibik ihumo amy ty batu sapy tsimykaranaha,Rikbaktsa
11618,aꞌerauwe ananiasi ꞌga awau ꞌga upe: —ꞌau je ruri ene resaka ki ꞌei janejararete ꞌga je mut ene resaka ki ꞌei jejui ꞌga ꞌa janejararetea saaꞌe ene ꞌga resaga pe aje raiꞌi aꞌe ꞌga je mut ene resaka ki ꞌei ꞌawamu ene jejui ꞌga rerowiaaramu ereko je ꞌjawe— ꞌjau ananiasi ꞌga saulo ꞌga upe —ojeupe je porogyta re janeruwarete ꞌga ene mamaꞌei uꞌagesagea nane ꞌga imua ene upe nu enererekwaramu nu— ꞌjau ꞌga ꞌga upe aꞌerauwe ꞌga opo monou ꞌga reakwara ꞌarimu,Kayabí
10032,ijo aona aonamy rabire biu‑ki ihewo‑ribi riteosinyreri debo inatxi reuromy yjumy heka rimyra kaa aomysydyyna kidiwydenykre heka debo inatxi reuro aohokymy dyynanamy idi tahe deuxu ykaranamy rexikonanamyhe roikre,Karajá
8506,vasy ajag tog ty tope vi mranh jafa ja nytigti ha ra ajag tog uri tope vi kri fig ti ha ajag fe ty ti ki ge ky ajag ty tope vi me ja en kri fig ajag tog ti ky sog tope my vi ha han ti ajag to tope vy ajag jykre kugrynh ajag ty ty ti vi mranh jafa tu nyti je uri ky ajag tog ty tope krem ke nyti ajag ty ty ti jykre kuryj mi mu jafa nyti je uri,Kaigáng
590,—morarame aparao pako toemukuase ejitu po tuhke toehse toto moroto morarame tynekarotopopyryae ro toto arory se ropa ritonopo kynexine esaka xine morarame imepy ejitu tuisaryme toehse joze warokara kytamuruko tonekunohse eya tyyryhmase toto eya toto zehno toehse ynororo toto emamyryke imukuruko typahpose eya nakuaka,Apalaí
25564,tawamha ubure ma to isimirowasu'u ha wapari za'ra ni danhib'apito ma rob'uipraze ubumroi'wa nori zama ma to dame wapari za'ra ta nori ha ma to oto wapari pese za'ra 're ihaimana u'asi mono nhimiroti ha taha wa ma to zuwa ha a dawabzuri ha tama 'manhari za'ra,Xavánte
8891,kyru ag vy nen u kar to en ka me nyti en tovanh kan venh jykre ha ha mi tig sormni jesus ki ra ha to jykren ni venh kar to ha nimni kri kupra nimni u ty eg senhor mre ke ag to un janhkri ag to venh kar to ke ge,Kaigáng
6411,natigide jemaa mejitaɡawatiwaji me diɡica ane yakadi me dinanimaɡatiwa nige aniatagigi igaataɡa akaamitawecetiwaji jaɡajipaatalo yotaɡa leeɡodi aɡica ane jaɡaditaɡadomitiwaji pida jatematitedaɡawa ijoatawece niɡijoa aneotedoɡoji ane yemaa meote mowooɡotitiwaji,Kadiwéu
20417,iwahatu sesus deus zikwy ziwatawyky sizubaretsa bo deus zikwy ziwatawykyzo niy karireja ezektsa bo deus zikwy ziwatawy sudeja ekze niparakze deus zikwy petok ziwatawy niy,Rikbaktsa
19010,em resposta disse jesus: um homem descia de jerusalem para jerico quando caiu nas maos de assaltantes estes lhe tiraram as roupas espancaram-no e se foram deixando-o quase morto,Portuguese
13672,ha tikmu'un te: —‍notot 'apu 'ugmu'a popma' no'om pam 'apu nom popma mokumamog kaxiy,Maxakalí
14401,— deus jekawen o'guwen wuywebe — io'e moises jebekitkiyu be — “wekawen tag cuy epeku” i juk o'e wuywebe — io'e moises — ite doy musugsugsug on ey'abi dag eywebe kuyjobit am deus a'o kay — io'e moises jebekitkiyu be imenpuxim torojo'a jeje dak o'toymusugsugsug moises igo'a beat tag tak o'toymusugsugsug soat tag “en xipat cica ocewebe” i'e'em pima jebui be ikug iat tag o'toymusugsugsug wuyaweweap ekawen tag jeku ojuyayu wunca doy mukereren'uk ip osodop deus pe jemuisun am toymukerereren'um pima kuka juk deus ikereat o'ju'uk gu cebewi ip deus ekawen tag toymukereren ip osodop soat muisun am kawen kuyat tag,Mundurukú
14793,— imenpuye oguwen eywebe ipi juacayu be deus muymuy buje iboap imuymuyap kay soat em deus gebum gu je'e deus iboap ju'uk cebewi ip ixeyu be deus biogbuk muymuy buje bit iboap imuymuyap kay soat em deus gebum je'e cebewi ip iboap i'uk pa'ore deus pe; apen eyju napa ma e'em “ijop e'eap satanas a'obi o'jebapuk” i imen tak kuy eyetaybit deus a'obi ijop e'eap o'jebapuk iam — jesus o'e — soat wago on — io'e jesus — omuymuy puje ip deus jegebu gu iboap kay soat em iboap ju'uk cebewi ip deus biogbuk muymuy ip pima bit deus jegebu iboap kay soat em- -gasu waram tak gebum je'e iboap kug jeedop ip soat em- -ikereat kug- -deus biogbuk muymuyap kug — io'e jesus,Mundurukú
2312,sotato sikasaaki ineenamauatini ikapani iuaka iamotari anikakitina aua atxiiti ova takakari ova itakakiti matximakati aua auari kona auari kema auite piratakari ipira tinia miatakati,Apurinã
24785,jinaptinmi pedro maquipi shalcalcachil chaychu cacunatawan chay biudacunata ayalcul: “¡licay ¡pay cawsayanmari” nila,Urubu-Kaapor
15017,takꞌep hetsooh do ta jawen ji gadoo do ky nꞌaa hahyyh da he er ahoop doo dooh its tii ha yy peh takꞌep hetsooh doo kabajꞌaa do ta jawen er ha kameta dak do matym go,Nadëb
5017,haꞌe rami ꞌrague py ojegui haꞌe ae yvatea oipeꞌa vy tembiguai rami ju oiko ava ojeapo vy haꞌe rami vy ava rami ojekuaa vy onhemoꞌyvyiꞌive ete haꞌe vy onheꞌe rendu kuruxu re eteve voi ojejuka uka peve,Guarani
7512,paulova'ea omondo pa onhi'igagwera pemondo ti nhinhi'iga ga pe nhaporemo – kiroki ga ojikoty'a jesus cristo'ga pavei nhipaveive'ga omondouka onhi'iga pe me no nhaneiru'ga avove'ga nhaporemo jesus cristo'gareheve'ga omondouka pe me kiroki ga oporavyky huvihavuhu'ga ronga pe cesar'ga ronga pe – ga kaitu omondouka onhi'iga pe me,Kagwahiva
11753,mamaꞌe tywer are etee pejejeaꞌaramu aꞌeramu pee mamaꞌe apou pejejeaꞌar imu ꞌga amu nipo weaꞌaramu akou oporojuka are aꞌeramu nipo ꞌga oporojukau ꞌga amu nipo weaꞌaramu akou wemirekoeꞌema kuja are oko are aꞌeramu nipo ꞌga okou ee ree kuja ee mu nipo weaꞌaramu akou omeneꞌema kuimaꞌe are oko are aꞌeramu nipo ee okou ꞌga ree ꞌga amu nipo weaꞌaramu mamaꞌe tesiru apo are aꞌeramu nipo ꞌga otyweramu akou jarejuwarete ꞌga upe ꞌga amu nipo ojokaraema futaa akou aꞌeramu nipo ꞌga amunarumu ee wemifutar imu etee oꞌmeramu nipo weaꞌaw imu etee futat nipo ꞌga ajuagoꞌwau ajemogyau weaꞌaw imu etee futat nipo ꞌga jarejuwarete ꞌga kurapa,Kayabí
5846,haꞌe rami ꞌrague py joo rami meme pendekuai pejoayvu haꞌe penhomboaxya rupi pejoperdoa ke cristo re vy nhanderuete pendeperdoaague rami avi,Guarani
17326,exakere tehitiya nexa: xiso majudeuneharenae xityotya xaexakerehena xekohaseti xityotya xiso haliti hotyalinae xaexakerehenene,Parecis
8252,ky ag tog ga funfur ty venh kri vam ke mu sir ag my e tin ky fy je ag tog ke mu vesyrenh je ag tog ke mu “jagy tavi tog ti” he je ag tog ke mu “ha tavi ja ag nyti cidade tag ki ke ja ag venh kar vy ag tu man ky venh hyn han ja nigti u ty barco kami goj kri mugti ag ky tog jagy tavi ti hora pir ki tog tuꞌ he kan ja ni” he je ag tog ke mu ge goj kri mugti ag,Kaigáng
23657,mari da'rase kɨora mari wiogɨ duti'karo nohota keoro weero ɨa' toho weeka marire eho peosami,Tukano
23327,adao di'ta me'ra yee no'okɨ niiwi mari kɨɨ weero noho ɨpɨti' meharota be'ropɨ ɨ'mɨsekɨhɨ cristo weero noho ɨpɨtirasa',Tukano
16704,nxe³­jau³­xai²­na²­ a²­nu²­a²­ an³­yan³­nu²­kxain¹­tu³­ka³­txa²­ a²­ne³­nxe³­na²­ ain³­kxain¹­ka³­tu³­ ha³­lo²­a²­ a³­la³­kxai¹­nxa³­kxe³­su²­ e³­ain¹­te³­nah¹­lxi¹­: — ta²­li¹­na²­li¹­ nxe³­nxa²­ha¹­te¹­ a³­lxi³­te²­ nu³­ka³­txa²­ e³­ain¹­te³­nah¹­lxi¹­: — oh³­xan¹­jah¹­la²­ e³­kxi²­te²­sin²­ju²­li¹­ ta¹­hxai²­he¹­la²­,Nambikuára
18276,jesus va'ora nana'dohi'aha adani vahoariha: —nahina mani ida papira athinia deus ija'ari aakoirina kamahini va'ora vara vani'avini hija hana hini badani koda ida deus kava'isohihi jiriki haria va'ahavini hija aakoirina kamahini biva'ahamanija koda ida hoariha-ra aakodiavini ha'a biva'ahamanija koda ida hoariha-ra ava'adiravini iniani biva'ahamanija koda ida hoariha-ra aakava'ijoavini ha'a biva'ahamanija koda ida hoariha abinini iniani hana hini badani ida deus kava'isohihi jirikia bihonariaja aakoirina kamahini bada ani'avini — va'ora ni'aha ada jesus ni-nahina jesus athi-ra vagathani'iki viso vakhani'oamaniha adani ija'ari,Paumarí
26553,me abajtemma ne ba ikaben kritu ne me abajtemma ijano ije me ama kritu'a idjujarenh kadjy ijano ije me ama kritu'a idjujarenhkam ikinh ne mebe idjaerma me akam ikinh jarenh kume:x,kayapó
3237,aituo myani jesus aguely: — akelomo enanaji koendonro amaemo deus ola tutuze koendonro keba mawylymo tywangueim ara kula kurado iomazeandoem amanhekylymo deus xuraem,Bakairi
5251,haꞌe gui ikuai rakaꞌe sete joegua tujave vaꞌe ma omenda vaꞌekue ri taꞌy eꞌy re omano vy guaꞌyxykue oeja guyvy pe,Guarani
17517,axene hoka jesus nexa ihiye: — tyotyaha ehaotya hitaha niraeta nikare naotyakisahitene iraexatyakalati hanako xahohisakoatyakalati hanako hare hoka maisa atyo xoana xowaka xoare metereta niraexe — nexa — xoana hoka haxita natyo kahare halitinai sema niraini maika hatyonai haxa hoka xakaihaha hihiye — nexa jesus sacerdotenai xekohase niraine nahalakoa,Parecis
5711,hataxi mbyte gui oe tuku haꞌe yvy re ojeꞌoi haꞌe vaꞌe kuery pe omeꞌea japeuxa yvy rupigua rami jopi agua haꞌe kuery pe aipoꞌea ojavyky eꞌy agua yvy re nhuu haꞌe hogue vaꞌe nei yvyra ikuai vaꞌe haꞌe ra avakue rova re nhanderuete guigua kuaa ukaara nomoiaia vaꞌekue anho tuku kuery jojuka agua ꞌrague py haꞌe kuery pe omeꞌea tei nhirui jaxy re nhomoingo axy agua rive haꞌe ramo japeuxa jopi vy nhomoingo axya rami ꞌra nhomoingo axy haꞌe vaꞌe jave py avakue onheaꞌa ꞌra omano agua tei ndaꞌevei ꞌra omanoxea oendu tei ndaꞌevei ꞌra omano agua tuku ma kavaju joe opuꞌa agua katy guara oguereko katu pyre rami ojekuaa inhaka re oi coroa ouro guigua rami ojekuaa vaꞌe hova ma ava rami ojekuaa hiꞌa ma kunhagueꞌa rami hai ma guary rai rami opexo re ma oguereko pexo regua ferro gui ojapo pyre ramigua ipepo revovo ma joe opuꞌa agua katy karoxa heta kavaju omoata heravy vaꞌe revovo rami huguai ma japeuxa rami ipopia huguai re ae oi tei nhirui jaxy re nhomoingo axy vaꞌera haꞌe kuery rerekoa huvixave rami oguereko vaꞌe ma anjo yvykua pytua pygua haꞌe vaꞌe rery ma hebraico py abadom haꞌe ra grego py ma apoliom,Guarani
15869,dooh noo go aas sa ha pꞌop haga do herꞌood ba: “aso hup yy henh si y mabagꞌaas hyb nꞌaa a majii y nesꞌeem ba ka” saaw-mo  ha takerii dak tii ta tꞌaah ha tabaherꞌoot ta tii,Nadëb
8023,un men ter ja u fag kre vy nyti fag kreꞌkre mre ha ky fag kre ha vy fag ki rir ke muꞌ ag ty ajag mre ke fag jagagtan ky tog ha ti u ty ag han mu fag ag ty gir nyti ka fag tog ag jeꞌyn ja nigti ky ag tog venh kaja je fag jeꞌyn mu ha tope jykren ha ve tag vy ti my ha ni,Kaigáng
15837,ti mꞌ taky hadoo enh: —ti mꞌ abaraam pꞌop haga do mejuu sa taah ramasuuj noo byyh ehok pꞌop haga do karapee rabahadoo do heen nꞌaa ti hyb nꞌaa mꞌ abaraam tꞌaah isak had nang doo  tabado dak ba ta ah abaraam masuuj noo byyh hog hom tii dꞌ ne he ka isak jakoh yb jakoh ka ta had see isaraew  hedoo do radu na do isaraew buuj sa panaa,Nadëb
23519,jesu naare niiwi: —weremiwɨ yɨ'ɨre eho peotiwɨ yɨ'ɨ wee i'yose yɨ'ɨ pakɨ dutise me'ra yɨ'ɨ o'akɨhɨ bese'kɨ niisere mɨsare i'yo',Tukano
10989,tai tahe fariseu mahadu rohonyre wii rotyre aobinamy jesuisi rarybekeule heka rimykemy idi ryimyhy kia aoma fariseu ijoio heka riteonyre jesuisi‑o tule herodi ijoi mahadu riteonyre ryyraxire jesuisi‑o: —erydyydu kai heka habuwi tate habu obiti kai heka tobedeerydyymahate deuxu deewinamy awire aobo ariowynyrenykre roma hawa mahadu dinodu‑o,Karajá
6341,emaani eledi oko manitawece ɡadaaleɡena codaa oxaxini ane beyagi pida oleetibige me iwitece anele,Kadiwéu
3877,aituo ani yam aguely: “saulo kydamudo ideusry aduakely tamaryem adienkylyla ayam tiuntuen-hondyze ato jesus maendyse maka jesus adyka inakanhe aitanry jesus lelala ayam aguely maindadyse maka,Bakairi
18661,ija'ari hahavi araboa vahojakia vagathaniki bana ida vakadihojai asohiriki abosini oniani ida ija'ari-ra va'ora naabinija vaabinirina oadani ija'ari cristo monina jahakia vara va'ora vani'avini hija monina jahaki-ra vakapoariha; mahi anokhomiriki jahaki-ra vagathaniha abinihi ida abonoi hokihaha'oadahahi ida vama'onahana deus kamahi fori hiki,Paumarí
26800,kam akmere ar dja gar benjadjwyr djwynh tyk mar kadjy akupron abenkam amako nhy kwarik wanh aben be anho djwy 'amynh ne tu o aprot ket dja gar abenkam amako nhy,kayapó
3740,xygatyby modoram podo egameyby wara yapaiguelymo: “tawala jesus einwanni modo xygatyby enadoram ietyby podo nhadyly tawalapa” myguelymo awara waga ise iwera aurudylymo kura jesus einwanni modo einwantanry modo takaze deus waga kiuntuly tamaynela ola kine sawoem kipyra kitoem sawoem kidyly-ro watay ize kydato kula aguienkyly kagonro modo kienmawyadabyra kura cristo eynyna kypemugu kinwynedyly watay ola deus ize ato imaem lelala anhetomoem adyenehonze kura,Bakairi
1383,hamri nhum jejus kam: —na amykry hkot me wyr xwynhjaja na htem mex ne axte wyr ket raha hikwy na htem am amnhi par pix kuho ne hikwy ja pyra ne tirtum kot me ane me ate amnhi tomnuj ho hapex par xwynhjaja te amykry hwyr me axwyr ne amex pyrak ka me te me kot amnhi par pix kuhonhta pyra ne axte tanhma amnhi tomnuj to hamri ne tirtum ma amnhi jarenh kure kumrex ke ane amnhi katut kot ate amnhi tomnujta me ne ho hapex na pre ra me ane me ate amnhi tomnuj o hapex no am me apiita hket ota ari me anhioja pyxire ne ari amnhi tomnuj raha ri pa jakama te wyr ket ne ari gra htyk rax kam ri pa pyrak ane,Apinayé
26190,me tyk ne akubyn tin jabej me jeju kukij nhym panh me ja 'yr box mekbe xadjudjeu ne me kwy 'yr box nam we me —‍kati me tyk ne akubyn tin ket ane nam tu me tykkumrex ne ane me ja kwy ne me 'yr box ne kute myjja jabej kukjerma 'ex ne kum —‍benjadjwyr we mojdje ne me bama me badjupanh'a karo ne 'a pi'ok no'ok ne me'o pro'yr mor ne kra ket ne tyk nhym atari kamy'o panh 'yr mor ne kute kum kra djirma are ane kamy kumrex 'yr morja tyk nhym kam kamy panh 'yr morja kute kum kra djir nhym kam kra kutewaja we kute bam kamy kumrex tykja nho myjjao aminhoma nhym bep atari ja ne kute we bam tin nho myjja jao aminhoma nam a we mojdje 'a me bama karoo ane,kayapó
17735,nexa ihiyeha: — xahikoahetehena xityotya alita exe xoimahaloti maisa waini xini nemakitata — nexa nexa hoka koexahalisahene ehatyaharene aokaha,Parecis
18900,jesus va'ora kaabaniki adani farisio vakadihojaia c- hari anokhomi'ihi ida jesus kavarani farisioa bikaboa'i'aha ada jesus gorana 'baira kaimoni okhaha ada jesus okhajakosiha mesa kania vithi'aha,Paumarí
13211,ha 'ate tikmu'un yayta xop pu ham'aktux ya yumug xuxya te' xat pu tu yay xatat hok yay xatat puxi' hok xip tu' noy mug hok tu moktu xe yay yipxox mug xix yay xetut mug nuy nu mutik tu ti ka'ok 'uxeheh,Maxakalí
22296,yoko enepone “vunae” koeti yayeke enomone ne sasa'iti omixone ituko'oviti epo'oxo koekuti xane ovo'o koeku ne sasa'iti omixone vunae veyopovone uha koeti ne itopati exea koeku,Terena
22075,vo'oku hara koe ya emo'uke ituko'oviti vo'okuke: “koati kuvovoti ituko'oviti ne abraum inixinoake ituko'oviti itukeovo ponovoti nonekuke” koe,Terena
5143,haꞌe gui igreja re opena vaꞌe re ayvua ramo ejapyxaka eme mokoi eꞌy vy mboapy gui rendu eꞌy vy,Guarani
18812,atalia adamininia avikharafoni'aha kanava kakarahoa vaki'dama'aha ai vakihi'aha antioquia da siria avakajoi'aha hari antioquia da siria vania kama'da'ia ida vakadiadahai vaadahana viahania jesus cristo kaija'aria vakanikhariaki ada deus va'ora akadava'ara kaimoni adani vi'bamiki anokhomi'ihi ida vakadibadani avakajoi'aha,Paumarí
652,mame mokyro toserehse tykytyky tykase ynororo tukurakase ropa toexiryke jezu epataka tooehse tosekumuru po typorohse emero kure turuse inukurakahpyry a,Apalaí
26160,ximoxi'a ujarenh adjym dja ba i wam ar awyr ximoxi jano ije ar awyr anorma tu amija benjadjwyr jeju kamnhixkumrex dja ar akam box ne akubyn iwyr ten box ne kam ima ar ajare kute ima ar ajarenh mexo dja ima ikinh jadja ba kam ajte ikinh ne,kayapó
26902,kute ngonhpok'a mema metindjwynh kaben jarenh djwynh jakre ba ajte ar ama 'odjwy jare djam me kute ngonhpokma angjenh ne kute ngonho 'a pro got ne kute ikwa dja krakri umjyr got kati ngonhpok ne me kum angij ne tu kenhkam umjuw nhym mema kikre kre kurwyo ku'e nhym me mran wangij nhym prine mema ira dja gar a abe ngonhpok man prabe a mema metindjwynh jarenho ane ge me kuma,kayapó
24212,niptinmi nipacula: “taytay yanapaycalillamay-ari diosman chalapacuynicuna winananpa” nil,Urubu-Kaapor
19028,despedida a congregacao muitos dos judeus e estrangeiros piedosos convertidos ao judaismo seguiram paulo e barnabe estes conversavam com eles recomendando-lhes que continuassem na graca de deus,Portuguese
642,tamoreme kyrixtu kynorihne toiro ahno rypyry epehpyryme inekarohpyry kure kuhse mana jumame mame totyhkase ahtao kyporohne tuisame imehxo ritonopo apotunuru wino,Apalaí
11141,nasare pe ꞌga oawet morogyta momeꞌupaw ire jejui ꞌga awau uema amunaw awi ojeꞌwyr ipe ꞌga awau nasare pe ꞌga awau opytawaipa peu wekwaw ipe ꞌga peuwara ꞌga muꞌjau judeu ꞌga jatykaaw ipe aꞌeramu peuwara ꞌga ajemogyau oporesagamu ꞌga ree: —awyja te ꞌga amuꞌakwaap mamaꞌe are nuꞌu maꞌja paje mu sipo ꞌga aeremiapoeꞌema apoi— ꞌjau ꞌga ajaupe,Kayabí
25457,zezusi ha timama ma mreme re ha aimawi oto i'ubu ha dure ma to ti'uza haira haira uptabi di i'uza ha ma ai'ubuzi tawamha aiba ha maparane ma to iteme sihai're zahure mozesi nori ha eriasihi me ihaiba na ha rowa'a sa'ete zahure di ta nori ha zezusihi me te sima rowasu'u za'ra 're ihaimana u'asi mono te te tama ipisutuzeb zarina za ida'azem na zeruzare ama te te sima rowasu'u za'ra re te pedru nori ha tinhoto za'ra soto pese za'ra di oto utu za'ra wamha ma to zezusi ha 'mada'a za'ra ihaiba na ha rowa'a sa'ete di aiba nori zama i'rata isima'wara zama ma to 'mada'a za'ra,Xavánte
423,ynara ako ase ritonopo a “papa kapuaono kure roke karaxiapoko tyriko toretyke pyra tyriko toto roropa” ako ase opoko xine morara ako ase roropa jezu kyrixtu a kuesekomo a,Apalaí
17509,xala xamani atyo enore xaotyakiraho tyakekota hoka enore xema atyo tyaonita hoka enore atyo tyaonita ekakoa isekohaliti isehenere womana hiyeta waiyekehalakita womana exeharenae,Parecis
4278,nerezeruzar kwaw ko hezeꞌeg rehe ne tupan wexak amo ꞌar ur maꞌe ram aꞌe aꞌe maꞌe heremimumeꞌu kwer uzeapo putar tuwe aꞌe ꞌar mehe aꞌe nehe nerezeruzar kwaw hezeꞌeg rehe ne ko zeꞌeg tupan hemimumeꞌu karer ne aꞌe rupi erepytuꞌu putar nezeꞌeg ire nehe kury nerepuner kwaw nezeꞌeg wi haw rehe nehe te aꞌe ꞌar ihem mehe nehe aꞌe ꞌar mehe uzeapo putar aꞌe maꞌe heremimumeꞌu kwer newe aꞌe nehe aꞌe ꞌar mehe erepuner nezeꞌeg wi haw rehe ne nehe,Guajajara
4565,uruzeꞌeg izupe ure kury — azeharomoete nazawaiw katu kwaw nezeꞌeg urewe kury urenu katu nezeꞌeg kury naꞌuremuꞌe kwaw pe iko maꞌemumeꞌu haw imumeꞌu pa ne kury aꞌe rupi urukwaw katu weraꞌu nemaꞌenukwaw paw ure kury azeharomoete erekwaw maꞌe paw rupi ne eremumeꞌu tuwe maꞌe iko urewe kury nurupuranu kwaw nerehe ure kury azeharomoete uruzeruzar tupan hemimur karer romo nereko haw rehe ure kury uruꞌe izupe,Guajajara
8739,ky u ty hen ri ke ag vy isogvanh ke mu sir en ka ajag mre ke fag to je ag tog ke mu inh kato vasansan mu ag my ky ag tog jagne to vi konan tavi han ke mu ge,Kaigáng
12108,iꞌ kaiꞌma esenumenkan piꞌ naati cristo enukuꞌpi piꞌ kaꞌ pona eꞌmaiꞌ pe awautiꞌpi non yoꞌkoi miriri tipo miikiri ri enukuꞌpi kaꞌ pona tamiꞌnawiron yepoi ipikku pe tiwanipa kaiꞌma moropai tamiꞌnawiri pata kaisari non po kaꞌ po aakoꞌmami siriri tamiꞌnawironkon yentai tiwanipa,Macushi
4215,tupan zanepyro tuwe aꞌe aꞌe rupi zazekaiw weraꞌu tuwe zeꞌeg azeharomoete har rehe nehe zeꞌeg zanereminu kwer rehe nehe aꞌe rupi ni amo nazanemuzeruzar kar kwaw wemuꞌemaw rehe aꞌe wa nehe,Guajajara
9880,aime jave upe-py mokoiha hata-ma voi vaꞌekwe xe anhemonheꞌe vaꞌekwe hembiapo vai vaꞌety-pe ambue kwery-pe ave anhemonheꞌe vaꞌekwe koꞌanga katu mombyry aime ramo jepe haꞌe jevy-ta xe: ndaiporiahuvereko moꞌairy avave-pe ajohu ramo hembiapo vaikwe hese kwery areko asy-ta voi ixupe kwery oi raꞌe gwi “tojehexa uka pora katu nhande-vy cristo paulo omombeꞌu ramo” heꞌi rei raꞌe xe-rehe pehexase paraꞌe cristo puꞌakaha anhemonheꞌe ramo pee-my agwahe jevy ramo peikwaa voi ara “paulo cristo remimondo vaꞌe voi” peje hagwa xe-rehe ohexa uka marangatu ete voi cristo pene paꞌu-my imbaraeteha,Kaiwá
16473,yxan¹­ta¹­ su³­na²­ u³­wha²­li¹­txa³­nxu¹­tai²­na²­ a²­wan³­txa²­ ya¹­nxe²­ kai³­ye²­na¹­tu¹­wi¹­ je³­su²­jah³­la²­ ta¹­hxai²­he¹­la²­,Nambikuára
12782,maasa pra kaꞌneꞌ pe ri amiriꞌnikon aneraꞌmapai pra wai tiise akoreꞌtaꞌnikon ikoꞌmanpai wai kureꞌne ituꞌse uyepotorikon wani ya akoreꞌtaꞌnikon uukoꞌmami,Macushi
14993,imen e'em deus ekawen tup: “cekay itabucat soat em icokcok jeenuy jetabucap kug” i imen judeu judeu'umat co'i deus xe jesus cristo soat kukukat- -judeu kukukat judeu'umat kukukat tak imentak ixe soat em xipan soat kug- -“obuywatwan cuy eguy” i'e'em cebe iayu kug- -judeuyu kug judeu'umayu kug tak imen e'em deus ekawen tup: “obuywatwan cuy eguy ocekukukat” i'e'e'ukayu idaxijo- -soat ip idaxijo i,Mundurukú
6970,joaniɡidaaɡeeta aneotedoɡoji lotaɡa “niɡina ane daɡa judeutedi beyagi modotaɡatibige aneotedoɡoji leeɡodi ɡadakataɡa anakaami judeutedi”,Kadiwéu
7577,ga i'urame jesus'ga ei ga pe: —‍imombe'ukatuavo ji ei pe me: pepyteripeve'ga po ti ji pyhyguka jijukahara'ga pe nehe ei ga,Kagwahiva
12805,tuna yenseꞌ betesda po priꞌyawon pepin yepiꞌti jesusya tikoꞌman pe tiikoꞌmami tipo jesus witiꞌpi jerusalem pona judeuyamiꞌ festari weiyu esepori yai,Macushi
7129,kiro jesus'ga tayri'ga mbuhurukari ojipyri a'ero epo'a ti gapyteri pe javo,Kagwahiva
21687,— pyno meiupe ro ehewatym hawyi muki­ꞌite waku watuwat eika­ꞌiwat yat kape e pyno eiwe­hytꞌok to uhytꞌiꞌin e peteru meimuewat itaria ywania pe ihotꞌok hawyi toto raꞌyn peteru iꞌatuupi iꞌewyte iesui potmu­ꞌeria tawa iope piaria iraniaꞌin tuwat peteru upi,Sateré-Mawé
7193,soldados'ga pe ga ei: —‍oromondo ore itambere'ia pe me ko nura ti pe'ji imombe'gwovo ojipe'ga pe pe'mbero pe'ji ti: “ndorohepiakatui reki ore jesusva'ea ryvya ypytunimo orokia a'ero jesusva'ea remimbo'ehara'ga nduri ahera'oa mima” a'ea ti pe'ji pe'mbero po ti pilatos'ga henduvi ikwahava pekira nehe a'ero po ti ore ga ma'ngoma'ngogi tonhimonha'ngayme ti ga peporavykykatue'yma rehe nehe ei ga soldados'ga pe ga mbo'eavo mbehea rehe,Kagwahiva
12616,tiise taꞌpi pauloya: —kaane anna witi pepin anna poꞌpitiꞌpi toꞌya tamiꞌnawironkonya eraꞌma tanne anna romanoyamiꞌ tiise moropai amaꞌ pe anna anarimapai toꞌ wani taripai tiaronkonya epuꞌti namai tiise tiwi toꞌ naiipii anna rumakatoꞌpe toꞌya tiiwaririꞌnikon —taꞌpi pauloya,Macushi
21934,miꞌi hawyi peteru tiꞌa­tu­wesat — more­kuaria e waku kahato urutunug wuatꞌi eimi­ky­ꞌesat ewy wen maꞌato karape eipe urupo­ꞌoro yt tupana miky­ꞌesat ewywuat nug hamo i miꞌi pote ti poꞌog waku urutunug tupana miky­ꞌesat ok ta waiꞌe­weiꞌe pytkai e peteru,Sateré-Mawé
7507,aere oapygame mesa pyri ga pavei ga ipyhygi pao onhi'iga tupana'ga pe hehe ndepyry hete nde imbuhua ore ve javo kire ga haygwe'rogwe'rogi pao imondomondovo ga pe,Kagwahiva
2996,iuasaaki xesosi sakire auiakani imisiritaakaika xoteia topa karireia topa samaria topa pakini auaika xesosi sakire auiakani misiritiko iuasaaki erekari matamatakoti sikataparaxiniretana ninoa kakiti itoapotari auikiniri xesosi sakire ikamarina maerekati kotxi iteene ipikarina apiananiri,Apurinã
5954,— mbaꞌe nunga re ndaꞌu ambojoja ꞌra aygua kuery reko mara rami ndaꞌu haꞌe kuery ikuai,Guarani
23691,ɨsa a'tere toho weera masa ɨsare “niyeru bahuriopa” nii dutitira toho wee' a'tere weera ɨsa mari wiogɨ i'yoropɨre keoro wee si'ri' toho niika masa i'yoropɨ ke'rare keoro wee si'ri',Tukano
15406,ti mꞌ an-dereh mahuum kan simaw jesus we ka ti mꞌ jesus begaa dak simaw we ti mꞌ taky hadoo ta ha: —om ne simaw jowaw had nang do tꞌaah om jowaw see ta ti simaw yb dooh jowaw nu gahemꞌuun do paa tado ba dooh na-aaj he ti jesus ma meteek do seeh jowaw had nang do tado ba hajok jowaw had enah doo —nang mah —hy jawen sepas a had ka —nang mah peed rahanang pe ti ta tii sa kyy me ti sepas “pa” rahanang pe mꞌ tii,Nadëb
15208,aa karen sahonh he er wahe nꞌaa jesus kristo ha hadꞌyyt kamahan do we pꞌop haga do ky enyym jaam he ka,Nadëb
12600,paapa man yekaton wanni pe yapurinenanya yapuri eꞌpai man tekatonkon ke seruꞌyeꞌ pe tiweꞌse pra —taꞌpi jesusya,Macushi
10017,inyo rarybekeki: —jiary jesuisi reeryre irybe bede ywina riywinyokeki iny ruidu rare inatyhyna rityhynyore,Karajá
9247,—amombeꞌu-ta pee-my xehegwi ojere eꞌy vaꞌe rekoha oga jekoka rehegwa nheꞌe-rami oga jekoka oga pygwa voi mbaꞌegwasu voi oga pygwa oga oiko gwive ndojepeꞌa moꞌai oga-gwi ijekokaha upeixa ave xehegwi ojere eꞌy vaꞌe onhembohekombaraete xe nheꞌe ojapo meme vaꞌe oiko vaꞌera nhandejary oiko ha-py nosevei vaꞌera nhandejary renda-gwi mbaꞌegwasu vaꞌe ramo opyta pyta vaꞌera upe-py xe-vy onhembohekopyata uka vaꞌe-pe amoingo ara tupa xe jary reꞌyi ramo ogwejy ramo yvay-gwi jerusalem hery vaꞌe teta pyahu haꞌe oiko vaꞌera upe teta pyahu-py xe ave xe rekoha tee-rupi ajehexa uka pora-ma ramo ixupe areko-ma vaꞌera ixupe kwery xe reꞌyi tee ramo upea haꞌese nde-vy,Kaiwá
21409,miꞌi hawyi ti atioto raꞌyn iesui uiꞌyat tote kape imoenuk uiꞌyat piat hamo miꞌi hap ti typyꞌi kahato yt naku i rakaria wuatꞌi puꞌap pyhyp haria uiwyriaꞌin toꞌe toꞌe kahato uiꞌyat kape teꞌerenuk hamo uimi­kaykay koꞌi miꞌiria ti teꞌerenuk itote iesui wywo iꞌewyte iesui potmuꞌeria wywo toꞌotokpe tokpe yt naku i rakaria wywo uruwywo,Sateré-Mawé
11547,—koromu futat nipo ajee ene jarejuwarete ꞌga raꞌyramu— ꞌjau ꞌga ꞌga upe —aꞌjea futat poromu peꞌje— ꞌjau ꞌga ꞌga nupe,Kayabí
1364,koja tirtum ja kaxyw tanhma me akra hto ka me tam ajamaxper mex ne ker ke jejus nhyrma akupyn wry me kot hkot amnhi xunhwyr xwynhje me ro ha akupyn wry hamri ka me mepanhipeexa tirtum kuta amnhi kukama ajamaxper ne tam me ate amnhi nhipex a amnhi pumunh kot akinh ne apikunhar o kuri akuhe no ri tee ri amnhi kama ajamaxper ne ajakwamnajre ne akuhe hket ne,Apinayé
17276,anjo baberanese xoaha hatyaoseta nowaiya hatya anjo kinaterexe exoahena enokoata inima atyo kaiminiti kaxore tyaonita eseri hiye itiho weroka kamai werokitere akereta ekasahenai hoka motya irikati takoiterehare,Parecis
13450,ha yay yog xop te' xupak tu: —‍'u 'um mun te topa pu' yipkox xip'ax ya hapxopma ka'ok xexkah kaxiy,Maxakalí
18944,josafa kaabi'i ada asa kohana jorao kaabi'i ada josafa kohana uzias kaabi'i ada jorao kohana,Paumarí
24986,jesuspa allin willacuyninpi juan isquirbishan mana imapis cayallaptinlami diospa limaynin cayalana mana imapis cayaptinlami diospa limaynin na cayalana paymi dioswan cala; paytacmi quiquin dios cala manalapis ima ayca cayaptinlami tayta dioswan cayalana,Urubu-Kaapor
3341,koenda inkaba ani iedylymo awylygue ise mazenagazeolymo lapyla iewindy ume uwapyra mataunaguynre yatuandyly ume yakuiba mataunaguynre parugue itymo anaka kadakobadyly ume itymoda ykyambyra mataunaguynre tatyemba wawyly ume iety ywogonro maundupa mataunaguynre iewanu ume wompyra iewiampyra wara mataunaguynre kua witoem kadeia oday watay yam iu ise mydawapyra mataunaguynre womazeanze” keze ura ynynabaom modoram,Bakairi
25490,ni'wam nori ha toi uptabi na 're haimana za'ra mono wamha isine te za 're atoi uptabi za'ra wa'aba mo isire dure ni'wam nori ha pe'eze uptabi na 're haimana za'ra mono wamha isine te za dure aipe'eze uptabi na isarina 're aihaimana za'ra wa'aba mo,Xavánte
22416,enepo ava xane ka'arineti ya xepakukenoe ihexihika ne inuxinotihiko ituke ituko'oviti motovati itukinoahiko orasaum koane ahipu'ikea oliu ya ihake vunae,Terena
24577,jesusmi iwinacachiyta apamun “amatac ‘jawca cawsaytach uycamashun’ niyalcamaychu; ashwanpam iwinacuyta apayamu,Urubu-Kaapor
6459,niɡijo anoyeloɡoditedibece lowooko aneotedoɡoji niɡijo jotigide domeɡeliodi modoletibige moyowooɡodi aneotedoɡoji anodaaɡigote meote niɡina oko me newiɡatace oyeloɡoditedibece niɡica aneotedoɡoji me ikeetediogi anodaaɡigote me ɡadewikatititetiwaji micataɡa niɡina oko naɡa dinigaanyetece noɡeedi eledi domoɡoyemaa moyowooɡodi niɡica noko aneotedoɡoji nige niiɡe cristo codaa anodaaɡeeteda me dinikee odaa liwigo cristo anini miditaɡa ikeetiogi cristo me dawikode nige dinikatedini odaa nigidiaaɡidi aneotedoɡoji eliodi me iweniɡide digoida ditibigimedi,Kadiwéu
16150,te²­ya¹­nxe³­ju³­kxai³­lu²­ ka³­nxah³­ti³­na²­ so¹­lxi³­ yen³­kxa²­ kai³­jah¹­la²­ hai³­a²­ wxa³­te²­ju²­he³­li¹­ nxe³­kxi³­sa²­kxai³­ sxi²­ha²­ wa³­kxen³­yah³­lai²­na²­ sa²­kxai³­lu²­ yen³­kxa²­ kai³­jah¹­la²­ wxa³­je³­nau³­wa³­kxa²­ a³­la³­kxi²­ke³­la³­te²­kxai³­ ye³­ten³­nha²­sxa³­ wah³­nxe³­hi³­nxna³­li¹­ sxih²­yxo²­a²­ yxo²­i¹­in¹­kxe³­su²­ yen³­kxa²­ ti¹­kxi¹­nxa²­hi³­nxnxa³­wi¹­ ja¹­nxe³­jutsu²­ ye³­ten³­nha²­kxi³­hu³­nxe²­ wahxnxe³­jah³­lxi³­he¹­li¹­ nxe³­sxa³­ wxa²­e¹­nan¹­jau³­kxai³­: “hi¹­na²­ wxa²­nxa³­lho³­na¹­” nxe³­yah³­lxin¹­jau³­su²­ nxe³­ti³­wa³­kxa²­ wxa³­na¹­ha³­ta²­wi¹­,Nambikuára
10557,ijo mahadu ryimyhyre relyyrehare ruimy rarybere: —inyboho irybe‑o roholarenymy: jiary heka dohodyyna heto ariixawididyynykre kia heka habu iwidyyna rare txu inatao‑di ijo ariwinykre iwidyynaweseore,Karajá
15763,rabahajaa ba raherꞌoot doo tsijaag ky hadoo mah: —be maa newe keh yy wakan haa —nang mah —peed herꞌood wat nyy da pꞌop haga do tꞌyyd mehiin wat judah buuj nadoo doo sa mahang pꞌop haga do karapee rabadoo hyb nꞌaa,Nadëb
13030,yiy 'apet hognag putup,Maxakalí
9364,upe-ma ramo heꞌi ixupe hesu: —ndaxe rerovia moꞌai nde xe rembiapo erehexa eꞌy reheve heroviapyra-rupi xe rembiapo ramo jahexa eꞌy vaꞌe ajapo ramo ae xe rerovia vaꞌera heꞌi mburuvixa-pe,Kaiwá
6921,odaa niɡijo eledi aanjo ja yatetigi nigoloneeta odaa jeɡeo anigota oniniteci liwai niɡidiwa iniwatadiɡini liwailidi aligeɡe epenai codaa me yotetitedi odaa ja nexocaɡa oniniteci liwai niɡiniwa iniwatadiɡini liwailidi aligeɡe epenai codaa me yotetitedi odaa ja nexocaɡa oniniteci liwai niɡidiwa itoatadiɡida laɡaagetedi noko codaa menoale,Kadiwéu
20346,iwaze atatsa kino niwatihi nihyrikosokda,Rikbaktsa
591,saromao mokyro ropoao zumy ropoao mokyro apia zumy apia mokyro aza zumy,Apalaí
2213,ininia ipatraote kanapiriako imiatapakinitipanika ikanapiriako initiri mimarotakinitipanika,Apurinã
25527,taha wa wa to te tama 're aiwasu'u u'asi za'ra 're ida'azawi pese mono zem na te te siwi 're aiwaihu'u u'asi za'ra mono da one u'asi wa za dure te tama 're aiwasu'u za'ra 're izawi pese mono zarina dure 're sisawi pese za'ra mono da — ane te timama ma rowasu'u zezusi ha,Xavánte
9498,—anhay ojepota raꞌe hesu-rehe heꞌi moꞌa hese kuri hikwaihesu nheꞌe marangatu tee vaꞌe-pe omoanha anhay hikwai upea-gwi heꞌi ixupe kwery hesu:—anhete ko xe haꞌe-ta nde-vy ne rembiapo vai ramo erenheꞌe vai ramo nhandejary-rehe omboyke-ta ndehegwi nhandejary ne rembiapo vaikwe ha erenheꞌe vai ramo katu nheꞌe marangatu tee vaꞌe-rehe nande poriahuvereko moꞌairy nde pyꞌa kyꞌa-ma nande pyꞌa poti moꞌavei opa eꞌy reheve heꞌi ixupe kwery hesu,Kaiwá
4197,agwer maꞌe amumeꞌu peme ihe pepyr hereko mehe we ihe,Guajajara
25870,tawamha isire 're iwanomro mono nori ha wa to ama uwaimrami za'ra ni te te wama iwaihu'u za'ra zeb zarina wanhipi wa to 'manhari za'ra ni pascowa na dato nhisizem na,Xavánte
24837,chaynu liyalcaptinmi jesusta punuy aysalun chaychumi alli-alli waywa juclla licalimun jinalculmi yacuta manchanashpa shalcachicuyal barcumanpis wanuypanuna winacachicuyan chaynu jinacuyaptinmi: “¡taytallay taytay wanuypa patanchunam cacuyanchic” nishtin jesusta licchachipacula jinaptinmi shalcalcamul: “¡waywa yacu shaycuyna” nila nilcullaptinmi tuqui-tuqui jawcayalun,Urubu-Kaapor
2515,ereka hitxako ininia iposope hitxako hixinikiniri atao inakari hikamini hikamapiri maerekati hiito nireekiti iteene hauikariko hapakapiniri ikinipoko erekari teoso sikakiti xesosi kristo kanapiriakasaaki,Apurinã
22437,itinoe mbo'inu akoti omotova ongovo ako yusika inotoyeova yokovo ra'a: ya xoko vunae ituko'oviti kuti koe pohuti mili xoenae ne pohuti kaxe kene pohuti mili xoenae kuti koe pohuti kaxe xoko vunae haina koukoponoati vunae ne kaxena kayukopovope enepone koati yuhoti yuho'inovi yanekoyoke haina ko'okoriti itukea neko yuho kuteati isoneunoa po'inuhiko xane itea koati yupihovoti akoyea imaxapa kuxoixeopinoe puvati apeyea xane pihopotimo ipihoponovokutike kaha'ainotimaka uha koeti xane ikotivexea isoneuke ne pahunevo koane sasa'ipea nonekuke,Terena
1670,ne korma me pahte jejus kot amnhi xunhwyr ket ri na pu prem me panhiget pyra ne pahtyx ri amnhi tomnuj o ri papa ta nhum krisja te amnhim me pajapror pyrak o me panhipex me pahte hpanha kaper kot pix ma amnhi nhipex o papa kaxyw no memoj to na pre me pahpanha amnhire na ra me pahte ja jarenh mar tyx na pre kaxpore ho me pahpanha amnhirer ket ne ry or o me hikukrex a ohto ho me pahpanha amnhirer ket ne ry prat o me hikukrex a ohto ho me pahpanha amnhirer ket ne jajaja hapex tokyx anhyr ma xwynh na na pre a me hpanha amnhirer ane ne tam me pane ty ne htyk o amnhi nhi ho me pahpanha amnhirer pa nhum hkamro axkapi te amnepe ma me panhiget kot amnhi panha tirtum ma owehti hkrare hpar nhum hkamro pikapirta pyrak owehti krare mexre pix na prem kam kupa mex ne tanhma kute hket xwynh pix ta krisja aa tanhma amnhi tomnuj to hket kumrex ne me pane ty ne htyk o tirtum ma me pahte amnhi tomnuj piita hpanha amnhirer pa,Apinayé
26410,metindjwynh ne arym ar ama amranh mex'a karo gar arym aje mar dja ga mar kajgon kot amijo aba ket ne arym ajaxwe,kayapó
7957,jesus'ga ombo'e ahe imombiga karugwara ojipejipea pe jesus'ga hogahoi galileiapeve'ga gwyra rupi hete ogwovo gajatykahai pe ga hogahoi ga mbo'eavo tupana'ga nhi'iga rehe pyryva'ea ga imombe'ui ga pe tupana'ga pe poko katu pota penduvihavuhuhetero javo —‍perojijyjijyjuka ti pejeaporogita tupana'ga pe pejikoga ga rehe a'ero po ti ga pe pokokatui nehe imomboa pendekote'varuhua pe hugwi okovo penduvihavuhuhetero nehe ei jesus'ga ga pe karugwaraparavuhua jesus'ga imombipavi ga hugwi no ipopoakare'yve'ga ga ga mbopopoakari no naha ga rekoi gapyteri pe,Kagwahiva
21455,timoteu etunug no haty wo yne yne enapin hap uhepiat hap ewy etiꞌa­tu­napin uiꞌewy yne itotiaria toꞌe­wy­ꞌewy eꞌyian pupi o yt erekenꞌe teiꞌo eꞌywania pupi iꞌatu­napin hamo ewy ok sese pupi iꞌewyte yt erekenꞌe teiꞌo inapin hamo maꞌato waku torania etiꞌa­tu­napin perupꞌi puo woro­napin tupana ehamo iesui ehamo iꞌewyte atipy piaria wakuaria ehamo woro­napin uhaꞌyru,Sateré-Mawé
20227,kyze asazubaze zinymyrykynahatsa ipe: — amo sa katsa myhumo ihyrikoso sapybara ty batu tyiksiwyhik — niaha,Rikbaktsa
16456,nxe³­nxa²­ha¹­te¹­ je³­su²­jah³­lai²­na²­ wan³­txi³­kxai³­lu¹­: — txai²­na¹­xai²­na²­ wxa²­ha³­lo²­ai²­na²­ wxa³­na¹­he³­li¹­ na¹­ka³­tu³­ txa²­wan³­txa²­ wi¹­jau³­xai²­na²­ a²­nu²­a²­ yxo²­ha³­kxa¹­ i³­ye³­kxain¹­to³­ha¹­i¹­ ai¹­na¹­ka³­tu³­ txa²­wan³­txai²­na²­ sa²­yxo²­wetsain¹­tu³­ka³­txa²­ yu²­ ha³­na³­ka³­lxi³­ sa²­yxo²­wetsai¹­nxa³­tu³­ka³­txa²­ yu²­ nxe³­tu¹­wi¹­ nxe³­ju³­ta²­ a²­nu²­a²­ yxo²­ha³­kxa¹­ wa²­nxu¹­hain³­nha¹­ain¹­tu¹­wi¹­ nain¹­ju³­ta²­sa¹­: a²­nu²­a²­ nxe³­te²­hu³­te²­la³­: “ye³­han³­te²­hu³­nxe²­ yxau²­xai³­la¹­xa¹­ wan³­txi³­khai¹­lxa³­ a³­la³­kxi²­sa²­nxa³­nha¹­ yxan¹­ta¹­ ten³­khaixsa³­nha¹­” nxe³­te²­su²­ te²­an²­tu³­ sa²­yxo²­wetsain¹­kxai²­nan²­tu³­ wan³­txi³­khai¹­lxa³­ a³­la³­kxain¹­tu¹­wi¹­ sain¹­kxai²­nan²­tu³­ wi¹­ten³­sa²­ta³­te²­hu³­nxe²­ yxau²­xai³­lain¹­tu¹­wi¹­ yxan¹­ta¹­ a²­nu²­a²­ a³­su²­ te²­hu³­te²­la³­: “wan³­txi³­khai¹­lxa³­ wi¹­la³­la³­kxi²­na¹­nha¹­ wi¹­ten³­sa²­ta³­te²­hu³­na¹­xa¹­” nxe³­te²­su²­ kxai²­le¹­ sa²­yxo²­a³­sain¹­tu³­ka³­txi³­su²­ hi³­nxna³­li¹­ te²­le¹­ wan³­txi³­khai¹­lxa³­ a³­la³­kxi²­nxa³­kxe³­su²­ hai¹­nxe³­sxa³­ ye³­han³­te²­hu³­nxe²­ yxau²­xai³­tu³­ka³­txi³­su²­ hi³­nxna³­li¹­ ta¹­hxai²­he¹­la²­,Nambikuára
11576,aipo ꞌga nami yywamu jejui ꞌga ꞌjau ꞌga upe: —ereapo awi nanuara ere ejy monou imunepa yru pype kui— ꞌjau ꞌga ꞌga upe —jyuu pyu ajajukaara ꞌga te anure ꞌga tajuka jyuu pyu ꞌjau— ꞌjau ꞌga ꞌga upe,Kayabí
21267,miꞌi hawyi karape wati­ꞌa­tunug watu­wa­ꞌa­tunug tupana motypot hamo hawyi waku hapyk puo watunug wati­mo­typot waku pe kahato imotypot yat pe are uito pauru,Sateré-Mawé
20225,aty bijoikpe motsasoze iwaze iharere humo ja wasani niwazuba atakta bijoikpe eze tu kino motsasoko iwaze iharere wasani my bijoikpe deus dyhywy wata zubata my — sesus niy,Rikbaktsa
19724,o proposito e que nao sejamos mais como criancas levados de um lado para outro pelas ondas nem jogados para ca e para la por todo vento de doutrina e pela astucia e esperteza de homens que induzem ao erro,Portuguese
19111,disse-lhes entao: a minha alma esta profundamente triste numa tristeza mortal fiquem aqui e vigiem comigo,Portuguese
13365,yiy ta' mog paniye xop tu yay mutik ham'aktux yeyox putex putup tu',Maxakalí
3699,tadaturudo xypyry aurudylymo amaemo cristo eynyna ypemugudo jesus einwanni modo ajigue kula atuebadoem aienehonze kewani modo aga jesus einwandyly ekuadani modo aga kywymary jesus waga enomedadobyry maindatybymo waga inakanhe agueim modo aga wara tonomeguela itaunga; sodokewadaunga,Bakairi
4880,ywy ukazym putar nehe teko wanemimutar paw ukazym putar wa nehe no nezewe rehe we tupan hemimutar iapo har wiko putar tuweharupi wa nehe,Guajajara
21631,miꞌi hap morekuat koro tikuap hawyi ipyꞌahak taꞌyn miꞌi hawyi toiꞌatu­poꞌoro tesu­raraꞌin ahyt topot­poꞌo­roria etiat mikyryꞌi haria atuꞌuka hamo miꞌi hawyi suraraꞌin tiwuk taꞌyn iꞌatue­tawa e,Sateré-Mawé
11679,kunumiuu ꞌga nane ki emuꞌakwaap nu “pejemuꞌakwaap pejejemogyau mamaꞌe tywera apoeꞌem are” ere ki ꞌga nupe,Kayabí
10696,roirenyre tahe inatxi ijo seriore‑ki jesuisi robire txiau ijoni rare joao ijore tiiboho zebedeu riore roire tiiboho talawo‑ki ronyrenyre ria riywinyrenymy jesuisi tamyreny rarybere: —wahemy bodoike,Karajá
1156,pawre kot ra htyk kaxyw a ne me kot ixpir xa ha arigroja ra hwyr ahtep o mo kot paj per tokyx ty amnepem na prem tirtum ma memoj nhor kaxyw ne me hkom xa kama memo kagoja py ne me kot tirtum ma memoj nhor xa ha mestija a hkapir pa nhum hapex ta te ixpe me hkom xa kama memo kago pikapirta pyrak kot paj tokyx ty ne jar ijapex,Apinayé
25092,zezusi apa ihaiwa'utuze wasu'u tawamha bada oto sebre wamha taiba oto sabadu ha romhuri zaharize ha zudezu nori te ha tawamha pi'o nori ha iwa'u zadaze ha ma to siwi uipra te te siwi ama haiba u're da zezusi ha pi'o nori nhisi ha mariza madarena dure sarome dure mariza ti'aduhu na ha tawamha pi'o nori ha marare te ai'aba're sa'a zahapa ab're u bada 'raiwatobro wi dumidu na,Xavánte
23774,yɨ'ɨ mɨsare naa ya'aro wee'kere bɨha weti du'uama niigɨ ako me'ra wame yee' yɨ'ɨ be'ro api yɨ'ɨ nemoro tutuagɨ a'tigɨsami kɨɨ ayugɨ waro niimi yɨ'ɨ pe'e kɨɨ weero noho “nee nii wee'” meho niigɨ waro tɨ'o ya'a' kɨɨ purika espirito santore mɨsare o'oo'gɨsami kɨɨre masa me'ra nii nu'kuka weegɨsami ya'arore ɨha weero weero noho mɨsare ayuro tohaato niigɨ ya'aro wee'kere ko'agɨsami,Tukano
3128,jesus ola aguelymo nehoguebyra; awylygue myani tynynonro modoram aguely: — ara adakezeba itaunga — kely — tawala iamimeom naeda kodopadaundamo iamimeom wane enra ohondybyem lela yam taetoem myara lapyla kura domodo nohonda yeinwantomoem deus iwymarymoem itoem,Bakairi
8643,tope vy  jene ti ty ijo tig je ha ky tag tog ti to ran ky ni tope vi ki ha me “ha ve a jo sog u jenenh mu ti ty venh kar ty haꞌ he je a tig ken jo ag jyven je tog ke mu ky tog epry kure ri ke ni emin kurynh ri ke” he tog tope vi ty ran ky ni ki  to ti ty ijo tig ke tag to” he tog jesus ti ag my,Kaigáng
13261,xix 'enoniam pu 'aneo hom kamah ha yoneo yog tik kamah xix naxix pet kopa' pip xape xop pu 'aneo hom kamah,Maxakalí
824,imepy roropa otarame ynara ako “tonahse nae sytatose ematohme waku aka tuahke sytatose tonahse omotohme” ako y zae ro mana yrome imeipo asakoro enahkapoko ritonopo mana kynapyrykomo kuakurukomo enara kuokoko tyrise ritonopo a kyyrypyryko poko pyra kuehtohkome imepy nohpo poko pyra imepy nio poko pyra orutua ko poko pyra enara ritonopo zuzenu esaryme tyrise sytatose kueseko omipona kuehtohkome ritonopo zuzenu omipona pyra kuahtao xine toiparo roke taro sytatose,Apalaí
24323,natac juc tistamintu lulacacunanpa tistamintu lulacuca wanushan tacyalpunanlami cayan chayura wanucuptinlami tistamintuca tacyalpusha; cawsayaptinla mana callpayulami,Urubu-Kaapor
22032,kene ne seno koho'ipo ya meum akoti apeti xoko kousokinoake ituko'oviti ovea imoakumaka katarakea kuveu mili duzentu sesenta koeti kaxe,Terena
16649,nxe³­ha²­kxai³­ wan³­txa²­ kxa³­nhxi¹­nu¹­tai²­nan¹­jau³­xa²­ ain³­kxi²­sa²­te³­kxah¹­lxin¹­jau³­xan²­tu³­ u³­nhu²­kwai³­wxe³­nhatjah³­lxi³­he¹­la²­ nxe³­jau³­xai²­na²­ u³­nhu²­kwai³­wxe³­nhyah¹­lxin¹­kxai²­nan²­tu³­ a²­ta²­hain²­txi³­ a³­nu²­ti²­sxa³­ yxau³­ye²­nyhah¹­lxi¹­nha²­kxai³­ a²­wi³­na²­ si³­yxau³­tau³­ain²­txi³­ a³­nu²­ti²­sxa³­ yxau³­ye²­nyhah¹­lxi¹­nha²­kxai³­ nxe³­nyhah¹­lxin¹­tu¹­wa²­,Nambikuára
9623,yma ete vaꞌekwe opyꞌa-py heꞌi nhandejary judeu kwery eꞌy-rehe: “ojerovia-ma ramo xe raꞌy-rehe xe remimondora-rehe pende pyꞌa poti-ma haꞌe vaꞌera ixupe” heꞌi nhandejary upeixa voi heꞌi nhandejary kwatia nheꞌe ha upei katu heꞌi vaꞌekwe abraao-pe nhandejary: “entero ko yvy-py oi vaꞌe-pe gwive ahovasa vaꞌera xe reroviaha gwive hikwai nde xe rerovia hagwe-rami ahovasa vaꞌera ixupe kwery” heꞌi abraao-pe nhandejary upeixa ohexa uka vaꞌekwe abraao-pe gwembiapora hesu cristo renondera ave omombeꞌu ixupe vaꞌekwe upeixa voi heꞌi nhandejary nheꞌe ha upei katu abraao ogwerovia-ma vaꞌekwe nhandejary-pe upea-gwi ohovasa ixupe nhandejary,Kaiwá
1768,ta koja me kep tirtum kra hket xwynhjaja kai pyra ne kep me apram nokati nom ker ka me amnhi ta me omu ne tee ri amnhi kukama ajamaxper ket ne,Apinayé
18705,kodidanodanoi fori hiki ida cristo monina-ra oanamonionivini cristo-ra vavajaharikia vanofiravini kaba'i avakadidanodanoi fori hiki ida kodidanodanoi avakadiania ohojana kari avanoki'iki ida odanodanoki fori ohina avakamitha'iki ida varani ohina asia odanodanoki fori ohina,Paumarí
12901,surarayamiꞌ woꞌmaꞌta jesus piꞌ moropai surarayamiꞌya jesus yariꞌpi pata esaꞌ pilatos yewiꞌ ta moropai tamiꞌnawironkon surarayamiꞌ emurukuntiꞌpi iwoi,Macushi
1098,hamri nhum me omu ne me kam amnhi jare ne me kam: —e ixkwyjaja pa me ama amnhi jare ka me inhma na pa hte tirtum nom tam amnhi nhipex o ixpa ne me pahpe ijaew me pahte amnhi nhipex kwym ri tanhma amnhi nhipex to hket ne ane,Apinayé
10670,tai heka iny rexiywinymy ryimyhykemy rybe roimyhyre awedureny kanakreki tiubo rehemynykre teeryote,Karajá
17054,hiyaiya xikanakairehenere hatyo nakairati exahe xiserehenere hatyo erakakalati akore nihatyaka atyo xiyakaita xekohaseti kamane tyohetehenere kijiyaite nikare xisaona,Parecis
2624,apikomoni paoro otakikakiti kona hitakanapapiri teoso himisakiretini araokire hitxako maerekati mapokakani ikapani atipirika hitxariko teoso: “erekapitikari ikinipoko pikamakiti nota ikapani” hitxariko iua,Apurinã
14073,— ag cuy epesop — io'e cebe ip — eyetaybit gu buye pujuat kabia eykukukat jajem iam — io'e jesus,Mundurukú
6906,nige anicenitiwaji codaa nige ikeenitiogi ɡademaanaɡaneɡegi idiokidi ɡadoiigi odaa aɡawiitetiwaji anele caticedi niɡidi eledi oko anowo igaataɡa niɡina oko ane doɡoyowooɡoditeda aneotedoɡoji owo liciagi,Kadiwéu
4218,— mo romo ereiko ne hezar aꞌe izupe hehe hepuranu pa — aiko zezuz romo ihe erepuraraw kar maꞌerahy iko ihewe ne iꞌi ihewe,Guajajara
23073,toho weero mɨsa niimi'ke wi'seri masa mariro toharosa' mɨsa a'tere tɨ'o masiya yɨ'ɨre opaturi i'ya nemosome maha be'ro yɨ'ɨ a'ti nukukapɨ opaturi a'tikapɨ mɨsa “o'akɨhɨ dɨporopɨ ‘o'oo'gɨti’ nii'kɨ ayu butia'gɨ niimi” niirapɨ i'yarasa' taha niikɨ niiwi jesu,Tukano
2738,ininia xesosi pimaana: —hipira soti auite tomatiko otisaaki aariko aki irikinia himakatxakatari ataopitikara teoso sakire auiritapitikari kakiti makatxakiniri ipira tomatiko otisaaki soti auite poiaori kakiti apiari ininia teoso sakire auiritapitikari tomatiko oti erekape nitxikitakiniri kakiti —itxa xesosi,Apurinã
16624,yxan¹­ta¹­ tu³­ka³­txi³­ a³­xai²­le¹­ ko³­nxe³­ti³­ kai³­jah¹­lo²­su²­ ha²­kxai³­ yuh³­lxi³­jah¹­lo²­su²­ ha²­kxai³­ je³­su²­jah³­lai²­na²­ wan³­txa²­ yxo²­i²­xa³­jah¹­lo²­su²­ ha²­kxai³­ su³­na²­ yxo²­kwin¹­kxi²­ju³­ta²­ o²­la³­kxi²­jah¹­lo²­su²­ ha²­kxai³­ a²­nu²­a²­ su²­lha³­jah¹­lo²­su²­ ha²­kxai³­ txu¹­ha²­ ko³­nxe³­thin¹­sxa³­ o²­la³­kxi²­jah¹­lo²­su²­ ha²­kxai³­ tih³­na³­la²­ a²­nu²­a²­ a³­nan³­jah¹­lo²­su²­ ha²­kxai³­ a²­yen³­kxa²­ wetsxa³­ te³­sxa³­ txa²­wa¹­su³­nu²­sa²­ki³­lotju³­ta²­ yxo²­kwain³­jah¹­lo²­su²­ ha²­kxai³­ ki³­han³­ju³­ta²­ e³­jah¹­lo²­su²­ ha²­kxai³­ nxe³­tu³­ka³­txai²­na²­ yxo²­ha³­kxa¹­ i³­ye³­na²­ ha³­nxe²­a²­ i³­je³­na²­ e³­syo²­fre²­nu³­hu³­sxa³­ i³­je³­na²­ a³­na¹­sxa³­ a³­yu¹­kxu³­ain¹­tu¹­wi¹­ a²­nxain¹­ju³­tai²­li²­ ne³­ki³­sotnxa³­lho³­li¹­ nxe³­sain¹­na²­he³­la²­,Nambikuára
22240,ina kixopamaka judeuhiko: —‍ko'oyene vexoaneoxo itikivo isayu'ixovoti isoneu uroevo ndemoniu ivokovone abraum koanemaka ne porofetahiko koyuhoti emo'u ituko'oviti mekuke keyuhoikomaka akoyeamo uke'exa pevoti ne xane itukoati ne yiuho,Terena
14929,gebuje deus o'jekawen  batista eju- - ipot eju  uk'a'umat pe osunuy o'jekawen  eju tiberio roma ka kukat pima  koato kuy ika kukat osunuy o'jekawen ceweju poncio pilatos judeia eipi kukat pima dak herodes galileia eipi kukat pima dak lisanias abilene eipi kukat pima dak filipe itureia eipi kukat pima dak ixe filipe traconites eipi kukat tak osunuy filipe herodes kitpit osunuy o'jekawen  eju anas judeuyu epaiyu kukukat pima caifas tak judeuyu epaiyu kukukat osunuy,Mundurukú
