index,TEXT,LANG
2204,nota xika maerekaxinireninoka hininia kiripa kamapoxokinitano nota hitenoka aua nota kamapoxokonitakani ininia kona nota nirekari maerekaxinireni hinini nota xika,Apurinã
7068,—‍kiroki ga jireheva'ero gwaramo gwereko katu tayri'ga'jave'ga ga oko jesus'gareheva'ero javo – jihi tuhe reki ga ji rerekokatui ei jesus'ga gwemimbo'ehara'ga pe,Kagwahiva
2285,iuaikana teoso sakire iokatsopatakori txari: hite xoteo minakaniua hipoxokoniuatako xoteoakorikata teoso nakitiakorikata,Apurinã
23047,pedro kɨɨ toho niika tɨ'o kɨɨ siro siru tuu wihakɨ niiwi “diakɨhɨta niisari a'te o'akɨhɨre were ko'tegɨ yɨ'ɨre mii wihase ape tero weegɨ ke'egɨ weesa'” nii wakukɨ niiwi kɨɨ toho wihasere ayuro masitikɨ niiwi surara naa nee ko'te duhirore yɨ'rɨakara niiwa be'ro apero ke'rare taha yɨ'rɨaa tii wi'i nee sahaaro kome sope tiropɨre ehakara niiwa naa toopɨ ehaka tii sope basi paria wa'akaro niiwɨ be'ro naa tii sopere yɨ'rɨ wiha wa'akara niiwa yoa kurero wa'a o'akɨhɨre were ko'tegɨ bahu dutia wa'akɨ niiwi pedro ni'kɨta toha nɨ'kakɨ niiwi maha be'ro kɨɨ bahu dutikapɨta ayuro tɨ'o masikɨ niiwi —diakɨhɨta niiapa yɨ'ɨ i'ya'ke niirota o'akɨhɨ yɨ'ɨre yɨ'rɨ dutigɨ ni'kɨ kɨɨre were ko'tegɨre o'oo'api herode ya'aro weetika'ato niigɨ toho niika judeu masa jesure eho peotira nii pe'tise yɨ'ɨre ya'aro wee si'risere ka'mu ta'agɨ o'oo'api niikɨ niiwi pedro,Tukano
16516,yxan¹­ta¹­ i²­li³­te²­ i³­nxa²­ nxe²­e³­in¹­kxai²­nan²­tu³­: — txai²­li²­ a²­hoh³­lxi³­su²­ nxa³­nhai¹­ nxin¹­kxai²­nan²­tu³­ txa²­wa¹­su³­na²­ i³­wa³­txi³­sxa³­ i³­hen³­txi³­txai¹­nhe³­la²­ nxe³­sxa³­ i³­wa³­txi³­sxa³­ i³­hen³­txain¹­yah³­lxin¹­te³­nah¹­lxi¹­: — txa²­su³­nai³­ a²­hoh³­lxi³­su²­ sa²­nxa³­nhai¹­ a²­hoh³­lxi³­sa²­nuh¹­se¹­li¹­ nxe³­yah³­lxin¹­kxai²­nan²­tu³­ a²­hoh³­lxi³­sa²­nuh¹­nxa²­tu¹­wa²­ wi¹­lhin¹­khai¹­nxe³­ha²­kxai³­: — ih¹­nxe³­tin¹­jau³­ta³­ i³­wa³­txi³­san¹­si²­lxi¹­ nxe³­nxain¹­jau³­su²­ i³­kwai²­kxi²­nxai¹­nxa³­lho³­la²­ wi¹­lhin¹­sxa³­ u³­hu¹­nxa²­tu¹­wa²­,Nambikuára
762,ynara tykase ritonopo maro oturuketo tuisary tomo juteu to tuisary tomo —oty katoh juteu to tuisaryme tymerose oya ynara roke imeroko “ywy ase juteu to tuisary kahpo mosero” katoh roke imeroko morotona tykase toto eya ynara tykase pirato eya xine —ynymerohpyry onytyoromara ase ah morara roke nexino tykase eya xine ynororo,Apalaí
14460,imeneju warara'acayu oitabun jesus kay tak gu ip oitabun deus ekawen kay jija ip o'e cug cica cexe ip puye,Mundurukú
9226,hesu ombogwera mburuvixa raꞌy-pe mokoi ary rire upe-gwi oho jevy-ma hesu ogwahe oho-vy galileia yvy-py:,Kaiwá
14476,oxe bit ka'uma ma ikerean o'e yaoka am — io'e — gebuje paulo adi o'e owebe: “cesar juy waweg mukererenayu ya'ijo- -wuyeipi kukukat” i imenpuye ijuju pin on cesar kay,Mundurukú
2626,piito parikauatakasaaki piito tapara apiaapota ininia erekari piparikauatini apiaerekata pixinire parikauatini pixinire auaki inini ikapani pixinire ikorasaaki auaki ininia pauapikako teosokata atipirika ikara nisakire atao erekari ikinimane auikiniri ikara erekari ikinimane kaminiri ikara ininiakara iteene aparikauata teoso ikapani pasapaniri iuaritika aparikauatapitipo kotxi aauikari teoso sakire teoso mipikati sakire iua ikinimane kakiti maerekani makatxaakari itxaua iua makatxakari isakire auiakani maerekani maerekani misiritikoataa imasikanina ikapani,Apurinã
1786,hamri nhum me tee ri amnhi ta me kuma ne awjana ne akupym jejus wyr mra ne kam me hare hamri nhum juaw me xiakre wa me harenh ma ne me kama gryk ne ne jejus ma: —kwa pahihti na na me axtem ne amnhi ne me pahkure jakama e kwa pu me kaxkwa rum me hipy kuwy hpok kwy re ke me hkaxar pa na ane,Apinayé
26585,nhym pyka tamkam me'o ni 'uwtire kube mjen tyk nhym me'o ar o bikenho ba 'uwtikam ar o bikenho ba nhym kam akati kunikot ma 'yr mran kum aren kum “on ijo angryk” ane “on ikure djwynhma are ge on ima o panh” ane,kayapó
10744,tahe jesuisi taery mahadu‑o rarybere: —walawo bidiwykre iny sowemy dori rehemynyreri kidiwawotomonykre osana ibutumy bina mahadu ibymy tebo reareri ixideytedyymy urile iny sowemy riywinyre dori,Karajá
21237,miꞌi hawyi peteru pysei hamo tokosap maꞌato peteru toꞌe — yt naku i uipysei en katu­pono uika­ꞌiwat neꞌi en mehi e,Sateré-Mawé
21294,miꞌi hawyi maria tuwe­ꞌa­ru­mary hawyi meremo toto teꞌa­piꞌi isapeu yat kape wetup yi mekewat yi iuta e hap kape yityꞌok hit puat muꞌap upi toto pya kahato toto miꞌi hawyi putꞌok­toꞌe mana maria paꞌi sakaria yat pe hawyi teke hawyi — ihotꞌok e teꞌa­piꞌi mana isapeu pe,Sateré-Mawé
4499,amo ae maꞌe amumeꞌu putar peme ihe nehe kury — aze awa umeꞌe kuza rehe nehe iputar pa nehe iputar haw nuzawy kwaw ipuhe iho haw tupan pe aꞌe aze ruꞌu uker ipuhe aze ruꞌu iker wer ipuhe zuawygatu tupan pe naꞌikatu kwaw izupe,Guajajara
16996,nxe³­te³­nah¹­lxi¹­ ju³­te²­a²­ nu³­ka³­txa²­ a³­nhai¹­tun³­te²­nau³­xa²­ an³­ki³­ka³­ti³­kxain¹­sxa³­ i³­ye³­kxain¹­te³­nah¹­lxi¹­: — nxetsi¹­lxi¹­ kxan³­su²­ i³­wa³­wa³­ta³­kxi²­sa²­si¹­nhxai¹­nhe³­li¹­ ja¹­nxe³­sa²­sin¹­txa³­he¹­li¹­ si³­ka³­ka³­kxi²­ i³­ye³­kxi²­sa²­si¹­nhe³­li¹­ nhin¹­kxai²­nan²­tu³­: “txa²­wa¹­su³­na²­ si³­yxau³­tau³­a¹­ a²­hxi²­kan¹­ta²­ si³­yxau³­tau³­lo³­jah¹­lo²­su²­ na¹­xa¹­” nhin¹­kxai²­nan²­tu³­ i³­wa²­su¹­wa²­sutsxa³­ i³­yau¹­u³­sa²­si¹­nhe³­li¹­ “nxe³­sa²­kxah³­lo²­sa¹­i¹­” nxe³­sa²­si¹­nhe³­li¹­ ju³­te²­a²­ nu³­ka³­txa²­ a²­hxi²­kan¹­txi³­nau³­xa²­ ta¹­hxai²­he¹­la²­,Nambikuára
8366,ti camarada ag pi je ti in krem ema nytigtiꞌ ti kosin ha vy ti in krem nigti javo,Kaigáng
26232,gwaj ba dja gwaj bama aben jaben bakaben katatbit jaren arym kajma krituma aben kamenho te baje mar mexo kum bamexo kajma aben kamenho te ga gwaj bakraja pumu gwaj bakrakam badjumar ne kam amu banhikrao ape nar baparkam mra gwaj bakra ne amu gwaj bakukradja kuni ngrek ne gwaj bajo ba gwaj bakra kumrex umar nhym kam o'a amu gwaj bakukradja kuni ape kritudjwy ne kute gwaj bakra pyrak ne gwaj bakunio ba gwaj kukwakam apynh kum badjapenh djari kum badjapenh ar baba,kayapó
380,—otyriko tykase toto eya mame totyrise ropa jezu kanawaka toto kanary aka mame axi toeporehkase ropa toto pata pona kapanau pona,Apalaí
15968,tawꞌaats he be sahonh he be hyb nꞌaa jewꞌyyk ji katee doo masuuj nado tii tawꞌaats he yynh patug dooh ta yym tawadꞌii ba yynh see we tawꞌaats he yynh na-aaj he dooh tawadꞌii ba ta patug tii dꞌ y wen herꞌoot baad nadoo do ha pꞌop haga do ky nꞌaa etyy da sa yym nadoo do sii sa patug nadoo do sii haꞌyyh doo,Nadëb
12907,miriri waranti tiwin piꞌ eꞌni tanne uuriꞌnikon wani siriri cristo esaꞌ pe iwaikkatoi pe eꞌni siriri,Macushi
18599,hari oniaroa va'ora honariavini adani ipohina: —arabo hahavia avikha'a bana ija'ari hahavi-ra vara va'ora vani'a bana omonina jahakia,Paumarí
525,zae pyra amorepatoko poko ajohpako poko wekyry tomo opyno xine ase apitoryme pape merory se exiase kukurakatopopyryko poko yrome ritonopo se pyra exiketo xiaro omatome tooehse toto ritonopo omiry kura jezu kyrixtu poko tyoromako ma toto “kure kyyrypyryko poko ro kuahtao xine” ako toh ma repe ajohpe roke ma toto morara karyhtao eya xine tyyrypyryko poko toto jezu kyrixtu rumekako roropa ma toto toiro jezu kyrixtu mana kuesekomo kypynanohnekomo yrome “yna ese kara mokyro” ako ma toto ise pyra toexirykoke pake mokaro wanopyry poko tymerose ritonopo omiryme,Apalaí
14242,wa'o kay jijaayu jesay irucat kug jeku ixeyu butet oju'uk gu soat em itait jeedop ip deus xe iaptup pewi soat em ibararak jeedop ixeyu butet igodup pe “teyuku webekitkit” i oce webay be ixe ekawen tojotjot'ukayu be dak,Mundurukú
12764,tiise mori pe eꞌti tiaronkon yarakkiri eranmira moropai iꞌ ri toꞌ nikupiꞌpi awinikiiꞌnikon miriri kuꞌti aawanmiraꞌnikon iꞌ kaiꞌma tiiwanmira jesus cristo wenai paapaya ankupiꞌpikon kupiꞌpi waranti ikuꞌti,Macushi
10949,ijo tahe fariseu mahadu‑o roirenyre tamy relyykemy aobo jesuisi riwinyremy,Karajá
26968,kwarik wanh me kute abena atomwa kwarik wam no tam ne kajgokumrex tam gedja wam no djam kot mete myjja mar got kot ne me kum aben kuren kam aben japryn abenma akre bep kati ga abe benjadjwyr djwynh nho apenhkam kwarik wanh akabeno me apanh ket benjadjwyr nho apenh ne me me kunikam ukapri ne prine mema metindjwynh kaben'a ujarenh mex ne ngryk ket ne mema 'a ajare nam a benjadjwyr nho apenh a meo ane,kayapó
25364,dasi'uiha na dahaimanazem na 're ida'ra za'ra mono na ma i'ra ha tama podo romhuri'wai ma abra'aha 'ra haiba amo ha 're ihaimana u'asi mono te te tama iropisutuzeb zarina ma i'ra ha tama podo wada'uri ana 're ihaimana mono ma ha saraha ma ane abra'aha 'ra nori wasu'u ha,Xavánte
25375,darasiza nori darasiza nori ma paru te te irob'ui'ereze wanhib'apito nhib'a'uwe nori daza'rui mono ba darasiza na danhipti'a nho'omo nhisi 'remha 're aihaimana za'ra wa'aba mono nori wa ha paru wa ama asawi za'ra wa'wa ubure wasire isazei'wa nori ha te dure timreme na ama asawi za'ra wa'wa i'rata isi'ubumro nori ha ane wa za ama aima rob'ui'ere za'ra wa'wa wa ha zezu cristuhu zadawa wasu'u'wa wa 're mo isadawa para ni'wam nori ha te te siwi ipisutu o di dazadawa para isadawa wasu'u'wa na 're ihaimana mono da mare uptabi di zezu cristuhu si ma to wamama me si sima ipisutu zahure ab're hawi ti'ra haiwa'utu'wai me,Xavánte
4219,— ezemukatu nehe kury ty iꞌi izupe wa — ewezyw ywyra kanetar wi taritykaꞌi nehe ty iꞌi izupe wa,Guajajara
20112,iwatatu sesus maku pe — sosobyity — nanabyitaba sesus soho nitsasoko iwatsahi kytsa sesus bo zumunaha ziwabykynaha simyitsapyritsa kino niwatihi ziknasizororowyky,Rikbaktsa
15031,ti mꞌ jesus ky hadoo sa ha: —bꞌeep be ana si y be abooh tahꞌyyb sag nado boo da be hyy ka ajyy yyj sag hadoo da be hyy ka pꞌop haga do ha rahꞌyy kaꞌeeh hyb nꞌaa —nang ma ta kyyh ti mꞌ nayyw he mꞌ rabered hom karahi ahꞌuum kan ma ta sii,Nadëb
24778,chaychumi jesus nila: “mayanpis rasunpa atimayta munaca lluymi pictapis cachaycunman ashta mamantapis taytantapis walmintapis chulincunactapis irmanuncunactapis panincunactapis jinaman'a ashta quiquin istimacuynintapis un'aycul atimanman,Urubu-Kaapor
13087,ha yeyox te: —‍ya tik kuxa mam kutognag 'ugkopah 'amniy xohix texiy hag nox xip'ax 'axop mutik xayiy 'akuxa mam 'amniy xohix texiy ha 'ate 'og hapkummuk ha tot putup 'apu' nunna 'ak-tok kaxiy,Maxakalí
8997,batista ter ky paꞌi mag ty rei tog jesus kame meg mu sir venh kar vy ti kamen ti ha ky tog meg mu paꞌi mag ty rei en jijin ha vy: herodes he mu ky tog: “ hyn tog ” he mu “u ty ag kygpeg ti en ti” he tog “a ter jan tan hyn vyn ke” he tog “ha ky tog eg ty nen han vanh kar en hyn han ti” he tog jesus to herodes ti,Kaigáng
19315,portanto da mesma forma como o pecado entrou no mundo por um homem e pelo pecado a morte assim tambem a morte veio a todos os homens porque todos pecaram; pois antes de ser dada a lei o pecado ja estava no mundo mas o pecado nao e levado em conta quando nao existe lei,Portuguese
3951,“koendonro koendapaom wara tutuze xina” kelymo iozepa kula aguelymo pabairam idaze ura; ietombyra ise amaemo-ro wara myara kodopaduo ise koendonro lela wawyly mauntulymo ietombyra ise amaemo-ro wara,Bakairi
18582,vahojaki jaboni adani ija'ari jesus kabadani-ra vavajahariki vavajaharihi hida jesus ija'ari kavamoniki-ra anaihotavini avakoirina kamahini oniani ida jesu-ra vada vani'avini hihi bianaihotaha; jesu-ra vakaihamahi'aha vanofiki ida jesu-ra avanaathidanoararivini: —inaabariki ida deus kava'isohihi jiriki ni-biva'ahaki ida ija'ari kavamoniki-ra ianaihotavini aakoirina kamahini,Paumarí
18213,avikhamaniha adani jaboni gamo galileia kaarabonia aba'oia biavi'oiki ibavini-ra vanoki'aha vanoki'ihi ida jesus aba'ona niha vani'a'avini biobaivini naothinia vajoi'aha gora vavahojaki kania vanakabodi'ihi ida basina fori hiki misaia jesus aba'ona-ra vakavamisaihavini kaimoni misai-ra vanakabodivini naothinia avakoiri'aha adani gamo deus kava'isohihi jiriki ida va'ora honariaja avakoirina kamahini,Paumarí
11856,iroꞌysagay ꞌga nupe aꞌeramu mainana ꞌwyriara remiayuwa ꞌga jarejuwarete ꞌga mogytaawa raarana ꞌga netee ꞌupa ojepeꞌjau tata are aꞌeramu pedro ꞌga ojepeꞌjau uꞌama ꞌga pyri,Kayabí
18602,deus vani va'ora anakaramisi'ara adani hari'a ija'ari vaabono vakanahoarihakhamava,Paumarí
16020,nxe³­yah³­lxin¹­ju³­kxai³­lu²­ wi¹­lhin¹­ki³­lxo³­jah³­lxi¹­lxi¹­ yxan¹­ta¹­ ko³­nxe³­thin¹­khai¹­yxah³­lxi¹­lxi¹­ ha³­lo²­ai²­la³­ ta³­nxa²­ o³­si³­nai²­la³­ ta³­nxa²­ ye³­khe¹­yah³­lxi¹­lxi¹­ yxan¹­ta¹­ txa²­wa¹­su³­na²­ wan³­txa²­ a³­ne³­wxe³­yah²­lxa³­lxi¹­ txa²­wa¹­ko¹­ko¹­sa²­jah¹­la²­ hau²­no³­nha²­ki³­jau³­su²­ wain³­txi³­ o²­la³­kxah³­lxin¹­ju³­ta³­nu³­a²­ hxi²­kan¹­txi³­ a³­ya³­jah¹­lxan³­kxai²­le¹­,Nambikuára
20586,ikiahatsa zuba wytykyryk nury soho tsimypamykysokonahaze ahamysupehe byihuja ahaharerewabymybarabyihu ja anawaze ahaharere humo ustsa kytsa bo batu mysimyiwyky ahamykni byihuja tynapykyknaha wasaniha ty tsimaha zeka ikiahatsa deus pe tihi: — o ikia zuba tsamysapyreta nawa nizukni tsizubarena tisapyrena iwatsahi mykuretsa — tsimaha iwa tsimytsasokonaha,Rikbaktsa
23873,mɨsa jesu cristo wakuseti'karo nohota wakusetiya kɨɨ “apera yɨ'rɨoro ayugɨ nii'” niitikɨ niiwi,Tukano
1605,hikaxpore rax xwynh me kep amrakati xwynh nhum jejus ari me ahkre kama me kam awjare ne me kam: —koja meho kaxpore rax xwynh e mex pix kam ri pa ne apkati me apkur mex o pa,Apinayé
25689,tawamha syry na sina paha wi ma dure 'mada'a zahure ti'adu nori ha zuwaha me ta nori ha zebedehe 'ra zahure abazipara sisinari ha te te ama a'ra'oto zahure apa uba're wa,Xavánte
13829,pa honhak xuy nam putup hamaxap ha tikmu'un tek putup nog,Maxakalí
24323,natac juc tistamintu lulacacunanpa tistamintu lulacuca wanushan tacyalpunanlami cayan chayura wanucuptinlami tistamintuca tacyalpusha; cawsayaptinla mana callpayulami,Urubu-Kaapor
17226,paulo exahe iraiti xakaisaseharenae metalahare kasani exahe niraehena hatyahaliti akereta hoka heko xasemaxematya niraeni naokita hatyo hiyeta xasemaira niraeni,Parecis
9953,upei heꞌi jevy judeu kwery-pe: —ha myamyri moises omombeꞌu vaꞌekwe hesu rekora: “xe ramigwa omoingo vaꞌera nhandejary inheꞌe-py omombeꞌu vaꞌera pene paꞌu-gwi omoingo vaꞌera petei vaꞌe omombeꞌu vaꞌera nhandejary nheꞌe-py xe moingo hagwe-rami omoingo vaꞌera pehendupa ete vaꞌera hemimombeꞌura gwive pee-my,Kaiwá
4817,pekyze tupan wi nehe uzeꞌeg wi teko wanupe — ko maꞌe amumeꞌu putar peme kury hemyrypar wa pekyze zo penetekwer izuka har wanuwi nehe taꞌe nupuner kwaw amo ae maꞌe peme iapo haw rehe aꞌe wa nehe xe nupuner kwaw penekwe izuka haw rehe wa nehe pekyze katu tupan wi nehe taꞌe pezuka re aꞌe nehe upuner pemono kar haw rehe tatahu pe aꞌe nehe xe azeharomoete pekyze izuwi nehe aꞌe peme,Guajajara
3820,kata xypygueando tonomeguela itaunga satanas inokubyramo itoem ton-honre lela jesus einwansezedaunga tadasenagazedyly adyla ton-honreim wara maenmaen-homoem asegamiwadaunga azeon-hondadaunga wara ton-honre lela deus mainwandylymo nida,Bakairi
4962,ykotok uhuaꞌu maꞌe ai wanekon wa teko nueruzeꞌeg kwaw wa ytyzuiwer uzexak kar ykotok ꞌaromo nezewegatete aꞌe purumuꞌe muaꞌu maꞌe uzapo ikatu ꞌym maꞌe oho waiko wa no aze mo zahytata wata e ywate naxikwaw iwer mo zaneho awam pyhaw aꞌe awa numumeꞌu kwaw tupan zeꞌeg wa aꞌe rupi teko nukwaw kwaw heruzar haw wa tupan uzepyk putar aꞌe purumuꞌe maꞌe wanehe tuweharupi nehe,Guajajara
479,naeroro tyxitase ywy itamurume kurako pyra exiryke pape etapuruhmakary waro exikety pyra pape enetohme,Apalaí
19958,pedro mandou que todos saissem do quarto; depois ajoelhou-se e orou voltando-se para a mulher morta disse: tabita levante-se ela abriu os olhos e vendo pedro sentou-se,Portuguese
19647,nao cobicei a prata nem o ouro nem as roupas de ninguem,Portuguese
11934,aꞌere jane mamaꞌe aꞌjea etee futat imomeꞌui jarejaupe jarepotaꞌwaramu jarejuee aꞌeramu jane jarejemogyau kristu ꞌga ꞌjawe kristu ꞌga ꞌa werowiaaramu janejararetea aꞌeramu kristu ꞌga aeakaga ꞌjawe ꞌga rerowiaaramu jane jarejemogyau ꞌga rete ꞌjawe,Kayabí
10046,kiaole tahe rexirurudyynyhyymahare kristu rurudile waki ryimyhyre,Karajá
8075,ky jesus tog ag my vi tar han ti “ker inh kamen heꞌ” he tog ti ag my,Kaigáng
23057,jesu masare niikɨ niiwi: —yahagɨre ye'era a'tira weero noho yɨ'ɨre di'pihiri yukɨpagɨ me'ra ye'era a'tiati nii pe'tise nɨmɨri yɨ'ɨ o'akɨhɨ wi'i mɨsa wa'teropɨ bu'e duhiwɨ tiitare mɨsa yɨ'ɨre ye'etiwɨ a'te mɨsa ni'karoaka weese too dɨporopɨ o'akɨhɨ yee kiti ohaka puripɨ niiro nohota wa'a' niikɨ niiwi,Tukano
2240,iuasaaki simao imakiro apoomata osirikanata ininia ninoa sapiretari xesosi oamianare ininia xesosi sari oamoni imaikaro ouako okitikaro iuasaakipeka oapoomare auaika ininia opotorika oparikauatini ninoa kiena okamini ikapani,Apurinã
8989,ky tog ka ty figueira veg mu sir ky tog ra ti mu ti kane ko je ha ra tog kane tu ni fej tavi tog je ky tog ti my vi mu “kane han man ke tu a ni ha” he tog mu ky tog tog mu sir vesymer ka ti,Kaigáng
6947,nigeote aneotedoɡoji ligegitetege niɡina anodiletibige diɡidokidata moyiwaɡadi liiɡenatakaneɡeco aneotedoɡoji me iɡenaɡatibigiwaji odaa agotiɡica jaoɡa ɡotiwaɡatakaneɡegi codaa niɡica ligegitedoɡogi aneotedoɡoji agotiɡica niwalo igaataɡa aneotedoɡoji icota me yelatetema niɡina anidiwa liiɡenatakaneɡeco midiwataɡa ane iditedini moises pida aɡoyotete niiɡenatakaneɡeco pida niɡina ane diɡicoateda liiɡenatakaneɡeco midiwataɡa aɡica ane yakadi me laagetedipi leeɡodi doɡoyoteteteda niɡidiwa niiɡenatakaneɡeco,Kadiwéu
10397,tai rysyna oraru‑ki ityhydyy‑ki waseriore oraruna‑txi resekeki jiary kia rysyna ariroxiotyhy waseriore oraru‑ki,Karajá
7727,ojipe'ga e'i ore ve okoteheve'ga ko paulo'ga javo emo ojipe'ga ore kwaha hete reki paulo'ga oporavyky tupana'ga pe javo oromano gweregwerevi ore emo ore orokoji reki ore nupanupa ga emo ga ndorejukai reki,Kagwahiva
13615,ha ta' xip yoam ya 'enom tu' xip ya xanin yikak tu tikmu'un putox pix konag punethok hah ha ta' nun 'uxohix hap-tox pix ya xonat te yoam mo'tat putup kanet ka'ok ha pa honha' xip'ah kanet kopah,Maxakalí
6894,aɡica ane yowooɡodi niɡica noko jesus nige dopitedijo odaa aɡica ane yowooɡodi naɡaca lakata oteɡexaaɡaɡa niɡica noko nige idopitijo oteɡexaaɡaɡa niɡidiwa aanjotedi digoida ditibigimedi aɡoyowooɡodi oteɡexaaɡaɡa ee lionigi aneotedoɡoji ajowooɡodi pida iniokiniwateda aneotedoɡoji ane eiodi baɡa yowooɡodi,Kadiwéu
26608,kriraxbe babironij ajbit ne raxo amiptan o nekrex kumex kam dja ga me me kaprime me tokryme o amipanh kute o nekrex kumexja 'anh o itep ne nam kriraxbe babironij okre kadjwynhbe amim “ota ba arek ibenjadjwyrkumrex ne nhy mykam dja ba ikapri djam imjen ibe tyk got ba ikapri djam ibixangri dja ba iben ket mex ne nhy kati ibixangri ket kam dja ba ikapri ketkumrex” ane nam a kriraxbe babironij ni'a amijakreo ane,kayapó
11252,“jarejuwarete ꞌga mogytaawa renamu je mamaꞌe apoi enee” ꞌjaramu pee jarejuwarete ꞌga upe nane futat peꞌje poromu omogytaawa pype futat ꞌga reni aꞌeramu pee aipo ꞌjaramu ꞌga upe futat ꞌjau pejejemogyau aipo ꞌjaramu— ꞌjau ꞌga ꞌga nupe,Kayabí
23050,toopɨ kari ape nɨmɨ pe'e surara dɨ'poka me'ra wa'a'kara toota mahami tohati a'titikara niiwa jerusalepɨ naa yaa wi'ipɨta taha cavaloa me'ra wa'a'kara di'akɨ paulo me'ra yɨ'rɨakara niiwa cesareiapɨre,Tukano
22993,simovone kaxena veyovope ha'i noneti pahukone ahinoehiko ne unae kavane xokoyoke ne katarakinoati ne none motovati veyopoinoa namoepo,Terena
17440,wakahare tyakekohatiye matyakekonehare tahi hoka jesus nihitiya: — xoanere haretya wakahare tyakekohatiye exahe iriharexe hatyohare atyo etakehare exekohase hawenekoare halakisene hoka kaxaikoterehare ehana exahe ijiterehare nakairati wakaharenai ana enaose kamaehena hoka,Parecis
6936,odaa niɡida micataɡa daɡa ejanaɡatiwaɡajitiwaji lolagi liwigo aneotedoɡoji odaa ejimele me jibaɡatege ane jopooɡatibige ane icoɡoticogi makaamitaɡatiwaji micataɡa niɡina ane nopilaɡaditedio lawodigijedi,Kadiwéu
15014,ti mꞌ jesus mejuu doo jesus ha hꞌyy kaꞌeeh do sa wahe nꞌaa daheeh ramejuu paw-ro beh-nabeh judas siras daheeh rabahom hyb nꞌaa ti mꞌ rabahom kan ti mꞌ rakajaa ba an-tijoka ba ramejuu sahonh he jesus ha hꞌyy kaꞌeeh do sed ha rakata padeek hyb nꞌaa ti mꞌ ranoo sa ha  hedoo do rama erih doo,Nadëb
11477,aꞌeramu peuwara ꞌga jejui ꞌga rerowiaara ꞌga amu ꞌua ꞌga rupi sopatro aristaku segutu gaio timoteo tikiku trofimu mimera ꞌga ꞌua paulo ꞌga rupi sopatro ꞌga pereja pewarera ꞌga piru ꞌga ꞌga ruwa aristaku ꞌga segutu ꞌga tesarun ipewarera ꞌga gaio ꞌga teripe pewarera ꞌga tikiku ꞌga trofimu ꞌga asia ywy pewarera ꞌga mimera ꞌga ꞌua ꞌga rupi asia ywy raapa ꞌga awau awau ꞌga owaema firiposi ꞌjaw ipe pe awi ꞌga awau paulo ꞌga renune troate ꞌjaw ipe ꞌga awau peu ꞌga paulo ꞌga rapesaka firiposi ꞌjaw ipe paulo ꞌga opytau je retee lukaramu firiposi ꞌjaw ipe ore rekoramu owaema maniꞌokoꞌo jopypeꞌema ꞌwawa maraka upe ikwaw ire ore arawau yaruu pype aruꞌaa,Kayabí
3224,pao ioliho pebanro etyguenibyryem ani xina filiposdaba axiguely cinco emedyly itybyem ani xina eagamo oxiodyly troadeda tokala semana ani tara xina awyly,Bakairi
20932,hawa deus mykara ibo nitsasokoro atahi katsa mybo izumubahaneze pauro izikwoekaiwy ziakse iwaze tapyrytsa nisihaihaihik tatsyhyrypetsa iwa nisihaihaihik izikwoekaiwy ty nisihaihaiki iwaze ispe niy: — o deus hyrikoso tihi: “aty sa zihitsa izikwoekaiwy piakwaraka atsatu kytsa ibo piakwaraka serusarehe eze tu my sudeutsa ity pipyrywarakanaha sudeutsabyitsa bo pioktyhyryknaha” — niy nawa akabo pauro bo nitsasoko,Rikbaktsa
5753,— haꞌe vaꞌe ou vy yvy re ikuai vaꞌe pe oikuaa uka ꞌra heko vaia teko pora haꞌe opagapa agua heko vaia oikuaa uka ꞌra mbaꞌeta xere haꞌe kuery ndojeroviai rire,Guarani
16187,nxe³­nu²­la²­ a²­wa³­kxen³­yah³­lai²­na²­ sxi²­ha²­ a³­nxai³­sxa³­ a³­ti³­ain¹­ta¹­hxai²­he¹­la²­ a³­ti³­sxa³­ a³­wih¹­te³­na¹­ a²­nu²­a²­ ka³­lxa²­tu³­ka³­txa²­ wai²­lhu³­ka³­txa²­ kain²­ hai³­ni²­ a³­xa²­ nu³­ka³­txa²­ a³­ka³­nxe¹­ka³­nxe¹­ka³­nxe²­ kai²­nxon³­ya¹­nxe²­ nxe³­yain¹­ta¹­hxai²­he¹­la²­,Nambikuára
11885,yma janeruwarete ꞌga kaꞌarana kwasiarukari isai ꞌga upe rakue: “saꞌa ꞌywotyra aꞌeramu ꞌa ipotyra kamesiete te futat opyijagamu kamesiete te futat ꞌa ipotyra uꞌaa oꞌyw awi nan tee futat aea kamesiete te ae pawi,Kayabí
20160,asaktsa imysapybara ty mohyrinymyrykynaha siraratsa watsa hawa ha ty mozihikiknaha ana ty zuba mykaranaha siraratsa watsa maha mytsaty zikahabyitsa mymyijakanaha ustsa mysimyijaikiknaha deus asahi nasipykwy katsaktsa siraratsa werekywy bo mysibanaha asa wahi deus mysipykwy asaktsa ustsa mysisininiwykynaha deus mysimyitsapyriwy kytsa okzeka wasanibara ty mykaranaha okoroze simysapybyitsa mykaranaha mymyspihikbatakanahaze sakuretsa nikaranaha batu sisikpyby ahatuk zeka tsahayktsiaretsa watsa maha simysapybyitsa nikaranaha humo ahayziktsiaretsa waha maha ahabo mybarapetu mykaranaha ahatuk tahadisahakanahaze mymyijaikiknaha mymyjaikiknahaze sakuretsa,Rikbaktsa
9949,jajerovia ramo nhandejary raꞌy-rehe jaiko-ma opa eꞌy reheve vaꞌera nhandejary ndive ha nhahendu eꞌy ramo katu inheꞌe ndajaiko moꞌavei-ma vaꞌera nhandejary ndive haꞌe nhande rereko asy vaꞌera,Kaiwá
18757,vaabono vavaboraborahaki adani farisio oniani ida vakadibadani ija'aria vada bini'avini vanofivini hija avarakakosi'ihi ida athii pitani oadaki deus athi kapapirani hojaki papira hoariha avarakakosivini naothinia papira bavini-ra avibaiha vidabomisija kaimoni ida papira bavini vaatha vavadi-ra vidabovini hi'ihi jaboni ija'ari hoariha va'ora nokira kaimoni makhira hahavia vakaimahaki ida papira bavini pa'itxi deu-ra vara vani'avini oadani farisio vania vanakarahoja ida vakadipapira bavini deu-ra vanofikarahoki vahoariha va'ora vavanihara kaimoni vada vani'a jaboni ida farisio vakadimakari ihini vadini sirasirahani oadaki makhira hahavia vavahojaki ida makari ihini sirasirahani oadaki akaahohaninikhamaki ida vakadikarahobi vakaimahaki nokhoni farisio vani adani makari ihini sirasirahani-ra vana'oadahara vahoariha vanokija kaimoni deus athi-ra vanaabajahakiki vahoariha va'ora vavanihara kaimoni,Paumarí
13705,ha tik te ham'apak tu' kuxa hittup 'ohnag 'up-texop xexka tu' tu yeyox nim,Maxakalí
7506,pejopoko katu ti oho gweri kiro yvya papava apiavo mbatera papava apiavo nehe pejapyaka katu ti penhimbovyvya xanhi'inhi'i tupana'ga pe javo,Kagwahiva
5462,jesus ojuka agua re onhembopyꞌa okuapyague jesus ojepeꞌa ta ma ovy ra lei re nhomboꞌe vaꞌety haꞌe fariseu kuery ipoxypa vy ijayvu ete okuapy ixupe opa mbaꞌe re oporandu omoi vaixe vy ijayvuague py ae ojopy vaixe vy,Guarani
12986,abraao nuriꞌti munkiyamiꞌ miriri yeꞌnen jesusya taꞌpi judeuyamiꞌ piꞌ innape tikuꞌnenan piꞌ: —umaimu yawiri aakoꞌmamikon ya upemonkono pe awanikon,Macushi
17751,hiyeta hoka awa atyo xahekotya iniyalahare hatya haliti tahi xekohaseti makaokenehareta hatyo atyoite kaokehetehena hoka hotikihena halitinae nomane xoalinihare tyomitereharenae metaharexe halitinae xahekola xoare xamani tyomaha aokowiterehare hoka hotikihena hatyo najikinitaite aliyakere xamani tyomaha hoka hatyo tyomehenahere akereta makere mohenahene,Parecis
8794,“ky inh kato te mu ag pere kamumni u ty iso: “ti ty eg kri ty paꞌi jen ky tog eg my koreg ni” he mu en ag ag kagten ra inh rinve” he tog paꞌi ti” he tog jesus ti ti ty eg ty ti ranhraj ki rir ha han ke kamen ha ve,Kaigáng
1296,ta pa pre ma tamas wyr mo kama tanhma kris kwyje nhipex to kaxyw ma me hwyr mo hamri ne korma me hwyr ixahtep o inhmor me nhum tirtum tanhma ixto ne inhma kra jejus o amnhirit pa jata omu kep tirtum kra ha pa ixpri ha omu nhum inhma kaper ne ixte kam tanhma amnhi nhipex to ho ri ixpa kaxyw ixapenh a inhma karo ne ijaew ket xwynhje hwyr inhme ixkwy ijaew wyr inhmenh ket ne na pre inhma:—e ker ka ma ijaew ket xwynhje hkot ri me kam ixkaper jarenh o ri apaanhyr jakama pa pre kuma ne hkot amnhi xam kure kumrex ne a amnhi nhipex anhyr o ri ixpa jao tanhma ixte kep hkwyje nhipex tota kaga ne ma pyka pe arap wyr mo nom tanhma amnhi ta jejus kwyje kukjer to hket ne ne jerujare hwyr inhmor ne jejus nhy ha me ahkre xwynh maatijaja tanhma amnhi ta me kukjer to hket ne am tirtum kot inhma ha karo xa hkot ma arap wyr mo ne kama kapot a ri ixpa kama na pre tirtumja inhma jejus kris kot tanhma amnhi nhipex to ho amnhirit o pa hamri ne inhma kaper pa amnhi ta kuma hamri ne ma akupym tamas wyr mo,Apinayé
4048,azeꞌeg putar herupi umaꞌereko maꞌe aꞌe pe har pe kury — epytywa aꞌe kuza ne wa nehe ty emupytuꞌu kar wazeamatyryꞌym ire ne wa nehe ty taꞌe kwehe mehe umaꞌereko katu oho herupi aꞌe wa xe awa keremen her maꞌe aꞌe no umaꞌereko katu oho herupi aꞌe no amogwer herupi umaꞌereko maꞌe paw rupi aꞌe wa no tupan umuapyk waner upape rehe aꞌe wa no amogwer uzepyr wiko maꞌe ram waner wanuwake aꞌe wa no,Guajajara
1184,hamri nhum parijew nho xwynhje me tirtum kaper tum o me ahkre ho me pa xwynhjaja tee ri kot a kam kaper anhyrja a kuma ne axpen ma: —tk kwa kep tirtum ket ta te ri kot amnhi nhipex pyrak o ri me ne me kot amnhi tomnuj o hapex a amnhi jarenh o kuhe tirtum pix na kot me ne me kot amnhi tomnuj o hapex xwynh kena ane,Apinayé
21641,piat ewy mio ta e hawyi iesui tiꞌa­tu­napin haty wo temiitꞌin — pyno uiwy­riaꞌin e uikuap ehepiat hap yt ewehenoi teiꞌo iraniaꞌin me e temiitꞌin me,Sateré-Mawé
20163,sesus: — atatsa tsidisahawynaha — niy,Rikbaktsa
15297,peris ky hadoo ta ha: —y maa newee da a ky nꞌaa a ha kamajꞌii do rakaja na ba —nang mah ti mꞌ tamejuu erots judah buuj sa wahe nꞌaa tob haeh do yt ha warahen rabahagꞌaas hyb nꞌaa paw-ro,Nadëb
23265,naa yɨ'ɨ pakɨre yɨ'ɨre masiti'ke bu'iri mɨsare ya'aro weerasama,Tukano
19117,enviou ainda um terceiro e eles o feriram e o expulsaram da vinha,Portuguese
5793,jerusalem py siria haꞌe cilicia katy paulo ooague haꞌe gui mboapy maꞌetya py mae ma jerusalem katy aa cefas aexa agua quinze ara re aiko hexeve,Guarani
10156,iwese yju rarybere wese txuu ratynyreu dohodyyna heto‑o ralomyhyre tai rierynarenymyhyre tahe xiwena mahadu wedu dehemynyde tii‑wana ratximyhy‑wana israeli nohoti juradyydu mahadu ributudyynyre ibutumy judeu mahadu matuari mahadu bedeerytyhy mahaduo rare tahe soldado itxeredu‑o riteonyre rotena‑o iorysyrenymy,Karajá
6223,jiniɡica mawiitetiwaji niɡina aneetaɡawatiwaji mabataa leeɡodi me daɡa iwitece liiɡaxinaɡaneɡegi igaataɡa diniwikodetibece inokina me lodoe oko codaa doɡetetiogi aanjotedi codaa niɡini oko mee aneotedoɡoji mepoka ikeeteta niɡijo oko niɡica ane leeditibige me jaoɡa anaɡaxakeneɡegi pida aɡica jibaɡata codaa lowooko liciaco lowooko niɡina oko anida aneetege niɡina iiɡo niɡini oko aɡaleeɡica daɡa yexogotege cristo ane ɡodacilo cristo eote inatawece lolaadi ane loiigi me idapaɡa diiticogi me ili ane yemaa aneotedoɡoji me liciagi odaa idatawece ɡodilaɡatiwage leeɡodi loniciwaɡa cristo micataɡa ɡodolaadi mowidi laɡaagetedi pida oniditeci leeɡotedi ɡodiniocidi inaaɡinoa ɡodomolokenali,Kadiwéu
17198,hoka sabado ferakenehena hoka xane xahohisakoatyakalati hanako hoka aotyakihena halitinai semaha jesus niraene hoka hakaharetyoa mokahene hoka axakakoaha: — aliyotala enawaiyore tyoita enomana aliyetala exe haliti waiyore tyoita exakere aliyakere ala tyomita exehare maomakaharenai xoana maisa hoka okahakalati hati hare nomasehare xini xoana maisa hoka maria ityani xini exahe tiago jose judas simao xoaha naxenane xini xoana maisa hoka iximalonenai xini ali tyaonita nexaha maisa awaiyetyareha jesus hoka hoka jesus nexa ihiyeha: — iraiti xakaisasehare atyo kaxaiminisakita hakoakiti xakore atyo hoka kaokehetehena atyo hawaikohera hawenakala hahinaeharenai koni hoka maisa kaxaiminisakere — nexa ihiyeha hatyo hiyeta maisaiya aliyakere xoare hare metaharexe nomakere tyomita nazare nali haiyanai hokakiterenai hiye taita hakahe ekaokakisa hoka aiyatelikihenahititene jesus atyo hakaharetyoa ematyakekoneha hiyeta hatyaoseta jesus xaneta wenakalatinai nihatyaka hoka aotyakisahitene,Parecis
16772,ja¹­nxe³­sxa³­ u³­sa³­si³­tu³­ko¹­kxa¹­nha²­tu³­ka³­txain²­txi³­ a³­bra³­au²­ah³­lo²­su²­ jah¹­lu¹­tai²­na²­ a²­wi³­nu²­hu³­yai¹­nhi³­nxna³­la²­ a²­nxe³­tu³­ka³­txai²­na²­ txa²­wa¹­su³­na²­ yxo²­i²­ain¹­te²­a²­ so¹­lxi³­ wain³­te²­lo³­ta¹­hxai²­he¹­la²­ a³­bra³­au²­ah³­lu¹­tai²­na²­ yan³­tai²­na²­ u³­sa³­si³­tu³­ko¹­kxa¹­nha²­sa²­nxa³­hi¹­na²­ txa²­wa¹­su³­na²­ yxo²­i²­jah¹­lo²­su²­ ta¹­hxai²­he¹­la²­ nxe³­kxu¹­ja¹­nxe³­tu³­ka³­txi³­su²­ ta¹­hxai²­he¹­la²­ — su³­na²­ wain³­te²­lotsa²­ju³­ta²­ ten³­sa³­nha¹­ nxain¹­kxai²­nan²­tu³­ u³­sa³­si³­tu³­ko¹­kxa¹­ain¹­kxan²­ti³­ su³­na²­ yxo²­i²­ain¹­san²­nu²­la²­ nxe³­hi¹­na²­ so¹­lxi³­ su³­na²­ wain³­te²­lo³­tain¹­ta¹­hxai²­he¹­la²­,Nambikuára
26576,kamro prot ne tykja kam ne metindjwynh arym gwaj bama axwe ket jare gwaj arym kum bamex ne gwaj baje ja markam ne gwaj amim —‍mramri ne kritu kute metindjwynh ngrykbe ipytar mexkumrex ane,kayapó
11205,mamaꞌe aꞌyi tymawet anure jejui ꞌga awau garireja ypia remeꞌyꞌwarimu nu kwaiwete ꞌga ajatykau ꞌga ree aꞌeramu ꞌga awau uꞌaa wapyka yaruu pype aꞌeramu ꞌga yaruu pype uꞌar ire oporogytau ojee ajatyka maꞌe ꞌga nupe ꞌga renupara ꞌga ꞌupa ꞌyisiga pype,Kayabí
2344,hite ia atatsopatakanii kakenakokii ininia hikenakotariko nisakire,Apurinã
15278,te hub ne he keret buuj sa ky nꞌaa taherꞌoot do paah ti hyb nꞌaa manabuuj gedo keret buuj jesus ha hꞌyy kaꞌeeh do daap hadoo do ky dahꞌeeh doo baad raky daheeh hyb nꞌaa baad hadoo do ky nꞌaa rabered hom hyb nꞌaa judah buuj panyyg ub hadoo doo noo kanesa doo mamejo rered hom hyb nꞌaa ajyy baad hadoo do ky nꞌaa ty nꞌaa gesꞌyyk do sa ha mejuu doo,Nadëb
22979,enepone yoxunoekene nikoa neko mana yane meum akoti apeti itea koyeane ivohikeovo,Terena
743,mame ynara tykase jezu eya xine —otutatoko taroino emero porehme mose orihpyra mana nyhnoko rokene tykase jezu eya xine yrome typoihtopitose eya xine,Apalaí
26757,nhym kot ba djwynh ar kube  arym ar kaben man arym arkum akre ar arym kamy amanhkrutja xijagume djuao arkum akre ne,kayapó
14851,— soat kuyjobit a'okay bima ag ocabik exe ixeyu kuk am eweju- -pug oce'in eba'at kadi wara'at eba'ugat kadi — io'e ip — soat kuyjobit a'o kay iap idip cica je'e — io'e ip,Mundurukú
1145,nhum prem a hex rom kam kaper anhyr ta nhum ra me hamaxper a me omu ne me kam:,Apinayé
3143,toenzepa kurado jesus iose idawadylymo xidada odaxi sainse idaly ume awara irayna lazaro igueypyem awyly ume kuraem nietonda kely idamamomy “lazaro awataraba igasega” keduo aitobyry egatuly nimopamo myani enipyry modo,Bakairi
7453,paulova'ea omombe'uypy corintopeva'ea pe primeira carta de paulo aos corintios jihi ko pauloramo sostenes'ga oko ji pavei no nhaneiruramo ko ga rekoi cristo'gareheva'ero okovo gwaramo kiro ji ikwatijari nhinhi'iga imondovouka pe me tupana'ga gwemimbotarimo jesus cristo'ga moiruukari ji ve ikwehe “eho ti jesus cristo'ga mombe'gwombe'gwovo ojipe'ga pe ga repyga” ei tupana'ga ji ve ikwehe kiro ji ikwatijari imondovouka nhinhi'iga pe me a'ero – perope peju cidade de corinto pe pejijatykavo tupana'ga mboheteavo pe ko tupana'gareheva'ero a'ereki tupana'ga pe mo'emo'e ojive “jireheva'ero ko pe ndekoi pejikoty'a jesus cristo'ga rehe” ei tupana'ga pe me ojipe'ga gwyripeve'ga pe nhaporemo ga ei no – kiroki ga jesus cristo'ga mbohete jipi ga ko nhandepojykaharete'ga gapojykaharete'ga no,Kagwahiva
10827,kaiboho heka tetehemahatenyte aona aona‑o ahana‑ribi wesele wahe inyoraraykynykeki ratximyhyreny ixinamy tuu raraykynyke jiaryboho heka tule kristu mahadu horo iny ratxirenyreri,Karajá
7242,tupana'ga onogatue'ymi nhandepy'a ga po ti kotihi omombi pe hugwi satanas'ga popoakara anhaga ruvihavuhu'ga popoakara nehe pe po ti satanas'ga hoheramo a'ero nehe nhandepojykaharete'ga jesus cristo'ga ti tomombyry pe me,Kagwahiva
19259,embora eu mesmo tivesse razoes para ter tal confianca se alguem pensa que tem razoes para confiar na carne eu ainda mais: circuncidado no oitavo dia de vida pertencente ao povo de israel a tribo de benjamim verdadeiro hebreu; quanto a lei fariseu; quanto ao zelo perseguidor da igreja; quanto a justica que ha na lei irrepreensivel mas o que para mim era lucro passei a considerar perda por causa de cristo mais do que isso considero tudo como perda comparado com a suprema grandeza do conhecimento de cristo jesus meu senhor por cuja causa perdi todas as coisas eu as considero como esterco para poder ganhar a cristo e ser encontrado nele nao tendo a minha propria justica que procede da lei mas a que vem mediante a fe em cristo a justica que procede de deus e se baseia na fe,Portuguese
21631,miꞌi hap morekuat koro tikuap hawyi ipyꞌahak taꞌyn miꞌi hawyi toiꞌatu­poꞌoro tesu­raraꞌin ahyt topot­poꞌo­roria etiat mikyryꞌi haria atuꞌuka hamo miꞌi hawyi suraraꞌin tiwuk taꞌyn iꞌatue­tawa e,Sateré-Mawé
22023,enjakapea itukovotiye ne semekenovo'iti enomone ne koyuhoati akoyea itukapu jesus ne mesiya pahoe ituko'oviti koiteovo xane enomonemaka ne okopoti kristu enepone koyuhoati akoyea itukapu kana'uti ne ituko'oviti koanemaka xe'exa,Terena
17014,— xiso atyo xaokanatyakalati akere xisaonita tyotya halitinai koni hiyaiya maisaiya aliyakere hateroakijita wenakalati tyairi heno kaomakehenere nikare maisa xala hare aotakatya xaokanatyakalati hoka koho katyahe mokare hoka kaxaotakatyakehena hoka exomokakaose terota kaxomokakita hoka tyotya hatyako tyaoniterenai ana aokanatita nikareta tehitiya xiyaokanala aokanahena haiyanai waiyaha maheta xoalini hare waiyexe xomane hoka ihalahareha xexe enokoa tyaonitere kakoa maheta — nexa,Parecis
13895,'ate xa kax'ami' 'axop te hamyummug hah ya' koit'ax te hapxe'e ha' puknog tu yay putuk 'ohnag,Maxakalí
12437,moropai teerepami pe  witiꞌpi jesus pia moropai taꞌpiiya: —uyenupanen tiwanmin wani miiti aapia —taa yeꞌka pe jesus yuꞌnaꞌpiiya itenpata yai,Macushi
15457,ti mꞌ hajok do ha ka jesus ky hadoo: —er wahe nꞌaa we hꞌyy kawereem do sa hꞌyyb mahuum nꞌaa be edꞌoo gꞌeeh yyh be wen nꞌaa we yy sen-jeer yt ha boh yt ha y be masoo hyb nꞌaa —nang mah —pꞌop haga do tob nꞌaa wahoo go y awad hadꞌyyt he y ma meteek ba dooh enh y be maso ba tii ba enh —nang mah,Nadëb
6629,ica paulo libakedi me yaxawa loiigi cristo niɡina natigide eliodi me idinitibeci me jawikode leeɡodi me ɡadaxawanitiwaji niɡinoa lawikodico yolaadi leeditibige me jixomaɡateetedijo nigepaaɡicota me ixomaɡatedice inoatawece yawikodico ane nikatedici cristo me jixomaɡateetedijo jawikodetema loiigi cristo ane micataɡa daɡa lolaadi,Kadiwéu
19174,dela saiu uma voz que dizia: este e o meu filho o escolhido; oucam a ele,Portuguese
24544,amcunacta mana allincaman palpachiyta chulaycamushancunaca jinantin nunacuna pasaycalishannullamari natac tayta dios'a chalapacunam; manama mana atipanayquicunacta anman chaycachimun'achu ashwanpa palpuchiycuna shamuptin tacyaycalinayquipami yaluyta uycalishunqui,Urubu-Kaapor
5650,jesus ombovai: — “haꞌeve ri ra” ꞌre vaꞌe tyꞌy opa mbaꞌe ndaxyi ojerovia vaꞌe pe — heꞌi,Guarani
3935,lazaro xyaly kehomobyry agui kurado jesus betaniada kely indadylymo myani aituo myara idalymo; jesus ese kulelaba ola idalymo lazaro ese lapyla maka jesus eon-honrugue kuraem itondyby,Bakairi
22618,simo xoko peturu ne pahoe korneliu kene ne hoyenohiko pahoe korneliu epemonehiko ovoku simaum koeku ixomoyea itukinoa isoneu peturu kixo'ekone neko koekuti exokoake ituko'oviti xe'oko koyene neko pahoeti pahapetike,Terena
16173,yxan¹­ta¹­ so³­ta²­to²­ nu³­ka³­txai²­na²­ ka³­na³­ka³­na³­jah¹­la²­ yu³­la²­ a³­lu²­ta³­wxi²­a²­ te³­sxa³­ je³­su²­jah³­lai²­na²­ a²­ti²­ta³­na³­yu³­tai²­na²­ u³­txi²­ta³­na³­ja³­lxu³­kxi²­sxa³­ u³­tau¹­tain¹­ka³­tu³­ kwen¹­ta²­kxai³­ a²­ti³­ha²­yau³­xa²­ ha³­li³­ka³­ni²­ i³­yau³­xa²­ ha³­li³­ka³­ni²­ ye²­ta¹­hxai²­he¹­la²­ ha³­lo²­ai²­na²­ a²­nu²­a²­ i²­sxa³­ i³­hen³­txi³­sa²­sin¹­na²­he³­la²­ nxe³­sa²­sin¹­jau³­su²­ i³­ye³­kxi²­ti³­hi¹­txa²­lxi³­sin¹­na²­he³­la²­ wan³­txi³­tu³­ yxo²­i²­si¹­nxti³­jau³­nu³­su²­ i³­ye³­kxi²­ti³­hi¹­txa²­lxi³­sin¹­na²­he³­la²­ a²­nxe³­jah¹­lai²­na²­ i³­ye³­kxi²­sa²­sin¹­jah¹­lai²­na²­ wan³­txi³­khai³­xa²­ so¹­lxi³­ e³­jah¹­lo²­su²­ sin¹­na³­la²­ — ha³­lo²­a²­ wi¹­li²­sxa³­ wan³­txi³­tu³­ i³­ye³­kxi¹­nxta¹­i¹­ nxe³­sa²­sin¹­na²­he³­la²­ kxa³­nhxi¹­nu¹­ta²­kxai³­ txa²­wa¹­su³­na²­ si³­yxau³­tau³­a¹­ ha³­teh³­nxa³­nxan¹­jau³­kxai³­lu¹­: — jah¹­la²­ hai³­txi³­ txa²­wa¹­su³­a²­nau³­xa²­ su³­ka³­na³­ka³­na³­te²­su³­a²­ ha³­ta³­nxan²­txi³­ i³­su³­au²­la³­kxai¹­nxa³­lho³­li¹­ nxe³­jau³­xain²­txi³­ ha³­teh³­nxa³­nxan¹­jau³­su²­ ha²­kxai³­ ha³­na³­ka³­lxi³­: — u³­tau¹­tain¹­kxah³­la²­ i²­ain¹­tu¹­wi¹­ nxe³­jau³­xain²­txi³­ ha³­teh³­nxa³­nxan¹­jau³­su²­ ha²­kxai³­ ta¹­hxai²­ti³­ai¹­ti²­tu³­wa²­ nxe³­jau³­xau³­hxai²­tex ja¹­nxe³­sxa³­ kwen¹­tai²­na²­ a²­ya³­la³­tu³­ kai³­ain¹­ta¹­hxai²­ti³­ai¹­ti²­tu³­wa²­,Nambikuára
20262,nisipehanahatsa sizubaretsa seteta doistsa ziksizonahatsa kyze sesus nisipehakanahatsa sizubaretsa seteta doistsa ziksizonaha sakuretsa nikaranaha sesus bo nipamykysobanaha: — o mypehatsa hyrikoso sapybara myharere humo hyy nikaranaha ikia naro humo tsiksiakzonahaze tsiksisiwyhiknaha azikwy humo zipobaiknaha — niaha,Rikbaktsa
8655,eg senhor vy inh kanhran ha ky sog to mu ti jenky ki tog kute sy tonh ke tag ti ha me ver eg rinrir nyti hen ri ke mun eg kagter kan ke tu ni ti katig ken jo ky eg tog ti katig venh mu sir ha ra eg tog un kagter mu ag jo munh ke tu ni ag ha mre eg tog munh ke mu ti katig vy ge ninh mu ha me tere je tog ke mu eg senhor ti kanhka ta ky venh vi tog me ha tinh mu tope ty jene jafa ag paꞌi mag vy prer ke mu sir tope ty vakyn jafa vy me ha tinh mu trombeta en ti ky un kagter mu ag vy rinrir man mu sir jesus mre ke ag,Kaigáng
14894,ixe ajem awap deus warara'acat o'gudot ijodi agokatkat ja'obi o'gudot  i ibutet osunuy,Mundurukú
2153,paoro taponetari masetonia auakari paoro imoianariakorikata ipirixitiapotari pirixia tixini karasia tixini pakini iuasaaki erekari matamatakoti auiritana ninoa xesosi sakire isapiretinina asia tixinia,Apurinã
4214,aꞌe purumuꞌe maꞌe aꞌe wa tupan iamatyryꞌymar romo wanekon aꞌe wa aꞌe rupi wanuwihaw umuzeꞌeg kar aꞌe wa wanemiruzeꞌeg uzeapyaka katu wazeꞌeg rehe wa no wanehe uzeruzar pa wa no,Guajajara
61,—ritonopo omipona se awahtao xine yronymyryme takye exiko matose ritonopo poe zae ehtoh ekaroko roropa ritonopo mana oya xine,Apalaí
22826,ihayu'ikokono jesus urukovo ya njeruzalem ye'exoane evo jesus ne njeruzalem simoane ne ipuxovokuti koehati mbetefaje xererekuke kali mopoi koehati olivera yane pahukone pi'ati ihikau ne jesus inuxo ko'iyea tumuneke hara kixoanehiko: —‍pihenenoe yane kali ipuxovokuti timuneke eha'axomo simea inixeponotinoemo seno njumentu ika'o koyeti yoko xe'exa kixeanoemo inamo yamapa yakeneye,Terena
7440,—‍nhirembi'ua pe ndapekwahavi reki ei ga ga pe,Kagwahiva
14991,ibun cica deus itakoma osunuy cekay ip- - koato bun itakoma osunuy ikereat mujurugrug'ukayu kay uk'a'umat tag oe'u'u'iayu kay — ka'uma'in ma ey'in jeom okay jebodoy am — i juk o'e deus cebe ip- -kuyjobit'umayu be,Mundurukú
12631,attikon ya iꞌ ri kisati asakunikon yaꞌ ouro moropai prata moropai tiniru enaꞌpi kisati itenseꞌ yaꞌ attikon ya aponkon ton kisati moropai aꞌsaꞌsakon ton kisati moropai ameꞌsipukon kisati aapitatoꞌkon ton maasa pra teesenyakaꞌmasanonya taꞌreꞌkon ton yapisi eꞌpai awani —taꞌpiiya toꞌ piꞌ,Macushi
24818,bawtisa juanmi tapuchimun natac bawtisa juan carsilchu cayalmi jesus lluy lulashancunacta yachalul ishcay puliwshinincunacta payman cachala chalulmi tapupacula: “amchun cayanqui rasunpa dios cachamushan nishanca icha juctalachun alcapacusha” nil,Urubu-Kaapor
9554,pejeapysaka katu xe nheꞌe-rehe: “jajaty jaꞌu vaꞌera” jaꞌe upeixa ete ereho-ma ramo tape vai-rupi erehasa asy ara ereiko-vy upea-gwi: “ambotavy-ta nhandejary-pe” ani ere tei ndejeupe imbotavypyreꞌy voi ko haꞌe ereho ramo tape vai-rupi erehasa asy vaꞌera ereiko-vy nerenhoty porai ramo okakwaa ara nde kokwe-py hiꞌupy eꞌy vaꞌe upeixa ete jajapose vaꞌe rei jajapo ramo jaha vai ara nhanhehundi rei vaꞌera ha erenhoty pora ramo katu ereꞌu vaꞌera erejaty vaꞌekwe upeixa ete nheꞌe marangatu tee vaꞌe oiko tee ramo nde pyꞌa-py ereiko pora pora vaꞌera nhandejary ndive ereiko vaꞌera opa eꞌy reheve,Kaiwá
12149,paapa yapuritoꞌ kaꞌ po miriri tipo eraꞌmaꞌpiuya iniꞌri miriri yai kaꞌ manaꞌta atarakkanmokasaꞌ eraꞌmaꞌpiuya moropai mai etaꞌpiuya miriri waniꞌpi merunti ke toꞌ waiyi trombeta eꞌnatoꞌ waranti pena eꞌmaiꞌ pe uyarakkiri eseurimaꞌpi pe manniꞌ waniꞌpi miikiriya taꞌpi upiꞌ: —enuꞌki tariwaya moropai apiꞌ ekaremeꞌtoꞌpeuya iꞌ aweꞌkupi ton siriri tipo —taꞌpiiya,Macushi
3230,cristo aga tokaleom inakanhe aisezedyly nitaymba deus izepa ato aiesezeni ola cristo adaunlo awyly nutuba deus imery awyly nutuba wara,Bakairi
24258,cay jawca cawsay allin willacuytam jesus apaycamula am unay japachasha mana-israel cashtacunapawan israelcunapapis,Urubu-Kaapor
25543,zudezu nori ha cristuhu wasu'uwe ha ma to aha na te te siwi 're we'o za'ra taha wa te oto 're ihaimana u'asi mono nhitob'ru ne 're haimana za'ra taha wa'rami ma to ai'ama 're siwadi za'ra wa'wa asire zudezu'o nori ama ha tane nhere isib'a'uwe 're nomro mono da te te pisutu za'ra wa te ta nori ha te te 're azawi pese u'asi sima ta nori hi'rata ma te te sina iropisutu za'ra zeb zarina,Xavánte
9143,oi nhande reꞌyi ojejavy vaꞌe ha ojejavy vaꞌekwe-rehe nomondo moꞌai ixupe nhandejary ojehegwi mombyry upeixagwa erehexa ramo ejerure katu hese nhandejary-pe ohexa uka hagwa ixupe hape porara oi ave nhande rapixa ojejavyve vaꞌe ha ojejavy vaꞌekwe-rehe omondo vaꞌera voi ixupe nhandejary ojehegwi mombyry ani joty erejerure hese haꞌe-ta pee-my entero hembiapo vai vaꞌe gwive ojejavy voi ojejavy ramo jepe oi joty ojejavy vaꞌekwe-rehe nhandejary remimondo eꞌy ojehegwi mombyry,Kaiwá
23608,naa toho niika jesu yɨ'tiwi: —de'ro weeakɨhɨ amuka dɨ'tegɨ naa me'ra niigɨ kɨɨ pihio'karare bɨha weti be'ti duti boosari be'ro kɨɨre apera aperopɨ miaaka be'ro purikare bɨha weti be'tirasama jesu yɨ'ɨ naa me'ra nii' yuhupɨ; yɨ'ɨ naa me'ra niitika purikare be'tirasama niigɨ toho niiwi jesu,Tukano
22610,ina aukopovo neko pulisea xokoyoke ne tutiyehiko koane eto'okopeahiko yuho poulu kamoane tutiyehiko neko yuho'inoa pulisea yupihovo koene pikea exoane apeyea xunako ne ponovoti kixovokuti ya roma kotixea evo poulu,Terena
21690,miꞌi hawyi putꞌokꞌe wetup ok aimuꞌe hat hawyi — taꞌi wetup kawiat ti iesui yt aipiit ewywuat i iesui iꞌatuꞌe saꞌag miꞌiria putꞌokꞌe aiꞌyat okenꞌy­pyke hawyi — wai yt ereke teiꞌo waku watoꞌe tope,Sateré-Mawé
9776,upeixa-gwi ani penhemombaꞌegwasu tei avave-rehe oiko-ma opambaꞌe nhane pytygwo hagwa ani tei penhemombaꞌegwasu mbaꞌeve kente kwery rembiapokwe-rehe nhandejary onhangareko pora hagwa nhande-rehe ojapo arakaꞌe opambaꞌe nhane pytygwohara hery-py aiko-ma xe ave pene pytygwohara voi ave niko xe apolo ave pedro ave oiko-ma ave pene pytygwohara onhangareko pora meme pende-rehe nhandejary peikove vaꞌera paraꞌe pemano vaꞌera paraꞌe haꞌe onhangareko pora ave pende-rehe pende reko renondera-py ave onhangareko pora ave pende-rehe haꞌe omoingo opaixagwa pende reko porara-rehe ha cristo pende rereko opogwy-py ha nhandejary ogwereko jevy cristo-pe opogwy-py,Kaiwá
5721,— haꞌe rire guembiguai kuery pe ju aipoeꞌi: “areko katupa ma ngaru tei aenoi uka vaꞌekue ma ndaꞌevei amovae agua,Guarani
13909,'apu yumug xuxya yeyox kunnix 'aktux nuy yeyox ha yayhahup hok xik-mun ha yayhahup hok kamah 'ugmun ya topa yog kamanat 'apu hapkummuk ha tot nuy tikmu'un pu yeyox 'aktux ha topa te 'aka'ogap-tup,Maxakalí
5496,haꞌe ra ijayvua rupi jaiko vy ꞌrae anhete nhanderuete jayvu agua vaꞌe rami ete jayvu haꞌe rami vy ae ꞌra jaikuaa hexe nhaia “xee ma hexe ai” heꞌi vaꞌe ma haꞌe oikoague rami ae toiko,Guarani
1827,jakama me pahte apraaw pyra ne amnhi kaxyw tirtum kot pajamaxper xwynhjaja kot puj me pahpiita urak ne pamex kumrex ne papa ho papa,Apinayé
25403,wasisawi za'ra pari wa to asisi ni apa uba're wawe neb 're wasi'aba're da ta nori ha 'ri teme ma to apa ai'aba're,Xavánte
18594,cristo haria nakaidivavini vani fori va'ora vaniha adani bana vahoariha va'ora avanakaidivavini cristo haria nakaidivavini mani ida naabinina hi'ia akadimoni haria akava'ijoara kaimoni deu-ra khai ni'aki ida cristo abini'ina akadimoni hi'ina ija'ari deu-ra vakanava'igavini igitha abononi aha'diki misai mitxaki hikia deu-ra khai vani'ara kaimoni ija'ari deu-ra kanava'igavini vani fori hija ida cristo kabadani akadimoni oniani ida deu-ra khai ni'a'ia,Paumarí
24031,rasunpa ya'aman chalapacamacunaca ya'a lulashacunactam lulapacun'a taytaman cutiptimi icha suma mascunactala lulapacun'apis,Urubu-Kaapor
17566,enore atyo xaokanatyakalati iraiti cristo isa womana hoka wiyakaihenere xihiye atyo exe: enore atyo xaokanatyakalati maisa makaliroti aka ihiye,Parecis
6137,odaa aɡica daɡa leegi naɡajo awicije ja yediiɡa me dakatacio minitaɡa inionigi-eliodi odaa meeta “jemaa lacilo  batista exakitinigi ɡinogo niɡina natigide”,Kadiwéu
25288,a nori wa'wa ha 're ihaimana u'asi mono nhib'a'uwe 're anomro aba mono nhere siwa'ru aiwasede ha 're 'manhari za'ra wa'aba mono o di za pi'o na aiba na zama dure aihaimana nhiseb'o na 're anomro aba mono o di za dure danhibrom na 're da'ruiwapari za'ra wa'aba mono o di za ta ha i'uwaibaba o wa 're idahaimana wasete za'ra mono ze ha,Xavánte
21624,mehi titu napin hap pauru mienoi mesup ti pauru miwan atipo­ꞌoro ewawi uiwy titu uito ti meiu tupana eropat hat iꞌewyte wuatꞌi porekuat iesui ehay moherep hat uito saꞌa­wyꞌi ti tupana uiꞌairo tehay moherep hamo tomi­ꞌai­roria piat hamo uipo­ꞌoro mio ta e uhepe — atiky­ꞌesat en uhehay pywuat moheg miitꞌin miat hamo e uhaꞌyru mohey hap moheg hamo uimi­ꞌai­roria muꞌe hamo woro­ꞌairo en e tupana uhepe katu­pono saꞌa­wy­ꞌite at yt kat i te turan toꞌe tupana ahepe — atum aru ehepe eheineꞌen wuatꞌi eꞌat piat hamuat e ti tupana yt heso i ahete tosa­ꞌyru mohey haria pe miꞌi hap yn wahe­katup aito mesup heꞌat putꞌokꞌe raꞌyn hawyi tupana timo­herep taꞌyn uhepe tehay — atum aru wuatꞌi eꞌat piat eheineꞌen hap uhaꞌyru mohey haria pe e tupana ahepe — koitywy woro­po­ꞌoro en pauru uhaꞌyru etiat sehay moherep hamo katu­pono woro­mohey en inug hamo e uhepe miꞌi tupono ti atimo­herep haꞌyru wuatꞌi uwania pe tupana e hap ewywuat aheha­kye­raꞌat tupana piat hap iesui mikyiꞌat moherep hat areineꞌen mesup uito uito ti pauru en ni titu uhaꞌyru sese iesui mohey hap kaipywiat katu­pono aimi­mohey ti wetup ok yn toineꞌen mote ꞌi pote wetup ok yn aito — etum no egyiꞌat hap uhaꞌyru titu pe areꞌe mesup mesuwe aiꞌywot tupana pe iꞌewyte imowepit kahato hap etum o uhaꞌyru titu pe areꞌe mesup mesuwe tupana pe iesui uheha­kye­raꞌat hat pe wuatꞌi porekuat pe,Sateré-Mawé
