index,TEXT,LANG
7338,a'ero jesus'ga pytai ga reruruka ojipyri ga rurame jesus'ga ei ga pe:,Kagwahiva
10776,ibutumy lida hawa mahadu sarona hawa mahadu tuu robire tai inynyry rityhynyrenyre,Karajá
26941,ne kam ajte metindjwynh kukradja 'o jare me kute tu pro'yr bakumrex ne kute kanga ketma mema are ne mema kum —‍gedja me'o pro'yr mon ar o ban kanga ne kam panh atema me'o'yr mon kam kute kro'a pro pyrak mjenja ne axwe nhym kam ajte me'o ne pro kanga nhym kam me'oja ne me'o kute pro kangaja'yr mon kam arym kute me'obe proo akinh pyrak ane,kayapó
12871,miriri tipo tiaron inenupaꞌpi ewomiꞌpi pedro yeꞌmaꞌpi piꞌ eraꞌmaꞌpiiya innape jesus eꞌmiꞌsaꞌkasaꞌ kupiꞌpiiya miiwini tiise paapa maimu eꞌmenukasaꞌ epuꞌti toꞌya pra awaniꞌpi aweꞌmiꞌsaꞌka eꞌpai awani taatoꞌ,Macushi
25673,paru ha te te dama iroti 'rasutuze wasu'u taha wa isisanawa nori ima asawi pese za'ra wa'aba nori ha ma'ape wanhib'apito ama asiptete sina 're aihaimana u'asi za'ra wa'aba mono za ai'ama ipe'eze uptabi za'ra wa'aba wa 'rawi te asabu za'ra wa'aba neza romha na nhere te asina ima 're irowe zani za'ra wa'aba mo taha wa wa to te dama 're aiwasu'u we za'ra wa'wa ito sina ane wa te za asiptete sina oho ama si 're aihaimana u'asi za'ra wa'aba mo,Xavánte
5536,— haꞌe jave py tape rupi ou petei sacerdote haꞌe vaꞌe oexa tei ojepekuavo ovy,Guarani
22677,itikinaikopo iseneu koeku ne xanena izarae: enepone itukoti ituke ituko'oviti nikoatimaka ne nau ho'openo iko'iparaxoke ituko'oviti ya atake koati exokovoti itukeovo pohutine isoneu xoko ituko'oviti unae ne ata enomone koeneye koeku nikea haina hainara koeneye,Terena
13277,kaxiy tikmu'un te hapxopmap-tup 'ihak nun hak mun ya tikmu'un kutok,Maxakalí
14241,— wekawen eyetaybit pin pima eya'opicugcug cuy wa'o kay — io'e,Mundurukú
17936,hatyaoseta kawihenahitene iraeha ekakoaha maisa xakaihenahititaha maisa aotyakihenahititaha hekoti maheta,Parecis
15729,ti mꞌ jerusarenh ba jesus bajee suun kan ti mꞌ tabahom pꞌop haga do tob nꞌaa henh tabegaa dak mah tug ba dag do hyb nꞌaa mꞌ  hedoo do sa sii he mꞌ tabahom ta sꞌee henh betanija had nang doo henh rabaꞌyyh hyb nꞌaa mꞌ tii ba,Nadëb
23905,o'akɨhɨ wee tamuro me'rata mari kati' da'ra' ni'karera mɨsa yaa kurakahara papera ohara a'tiro nii ohakara niiwa: “mari ke'ra o'akɨhɨ wee'kara kɨɨ po'ra nii'”,Tukano
20539,iziakbatakanahatsa zehezozokoknaha zihyrizikwarakanahaze iwaze hi nitsakikinaha — aty skaraba zaki — nikaranaha zimyijakanaha isperytsitsa kino niwatihi nitsakikinaha,Rikbaktsa
9485,“amombeꞌu-ta xejehegwigwa nheꞌe” heꞌi paulo agripa-pe ha upei katu heꞌi paulo-pe mburuvixagwasu hery vaꞌe agripa: —ay eremombeꞌuse ramo emombeꞌu katu ore-vy ndejehegwigwa nheꞌe heꞌi ixupe aipo heꞌi-ma ramo omopuꞌa paulo opo ixupe omboete-vy omombeꞌu hagwa noꞌa-rami heꞌi haꞌe omombeꞌu-vy:,Kaiwá
12012,—iwi meꞌpoki —taꞌpi toꞌya —pakiꞌnan pona ipokapiti meꞌpoki,Macushi
12573,uweiyukon piꞌ jesus eseurima tiaron mori panton ekaremekiꞌpi jesusya: —uweiyukon enepi pepin wariꞌsaꞌ yoꞌkoi itiitoꞌpe —taꞌpiiya —itiri pepin niri weꞌnannitoꞌ yaponseꞌ yoꞌkoi tiise enepi itaponseꞌ pona itiitoꞌpe,Macushi
10886,inyo bedeery ihookeki rexitoenykre deuxu dee tii dori ibutu dee riwahinymyhyre inyo lau dori ritoenyohyymyhyre,Karajá
11024,jejeꞌega sipo pemokaꞌjam rakue pe pype tekou ako je aipo momeꞌui pe nupe ikue,Kayabí
20551,— kyze deus siakbatsa mynasihyrizikpobawy uta kino niwatihi kahumo istsihitsa mysihyrizikpowyzo deus tse humo mynasihyrizikpoba,Rikbaktsa
4243,erezeruzar hehe ne aꞌe rupi aze erepuraraw maꞌerahy nehe ezeagaw zo izuwi nehemaw rehe nehe maꞌerahy ipuraraw paw wi nehe zauxiapekwer umaꞌereko mehe nuzekaiw kwaw umaꞌe rehe aꞌe taꞌe ipurumurywete kar wer weruzeꞌegar rehe aꞌe xe aꞌe rupi ezapo zo neremiapo putar haw nehe ezapo tupan hemiapo putar haw nehe kury taꞌe nepurumurywete kar wer tupan rehe ne no xe,Guajajara
26897,kwarik wanh a mema amijo adjamrao anhyr ket ga ren ar metindjwynh man ren mema kum —‍metindjwynh kute amim ija karo kot dja ba itin ne ar iba ra'a jabej ba kam arym kri 'okam item jabej nar atema idjapenh jabej ane ga ren ar a mema anen arym ar amex,kayapó
12671,tiise iniꞌ panpiꞌ jesus ekaranmapo toꞌya pra toꞌ waniꞌpi maasa pra eranneꞌ pe toꞌ waniꞌpi,Macushi
276,morarame torekohmaryke tonyohse toto jezu a orutua ae tututase ropa toto poinokoimo aka tomose toto joroko tomo morarame tururume toytose toto poinokoimo emero porehme tyhtose toto ypy emory poe nakuaka tyneryse toto emero asakoro miume tyneryse poinokoimo,Apalaí
5670,mbaꞌexa ndaꞌu haꞌeve nhanderuete roguerovyꞌa agua pendere mbaꞌeta opa mbaꞌe py pee kuery re rovyꞌa nhanderuete renonde,Guarani
21873,pyno toineꞌen naꞌyn aikai iesui mohey hap miꞌi tupono ti tupana tiky­ꞌesat poꞌog tosa­ꞌyru ewywuat wato­py­huꞌat hap uiwy­riaꞌin are iꞌewyte aikaipyi toiky­ꞌesat aiwa­netup hap aheko tosa­ꞌyru ewywuat ikahu rakat yn toiky­ꞌesat miꞌi hawyi toiky­ꞌesat ahepiat tokuap hap aikota aiwo­ꞌo­ꞌe­wy­ꞌewy hap toiky­ꞌesat are waku hawyi iꞌewyte toiky­ꞌesat aiwewai kuap hap toiky­ꞌesat miꞌi hap watikuap hawyi toiky­ꞌesat aiwo­ꞌo­kyꞌe hap iꞌewyte toiky­ꞌesat yt aipohep i tomohey hap etiat hap toiky­ꞌesat miꞌi watunug kuap hawyi toiky­ꞌesat aito toiaꞌakap koꞌi ewy hap toiky­ꞌesat are miꞌi toineꞌen hawyi toiky­ꞌesat aiwo­ꞌo­kyꞌe sese hap aikota wati­kyꞌe aheywyt aheinyt hap ewy aikywyt aiky­pyꞌyt hap ewy are miꞌi watunug kuap hawyi toiky­ꞌesat aiwo­ꞌo­kyꞌe potꞌi sese hap itag saꞌa­wy­ꞌi­tewuat imohey hap kaipyi hap toiky­ꞌesat are,Sateré-Mawé
6251,leeɡodi lotaɡa aneotedoɡoji modi “jaaɡadi lixaketedi ɡoneleegiwadi aninoa lixaketedi codaa inoɡa anoyowooɡodi niɡina anowidi lowooɡotakaneɡeco”,Kadiwéu
14322,“eykadujukapkam aca oceju” i'e'e'ukayu jeka kudadam mabuk ip yaguyepit gu osodop ip kuy bima o'jem ip iatka kay yaguyepit pima kuka juk iba'ore gu o'e cepit am ip,Mundurukú
20835,kyze sodadutsa sesus ziharaperykynaha wytyk nidydykyze sipybyretsa hawa sa nikaranaha niakozonahaze sipybyretsa: — o atahi deus tse babata — niaha,Rikbaktsa
17675,maika hatya iraeharehena hiso hoka kolahena hiso kalorexe ana hoka maika hatihityoa ihiye hoka hamiyatya hatyoharenai tahi ahotita nikare ite hoka maisa kolaita hiso kalorexe nahalakoa hoka kalorexe ijita hiso sorare ana hoka sorare berexoako mokita hiso natyo atyo nomita: maisaiya hahikoahitita hatyoakota maisa habakaita tyotya aokiterehare hoka — nexa,Parecis
24249,paypa shiminchu niyanmari: “chay llaquipaycunac ura chamuptinmi uyaliyculac; salbaycunac muyun chamuptinmi yanapayculac” nil chayura ¡jay ¡cananma llaquipaycushunayqui uraca ¡cananma salbaycushunayqui muyunca,Urubu-Kaapor
13979,texiy tikmu'un hi xe'egnag mokuma'mog ha' kux 'ohnag ya tikmu'un te 'ayummug ya topa yummug 'ap xip'ah topa xe'e noy texiy tikmu'un hi xe'egnag mokuma'mog ha' kux 'ohnag ya tikmu'un tek mun yummug xate nugkutnaha',Maxakalí
21691,saꞌa­wyꞌi imohey kahato haria eipe uwe uwe itote eimaꞌat saꞌag saꞌag wetup muꞌap upi katu­pono koitywy eipe yt pywuat sehay upi hin i raꞌyn eweikup­teꞌen saꞌa­wyꞌi waku pe eweikup­teꞌen pytkai tupana ti yt eimaꞌat hat hin i pai kat pote mesup eiwe­morem hamo eweimohan kahato iuteuria eko katu­pono miꞌi aipun hat neꞌi aiꞌahit apy sokpe hep hap mekewat iuteuria eko yt aikaykay hapyk hat eko ewy hin i yt imienoi koꞌi ewy hin i,Sateré-Mawé
7963,jesus'ga ombojipe'a anhaga ahe hugwi igwete jesus'ga hoi cidade de cafarnaum me judeus'ga poravykye'yma rupi sabado rupi jesus'ga hoi judeus'ga mbo'eavo tupana'ga nhi'iga rehe gajatykahava pype,Kagwahiva
23126,mɨsare seri ya'a nemogɨti taha israel kurakahara ayuse kitire tɨ'omira tɨ'o masitipari tɨ'o masikara niimiwa yɨ'ɨ teere nii nemogɨ moise kɨɨ nii'kere were mɨ'tagɨti o'akɨhɨ uuku'kere a'tiro niikɨ niiwi: yara masa mehereta yɨ'rɨogɨti yɨ'ɨ toho naare weeka mɨsa doerasa' no'o mɨsa “tɨ'o masitima” niirare yɨ'ɨ yɨ'rɨoka mɨsa uarasa' nii ohakɨ niiwi moise,Tukano
3380,aituo myani pedro ton-honre kehoem eyam aguely: — satanas amidyse ato ara kula amidyly deus ispiritury enokuze myguely “idanara tara onro ebyrypyry kaenmakeyby awyly” myguely wane xira dinheru ewy maenkanadybymo tala ola amaemo — kely myani pedro — anguy “onroru vende ieka” kewapyra keanka vende manhepygueduo anguy lagala keanka “idanara dinheru maenmakeyby ady pebanro modoram xuduga” kepa wara ama xurala keanka mara onro tawala ize mato ara amanhetoem vende manhepygueduo ama xurala keanka dinheru wara tawala ize mato ara amanhetoem inakanhe inkaba dinheru maempajigadyly amaemoem iwaga tadasenogudyly myguely ola inakai xina kulela makeba enokuze mygueho deus lapyla wara — kely myani pedro,Bakairi
3390,jesus tawanuneim modo kua nhetobyry xixi awampygueduo myani tonlo modo tawanuneim modo kadopague taseim modo wara jesusram nhadylymo toenzepa kurado atadyguyly simao ety inataji jesus aidyly ese,Bakairi
3273,kunwym deus kuruto toenzepa mawanka aguidyly aguykely wara enuagaeni modo awylygue jesus ize ato aguiempyra kyenehorim kyjimonre inakanhe aguitobyry kyjimonre mydy anguydo imeom nhawato ara awara inakai modo kawadyly adaunloenla ton-honremba kipyra ola kine kynyna inakanhe awyly kyzemaenre deus kyize ato ara kitoem maka tagaseim ara kine toenzepa egaky enuagaeni modo aganayam myk nipyra ola egaky tadaintoam taintoem jesus lela kananano nida maka tagaseim tazegaky xypyryam taindyly lela enanano myara jesus waga mawanra deus einwandyly adaguly; jesusla kieinwansezedoem aienehoin-ro wara kywypado kruz waga tajiguely awyly umela myakawam jesus iguely kajipyay tutuze mawanka deus aguehobyry adiendyly-ro watay tuomare lela tawyly awylygue ara adaieholy nhemaenly lela iwera deus ekadoda eahoru eynyna ekadybyem awyly deus eyam aguehobyry ara,Bakairi
25596,ane te te tama rowasu'u za'ra wamha a wahum na sasedoti ipire uptabi na 're ihaimana mono zeb zarina si'uiha nai o nhere te tama rowaihu'u siromo za'ra zezusi ha dazada ida'azem na ha zudezu nori zada si da'a o di za zezusi ha daro mono ba 're ihaimana u'asi mono ti'ra da ubure te te 're i'apisutu mono nori zada te za dara simisutu i'ra si 're danomro mono da,Xavánte
380,—otyriko tykase toto eya mame totyrise ropa jezu kanawaka toto kanary aka mame axi toeporehkase ropa toto pata pona kapanau pona,Apalaí
1666,—ne tirtum kot me pahto hapex par pumunh ta maanen kot me pajamar mex man ka htem kuwenhre pumu na hte tirtum kuwenhre jamar mex o pa me piita me kot am omunh ta nom nhum tirtum me kurom hamar mex pe me htanopxar raha ho pa ta kam me pajape htyx o kot kuwenhre jakrenh jakama kwa me tee ri amnhi kukama ajamaxper o ri akapri ne apa hket ne koja tirtum me pahtanopxar raha ho pa kot me panhi piita omunh par ne ahpynha tanhma me pahkra hki kute hkot me pahpumunh par ta kot me pahtanopxar raha jakama mo kaxyw kot kaj ket me ri ama me uma ho apa ane,Apinayé
5990,jesus aipoeꞌi haꞌe kuery pe: — pejavy mbaꞌeta ndapeikuaai ipara re oia nei nhanderuete poꞌakaa mbaꞌeta onhemboetepa ju vaꞌekue ma nomendaavei nei nanhomomendaavei ma ꞌra guive haꞌe rami ꞌrague py anjo kuery rami ꞌra ikuai yva re,Guarani
22121,ina kixoa jesus: —‍iyukopovotimo ne yayo,Terena
9779,upe nhandejary rembigwai onheꞌe vaꞌe xe-vy ogwereko oyvyra ramigwa ouro-gwi ijapopyre oipapa hagwa upe teta hoke ave ijerekwe rehegwa ave oipapa hagwa upe teta,Kaiwá
10893,tahe idi jesuisi rexitare haworo‑o ralore idi rohorere kanawe‑ribi ija‑o,Karajá
26172,djam me axwe kajgo djam panh ket kati metindjwynh kute mema axweo panhkumrex nhym kadjy mranh djwynhdjwy djam kute mema axweo panh ket kati panh ne arym apa:rma me biknor tokry djakam me kume ne kam akamat ko tykkam mebe ije mramri me kute kaxiraxo me 'aprekam me kute mebe ije tyx pyrak dja 'atum nhym mema axwe panh jarenh nho akati arym box kute kam mema axwe panh jarenh kadjy metindjwynh arym mebe ije dja mema axwe panh jare,kayapó
6447,odaa jeɡeetediogi “igaamenitiwaji ina me iote anicootiniwacetiwaji odaaɡipokitalo aneotedoɡoji me daɡa ikateda me oeni ane beyagi nigetiɡadicini”,Kadiwéu
13863,—‍'ukuxa hittup'ax tikmu'un te yay kutognag pe'paxex ya topa te nom pu ham'aktux xex tu' xaxok 'ohnag yiy pexkox yog hapxop pop putup,Maxakalí
2647,iuasaaki ate auakipanika inakaniua apiananiri kanapiriakasaaki asari ninoa mitxi ipikani apisapanika mitxi ninoa sa iposo atoko ate sa apiananirimoni apiananirira sapiretapekaua ikara iuasaaki apiananiri potorika itixine iuaka katxaka uaimoni iuasaaki akiripoakata iua apokasaaki ininia kakiti kenakotariko teoso nitiriakori auite sakire teoso tropetane xokiko kenakotaaka iuasaaki mitxi ipikani kristo sakire auiakani merepanika okitikauako,Apurinã
1703,—ta memo kaxyw na pa pre a me akot amnhi nhipex anhyr o ri ixpa na me ate ja ha ixpumunh ne ixpyra ne a amnhi nhipex anhyr o ri apa kaxyw ne ixpyra ne tanhma me kute xwynhje ho ajuta hto ho ri me apa kaxyw na pre pahihti jejus ja jarenh o: “koja meho ama memoj go ka amnhim apy ne akinh ne nom kot kaj kam nham meho ma memoj go hamri ne akinh tyx o ate meho ma memoj nhorta jakre” ane,Apinayé
26422,jejukot ba djwynh kute abenbe benjadjwyr pytar te ne kam kabeno aben japanho mo kot ba djwynhja kabeno aben japanho mo myj myr jabej bir nhynh kot ba djwynhja 'o gedja benjadjwyr raxo aben jakre ja myr jabej ne me kabeno aben japanho mo,kayapó
1253,ne koja krija kama myyti ne mytwryre hket mo kaxyw kot ket myyti ne mytwryreja ari ri hira ho pa kri kama tirtum pa ho pa jakama kama hira mex kumrex ne me pahte amnhi tomnuj panha amnhirer xwynhta haxwyja kama pa ho pa te kep kane hpok rax kumrex pyra ne hira mex o pa kot hira mex o kot myyti jakrenh a tirtum me kra wa krija kama pa ho pa jakama nhum me axte myyti ho presija hket ne,Apinayé
11988,jarejuwarete ꞌga remifutar imu etee ki ꞌawamu mamaꞌea peapo yma te ꞌa ꞌga pe muꞌei mamaꞌe tywera apoara ꞌga nui pe mogyau wemiayuwamu rakue nuapoi futari ꞌga mamaꞌe tywera niparuapoweri nane ꞌga mamaꞌe tywer are nu mamaꞌe esagea etee ꞌga iapou aꞌeramu ki pee pejejemogyau esage ꞌga ꞌjawe,Kayabí
3290,deus ispiritury aewyly wayam waunroem aini modo kaentoem aienehonze anju iwy kaynonro onwa yada deus ijidadary jerusalem iwelo nhenehonly keanka deus eyda atodaba keanka xytaguyly tywakure kehoem keanka xidada tohozele wara ehoru deusdapa aenigue tuhu iwakuru tawaenseim jaspe ara keanka mara xidada ehozelu vidru tapiegureim ara,Bakairi
24053,natac suma-suma caycunanchic muyunca chamuptinmi icha cay pishilla caycushanchic'a camacan'a,Urubu-Kaapor
14336,imenpuye: — ocetaybit gu — io'e ip jesus pe — ka — io'e — abu-a'obi  batista oeku iap epeguwen gu owebe on tak abu-a'obi on jekukum iap oguwen gu eywebe — io' e,Mundurukú
25834,dure ni'wam nori ha aiwa amnho ha wab'ru wazari irere'e mono ne te 're haimana za'ra wab'ru ha ro'wanhipre sire 'wanhipre mono wa te te oto ubu mono wa i'ra za'ra o ne 're ihaimana u'asi mono zadawa wasu'u ha tipo're na te te 're wapari za'ra mono nhere iwe ha te te 're 'manhari za'ra mono o di za ta nori ha tihaimanazem na si te za sina 're hata'a u'asi za'ra dure danhibro pe ha we uptabi newa te za taha zo si te te 're rob'ruiwapari u'asi za'ra taha wa amnho 'wanhipre ha i'ra za'ra o ne 're nomro we mono o di za ta nori ha,Xavánte
19834,quem foram os que ouviram e se rebelaram nao foram todos os que moises tirou do egito,Portuguese
24933,manam imaypis yachachilachu mana tincuchiypa yachapacunincunactam icha lluyta japa tantialpachila,Urubu-Kaapor
6309,joaniɡidaaɡee akaami yokaaɡetedipi yemaanigipi jiniɡica anenitege niwicidi,Kadiwéu
4993,hekwe uzeꞌeg oho amogwer tekwe wapyr aꞌe imunehew pyrer wapyr aꞌe wamunehew paw pe aꞌe kwehe mehe tupan uzapo kar kanuhu uhuaꞌu maꞌe noe pe aꞌe — tupan umugyr kar putar amanuhu aꞌe nehe iꞌi noe teko wanupe aꞌe — pepytuꞌu ikatu ꞌym maꞌe iapo re nehe iꞌi wanupe nuzekaiw kwaw izeꞌeg rehe wa nuweruzar kwaw tupan zeꞌeg wa aꞌe rupi tupan uzepyk wanehe aꞌe umugyr kar tuwe amanuhu wanupe aꞌe wamumaw pa xo noe zutykaꞌi numano kwaw aꞌe wa taꞌe wixe kanuhu pupe aꞌe wa xe noe ianam uzepyro ꞌy wi nezewe aꞌe wa amogwer teko umano paw rupi wa wanekwe oho tekwe wamunehew paw pe wa zezuz hekwe oho aꞌe tekwe wapyr aꞌe umano re aꞌe umumeꞌu wi tupan zeꞌeg wanupe,Guajajara
25653,taha wa wa to si'ubdato wanhib'apito wi ha isima rowapte to oho na te 're irobzepata mono zem na ha ta ha simisare te te i'ama sizari da te ama 're robzepata zahu to mono da,Xavánte
15431,ti mꞌ taky hadoo sa ha: —hed nꞌaa takꞌep be beyym dooh pꞌop haga do ha be hꞌyy kae na ba —nang mah,Nadëb
16523,nxa²­ha¹­te¹­ ya³­lu²­jah¹­la²­kxai³­ kwen¹­tai²­na¹­ i³­sa²­yxau³­nu²­la²­ i³­ye³­a³­si³­wxe³­ta¹­hxai²­he¹­la²­ nxe³­ju³­tan¹­te²­kxa³­ya³­lhu²­ je³­su²­jah³­la²­ hi²­sen³­kxai³­lu²­ in³­txai²­li²­ kwen¹­ta²­ ka³­ten³­si²­jah¹­lai²­na²­ sa²­kxai³­lu²­ wi¹­lxo³­kxi²­nha²­sxa³­ a²­ha³­ka³­na²­ sxi²­ha²­ a³­wa³­li²­ta¹­hxai²­he¹­la²­ u³­hu¹­xi²­ta¹­hxai²­he¹­la²­,Nambikuára
5189,teju-jagua kunha vaꞌe oakykue monha ra oexaague haꞌe gui yvy py teju-jagua omomboa ma ramo oakykue monha kunha opiꞌaꞌi oikuava vaꞌekue,Guarani
18127,jesus va'ora ni'a'aha: —avanokhoni 'ba'dani vagaharija vaha; hojai asohirikia avakahojaini kaba'i deua bina'biramanihi vaha hida avakadihojai asohiriki avakamaodoroharini-ra avakahivini mani ida avakadihojai asohiriki deua bina'biraravini hija bana,Paumarí
19377,nao se embriaguem com vinho que leva a libertinagem mas deixem-se encher pelo espirito,Portuguese
25056,tawamha zezusihi ma te dure asa nhari za'ra ane: — wa nori ha abra'aha nhihudu tawamha asa te dure zezusi ha tama nhari za'ra: — abra'aha nhihudu uptabi 'wa'aha te are 're anomro we wa'aba mo isine 're ihaimana u'asi mono nhimiroti ha to sena uptabi taha si wa to te aima 're wasu'u za'ra wa'wa te te ima 're i'awaihu'u mono zeb zarina tane nhere ma to i'ama asima iroti za'ra wa'wa asiwi iwiri za'ra wa'aba da ane dama 're haimana mono o di abra'a ha a nori wa'wa ha aimama ne te 're anomro aba mo — ane zezusi te tama nhari za'ra,Xavánte
1627,ne kuwy hkumja rum memoj te krit pyrak xwynh kwyjaja pikap rorok ne kuhe te kot krit pyrak ta me hkuk te panhi hkuk pyrak ne me hkra hki te menije hkra hki japje pyrak ne or o me ahka jagje ne me wa japje htyx kumrex te reawti xwa japje pyrak ne kax o me hino hka nhum me htor o hara hkoko htyx o mra te ho kawar xohto pijapu kaxyw kot me hkjenh xa kama me htur ne me hkjenh o hprot nhum hkoko htyx pyrak ne me hkamnhwyr o pa kaxyw me hanhyja te kot makre janhy pyrak a kriitija kot anhyr ne te nhyhym opre kaxyw nojaret ne me hkrit kawar ha hikukrex mex renh pyrak meo pahija ahkre xupymta kama kep me hkrahtum ijaew kaper kam hixi pe “apato” no gres kaper kam kep “aporiaw” no me pakaper kam kep “me hpar o pa xwynh” hamri nhum tirtum kriiti ma kaper ne me kam:—e ker ka me ma pika piita hkot te makre kot amnhi nhipex pyra ne ri me hkot me hkamnhwyr o apa a amnhi nhipex anhyr o me ata mytwry pe sik no am ker ka me hpar kumrex ket ne am me kot amnhi xa htyx kam hamak pix kaxyw tanhma me ho ho apa te makre kot me hkamnhwyr nhum a htyx kumrexta pyrak no me ate me hkamnhwyr nhum me hkamnhwyr xaja koja a htyx o makre kot me hkamnhwyr jakre nom ra me kot tirtum kra ha me hkaga xwynhjaja ker ka me omu ne am me omu ne tanhma me ho hket ne me kep ixkwy na me ne po ne prat ka me am omu ne tanhma ho hket ne am me kot panhi nhokra kaga hket xwynh pixjaja ka a me hipex anhyr o ri me hkot apa nom ker ka me hpar ket ne ke me tee ri amnhi xa ha maj kam tokyx htyk ne hapex pram hkapry ho pa e ma me hwyr mra ne a me hipex anhyr o ri apa anehamri nhum me kuma ne ma me hwyr mra,Apinayé
16460,ja¹­nxa¹­jau³­su²­ e³­a¹­wi¹­ i³­sa²­yxau³­sxa³­ txa²­wa¹­su³­na²­ i³­ye³­kxi²­yah³­lxin¹­kxai²­nan²­tu³­ a²­nu²­a²­ i²­li³­te²­hu³­te²­su²­ te²­a²­ ko³­nxe³­ti³­ kai³­uh¹­nxti³­kxai²­nan²­tu³­ nxe³­ju³­tai²­na²­ wi¹­lhin¹­sxa³­ ne³­wa²­na³­txain¹­yah³­lxi³­he¹­li¹­ nain¹­yah³­lxin¹­kxai²­nan²­tu³­ wxa²­wi³­na²­ oh³­na²­ yxau³­jah¹­la²­ ko³­nxe³­ti³­ kai³­yah³­lxin¹­ju³­ta²­ ne³­wa²­na³­nxti³­nun³­tu¹­wi¹­ yxan¹­ta¹­ wxa²­e¹­nan¹­jau³­su²­ nxe³­ke³­la³­te²­kxai³­ te³­nah¹­lxi¹­: “jah¹­lai²­li²­ ko³­nxe³­ti³­ kai³­u¹­sain¹­na²­he³­na¹­ ne³­wa²­na³­u¹­hain¹­nxa³­lho³­na¹­” yah³­lxin¹­ke³­la³­te²­kxai³­ wxa²­wi³­na²­ oh³­na²­ yxau³­jah¹­la²­ ko³­nxe³­ti³­ kai³­yah³­lxin¹­ju³­ta²­ ne³­wa²­na³­uh¹­nxti³­hi²­nxa³­wi¹­ je³­su²­jah³­la²­ ta¹­hxai²­he¹­la²­,Nambikuára
15063,keh yy y hꞌyy kasabꞌee doo takꞌep hyb nꞌaa jawyk do berꞌoot doo da nado hꞌyy gatamah do berꞌoot doo da y baherꞌoot,Nadëb
13210,xonat xat pu yeyox muy ya tikmu'un xohix te ham'aktux pu'ugnag te kaxiy ha paniye xop te' xupak hu xonat xat xix 'amanex xexka xop te xonat xat pu yeyox muy,Maxakalí
17821,wahakotyahitaha taita enomana motyaite faka ihiye xamani xoana wainihena rota xamanite aokahitaha wahakohenaha mene enomana hoka maisa xoana tyaonare hoka hawarehare ahekohenahitiyaha hoka nehenaha: — kala enore — nexaha,Parecis
24701,nilcul nillaptinmi wanushaca cawsalcamul taycucuycul limayta allaycula chaynu cawsalcachilmi mamanman jesus intirgaycula,Urubu-Kaapor
19046,eles estavam apavorados e perguntavam uns aos outros: quem e este que ate o vento e o mar lhe obedecem,Portuguese
17470,jesus nityo iximarenenai xoaha irae aokowita ekakoa hatyaoseta jesus iraetata halitinai kakoa hoka inityo iximarenenai kaokaha menanakita tyaonaha kasani iraeha ekakoa aokowiyahitaha hoka kawisahene,Parecis
19435,quem estiver no campo nao volte para pegar seu manto,Portuguese
21378,miꞌi hap ete pywo eweiꞌe iꞌewyte tupana pywo e urutu­kup­teꞌen eipy­ꞌa­setpiat turan katu­pono wakuap mywo hapyk puo yt kat i eimaꞌat hap mywo urutu­kup­teꞌen ehehamo iꞌewyte tupana ehamo,Sateré-Mawé
10723,tai heka soldado dinoduo ratximyhy idi retehemy tule soldado mahaduo tii‑wana ratximyhyre ibutumy tuu robirenyre tai tahe tabrebu‑ribi narybedenyde: —tii inatyhymy deuxu riore heka rare,Karajá
21007,iuwau minapin typuat uito ti iesui potmuꞌe sese iuwau koitywy aseꞌi pot areineꞌen uiporo kahato raꞌyn mote mesuwat uimiwan atipo­ꞌoro ewawi mana waku sese kahato en katu­pono saꞌa­wyꞌi tupana eꞌairo temiit sese wo kuekatu atipo­ꞌoro uimi­kyꞌe koꞌi kape emepytꞌin kape pywo ti rat woro­ho­ꞌo­kyꞌe kahato eiperia yt uito yn i eikyꞌe maꞌato yne yne iesui kuap haria eikyꞌe kahato wy iesui pywo e hap ewy eikyꞌe urutoria,Sateré-Mawé
16445,nxe³­sxa³­ txa²­wa¹­su³­na²­ a³­lxi²­ne³­ju³­ta²­ wi¹­ko³­nha²­ki³­sa²­kxai³­ wi¹­lain³­kxi²­nha²­ta³­lun²­ki³­sa²­kxai³­ nxe³­ki³­ta³­la²­ ja¹­nxe³­ju³­ta²­ txa²­wa¹­su³­na²­ kai³­to³­ju³­ta²­ a³­lxi²­ne³­jau³­xa²­ so¹­lxi³­ kai³­jah¹­lai²­la¹­wa²­ nxe³­ha²­kxai³­ txa²­wa¹­yu³­ta²­ ki³­na¹­xai²­nan²­tu³­ te²­ya¹­nxe³­sxa³­ su³­na²­ a³­lxi²­ye²­ki³­sa²­kxai³­ a²­nu²­a²­ a³­xa²­ a³­lxi²­yhu¹­ye²­ki³­sa²­kxai³­ nxe³­ki³­kxai²­nan²­tu³­ su³­na²­ yxau³­ye²­ki³­sa²­kxai³­ su³­na²­ yxau³­ye²­ne³­lha²­kxai³­ nxe³­hi³­ki³­ta³­la²­,Nambikuára
7570,—‍aere ji jivyra'javame avo judeus'ga nduri ikwehe ei ga ga pe igwete ji nanhimbegwei ko'emame ji hoi juizes'ga apykava rehe nhitena takwaha ti paulo'ga reaporogita javo ei festo'ga igwete ji paulo'ga rerurukari ga mo'ama orepyteri pe a'ero “kiro po ti ga imombe'ui garekote'varuhua nehe” a'e ji jiyvyteri pe novia emo hajiheva'ea reki ga omboja ga rehe o'ama ei ga agripa'ga pe,Kagwahiva
21438,miꞌi hawyi ti aru uhum wetup ywaniaria wani­kaptia po pe iꞌatu­mi­kyryꞌi uhetiat hamo uiꞌahyk ahyk hamo e miꞌi hawyi uiꞌauka ti aru itotiaria ariaꞌyp posak ete e miꞌi hawyi uikuꞌuro sese itote ti aru e myeꞌym eꞌat uisyp hawe uipiit topyhuꞌat maꞌato miꞌi hawyi ti aru areineꞌen ne i raꞌyn guꞌuro pyi maꞌato e,Sateré-Mawé
26661,djam ije apynh apenh dja'a pi'ok no'okja djam jabit ne jeju ipex kati ije pi'ok no'ok ketri ne ba amim —‍ne ba ren apenh kuni'a pi'ok no'ok nhym ren arym pi'ok kume:x ne ren apynh pyka djari kunikot ren pi'ok me akrenh mex ne nhym be kati jeju djapenh jabit ne ba 'a pi'ok no'ok ne tam ne ja,kayapó
5819,pendevy ojapo pora vaꞌe pe anho ri pejapo pora vy mbaꞌe ꞌra tu pejopy haꞌe nunga repy mbaꞌeta heko vai vaꞌe kuery voi haꞌe rami ikuai pendevy omboekovia vaꞌera pe anho ri mbaꞌemo peiporuka vy mbaꞌe ꞌra tu pejopy haꞌe nunga repy mbaꞌeta heko vai vaꞌe kuery voi joupe oiporuka ꞌra mbaꞌemo haꞌekue rami ju ojopy agua — haꞌe ra pee ma peayvu ꞌra pendovaigua kuery voi haꞌe pejapo pora joupe mbaꞌemo peiporuka ꞌra hekovia reꞌy haꞌe rami ra ꞌrae heta omoi poraa pendevy guara haꞌe yvate ete vaꞌe raꞌy pendekuai mbaꞌeta haꞌe ma ojapo pora ꞌra hexe imaꞌenduꞌa eꞌy vaꞌe haꞌe heko vai vaꞌe kuery pe voi penhomboaxy kuaa ꞌra penderu nhomboaxya rami,Guarani
23781,sacerdotea wiora moise oha'kere bu'era pe'e kɨɨ ayuse wee i'yoka i'yara tɨ'satiwa wi'mara tii wi'i po'peapɨ niira a'tiro karikuwa: —dɨporokɨhɨpɨ wiogɨ nii'kɨ davi paramire e'kati peora niiwa teere tɨ'ora sacerdotea wiora ke'ra ua wa'awa toho weera jesure a'tiro seri ya'awa: —soha wi'mara naa niisere tɨ'oti jesu “tɨ'o' mɨsa o'akɨhɨ yee kiti ohaka puripɨ nii'kere bu'epa a'tiro nii': o'akɨhɨ mɨ'ɨ wi'mara toho niika mi'rirare a'tiro weeka weeapɨ mɨ'ɨre “ayu'” niira keoro basa peo me'rika weeapɨ nii'” niiwi,Tukano
18176,hojaki ada deus hoarana ka'oa ija'ari hahavi vakadi-deus kaimoni hojaki ada makhira hoarana ka'oa bikaabokaki ida ija'ari hahavi deus khama vaabono vakanajahamisikhamavini jesus cristo oniki ada makhira ovani ada abono-ra va'ahara abini'ina ija'ari hahavi-ra va'ora akava'ijoara kaimoni deus abinina binofivini kamahini ada jesus abini'aha ija'ari hahavi vakadimoni hina ija'aria avigaja kaimoni ida deus haria akava'ijoahahavivini-ra nofivini,Paumarí
8562,“ajag ha vy ty inh mre ke nyti ajag ty inh mre ke nytin tugnin gir ty ge jeꞌyn ni to ha nytimni isugrin ajag ty isugrin u ty ge to ha nytin ky ajag tog iso ha nyti ge” he tog jesus ti,Kaigáng
2518,petro kipatari xesosi imarotini - iuasaaki petro topakanata mapara pirikeri aki atokoro kaipasi nitero sari iuamoni —pite xesosi karireiakiri moianaripitikarai —otxari iua,Apurinã
2728,ininia ikinipoko xesosi sakire auiakani apanakini ikara kenakoenetakani pakini pikarauata,Apurinã
7472,a'ero orembo'eharamo javo ga ei jesus'ga pe: —‍ymyahu moisesva'ea okwatija hako tokwaha ti ga javo aherembikwatijara e'i: “po akwaimbae'ga manoi ta'yre'ymame gwembirekohea pe a'ero ti gairu'ga tahembireko hea pavei ta'y ti ga hea pe nhiiruva'ea togwereko gwakykwepohara'ga javo” a'ea moisesva'ea ikwatijari hako ei ga jesus'ga pe kiro ga imombe'ui omanove'ga jesus'ga pe,Kagwahiva
17713,maika xihalahareta mene,Parecis
11857,—aꞌerauwe ꞌga awau akou tajaurana poitawamu aꞌeramu ꞌga tyꞌara rerekou tajaurana futawa resaka ꞌuina aꞌeramu ꞌga tajaurana futawa uweita jui numiamu aꞌere teymajara ꞌga aꞌea miamu naꞌuukari ꞌga upe,Kayabí
17578,xaotyakiyaho iniyalahare xoaha xoare wehenaite xaotyakiyaho ala nikare hoka iniyalahare maiha nikare xini xaotyakiyaho atyo awaiyekehalakatya nomani iniyalahare akiti hiyaiya xaotyakiyaho atyo nexa: “awa atyo hatya xiyehare himaiyase hoka haokene homana” nexa hoka ikoiya awa hatyo hoka maisaiya waiyekehalakita nomani hatyo akiti,Parecis
18757,vaabono vavaboraborahaki adani farisio oniani ida vakadibadani ija'aria vada bini'avini vanofivini hija avarakakosi'ihi ida athii pitani oadaki deus athi kapapirani hojaki papira hoariha avarakakosivini naothinia papira bavini-ra avibaiha vidabomisija kaimoni ida papira bavini vaatha vavadi-ra vidabovini hi'ihi jaboni ija'ari hoariha va'ora nokira kaimoni makhira hahavia vakaimahaki ida papira bavini pa'itxi deu-ra vara vani'avini oadani farisio vania vanakarahoja ida vakadipapira bavini deu-ra vanofikarahoki vahoariha va'ora vavanihara kaimoni vada vani'a jaboni ida farisio vakadimakari ihini vadini sirasirahani oadaki makhira hahavia vavahojaki ida makari ihini sirasirahani oadaki akaahohaninikhamaki ida vakadikarahobi vakaimahaki nokhoni farisio vani adani makari ihini sirasirahani-ra vana'oadahara vahoariha vanokija kaimoni deus athi-ra vanaabajahakiki vahoariha va'ora vavanihara kaimoni,Paumarí
15775,ti mꞌ taky hadoo enh: —baad be kana sa mahanh —nang mah —be da rahaeenh panang enah do sa wahe nꞌaa sa moo go be raky nꞌaa etyy hyb nꞌaa be da rahewyyh tob pꞌop haga do panyyg rayd naherot doo go hep y nꞌaa be da ramahuum sa wahe nꞌaa we heej baga nꞌaa sa we na-aaj he sa matym go be raky nꞌaa tapaa hyb nꞌaa keh y nꞌaa be herꞌood kan da tii ba sa ha —nang mah,Nadëb
2090,moisesi iokatsopatakiti moisesi iokatsopatakiti aauikinia atxiiti anirekaikari teoso sikaenetakiti anirekapitikari akiomaneakorini paniatakiti sakiretxiti kona txikitakaua aauapininiika anini tikane ininiakara akiomaneakorini sakire kona kamaerekataua ate ininia teoso kona apakapaua ate ininiakara kona aauapininiika atxa teosokata auari mauiritakoti sakiretxiti kakiti auapininiika inini txikitakakari teoso sakire iokatsopatakori txari: “ikininape kakiti kamari maerekati” kateia aki auakani atoko atxaua kotxi aposotari erekari akamini teoso sikaenetakiti sikaaka xesosi kristo sakire auiakanimoni,Apurinã
20037,iwa batu tyso usta kasoho motsasoko kazo kasoho motsasokoze iharere kino tisapyrena hy iharere humo wasani mykara,Rikbaktsa
9874,upeixa voi onhemonheꞌe kente kwery-pe nhandejary hesu rehegwa nheꞌe pora omombeꞌu mbeꞌu voi oiko-vy,Kaiwá
6905,niɡijo naɡa dinelio nokododi me diba digoida aneotedoɡoji liɡeladi odaa  joɡopiticogi liɡeladi,Kadiwéu
19224,depois disso olhei e diante de mim estava uma grande multidao que ninguem podia contar de todas as nacoes tribos povos e linguas de pe diante do trono e do cordeiro com vestes brancas e segurando palmas e clamavam em alta voz: a salvacao pertence ao nosso deus que se assenta no trono e ao cordeiro,Portuguese
8981,ky ag tog meg mu sir jesus vi ti tope tu ki rir ti to paꞌi ag vy meg mu fariseu ag ke ge me ky ag tog vaha to jykren mu sir “eg ha to tog uva ki rir ti koreg ag to comparacao tag han ja ni” he ag tog mu sir ki kanhran ky,Kaigáng
13256,tu tep-texop xexka 'aktux 'ammiy noy 'iha tik nun ya yeyox ha' nun tu' yikopit hu: —‍notot 'atep-tep miy'ax nuy tuk kuxa hi xe'egnag mo' kumak mog 'ate hapxopmaha ha xiy kaxiy,Maxakalí
2848,teoso sakire txari: “kakiti ikara atoko inakani ipinapitikako ninoa ipinini atao” ikara teoso sakire imarotapiikamana iuaritika ikamapanikarina ikara maerekati apaka apokaerekatarina apanakini maerekati ikamakasaaki,Apurinã
16667,nxe³­jau³­xai²­na²­ so¹­lxi³­ i³­yau¹­u¹­nxti³­hxai²­na¹­tai¹­ti²­tu³­wi¹­ nxe³­na¹­jutsu²­ a³­waixkxi²­na¹­hi¹­na¹­ ah¹­i²­kxi²­xi²­sah¹­lxan³­tho³­li¹­,Nambikuára
19227,disse-lhes jesus: estejam atentos e tenham cuidado com o fermento dos fariseus e dos saduceus,Portuguese
16328,nxe³­ha²­kxai³­la¹­ kain²­ i³­an³­ta³­kxai¹­nha²­kxai³­ a²­sa³­wi³­ha³­lxa²­ kwa³­na³­ain¹­ta¹­hxai²­he¹­la²­ kwa³­na³­ain¹­te³­nah¹­lxi¹­: — jah¹­lai²­na²­ wan³­txa²­ hai³­a²­ ain³­kxi¹­jah³­lxi³­he¹­li¹­ wi¹­lhin¹­ki³­lxo³­nxe³­jah³­lxi³­he¹­li¹­ nxe³­sxa³­ ki³­han³­jau³­su²­ e³­kxai²­nan²­tu³­ i³­hen³­txi³­sah¹­lxi³­he¹­li¹­ sah¹­lxin¹­kxai²­nan²­tu³­ ro³­ma²­no²­ a²­si³­yxau³­jah¹­la²­ i³­ye³­kxai¹­na¹­ka³­tu³­ u³­ti¹­kxain¹­tu¹­wi¹­ nxe³­ju³­ta²­ ten³­sa²­sin¹­nhai¹­ ain¹­ta¹­hxai²­he¹­la²­,Nambikuára
22370,porexonumaka enjokopeamo yonopoku ne xanehiko hunokokuke ra meum vo'oku undine ne ihae vanuke ikutipasikoponovoti xane,Terena
7258,cristo'gareheva'ero ti pejogwereko katu nura ji ei pe me jitekovo cadeia pype nhandepojykaharete'ga mombe'gwovo gwaramo a'e ji pe me: tupana'ga pe mo'emo'e toko ti ga cristo'gareheva'ero okokatuavo javo nura ti nane'ymi peko katu pejikovo garemimbotarimova'ea rehe a'e hete ji pe me,Kagwahiva
22161,itea hara kixovokoxoa jesus: —‍aneye nikokonoti ninga akoti yexa itukovotiye —‍kixovokoxoane,Terena
20105,aba kaharere mopykyk katsa deus humo ahatsyhyryze tsikzapykykynaha katsa hi: — o mypehakatsa ikia tsimymykuwyky iwaze batu paikpa mytsaty tsimykaranaha ahakuretsa tsimynakaranaha hy — tsimaha abaka uta babata tu piwataha utakta pauro ahahumo kahyrizikbareta my iwa piwatahaka papeu humo tsizubarena iwa piwatahaka deus pahasapywyky abaka deus pe my: — o mypehakatsa sesus kiristu tysipokzitsiki sizubaretsa humo tsimypokzitsiukreta — my de pauro,Rikbaktsa
8780,ky tog kejen ag my: “ha me” he mu “u tog nen u fy krigkrig ti mu” he tog,Kaigáng
4490,pitai ikatu ꞌym maꞌe iapo har aꞌe pe ywyra kanetar rehe har uzeꞌeg zemueteahy zezuz rehe aꞌe no — ereiko tupan hemimur karer romo ne urepyro har romo ne iꞌi uzeꞌeg uryw ahyahy pa hehe wa — ezepyro nehe ty urepyro pe nehe no ty iꞌi izupe,Guajajara
15227,tagadeeg ub takasꞌee kan ha yy y ajan sꞌoo hadoo do ha,Nadëb
379,juteutokara kurakary ropa poko ritonopo a oya xine juteutokara a ynara ako ase ritonopo nymenekahpyryme ase amorepanekome tomiry kura poko yronymyryme erohnoko ase amoreparyko poko takye ase roropa,Apalaí
9567,ay ae ojekwaa-ma heꞌi vaꞌekwe ojehexa uka-ma ou-vy nhane resendehara cristo hesu omano-gwi ndaipuꞌakavei-ma nhande-rehe anhay nhande jukaharagwe nhahendu ramo hesegwa nheꞌe pora opa eꞌy reheve nhane moingove vaꞌera nhandejary ndive,Kaiwá
11504,aꞌeramu je ꞌga nupaukaa etee ꞌga nupe raꞌne aꞌere ꞌga tomono imuema ꞌjau nu ꞌga nupa re ꞌjau nu— ꞌjau piratu ꞌga ꞌga nupe,Kayabí
11060,romanu je pauloramu kaꞌaran akwasiat imonou roma pewaramu pe nupe jejui kristu ꞌga ꞌa janeruwarete ꞌga raꞌyraretea ꞌga ꞌa je mogo ojeupe oporowyky maꞌeramu aꞌeramu ꞌga ruwa ꞌga je pyyrumu morogyta esage momeꞌwaramu ikue aipo morogyta esagea jejui ꞌga momeꞌua aꞌeramu je aꞌeramu tekou ꞌga momeꞌwau kwe pewara ꞌga nupe,Kayabí
498,morara exiryke izaja nekarotopopyryae ro onenetupuhpyra toh toehse ynara tykase roropa izaja pake “tuaro pyra tyripose ritonopo a zupuhpyryko tyripose tupore roropa ritonopo a morara exiryke ritonopo jamitunuru eneryhtao ro onenetupuhpyra ma toto aomiry etaryhtao ro onenetupuhpyra ma toto tyyrypyryko onurumekara roropa toto morarame roke tyripose toto ritonopo a tyyrypyryko onurumekapyme tyripose toto tomipona pyra toto exihpyryme”,Apalaí
12872,iꞌ ton pe siriri kaareta menuka tiuya ekaremeki joaoya moropai marari pra aniꞌ nikupi eserikan pepin kupiꞌpi jesusya tinenupaꞌsanya eraꞌma tanne tiise siriri kaareta pona imenukasauꞌya pra wai,Macushi
8240,jesus ty kyru jagre koreg kutem a ky ag tog mu mu sir ky ag tog vaha jesus mre mu ti u ag ta junjun mu sir ky ag tog venh e veg mu ag penin ky tope vi to professor ag tog ag vi kato vi u han mu jesus mre mu ti ag my ky tog vaha venh e en ag my e ti ag ty ti ven ky ky ag tog ti to pete kamu mu sir ti my: “a my ha” he je,Kaigáng
2677,ininia petro xoao apaka atamatari iua ininia petro txari: —patamataua ininia iua matikati atamatana ninoa iuakatari txineiro isikinina iuamoni,Apurinã
11237,kristu ꞌga ꞌui ꞌwyriarareteramu werowiaaramu janeꞌwyriaramu ꞌga ꞌa jane rerekou weape namutat aꞌeramu ꞌga werowiaara ꞌga nee pejejuka esageramu pe mepyau ꞌga nereko esage are pe nerawau pe mogyau ojepyri,Kayabí
10940,tiwesebo inyo rexierykre jesuisi rieryrenykemy rityhynymyhykeki karybe bede ywina wese rierykre tii rexierykre jesuisi rityhynyreri wana,Karajá
15689,ti mꞌ jesus ky hadoo enh judah buuj wahe nꞌaa sa ha: —daj yy he keh y nꞌaa y herꞌood ba paawa dooh paawa baad tado ba tii,Nadëb
26873,kam kwarik wanh ar anho myjja pramje amikam ar adjumar punu ket kwarik wanh amim “myj dja ba kukre” nar “myj dja ba o iko” nar “myj dja ba angij” kwarik wanh amim anhyr ket apynh pyka djari me kute metindjwynh mar ketja kute myjja jakotbit amak ben ne djam ar aje me kudjwama kati kwarik wanh kajkwakam ar abam kute ar amar ar anho myjja ketja kunikot kute ar amar,kayapó
21967,uhehatꞌat kahato sio ehehaite iesui mohey hap ete sio yt hap kuap hamo aikota aity ewy woro­ho­ꞌo­kyꞌe,Sateré-Mawé
1576,hamri pa ra inhma kris kot pix ma amnhi nhipex o ri ixpa hpram na pre ty ta akupym htir ne hihtyx ne ahpumunh tyx o tanhma amnhi nhipex to ho pa ta ijaxwyja inhma uran a amnhi nhipex anhyr pram ne inhma urak ne amnhi xa htyx kuta amnhi to htyx ne ixpa hpram me kot ha ixpir ma ta pa urak ne tirtum kaper kaga hket ne am kot pix ma amnhi nhipex o ri ixpa raha urak ne ha ty ja na inhma ho anhyr pram ke tirtum kot hipexta pyra ne akupym ixto ixtir pa wa kuri ixtir tum ne ixpa ho ixpa,Apinayé
23434,paulo “ɨsa o'akɨhɨre da'ra ko'tera nii'” niise nii' akawerera mɨsa espirito santore ayuro yɨ'tira weero noho niitiwɨ toho weegɨ mɨsare diasasere were masitiwɨ a'tiro pe'e weewɨ mɨsare diasatise di'akɨre werewɨ a'ti nukukakahara espirito santore moora weero noho nii yuuka toho weewɨ mɨsa cristo yeekahasere ayuro eho peotiwɨ toho weegɨ mɨsare wi'marare uukugɨ weero noho werewɨ,Tukano
12814,miriri yeꞌnen asakiꞌne toꞌ tiise tiwinan waranti toꞌ ena miriri miriri yeꞌnen asakiꞌnankon waranti pra toꞌ wani tiise tiwinan waranti toꞌ enasaꞌ miriri,Macushi
14093,ijodi juk ojot deus ekawen eymutaybin am okay itabucayu ikereat mujurugrug gu yaguyisum jeku ip — io'e — kabiok tag jekuku'ukayu buxim gu ip- -kabia dag jekuku'ukayu buxim aca — io'e,Mundurukú
9239,—peju katu xe moiru heꞌi ixupe kwery —nde katu pira jopoi kwaahaty ay ae orohekomboꞌe-ta xe moiru uka hagwa gwi kente kwery-pe heꞌi ohenoi-vy ixupe kwery hesu,Kaiwá
24404,natac cay lulayniquiwanmi lulacacula dios unay willacunincunawan cay: ‘diospa cachamushan salbacuca wanuchisham can'a’ nil nishanca,Urubu-Kaapor
25209,a nori wa'wa ha ai'maiwaihu'u pese aba wamha ma'ape isisi za'ratazeb ui'ere ha 'maiwaihu'u aba iwasu'uze ha  na isisi za'rataze ha danhisi za'ratazem na isisi ha te wasu'u,Xavánte
4349,nezewegatete aze pexak agwer maꞌe izeapo mehe nehe pekwaw putar hezur eteaꞌi haw nehe uzypyrog putar maꞌe iahykaw rehe har uzeapo pa aꞌe ꞌar mehe nehe,Guajajara
8848,ge ra eg tog kura ty  ke tug ky mu man mu ha ra ag tog eg mre mu si han mu ajag pru fag mre ha ke ge cidade ta ag tog pa mu eg mre ky eg tog goj fyr ta eg jakri ty nytin ky tope mre vi mu,Kaigáng
18105,hari jesus vavahojaki kania vakaikahi'aha adani judas binamaakari'aha bini'aha: —aajo ivaniti jesu-ra ramosi'aha,Paumarí
8412,ha me eg senhor tog inh my to ja ni sy ajag my to mu ti eg ty ti ter to jykren ky tag han je ha me kuty en ka  ty paꞌi ag my eg senhor ty jesus to ja en ka eg senhor tog emi man ja nigti jesus ti,Kaigáng
515,morarame firipe a toytose toto petesaitapo firipe kynexine karirea ranaopono ynara tykase toto firipe a —pana jezu enery se ynanase yna otururu se ynanase imaro tykase toto firipe a,Apalaí
4283,hemyrypar heremiamutar wa pekwaw ko maꞌe aꞌe rupi pemeꞌegatu nehe aꞌe rupi aze aꞌe purumuꞌe maꞌe ur pepyr wa nehe pezeruzar zo wanemuꞌemaw rehe nehe aꞌe rupi napezypyrog wi kwaw ikatu ꞌym maꞌe iapo pa nehe aꞌe rupi pepyta putar tupan pyr tuweharupi nehe nuzepyk kwaw penehe nehe,Guajajara
1534,hamri nhum me ixte amnhi nhipex a ixkukja ne tee ri me kot memoj myrape ixpir kaxyw tanhma ixkukjer to kapry jakama nhum me kam ixkator pram ne,Apinayé
5306,mbaꞌeta ymave rupi ndapejeroviai teri jave opa mara rei pejerereko uka vaꞌekue mbaꞌemo raꞌangaa ijayvu eꞌy vaꞌe pe rive pendekuai agua peikuaa rami,Guarani
18143,avanokiki bana hida a'onira oka'ojomo'ivini hiki namithaki avarigaki ida ojoina kamahini amaakarini onivani fori hija ida ojoina viahani karajomini avanokihi avarigaki bana ida deus ija'ari hahavi-ra va'ora vaka'da'divini kamahini amaakarini,Paumarí
6615,odaa onicoa icoa fariseutedi anidiaaɡi liwigotigi niɡidi noiigi-nelegi onoditalo jesus “niiɡaxinaɡanaɡa oxoki niɡidi anodiotibigaɡadici leeɡodi niɡinoa lotaɡa” leeɡodi aɡoyemaa modi jesus me inionigi-eliodi,Kadiwéu
22526,itea enepo akoe isoneu ne ahinoeti: “yupihovane xu'ikeneyea ne mbatarauxa” akoe ina turixapu yehepoke'exea ne po'inuhiko ahinoeti ha'ine koane yuixeovo nikea enoyeovo yoko kohihiyea naixapu ne'e,Terena
4558,hepurumupyta kar wer zepe hehe xe hepyr ihe xe zemunehew paw pe hereko mehe ihe nepurupytywa wer herehe ne no xe zemunehew paw pe hereko mehe ne no nan kwaw pa nereiko kwaw xe aꞌe rupi nerepuner kwaw hepytywa haw rehe aze mo one xe hekon aꞌe mehe mo hepytywa mo nerekuzar romo nahepurapo kar wer kwaw ko maꞌe rehe newe ihe aze erezapo nezeꞌeg rupi nehe aꞌe mehe ikatu putar ihewe nehe aꞌe rupi namupyta kar kwaw one xe ihe taꞌe nakwaw kwaw nezeꞌeg awam ihewe ihe xe,Guajajara
22404,turi kotiveti koekuti yane'e hara kixoa ihikauhiko: —‍ihikaxoti namo apeyea ra koekutihiko kixinevike kutimo itukovo hoenaxovope enepomo kausakapune ra koekutihiko,Terena
24301,niptinmi: “rasunpa ya'a nipacuc pipis diospa gubirnun-laycu wasinta walminta irmanuncunacta chulincunacta mamancunacta cachaycuca paypima masta chasquin'a cay cawsayninchupis jinaman'a juc bidachupis winay cawsaytalami chasquin'apis” nila,Urubu-Kaapor
14087,pugpug ey'in te'e ma e'em: — warara'acat podi ma oceju xipacap kug — i — ixeyu bodi ma oceju bit xipacap kug — i'umgu on pit e'em eywebeajom itaybit ip ka'uma ma jaguybin ma ip e'em: — cedag cica oceju jekukum — ideus aguy dag gu ip jewaguyguy- -jaguy dag aca,Mundurukú
10139,tahe rekexiwiuronyrenyke iny bede umy dori rurumyhyre rakaumynykre umy witxira‑di taita rukururenyotyhy iny umy witxiradikreu tahe kia rybe rexihumy ryikre: ryberitina rarybere: —rubu ijesu rikitarenykre:,Karajá
7883,ndakwahavi ji jesus'ga e'ia'ja pedrova'ea a'ea ja pedro'ga jipe'ei tata pyri o'ama igwete pevove'ga ei ga pe a'ero: —‍nde nderekoi garemimbo'eharamo naeru ei ga ga pe igwete pedro'ga ei: —‍a'ea rui ko ji ei ga o'mbero ga pe,Kagwahiva
20829,niytahi pauro rikto niy anaeze areopako siuzuzukwy eze rikto niy ispe niy: — o atenas ezektsa wabytahaktsa ahadeustsa humo ahapybyretsa tsimykaranaha ahahudikhudikwy taba zikzumukuze ahadeustsabyitsa ziknasinykyry ahadeustsabyitsa haraharetsa bo iktsa iky estuba harahare humo iwatahaha “usta deus mynyhybyita” niy iwa harahare humo ziwataha ata hi ikiahatsa bo motsaso ata humo hi ikiahatsa batu ahaspirikpo ata hi pahahyrinymyryky taharere ahabo motsasoko utakta ihumo kaspirikporeta,Rikbaktsa
3262,aituo myani aguely tynynonro modoram: — pabai deus ugonotobyry arala ogonodylymo ywaga ise una maengatulymo pabai deus waga kaengatuho ara awylygue amyguelymo idani modo auguelyla indakylymo waunlo ara lela ise amyguelymo tindadysebaom modo watay ydadyseba awylymola ise auguely izepamo-ro watay deus xunaryla ise izepa atomo — kely jesus,Bakairi
16027,nxa²­ha¹­te¹­ in³­jah³­lai²­na²­ sa²­kxai³­lu²­ a³­ka³­ti³­wxe³­sxa³­ i³­ye³­kxi²­te³­nah¹­lxi¹­: “txa²­hxi²­kan¹­jah¹­lai³­ ha³­lo³­kxi²­ yxautsa²­nhe³­li¹­ ye³­jen¹­tau³­su²­ u³­yho³­hi²­txa³­nxai³­ta²­ whai²­na¹­ u³­yho³­hi¹­hxa³­txa²­ha¹­tu¹­wi¹­” nxe³­nu²­nhai¹­,Nambikuára
13016,topa pet ya topa yog tikmu'un 'apu hapkummuk xohix miy kux 'apu' koit kux nuy mo'ama kux 'apu 'ayipkumiy kux 'apu ham'aktux kux,Maxakalí
18637,jesus ipohina hina mani ida avaigamini nihana hija kaikahina vani vagathanijahaki bana khai avani'avini vanakaidiva bana va'ora vanakaidiva jaboni adani avaigamini vahoariha vakadihojai jahaki epafrodito kahojai jahaki fori hiki hora kakodiavini hi'iki ida akiro'ina abinikamari'ina badani cristoa binofikia kabadanina mani ida naabinikamarina hija hora avakakodiavini-ra avakaabokaravini mani ida epafrodito hora kakodiavini hija,Paumarí
3943,inepa kehoem myani policia domodo odopadyly roma donro pyma modoram paulo aguehobyry egatuze paulo silas wara romada tazeke awyly tiuntuduo myani toenzepa aseanedylymo,Bakairi
14864,gebuje pedro o'jede jewawewe'ukayu yobogayu be deus biogbuk cebe jija osunuy imenpuye ya'obacam o'jede cebe ip- -judeuyu kukukayu be — tapupuyu — io'e — “abu-a'obi taojere tuibit epegu'ada” i eyju e'em ocewebe “apentak ixe epegu'ada” i dak — io'e,Mundurukú
6459,niɡijo anoyeloɡoditedibece lowooko aneotedoɡoji niɡijo jotigide domeɡeliodi modoletibige moyowooɡodi aneotedoɡoji anodaaɡigote meote niɡina oko me newiɡatace oyeloɡoditedibece niɡica aneotedoɡoji me ikeetediogi anodaaɡigote me ɡadewikatititetiwaji micataɡa niɡina oko naɡa dinigaanyetece noɡeedi eledi domoɡoyemaa moyowooɡodi niɡica noko aneotedoɡoji nige niiɡe cristo codaa anodaaɡeeteda me dinikee odaa liwigo cristo anini miditaɡa ikeetiogi cristo me dawikode nige dinikatedini odaa nigidiaaɡidi aneotedoɡoji eliodi me iweniɡide digoida ditibigimedi,Kadiwéu
23152,toho niimika o'akɨhɨ yɨ'ɨre paha ya'awi kɨɨ toho weese me'ra jesu cristo ya'aro weerare paha ya'asere yɨ'ɨre i'yo mɨ'tawi kɨɨ masare paha ya'ase nee pe'tisome yɨ'ɨre ya'aro wee yɨ'rɨ nɨ'ka'kɨre paha ya'akaro nohota nii pe'tira kɨɨre eho peorare paha ya'agɨsami naare kɨɨ me'ra kati nu'kuka weegɨsami toho weera o'akɨhɨre “ayu yɨ'rɨami” nii nu'kura kɨɨ wiogɨ nii nu'kugɨ niimi nee werisome o'akɨhɨ ni'kɨta niimi kɨɨ bahutigɨ masi yɨ'rɨgɨ niimi tohota niimi,Tukano
23300,kɨɨ bu'esere tɨ'ora judeu masa wiora tɨ'o mariawa —a'ri bu'etimigɨ de'ro weegɨ too ka'ro masiti niiwa,Tukano
827,tyoro roropa onenepitopyra ro matohu moeze omihpyry emero oserematohae tynekarory etapanano ma moeze omihpyry omipona pyra exiko ritonopo maro oturutoh tao toerokurukoke yrome toto onyhxiropyra ritonopo mana,Apalaí
9195,—oime rae vaꞌe-rehe xe rery-py pejerure ramo xe rery pehenoi ramo ajapo vaꞌera pee-my aikwaa uka hagwa xe ru rekoha pora tee pee-my oime rae vaꞌe-rehe pejerure ramo xe rery-py xe-rehe pejerovia-gwi ajapo vaꞌera pee-my heꞌi gwemimboꞌe kwery-pe hesu ,Kaiwá
