index,TEXT,LANG
19987,semelhantemente a lingua e um pequeno orgao do corpo mas se vangloria de grandes coisas vejam como um grande bosque e incendiado por uma simples fagulha assim tambem a lingua e um fogo; e um mundo de iniquidade colocada entre os membros do nosso corpo contamina a pessoa por inteiro incendeia todo o curso de sua vida sendo ela mesma incendiada pelo inferno,Portuguese
8536,ky tog vese ja ki rir ti nunman mu ge ha ra vese ja janka kar tog nognor ky nyti ni romrom ky tog nyti ni ky u ty ag ki rir ti en tog a kyfe tej a rogro en kununh ky tog venh kuson sor mu “vese kar ag hyn venh pigju kan” he tog ha ky tog venh kuson sor mu,Kaigáng
2743,sitoakoro teoso sakire auiakani iuaikana aua imiakori kotxi teoso okitikana ninoa ipikasaakina apanakini teoso sakire auiakani noropataaka imatakanapakaniarina teoso sakire auikinina okaakana iuaritika ninoa inirekarina itakanapinirina kotxi ninoa imarotari ati oti teoso okitikana ninoa iuasaaki apiaerekata ninoa apakapakiti,Apurinã
26935,ba kam ajte omun kam me kanga ma kadjy mranh djwynh kanga ma me krapti kute pi'o pyrak  kraptii me'a akre krapti: ne ba omun kuma djam me krare got nam me kri djatime myjja tinme mebengetteme kum ipok ne ne kaj be kabeno kumex ne,kayapó
12601,tamiꞌnawironkon miikiri eseurima etatiponkon esenumenkaꞌpi kureꞌne teesewankonoꞌmai maasa pra epuꞌnen pe aweꞌtoꞌ piꞌ moropai toꞌ maimu yuꞌtoiꞌya piꞌ toꞌ esenumenkaꞌpi kureꞌne epuꞌti tiuyaꞌnikon yentai,Macushi
4123,naꞌe zezuz uzeꞌeg aꞌe zauxiapekwer wanuwihaw pe kury — ezewyr eho nerapuz me nehe kury amukatu putar nezeruzar haw rupi taꞌe erezeruzar katu neremiruzeꞌeg imukatu awam rehe ne xe aꞌe rupi amukatu putar tuwe ihe nehe kury iꞌi izupe aꞌe ꞌar mehe we ikatu aꞌe umaꞌereko maꞌe aꞌe kury,Guajajara
8694,he ri ken ky cristo ty eg han man ky myr ti ki ge ky eg nyti ha ky tog eg han man ja ni eg jykre si tog tu ti ha eg ty nen han ja en tog tu ti ha ke ge uri eg tog ty un tag nyti ha eg kri eg jykre ti ke ge,Kaigáng
2832,ipikani okitikasaakiua kiripa oitaniri kotxi ikinikana takapekaro oa —itxana,Apurinã
10652,inytybyreny heka ibutumy inyraykyreny inyworeny rierymyhyre tii heka rexitoenymyhyre inydeereny iny obitinareny‑di iny ywinareny‑di iny riixitoedyynymyhyrenyre,Karajá
9683,hesu ojekwaa uka jevy maria madalena-pe ha maria madalena katu ndoikeiry itakwa rye py-py ita yke-rehe opyta hase oi-vy gwase reheve ojeayvy ohovapyexa hagwa upei ohexa-ma mokoi nhandejary rembigwai yvay pygwa vaꞌe ao moroti vaꞌe omonde ramo ohexa hesu rupagwe ari ogwapy oi-vy petei inhaka rupagwe-py outro ikupy rendagwe-py mokoive oporandu ixupe:,Kaiwá
2945,iposo atoko ati teoso nitiri pokika teoso aapoko iua itaparasakireritika akiritari iua katxiari nopini topakakari: —pikosekariko pisaasarate pamariko takari kotxi takari amiko manapipekara takari ikini itixitikiri amiko manapipekara,Apurinã
12161,pauloya itekare ekaremeki judeuyamiꞌ pepin piꞌ miriri yeꞌnen uuri paulo jesus cristo poitiri wani siriri tari atarakkannitoꞌ ta itekare ekaremekiuya yeꞌnen amiriꞌnikon judeuyamiꞌ pepin piꞌ,Macushi
20883,anabo zumunahaze mymyitsapyri hwi ty sesus bo nyny niaha naka isipianikia ty tsikaeni zuba ziakpy batu tso,Rikbaktsa
11443,otywer awi ee rerowiaarera ꞌga poireꞌemamu nipo je ꞌga nereko tyweaete ꞌga tywer are ee nipo je imomoa ee seawa reewe futat ee jeꞌega rerowiaara ꞌga nane nipo je iapisau ee reewe futat aꞌeramu nipo je rerowiaara ꞌga ꞌjau: “ꞌga aꞌjea futat ae kwaap” ꞌjau nipo ꞌga ajaupe “janereaꞌawa ꞌga okwaap janeremifutara nane ꞌga ikwaapa nu aꞌeramu nipo ꞌga ꞌga nekoawera repy monou ꞌga nupe najuejue etee” ꞌjau nipo ꞌga ajaupe mamaꞌe tywera apoara ꞌga je areko tywerete aꞌere je tejerowiaara ꞌga nupe mamaꞌe esage monoi— ꞌjau ꞌga ikwasiarukaa jee,Kayabí
17848,jesus kalore ihalahare hatyaosehena hoka isekohaliti waiyexe niyatere hiyeta jesus kalore ihalahare hoka nexa: — aba hiso atyo enokoa waikoa xoaha xekohasehare nihalahare hikakoa hawaiyekehalakahenere hitahi akiti xoimanai exahe mawaiyoreharenai ana hiyeta hoka waiyorexe semarexe tyaohenerenai ana atyo metahare hamoka hitahi akiti aliterexe aba hatyoharenai atyo kaomaka hiyaokala exahe haokitere akereta — nexa,Parecis
18586,avajoronihahavini avi'baini mani ida a'onira najoronija ni-jesus abini'ina-ra avakava'ihokiki avahoarahanana avaravasokoki ida 'bai a'onimiro'a avakaikahiki avahavini arafiaki ida 'bai a'onivani avarakhanosiagaki ni-avi'baiki hoariha asia vai'amiki hoariha 'baini arafiaki hoariha asia kanabidini akaaforaki hoariha ko'avahani arafiaki,Paumarí
25965,wa ha danhib'apito uptabi ha inhib'a'uwe nori te te 're iwaihu'u za'ra mono da te te sima 're iwasu'u za'ra mono zeb zarina si te te 're iwaihu'u za'ra mono o di za oto ta nori ha dure isisanawa nori te te tama 're iwasu'u za'ra mono zeb zarina si te te 're iwaihu'u za'ra mono o di za si'uiha na te za inhib'a'uwe nori ha tipe'e na te te 're iwaihu'u za'ra oto dama wapu na 're ihaimana za'ra mono nori ha dure dama pire na 're ihaimana za'ra mono nori zama,Xavánte
8612,ha ra ag ty ne ty kajam ke tog tu ti ky tog ag my ty tugꞌ he mu ag nev e ty ag patrao ti ky ti camarada ty he ny hyn ti to ha kafor ni” he tog jesus ti ti ty simao ki jemen ky,Kaigáng
18258,avavithini-ra avanofihi o'dihana kodibadani hirihi ida ija'ari-ra onagathogathovini o'dihana vavithira kaimoni deua binaibavijahaki ida ibavi opitana ka'aniajanija kajasonija jaboni va'ora nagathogatho'iki adani ija'ari vavithiki kaimoni o'dihana,Paumarí
11341,—nitywi futari mamaꞌea— ꞌjau ore ꞌga upe —siku etee kanapeꞌia mukuiꞌi etee ipiraꞌia aꞌea niapoi ꞌga nupe— ꞌjau ore ꞌga upe aꞌeramu ꞌga ꞌjau oree: —perut ajee jee— ꞌjau ꞌga oree aꞌeramu ore erawau ꞌga upe aꞌeramu ꞌga ojee ajatyka maꞌe ꞌga nupe ꞌjau: —peꞌje pejeapyka juoꞌwi ꞌarimu— ꞌjau ꞌga ꞌga nupe aꞌeramu ꞌga wapyka aꞌere jejui ꞌga kanapeꞌi pyyka opo pe ipiraꞌi reewe aꞌere ꞌga eramaꞌjau ywau opo pe aꞌeramu ꞌga ꞌjau ꞌuwarete ꞌga upe: —auꞌjete mamaꞌea eremut oree ene te ꞌa eneresage oree— ꞌjau ꞌga ꞌuwarete ꞌga upe aipo ꞌe re ꞌga kanapeꞌi mowowoka ipira reewe ꞌga imopepena imonou wemimuꞌeramu oree omowowogamu ojemeꞌyita oree aꞌeramu ore imonou wapyk maꞌefera ꞌga nupe aꞌeramu futat ꞌga ojemiꞌwaa ojemiꞌwapaw ire ꞌga ꞌjau: —niapoi agawewi akiko aꞌetea ojemeꞌyi ꞌga upe ꞌga omowowogamu— ꞌjau ꞌga ajaupe —janeruwarete ꞌga te omeꞌyi janee aꞌeramu jane jarejewegamu rewejemi jarejemogyau janeruwarete ꞌga jarejeupe imeꞌyjeꞌem ire amunipo ꞌa jane tyꞌara rerekoi— ꞌjau ꞌga ajaupe ꞌga jemiꞌwapaw ire ore emyrera monoꞌoga yru pype tusi yrupemuu matyneema kwaiwete ꞌga ojemiꞌwaa siku miu agawewi kuimaꞌefera ꞌga pytuna aꞌe pe kujamera nu kunumimera ꞌga netee aꞌetea ꞌga naꞌupawi kumia wewegamu ꞌga jui,Kayabí
26822,e akmere ar apnhire ar ba ajte ar ar ama ikaben jare godja me kum ukanga gar mekma kum —‍on adjapenh ar aba on myjja kupe ane godja me kapri gar mema kinh jangje godja me kute amim jeju mar rerek gar mekma kum —‍on amim jeju mar mex ne 'a angra tyx ane gora ar akuni abenma akaben mexbit jaren abenma adjakre ket ne ar abeno aba,kayapó
20383,sesus: — amy skaraba anaro — niy — o kanaro myzubaha iwatatu katsa myzubaretsa — niy iwaze hyrikoso sapybara sizubaretsa maku tuk ziaksenaha,Rikbaktsa
13250,ha tikmu'un xohix te' xupak tu' yey tu yeyox 'aktux max ham'aktux max hah tu: —‍'ok hamun ya yoye kutok pit yamun kaxiy,Maxakalí
7425,igwete jesus'ga jovavuri he'yive'ga ndepiaga – kiroki ga u ga pyri okovo a'ero ga ei filipe'ga pe: —‍mome po ti nhande ipyhygi mbatera akoja'ga nembi'uagwama nehe ei jesus'ga ga pe jesus'ga okwahavipe reki gwemimondoagwama ga pe emo oyvyteri pe ga ei tahendu ti filipe'ga nhi'iga ji ve javo nura ga ei filipe'ga pe: “mome po ti nhande ipyhygi mbatera ganembi'uagwama”,Kagwahiva
19528,ele poderia ser vendido por trezentos denarios e o dinheiro dado aos pobres e a repreendiam severamente,Portuguese
10027,tahe ihewoluduhe txurona‑di ruronyre iribi tahe tainahakyo berohokyyre‑txi resere berayre‑txi tule tainahaky heka ihyre inire tahe sowemy iny ituere ihyre bee riurinyreki,Karajá
25949,tane nhere iwasu'u te te wapari wamha awa'awi iteme mori o di maparane ma to ama timara tame samra re taha pari te oto wazatori za'ra apa wa te wasiwi saproni da zudeza na danhipti'a nho'omo nhisi u isire 're wanomro mono wa te wazatori za'ra,Xavánte
1522,hamri ne tanhma hipex kati hto me hkwyjaja hkuk kuhto ne ihkra ho htak nhum me hkwyjaja ihkra hpo ho htak ne ha hper o axke ne kam: —e ape tirtum kra ha ate amnhi jarenh jakama man urak ne axahpumunh tyx jakama e me kot atak xwynhta nhixi jare pa me ama ane,Apinayé
18920,asia vara niha ada jesus: —hari'a vara va'ora vani'ahaha'oadaha adani deu-ra vakajoniki deus varani hina a'onira vakaihamahiki adani jomahi vaihamahiki fori vihiki adani anakaidivava ida deus athi nahina kaidivaki fori hiki ida ni-hirari-ra avano'avini hiki ida nahina kaidivaki avano'avini hija vaha bikada'aha'ahamanihi vaha ni-binakaidivaki vaha hirari fori vihiki adani hojai asohiriki-ra vakava'ipahinivini-ra vanofiriki,Paumarí
19820,em vez disso esperavam eles uma patria melhor isto e a patria celestial por essa razao deus nao se envergonha de ser chamado o deus deles pois preparou-lhes uma cidade,Portuguese
14493,— ixat gu ijodiacat mukerereren — io'e — ijodiacat ikereat mujurugrug soat em ikereat kay gebum puye — io'e,Mundurukú
6256,pida aneotedoɡoji laagetedipi loiigi niɡijo naɡa doɡowo niɡica ane dinilakidetetege odaa jeɡee “‘icotalo nokododi’ mee ǥoniotagodi aneotedoɡoji ‘nige jao gela anejigo me idinilakidetege loiigi israel codaa me loiigi juda,Kadiwéu
905,zakoro to roropa onenetupuhpyra kynexine,Apalaí
15041,hajok da ti noo go hꞌyy geje hom doo dooh ha y rahꞌyy kae boo ba da ta ti hedoo doo rahaeenh da sa da hadoo do sa majii moo go takꞌep da rakawajaan sa da hadoo do we,Nadëb
14151,obikuy oce oxe ma jeenuy am obuywacan edieg on daomunmunap'a be bima — “ag jeenuy exe ebuywatwat'ukan” i juy ece owebe — i'umgu on pit e'em ewebeobu'u ewebe ixe be obuywacan ebu'u bima ebikuy bima aca ixe be obuywacan ece ebikuy bima aca oxe jeenuy,Mundurukú
25936,a pore ama rowa'u isa'ene ha te te irowaporize wasu'u tawamha rowa'u isyryre ha haiwa'a're nhimi'e hawi ma to watobro syry na ma to rowapo taha wa ma to ama rosa'rata za'ra te te sima iwe za'ra zeb uwaibaba si'aba're da sihutu ware da newa uba're teteze ha ma to wazere za'ra a 'rowi isimi'wara ha tawamha rowa'u'u na uba'rene ha ma to ware wara a zada'rei baba cereta na rob're za'iti nhisi zababa tane nhere zahadu wasina wapaha za'ra o re ma to rowa'u'u za'ene ha awa'awi wei wateme rowapori za'ra rob're za'iti hawi rowa'u'u za'ene ha nodesiti na da te 're isisi za'ra mono bata pusizem nhimire hawimha 're pusi u'asi mono wa,Xavánte
3359,deus ispiritury ewano inepa ola ise udaly maka ugononibyryam amaemo ewy ola yapaigueba: “adyanka ise mydaly” myguepamo toenzepa atynrumo “aydapamo widyly” uguely maindatuomo taseguadazeba itaunga,Bakairi
4581,uzeꞌeg wanupe — zeꞌeg kwehe arer nezewe iꞌi aꞌe — peho zo zutew ꞌym hapuz me nehe peiko zo wamyrypar romo nehe iꞌi zeꞌeg kwehe arer urewe aꞌe zutew wanupe aꞌe pekwaw aꞌe zeꞌeg kwehe arer pe kutari tupan umumeꞌu kar amo ae zeꞌeg kwez ihewe kury -ikatu ꞌym maꞌe ere zo amo pe nehe iꞌi ihewe — naha kwaw hapuz me nehe naiko kwaw imyrypar romo nehe ere zo zutew ꞌym wanupe nehe iꞌi tupan kwez ihewe iꞌi pet aꞌe pe har wanupe,Guajajara
24720,jawca cawsaychu yachayta manam lisipacunchu,Urubu-Kaapor
6598,niɡidiaaɡidi jesus meetediogi “maleeɡinaaɡejotice makaamitaɡatiwaji neɡejitaɡawa me leeditibige me jixomaɡateetedice ijoatawece niɡijoa aneetici maditaɡa aneotedoɡoji lotaɡanaɡaxi miditaɡa niɡijo ane idi moises miditaɡa niɡijoa anoidi niɡijo anoyeloɡoditedibece aneotedoɡoji lowooko codaa midiwataɡa enaco” odaa ja yajigotediogi lixakedi moyowooɡodi ane diitigi lotaɡanaɡaxi aneotedoɡoji,Kadiwéu
8346,“ha ve inh katig man ke ne ha ajag kaja ma sog katig ke mu ha vemni venh kar vy ve kan ke mu ag ty nen han mu kaja ti,Kaigáng
16665,nxe³­jau³­xai²­na²­ sa²­kxai³­lu²­ a²­sa³­wi³­ha³­lxa²­ wa³­kon³­te²­nau³­xa²­ hxi²­ka²­ hxan³­tu³­ka³­txa²­ ain³­kxain¹­sxa³­ kain²­ i³­xan³­txin³­tain¹­ta¹­hxai²­he¹­la²­ jo³­au²­ah³­lai²­na²­ i³­xan³­ta³­kxi²­ ti³­a²­kah³­lai²­na²­ i³­xan³­ta³­kxi²­ ain¹­ta¹­hxai²­he¹­la²­,Nambikuára
5123,haꞌe gui herekoa ma irmao ojerovia avi vaꞌe ramo tomboete eꞌy eme haꞌe rami ꞌrague py tombaꞌeapo porave tema ixupe mbaꞌeta ojerovia vaꞌe vy hembiayvu oiko haꞌe ixupe ombaꞌeapo pora ramo mbaꞌemo ojouve ꞌra emboꞌe haꞌe ejapo uka haꞌe nunga,Guarani
344,aorihtya onesemakara ropa ritonopo ahtao kyrixtu roropa esemapyra ropa exiry morara ahtao kyrixtu onesemakara ritonopo ahtao toiparo roke omi kura ynanekarory oya xine toiparo roke oesekome jezu menetupuhtory roropa morarame ajohpe pyra mokaro ahtao ajohpe yna omiry exiry azahkuru ritonopo poko menetupuhtory roropa ynara karyke yna a “kyrixtu tosemakase ropa ritonopo a” karyke yna a ajohpe pyra mokaro ahtao aorihtya onesemakara ropa ritonopo ahtao kyrixtu roropa onesemakara ritonopo exiry,Apalaí
25899,tawamha zezusi ha ma itob'a ha pa'a danhiti te te sima saproni da tawamha tizadaipro na ma sada sisiptomo di'i te te ama tob'u're da aiba ha taha pari ma dure tinhib'rada ha ama tihi taha parimha te sadanha ane: — e zahadu mari ha 'mada'a o di e ma to mari ha i'mada,Xavánte
1611,ta nhum htem amnhi ta me kuma ne am me kuma me kurom me hihtyx kumrex ta no am amnhi ta tirtum ma tanhma me ho kaper to hket ne,Apinayé
13738,xaot te hapkummuk miy'ax ha yayhahup pa xaot gay tu' yiy gaynam tu: —‍'ate yeyox mutik mog xop xohix kix putup kaxiy tu' mog tik te 'amanex xop xat'ax hah tu tappet pop pu komen naman yog xexka xop tu' mug nuy yeyox yog putat ha' mog xop muy nuy tik xop xix 'un xop muy nuy kiy tu nuktu yenoyanen ha' moga',Maxakalí
24447,yacuca barcuta millpuluptinpis manam wanupacunchu chaypita chaychu linanpa tuqui waywa ipan ladupi allaycamuptinmi cushisha: “canan allincha can'a” nil allacaycalin chaynu cretap chimpallanpa liyalcaptinmi unascapita allinin ladupi noreste nishan suma-suma waywa talcamul barcuta apacuyan,Urubu-Kaapor
16942,nxe³­nxa²­ha¹­te¹­ a³­ya³­tain¹­nxa³­ta³­lxa¹­ a²­sa³­wi³­ha³­lxi³­nau³­xai²­na²­ sa²­kxai³­lu¹­ je³­su²­jah³­la²­ i³­ye³­kxain¹­ta¹­hxai²­he¹­la²­ nxain¹­te³­nah¹­lxi¹­: — txa²­hxi²­kan¹­jah¹­lai³­ i³­yain³­txa²­si¹­nhe³­li¹­ ta¹­hxai²­he¹­la²­,Nambikuára
6094,odaa natigide jinaɡaleeɡadinopaɡati onitibige odaa adinilegeni codaa ipokitalo ǥoniotagodi me ɡadaxawani me ɡadiwilecitetema ɡabeyaceɡeco’,Kadiwéu
10020,tahe aosohojibo waserioreboho nohoti‑ribi loosarenyomy kia heka rare: inynyry dee txusohoji  beora wese heka rare tule  beora txusohoji wese rare tamy bededyynana ao aoko rare inynyry tarybewesele aona aonamy kodotyynykre ao raroorehenymyhyre aoko rare urile tahe habu riraohyymy ryimyhyre habu taoraru‑txi tohoti reakemy ibutumy tarasana‑ki ryikemy dori idi ratxireri,Karajá
23663,kɨɨ toho weeka be'ro naare niikɨ niiwi: “a'te dii me'ra o'akɨhɨ masare ‘toho weegɨti’ nii'kere masi no'o'” niikɨ niiwi apeyere moise o'akɨhɨ wi'ire a'tiro weekɨ niiwi nii pe'tise tii wi'i po'peapɨ o'akɨhɨre eho peora naa kɨosere dii me'ra weheste peokɨ niiwi tiitare o'akɨhɨ dutise a'tiro niikaro niiwɨ dii me'ra o'akɨhɨ wi'ipɨ niisere kɨɨ i'yoropɨ ayuse toha dutiro weheste peo no'okaro niiwɨ weheste peoya marika o'akɨhɨ masa ya'aro wee'kere akobohotikɨ niiwi dii me'ra di'akɨ o'akɨhɨ masa ya'aro weesere akoboho no'o',Tukano
15130,ta tob nꞌaa tamoo wad ne paawa dooh pꞌop haga do sahonh he sa bahanh hadoo do agee ba tob ji tamaa sooh do yt ha tii dꞌ ne he ta ky nꞌaa rod see herꞌoot paa pꞌop haga do kyyh: “we y bagꞌaas do tyng badak hahy heej tsym y tyng hadoo tii dꞌ tahadoo do hyb nꞌaa ny hadoo pe top y panꞌaa ti be karen ti be tamaa sooh doo ny yt ha be edꞌoo y kamehꞌaak,Nadëb
20012,nawa harakykbyi niytyk tseheze serusarehe bo ikparak peduru bo ikumu ituk ikapykyrykspyk mytsyhyrytsa wa ikuruze iwaze damasko bo iksizo,Rikbaktsa
23047,pedro kɨɨ toho niika tɨ'o kɨɨ siro siru tuu wihakɨ niiwi “diakɨhɨta niisari a'te o'akɨhɨre were ko'tegɨ yɨ'ɨre mii wihase ape tero weegɨ ke'egɨ weesa'” nii wakukɨ niiwi kɨɨ toho wihasere ayuro masitikɨ niiwi surara naa nee ko'te duhirore yɨ'rɨakara niiwa be'ro apero ke'rare taha yɨ'rɨaa tii wi'i nee sahaaro kome sope tiropɨre ehakara niiwa naa toopɨ ehaka tii sope basi paria wa'akaro niiwɨ be'ro naa tii sopere yɨ'rɨ wiha wa'akara niiwa yoa kurero wa'a o'akɨhɨre were ko'tegɨ bahu dutia wa'akɨ niiwi pedro ni'kɨta toha nɨ'kakɨ niiwi maha be'ro kɨɨ bahu dutikapɨta ayuro tɨ'o masikɨ niiwi —diakɨhɨta niiapa yɨ'ɨ i'ya'ke niirota o'akɨhɨ yɨ'ɨre yɨ'rɨ dutigɨ ni'kɨ kɨɨre were ko'tegɨre o'oo'api herode ya'aro weetika'ato niigɨ toho niika judeu masa jesure eho peotira nii pe'tise yɨ'ɨre ya'aro wee si'risere ka'mu ta'agɨ o'oo'api niikɨ niiwi pedro,Tukano
22403,poulu nonekuke feli yoko ndurusila avo axu'ikene ikenepoke aukopovo ne feli xaneti yeno seno judeu koehati ndurusila yane pahukoa feli ihaxikoponoati ne poulu yane kamokenoyea yuho koyuho'inoa poulu koeku ne kutipea kristu jesus koati koyuho'inoati poulu konokea ponea kixoku itukeovo ne xane koane exea saya'ikopeovo koane konokeamaka seopea nonekuke ituko'oviti yuhoikopeokonomo vo'oku kixoku itukeovo yane yupihova pikea feli hara kixo poulu: —‍motova pihepi ko'oyene koekutimo kaxe moto'iyeovaku inamakamo inzaxikapapi —‍kixoane,Terena
11003,aipo ojeupe ꞌerauwe jefaruu ꞌga awau ojewya ꞌwyriara ꞌga nupe ꞌjau: —“tene ꞌga nuri ꞌga futat ore monou” eꞌi etee ꞌga pe nupe ko— ꞌjau ꞌga ꞌwyriara ꞌga nupe —“ore ꞌa romanu ꞌwyriara ꞌga remiayuwa agawewi aꞌetea ꞌga ꞌa ore nupa ekoete ako aiꞌi” eꞌi etee ꞌga ko— ꞌjau ꞌga ꞌwyriara ꞌga nupe romanu ꞌwyriara ꞌga remiayuwa ꞌga ae nanupa ekoetei aꞌeramu ꞌga okyjau etee ꞌga nui nu,Kayabí
6662,aneotedoɡoji ɡadiolaatedicetiwaji ɡadiomaɡatitedice makaami loiigi codaa me ɡademaani enice adiniwikodenitiwaji oleetibige makaami eletema eledi oko adiniwikodenitibece lodoe eledi oko codaa ocaɡaneɡeni eledi oko codaa adinatiitalo niɡinoa anicinoa adinatiita eledi oko nigicatibece ina ɡadileenigitema eledi oko dioki ixomaɡateenitice anowotaɡadomi ane beyagi mijoataɡa cristo me ixomaɡateetedice ɡadoenataka ane beyagi awii digo mijoataɡa anee,Kadiwéu
23033,masa jesure eho peotira na'i ti'aropɨ niira weero noho niisama naa kɨɨre yɨ'rɨ nɨ'ka kɨɨ ɨaro weetisama mɨsa purika naa weero noho nii wee' toho weera jesu kɨɨ opaturi a'ti di'tapɨ a'tika i'ya ɨkɨasome yahagɨre i'ya mariaro weero noho wa'asome,Tukano
17978,koxaka wikamokonasetyaka wikaberexotyakita exahe maisa waiye xini wikaxomokakita halitinai xahohisakoatyoane heko kalore wahakita haiya xowaka maisa wisemakare exahe maisa wikanakairare hekoti,Parecis
12312,paapaya israelyamiꞌ iꞌnokoꞌma miriri yeꞌnen ekaranmapouya taripai paapaya tipemonkonoyamiꞌ yewanmiriꞌpi kaane tiwin kin toꞌ yewanmirisaiꞌya pra man maasa pra uuri piikaꞌtiꞌpiiya uuri wani inkamoro yonpa pe tiweꞌsen pe uuri wani abraao nuriꞌti payaniꞌpi pe tiweꞌsen pe moropai manniꞌ benjamim nuriꞌti paariꞌpi pe wani,Macushi
7030,a'ero ga hovapytymba'vogi hepiakatuhara'ga pe toki ti ga ipype javo ei ga igwete hepiakatuhara'ga ki ua gwenymbava pyri hera nanani henoina heno'eamo tokaja hugwi herogwovo ei ga a'ea gwendu katu ganhi'iga,Kagwahiva
19472,irmaos posso dizer-lhes com franqueza que o patriarca davi morreu e foi sepultado e o seu tumulo esta entre nos ate o dia de hoje,Portuguese
26299,nhym my proma kum —‍gu amim kwyo apdju ane nhym “a” ane nhym kwybito ten jeju kute ar anorjama o ten o box ne 'ex ne arkum —‍mi bar inho pyka panh pi'ok kapri jabit by ane ne kam arym arkum kunga,kayapó
13254,pa tute 'a ham'aktux hu: —‍'amhok 'ugmun pu nu'axup hok 'ugmun ya topa yog kamanat 'amun putuk xix 'ataknoy xop putuk xix topa pupi ham'aktux xop putuk xix nom te nu tappet yog ham'aktux 'apak xop putuk 'apu topa pu nu'axup kaxiy,Maxakalí
686,tyryrykane mynyhpakatopopyry poko jezu a morarame tykohmase ahtao —ehmaropa ikuhpo mopozakoxi tykase jezu typoetory tomo a,Apalaí
20782,zopoktsa inabybyknaha tapara zopok inabybykze wasani zopok mysukpetaba nabybykyk iwatsahi asa zuba nipamykysokonaha: — o abaka zopoktsa wasani tsimyzonahaktsa penise boktsa — nikaranaha iwaze mopykwy zizonaha iwaze tsikzikdihi baze tsikukuruzonaha atsoko zopoktsa inabybykyryknaha zopoktsa tsikzikdihi ikny inabybyknaha zopoktsa norodeste inarokoha inabybyknahaze tsaraha puetsikbyita zioktykyryk,Rikbaktsa
11756,ꞌauwara ꞌga nupe je kristu ꞌga momeꞌwauꞌjauꞌjapa aꞌeramu nipo je tewau pe nesaka yma we jeparuesagiweramu pe nee aꞌeramu nipo je tewau pe nesaka anure nipo je oi espaja ywy pe aꞌeramu je tewaw ipe roma pe tekotekouꞌi tepytau raꞌne pejejepype je rekoramu nipo jane jarekuꞌiramu jarejuee aꞌeramu nipo pee mamaꞌe mua jee jeremirerooramu je poaawamu,Kayabí
23236,ayuro wee yɨ'rɨ weti eho peo du'utirare yɨ'ɨ pakɨ tiro kuugɨti naa kɨɨ yaa wi'ikahase botari weero noho kɨɨ tiro nii nu'kurasama yɨ'ɨ pakɨ wamere naapɨre ohagɨti kɨɨ yaa maka wame ke'rare ohagɨti kɨɨ yaa maka ape ma'ma maka jerusale wameti' tii maka ɨ'mɨsekaha maka nii' a'ti nukukapɨ dihatirosa' yɨ'ɨ ke'ra naare yɨ'ɨ wame ma'ma ape wame ohagɨti,Tukano
11601,aꞌere jejui ꞌga nojeꞌegi futari ꞌga nupe oꞌmeramu te ꞌga ꞌi aꞌeramu jejui ꞌga ojeꞌegeꞌema ꞌga nupe aꞌeramu piratu ꞌga oporesagamu etee ꞌga ree “maꞌeramu sipo ꞌga nojeꞌegi” ꞌjau ꞌga ojeupe,Kayabí
14883,wetaybit waremtag cica eyju jekukum iam taxipat puxim gu eyju- -icukat puxim gu dak taxiptoktokat puxim eyju icukgugunat puxim tak okukpin gu eyju okug waremtag gu dak eyju okug xipat ma kuka juk o'e waremtag okug pima ikukpin okug pima dak imenpit okukpin gu eyju okug imenpuye gaxin ma ipiat osupi'ajoat eywebe iko'omat o buje jedadacap puxim,Mundurukú
22090,ukeatine ko'oyene hanemo ivandakopone undi ihae vanuke ikutipasikoponovoti xane exopeke ituko'oviti enepone apeti xunako pahukea uha koeti —‍kixovokoxoane jesus,Terena
3977,jesus waga koenda kura domodo aguely tindatuo fariseu domodo ajigue aguelymo: — “jesus kazeinwantaunda” kykely neinwantaymbamo etaunga idanara eaga idalymo — kelymo,Bakairi
21083,miꞌi hawyi pauru ipoiꞌam hawyi topoha hawyi toꞌe — ihotꞌok uiꞌy­wania e pyno aito isareu ywania tupana motypot haria miꞌi pote eweikuap to uimienoi tupana ehay uhytꞌiꞌin e aikota ahaꞌa­se­ꞌiꞌin tukup­teꞌen saꞌa­wy­ꞌi­wuaria hap ti ahenoi hamuat ehepe e,Sateré-Mawé
15430,hajoo nuu me mꞌ ranu gewyyh tatu me rabahetsoos sa matsos me ti mꞌ sa taron nuu me mꞌ ramehyy bꞌeeh ta we rawehꞌeeh doo go mꞌ raky nꞌaa mesꞌuunh hyb nꞌaa ti mꞌ raky nꞌaa ejꞌees jawen paa ba mꞌ rado nyyh ma ta hatse hahiin doo radasuun jeng ma ta saroor he ti mꞌ ramanyyh rabepeem dak hyb nꞌaa,Nadëb
3545,ilapygueduo keanka anju parutaba waga onro waga wara xydyk wara kaentyby tamary aho eynynonro nhaunadyly kaendyly,Bakairi
4060,karumehe nakwaw kwaw tupan hemimur karer romo heko haw ihe hexak mehe ihe kutari akwaw kury azur xe teko wamuzahazahak pa ꞌy pupe ihe ko awa tur awam imumeꞌu pa purupe ihe aꞌe rupi izaew izuapyapyr aꞌe wa nehe wexak putar uwihaw aꞌe wa nehe ukwaw putar upyro har aꞌe wa nehe no ko awa aꞌe wanuwihawete romo hekon aꞌe wapyro har romo hekon aꞌe,Guajajara
22456,ihikauvoti ihokovoti koeku moyoniti su'uso ina itukinoahiko jesus ihokoake ne aha ihikaxea hara kixovokoxoa:,Terena
22894,haina yundoxinopitinoe vo'oku akoyea yexa ne kana'uti kixovokuti ihae xoko ituko'oviti itea vo'oku yexi koane vo'oku yexi akoyea apahuina semekenovo'iti ukeati ne kana'utike kixovokuti,Terena
22376,koeku ne kuveovo uti ituko'oviti ina kixo vunae neko ihikau enepohikone apostulu pahoe koyuhoyea emo'u xapa xane: —‍unaem kiri'uxinavi kuveovopeoxo uti,Terena
15457,ti mꞌ hajok do ha ka jesus ky hadoo: —er wahe nꞌaa we hꞌyy kawereem do sa hꞌyyb mahuum nꞌaa be edꞌoo gꞌeeh yyh be wen nꞌaa we yy sen-jeer yt ha boh yt ha y be masoo hyb nꞌaa —nang mah —pꞌop haga do tob nꞌaa wahoo go y awad hadꞌyyt he y ma meteek ba dooh enh y be maso ba tii ba enh —nang mah,Nadëb
261,aosenetupuhtohko tapuruse sa roropa kynexine aosenetupuhtohko tapuruse ro seromaroro ritonopo nymeropohpyry sekeremaryhtao eya xine pake toehtopopyryko saaro onenetupuhpyra toh mana kyrixtu maro toehse kuahtao xine roke kuosenetupuhtohko apuruhpyry sa pyra exiko ropa mana yrome aosenetupuhtohko apuruhpyry saaro mana seroae ro moeze nymerohpyry sekeremaryhtao eya xine aosenetupuhtohko apuruhpyry saaro mana,Apalaí
8971,ky ag tog jesus my to vi mu ag ty hen ri ke mun ti kur mraj me je ky ag tog haꞌ haꞌ he kan mu sir ag ty ti kur men ky,Kaigáng
9024,eju xe moiru heꞌi hesu upei hesu oho ogwata galileia yugwarusu yke-rehe ohexa oho-vy simao-pe tyvyry ndive tyvyry hery andre ohexa omombo ramo oity hagwa y-py kyha omombo ramo oipyhy hagwa pira-pe ohexa haꞌe kwery katu pira jopoihaty voi,Kaiwá
9529,ay emeꞌe ore-vy ore remiꞌura ay gwara,Kaiwá
4159,zezuz umukatu ipari maꞌe aꞌe kury amo ꞌar mehe uzewyr zezuz oho kapanau taw pe aꞌe wa kury naꞌe aꞌe pe har uzeꞌeg uzeupeupe wa kury — zezuz tapuz me hekon aꞌe iꞌi uzeupeupe wa uzemonoꞌog tuwe teko teteaꞌu wa aꞌe pe hexak pa wa tapuz me wa te nupuner kwaw wixe haw rehe aꞌe pe wa ni uken rupi wa katu pe har nuexak kwaw wa upurumuꞌe zezuz in aꞌe pe,Guajajara
7041,jesus'ga ombojipe'a anhaga ahera'yrava'ea hugwi a igwete jesus'ga jivyra'javi tresve'ga pavei gwemimbo'ehara'ga pavei igwete ga nduri jara'ga pyri noveve'ga pyri urame ga he'yjuhuve'ga ndepiagi noveve'ga pyri jesus'ga remimbo'ehara'ga pyri a'ereki judeus'ga mbo'ehara'ga ga nhi'igayva nanime he'yjuhuve'ga jesus'ga repiagi onhimomby'avo ga mboha'uve'yma —‍kiro ga ruri jesus'ga ei ga ojohupe igwete ga nhani ogwovo ga pyri,Kagwahiva
22587,ina yumopahiko: —‍enepomo itikapapune hana'iti ihayu'iuti nati xoko netixoku perexavimo vivatakea xiririkuke payasoyea uti pohuti yexopeke koane po'inu lepekuke,Terena
23246,mɨsa  wame yeegɨpɨre yeekahasere seri ya'a dutira o'oo'kara niiwɨ kɨɨ keoro yɨ'tikɨ niiwi,Tukano
17526,xakore hoka maisa kaisaniyeha isabel maisanityakohalo hoka exahe hatyo hinamanai koxaka ohiyeha hoka,Parecis
18620,“belem sidaji kaija'arini a'oni hari'a avava'ini-ra anaipahihiva ida belem sidaji pa'itxini pa'itxini kaba'i ida avakadisidaji oniania 'banara bana ada akadija'ari vakadika'da'di israel kaija'ari vakadimahi nasohiva kaimoni ada ovari” nihi ida deus athi papira hojaki nimania ida deus athi namoniva abono kajirihi athini — iroji-ra vani'aha adani judeus kaija'ari vaka'ojomo'iva abono,Paumarí
18949,ija'ari ira najahariharikia binofiki ida ija'ari nasohiva abono ira honariavini kadamakari-ra iarakhavini iva'aha bana jaboni ida kadamakari hoariha-ra saarivini,Paumarí
9015,nde resa-py oi vaꞌe rehegwa nheꞌe-rami arandu nheꞌe upei omombeꞌu jevy ixupe kwery nde resa-py oi vaꞌe rehegwa nheꞌe-rami omombeꞌu—nde nde resa-py yvyravogwe oi vaꞌe maꞌera-gwi ere nde rapixa-pe “nde resa-py oi yvyra raꞌykwe upeixa-gwi nande resapysovei-ma” upea ere jave tuvixave vaꞌe oi joty nde resa-py ndovalei voi ereheka rei hagwa mixive vaꞌe nde rapixa resa-py oi vaꞌe nde resa eꞌy jave “tanohe nde resa-gwi” ere rei nde rapixa-pe nde reko pora aꞌa aꞌa-vy enohe ranhe katu nde resa-gwi upe yvyravogwe nde rekoha ererova-vy upe rire ae erehexa pora-ta erehexa pora-ma ramo erenohe ara hesa-gwi upe-py oi vaꞌe heꞌi hesu ixupe kwery onhemonheꞌe-vy arandu nheꞌe oiporu ponove ojohu vai rei gwapixa rekoha,Kaiwá
5557,opa mbaꞌe py anhemombeꞌu pora pevy opa mbaꞌe py roguerovyꞌa guive haꞌe nunga rupi aendu xepyꞌa guaxuvea haꞌe avyꞌa etea opa mbaꞌe py rojexavai tei,Guarani
4396,aꞌe rupi nezewe iꞌi zezuz tupan pe aꞌe kury — aiko xe ihe tupan azapo putar neremiapo putar haw ihe nehe iꞌi izupe aꞌe rupi tupan umupytuꞌu kar teko maꞌeaꞌyr izuka re nehe kury penemiapo kwer ikatu ꞌym maꞌe hekuzaromo izuka re nehe kury iꞌi purupe zezuz imano haw upyta maꞌeaꞌyr paw wamano haw hekuzaromo aꞌe kury maꞌeaꞌyr zuka haw numunagatu kwaw ikatu ꞌym maꞌe upyta zezuz imano haw hagapaw romo xo zezuz izuka haw umunagatu tuwe ikatu ꞌym maꞌe puruwi aꞌe,Guajajara
7690,a'ero ga ega'ei ojohupe: —‍manamo po ti nhande jesus'ga pyhygukari nehe ei ga ojohupe onhimomby'avo,Kagwahiva
21733,miꞌi hawyi peteru henoi kahato tewyry yne raꞌyn hap iꞌatuepe,Sateré-Mawé
522,mokyro ritonopo waro exikety kynexine aomipona roropa kynexine tytapyitaoko maro tuhke tytineru tokarose eya juteu tomo a tymokomokakara a kokoro roke ritonopo maro toturuse ynororo,Apalaí
1478,rom nhum jerujare kama patre krahtumje me ijaew pigetjaja patre maati kajpasja nhorkwy kama axpen wyr akupro,Apinayé
10840,iny ritobinymy rahudi judeu mahaduo judeu bede erydyyna ityhydyydu mahaduo tule banabe paulo‑wana riheludunyre tahe tamyreny raryberenyre: —deuxu ruxetoena‑ki idi mariahyymyhykemy,Karajá
5688,haꞌe ra nhande ma ara pygua vy jaiko kuaa pota ꞌra nhandejee pexo reguara nhamoi ꞌra jajerovia agua haꞌe mborayvu ngora ratara ma nhamoi ꞌra nhandereraa jepea nharo jaikovya,Guarani
26788,ne kam me krapti:me kot ba djwynhme amiwyr me ku'uw nhym me arym 'yr box nhym mema kum —‍gedja ga me ajo ma ikot abikamenh pram jabej kwarik wanh amidjwynhbit mar ket ne ma amim “djam ba ije amijo kinhma kati” ane dja ba ityk kadjy inho pite'y myn itokry: dja ga ija amijakren aje anho pite'y mynh man prabe ama atokry pyma ket ne ama ijabe ra'a ne ma ikot ajkame,kayapó
3598,moises inweniby waga enomedani modo waga jesus aguehobyry aituo myani kurado indatoem jesus aguely tynynonro modoram:,Bakairi
19305,pois se fazem isto com a arvore verde o que acontecera quando ela estiver seca,Portuguese
16158,ja¹­nxa¹­jutsu²­ i³­yau¹­u³­ye¹­nxta¹­jau³­xai³­ta²­ txa²­wa¹­su³­na²­ i³­tih³­nxe³­sa²­jau³­xai²­la¹­wa²­ nxe³­te³­nah¹­lxi¹­ je³­su²­jah¹­la²­ txa²­wa¹­hxi²­kan¹­ta²­ si³­yxau³­jah¹­lo²­su²­ ha²­kxai³­ txa²­wa¹­ha³­lo²­a²­ yxau³­hi¹­nai³­ta²­ nxe³­ta¹­hxai²­he¹­la²­ ju³­ta²­sah³­lai¹­ta²­ i³­koxko¹­son²­kxi²­te³­lhxa³­ ka³­nxah³­hi²­nxa³­ta³­lxa¹­ je³­su²­jah¹­la²­ yain³­tu³­xa²­ hxi²­te³­nha²­san²­nu²­la²­,Nambikuára
10879,tahe inyo obitimy ryimy rohotinykeki tii rexiijemy ratxike reseke lau,Karajá
2198,iua txa: —himaerekani hitakanapako kotxi teoso mereekiti paitiki apokako iua ikinipoko auite ininiua ikapani —itxari xoao kitxakapirika isaia inakori teoso sakire sapiretakari sapiretapekari xoao pirena itxari: auako kiki aparaa makipakaniataa isapirenauatako itxariko: “hoeretariko kimapori apiananiri apokini apisapanika itikaapo erekari hikamako iua napini ikapani” itxa isaia kitxakapirika,Apurinã
8263,u ty ran ky ni tag ti ha vy: “ajag ty u to: un mag vy ty ti ni he sor ky eg senhor ti tomni” he mu tope vi ran ki,Kaigáng
13686,“tep tu tikmu'un xohix xuy teptu tikmu'un xohix xakix” kaxiy,Maxakalí
14753,— webay xe okukpin cica webay a'obi iwataxipiat mu'ada'ada'uk oguy idip cica o'e iwataxipiat mu'adaap iboap podi ma idipat gubapuk webay — io'e jesus — eyetabegbeg epe'e iboap cocom- -webay e'eap cocom — io'e,Mundurukú
25915,aha wasu'u na te za asimi'mada'a nori ha ama 're ipo're pu'u za'ra mo te za dure aihaimana predup sina tama 're i'aroti mo 're ihaimana u'asi mono nho'a 're wahaimana za'ra mono nhere tare mari wasu'u na 're sisada'aba za'ra mono to da dasisada'abaze ha we o wa taha zarina 're dahaimana za'ra mono wamha te za dawi 're si'utori dahaimana we ze ha,Xavánte
26126,nam jeju “e kum ba” ane nhym me tu umaje ajkran akubyn ajkamen arym tym ne no,kayapó
1837,ta nhum ha ahtumre nhum jejus tirtum ma amnhi jarenh xa ha ixkre hwyr te ne axa ne kot ho mex xwynhta pumu ne kam: —pa e na ka ra akupym amex nom kwa ker ka axte tanhma amnhi tomnuj to ho ri apa hket ne kot kaj axte a amnhi nhipex ane hamri ne apunuj tyx o wam ate apunujta jakre kam ga ane,Apinayé
12398,miari maasa jesus eseurima tanne jairo poitiri erepamiꞌpi jairo yewiꞌ tapai moropai miikiriya taꞌpi jairo piꞌ: —ayensi saꞌmantan piꞌ man miriri yeꞌnen uyenupanenkon witi yuꞌse awani pepin,Macushi
1286,hamri nhum me pahto amnhiptar o hkri xwynhta wyr te ne ihkra kama kep kaga kaxkepta py,Apinayé
9084,nhandejary nheꞌe raꞌanga rei omombeꞌu vaꞌe kwery ae onheꞌe rei rei ambue kwery-rehe gwembigwaa eꞌy-rehe onhembohory oiko-vy onheꞌe vai rei hese ojapose vaꞌe rei ojapo ave mymba kaꞌagwy rupigwa rekoha-rami oiko upe vaꞌe kwery pene manduꞌa kena mymba kaꞌagwy rupigwa-rehe teko rei-rupi oiko opambaꞌe apo-vy rei oiko mymba kaꞌagwy rupigwa nahiꞌarandui-gwi nhanhapyti vaꞌera jajuka vaꞌera upeixa ete ave heko vai mboꞌeha kwery oiko mymba reko-rami rei ave oiko itavy voi itavy-rehe ohundi-ta voi ixupe kwery nhandejary haꞌe kwery onhombohasa asy uka oiko-vy ambue kwery-pe upea-rehe haꞌe kwery ave ohasa asy ave vaꞌera onhembopyꞌa vai hagwe-rehe ohasa asy vaꞌera oiko-vy ary-rupi rei ogwerohory gwembiapo kyꞌa gwekoha vai rexa uka-vy penhomboaty ha-py jepe hesu-rehe pene manduꞌa hagwa peꞌu mbojape ramo jepe notivei-ma onhembohory-vy rei hesu-rehe jepe hoꞌu joty mbojape pene paꞌu-my notivei-ma hesu reroviaha-rami moꞌa voi oiko pene paꞌu-my pene mbotavy-vy,Kaiwá
13280,tu 'amniy xohix ha' pip topa pet xexka kopah nuy topa max 'aktux pax tu ta tu' kux,Maxakalí
16340,a²­nxe³­ta¹­ka³­lxai²­na²­ sa²­kxai³­lu²­ je³­su²­jah³­la²­ wan³­txa²­ yxo²­i²­te²­nau³­xa²­ sun²­ta¹­ai¹­nha²­kxai³­ je³­su²­jah³­la²­ yxo²­i²­tu³­ka³­txi³­su²­ te²­a²­ ya³­lun¹­txi³­ne³­ta¹­hxai²­he¹­la²­ a²­nu²­ai²­li²­ un³­jau³­xa²­ kain²­ i³­na²­kxai²­nan²­tu³­ i³­wen¹­te²­ju²­he³­la²­ nxe³­kxa²­ ya¹­nxe³­sxa³­ ta¹­ka³­lxa²­ hi²­sen³­kxai³­lu²­ je³­su²­jah³­la²­ a²­sa³­wi³­ha³­lxa²­ ka³­lxa¹­txi³­ sun²­ta¹­ha²­kxai³­ kain²­ ka³­lxi³­nha²­he³­la²­ nxe³­ta¹­ka³­lxu³­su²­ na²­he³­la²­ a²­nxe³­ju³­tai²­na²­ i²­a¹­ha²­kxai³­ o²­khaixsa³­he¹­la²­,Nambikuára
14459,okitpitpiyu yopit ma juy eyetaybin ikereat muge am bekitkit puxim bekitkit aguy buxim gu bit cuy epeyewaguyguy- -yaypanayu aguy buxim aca,Mundurukú
5591,haꞌe gui ikyꞌa eꞌy vaꞌe ropy gui sete anjo kuery oe ouvy sete nhomoingo axyara rerua haꞌe vaꞌe kuery ma ajukue porave xii rei hexaka vaꞌe py onhemonde ajukue raꞌykue ouro guigua opexo rupi ojokua reve,Guarani
20998,tsihitsa pe: o myhyrinymyrytsa “hana eze sa amyikaha eze mydisahawy ty katuktsa tuk hauk tsimaha my” tsimahakta iwaze ahape my “iktsatahaktsa”,Rikbaktsa
21946,miꞌi hawyi itotiaria imotypot kahato pauru miꞌi pote urutuwat hap eꞌat pe taꞌa­tu­hytmoi kahato urueꞌyara pe urumie­reto muꞌap upiat urumiꞌu wuat kat koꞌi kat koꞌi urumi­ky­ꞌesat ok ta myeꞌym ewaty urutu­kup­teꞌen ywypyiꞌa mauta tote hawyi urutuwat i raꞌyn wetup yara koro puo mekewat yara wato tawa wato aresa­tira kaipywiat eꞌyara puo heiꞌaman mot ywypyiꞌa mauta e hap totiat rakat puo miꞌi yara wato set ti tupana mepyt paat e hap het rakat miꞌi puo urutuwat yi mauta pyi,Sateré-Mawé
3377,aguely: — deus xuraem aduaymo tynrenseim kuru maka awala kula atyrendanry inanajimo mera iamudo ady keba-ro waunlo ara wane auguely ola xira ayanmo pymaem xynru waunlo keba mera iamudo maka ynynonro xuraem koenda amanhedylymo tynrenseim keba awyly umela wara watay uraenla amanhedylymo adyla uraem amanhetuomo ugononibyry xuraenla ise amanhedylymo lapyla — kely jesus,Bakairi
5915,omombeꞌu ra haꞌe kuery oendu vy haꞌe javive ojapukai okuapy nhanderuete pe haꞌe vy aipoeꞌi: — ndee senhor ndepoꞌakapa vaꞌe ma yva yvy yeꞌe haꞌe opa mbaꞌe hexe ikuai vaꞌe apoare reiko,Guarani
6759,pedro ja diwitakatace me diɡicoateda me yowooɡodi jesus eɡidiaa dabidite pedro me dilowate noɡoigetace modita “akaami eledi iwitibece idoa ɡoneleegiwa” odaa pedro ja diwitakatace meetiogi “ee oɡoa”,Kadiwéu
20725,kyze zihitsa sitsasohokotsitsa hua huazo niy ispe niy: — katse myikaha inakymy sakzohotsa batu sisopyksapy maha,Rikbaktsa
15832,pirato had nang do we jesus ramahuum kan do panyyg nꞌaa hahyyh ti mꞌ kajapas tob ba naa ramahuum kan jesus ajꞌyy roma buuj judah haj nꞌaa baga nꞌaa tob henh pirato had nang do we jati pe bap paa mꞌ tii judah buuj wahe nꞌaa jesus manꞌaa doo dooh rajee pa ba roma buuj tob go rakaren ma baad ratayy rabaweh na do hyb nꞌaa pas-kowa ta nꞌaa dooh judah buuj ky nꞌaa jawꞌyyk do anꞌoo ba judah buuj nadoo do tob ba rabajee pa ba hasus do hadoo sa ha pꞌop haga do matym go redꞌoo tii dꞌ radoo ba ta ti hedoo doo dooh rahaja ba pas-kowa ta nꞌaa rawee ba,Nadëb
18623,hari vakava'ihoki bana jaboni ida nahina namitha'iki deus ibavi kaija'arini vaipohiriki vakadiania 'bo'dakari deus athi-ra vanaabariki adani ni-vanofiki ida deus va'ora vaka'da'divini deus ibavi-ra avakakara'o'iki adani deus va'ora nahokahi'aha hodi bihiani arafiaki a'daimaki ibavi bakibakiki kania vidabohaha'oadahaki adani correntea ni-vikhaonanina-ra vakaabokajanariha adani deus ija'ari hahavi-ra nasohivini kamahini deus va'ora karonaki bana adani ibavi kaija'arini athi naabani vihiriki ibavi jaharika'oaki kania avikhana vagathanija kaimoni ida vakadihojai asohiriki abosini,Paumarí
12616,tiise taꞌpi pauloya: —kaane anna witi pepin anna poꞌpitiꞌpi toꞌya tamiꞌnawironkonya eraꞌma tanne anna romanoyamiꞌ tiise moropai amaꞌ pe anna anarimapai toꞌ wani taripai tiaronkonya epuꞌti namai tiise tiwi toꞌ naiipii anna rumakatoꞌpe toꞌya tiiwaririꞌnikon —taꞌpi pauloya,Macushi
382,pauru osekazumatopopyry jezu poetory tomo aepezu po morarame miretu po pauru ahtao imehno tonyohse eya epezu pona jezu poetory to tuisary eahmase tyya toto ytotohme,Apalaí
17040,waikohekoa tyaoniterenae tiyaha ekawa kakerahaotyakehenaite hoka jimere ite ‘boxo’ nexa hikoahena ihiyeta hoka xekohasetinaite waiyahene hoka amaikohareha tiyahenahaite ekawa koxaka iniyalahare tyomaha ekakoa exahe kehala tyaonaha enawenakalakoa nali hoka,Parecis
21662,miꞌi hawyi teꞌerenuk kahato raꞌyn hawyi iꞌatuꞌok kahato raꞌyn miꞌi hawyi hemiitꞌin tiꞌatunug iꞌatumiꞌu ieipyt hawyi  eꞌyry­sakag ne howapy te topyhuꞌat man pikpik koꞌi pira puꞌi koꞌi teꞌerenuk haria  ihainia tukupteꞌen itote iꞌewyte hary­poriaꞌin iꞌatu­mepytꞌin typyꞌi kahato yt iꞌatu­mi­mo­rania i koꞌi teꞌerenuk wy,Sateré-Mawé
17287,hoka wakahare nexa ihiye: “hiximarene kinaseta exahe kinatereta kaokeheta hatyo hiyeta hexe bowi mokose kolotere xaisaka aoka” nexa ihiye,Parecis
2852,kaapokori nirekiniari teoso ikara atoko inakari ikaminana ninoa teoso kamapitikari hamanaakiti kaapokori manirekakaniari hisapiretana teoso kona kamaerekaxiniretana ninoa,Apurinã
1125,hamri nhum jejus kuma ne kam: —ty na am hamri na ka hare kot kaj a me hipex anhyr o ri apa ne nhyrma tirtum me wa ixri atir tum ne apa ho apa ane,Apinayé
14513,ibo'ip tiotpe yajem puje jesus o'jeapun zaqueu kay — zaqueu — io'e — ekop cuy — io'e — daosuw — io'e — eduk'a be on cum — jesus o'e,Mundurukú
24543,munayniwan milagrucunacta paycunachu mana lulapti'a mana juchachasham capacunman cananmi icha masqui cay lulashacunacta licayalcalpis chinipapamashanwan taytatapis chiniyalcantac,Urubu-Kaapor
25054,tawamha te dure asa tama nhari za'ra: — e niha bete zezusi te te ito pese nhere waihu'u za'ra wa'aba o di we isatori'wa ha ni'wa ha 're mori wasete wamha imreme te te 're wapari mono o di za te te tama ama 're a'uwaimrami mono da 're ihaimana u'asi mono ha ni'wa ha isimiroti te te 're 'mada'a pese mono wamha te za imreme ha te te 're wapari u'asi te te tama ama 're uwaimrami u'asi mono da ane wama waihu'u pese za'ra di wa nori ha,Xavánte
23495,be'ro kɨɨ yaro su'tirore tuu wee su'tiro so'aro wiora sayaro nohore saakara niiwa,Tukano
21290,pyno tupana toꞌe — atihuruk i raꞌyn wetup mo yn e miꞌi atunug hawyi waku raꞌyn toran naꞌyn uimi­huruk e yt typuo i atihuruk aru e katu­pono yt kan hamo i typuo e miꞌi huruk hap putꞌokꞌe yne raꞌyn e mekewat eꞌat yne yt iheg nakat i taꞌat yne e maꞌato mekewat yt hurukꞌe i rakat iheg sese rakat aru topy­huꞌat wuatꞌi eꞌat pe e mesu­wa­rotiat more­kuaria minug koꞌi yne taꞌat e maꞌato uimi­ꞌairo eipo­re­kuanuat minug koꞌi aru topy­huꞌat re atihuruk yne yne hawyi e tupana,Sateré-Mawé
7184,kiro andre'ga hoi na'e oiru'ga pyri simao pedro'ga pyri —‍orohepia ore messias'ga tupana'ga remimbuhurukara'ga ei ga simao'ga pe cristo'ga pe judeus'ga e'i messias,Kagwahiva
15762,be raganado ba be ahom sa mahanh sa panang ba naa be ahom ba be tsyym suun be tepyng padag kꞌaats tii da be badꞌoo rabahapah hyb nꞌaa dooh baad tado ba pꞌop haga do panyyg raky nadaheeh doo —nang ma ta kyyh sa ha,Nadëb
9799,—xake penhangareko katu pendejehe nde po-gwi paraꞌe erejejavy ramo enhepokyti katu eremombo-vy nde po petei nde po eꞌy vaꞌe rekoha-rami eiko iporave nde posogwe reheve eregwahe hagwa ereho-vy nhandejary nhande ruvixa ha-py ha ne mombo ramo tata opa opa rei eꞌy vaꞌe-py katu mokoi nde po reheve ivaive ara nde-vy nde poriahu ete vaꞌera heꞌi —upe-py ndopai tata nomanoi teꞌogweꞌuha ha nde py-gwi paraꞌe erejejavy ramo enhepykyti katu eremombo-vy nde py petei nde py eꞌy vaꞌe rekoha-rami eiko iporave nde pysogwe reheve eremoiru hagwa nhandejary ne ruvixara-pe ha ne mombo ramo tata opa opa rei eꞌy vaꞌe-py katu mokoi nde py reheve ivai ara nde-vy nde poriahu ete vaꞌera upe-py nomanoi teꞌogweꞌuha ndopai tata ha nde resa ne mbojejavy ukase ramo enohe katu nde resakwe emombo ndejehegwi petei gwesa ogwenohe vaꞌekwe-rami eiko iporave petei nde resa reheve eregwahe ereho-vy nhandejary nhande ruvixa oiko haty-py ne mombo ramo tata opa opa rei eꞌy vaꞌe-py mokoi nde resa reheve ivaive ara nde-vy,Kaiwá
5397,haꞌe ra pee ma aipopeje: “nguu eꞌy vy oxy pe amongue aipoeꞌi ꞌra: ‘mbaꞌemo pevy peguara areko vaꞌekue ma nhanderuete pe ju amboaxa’ heꞌi tei haꞌeve” peje haꞌe rami vy tuu haꞌe ixy napeipytyvo ukai,Guarani
10033,fariseu mahadu saduseu mahadu nade jesuisi‑o iurihixidyymy riitxenanyrenykemy: —aobedeerydyynabo heka biu‑ki iribi rexitoenyre biwateosinyke heka aowiwihiky‑di biu‑o jiaryboho arieyrenykre kai inatyhy tate wahe,Karajá
24692,chayta uyalipaculmi israelcunaca ishcayman iwinacalalin waquinnincunam nipacula: “cay'a satanashpa ganasha lucushata imapama uyalipacunqui” nil juccunanatacmi: “satanashpa ganasha cayal'a caynu allin yachachicuyta manam limayanmanchu ni nasidunpi aplactapis licayachinmanchu” nipacula,Urubu-Kaapor
13239,ha tik xop te yeyox yikagnag ha' mog tu tuhuk ha yay koxak ha: —‍yaya' mo'on hok ka yumug xakix kaxiy,Maxakalí
2046,niri okitikari ipikani iuaikana aua inini tikane iua atokotxikana nota txikitakana kakiti ninirekaakini iuaikana auini ikapani,Apurinã
24313,natac llapa nunactapis chaycuscacta lulayninman tincuta licaycucata caraycucata “papanimi” niyalcal'a cay pachachu cashayqui-cama manchacuywan-ari cawsaycaliy,Urubu-Kaapor
26226,nhym kam jeju mema kum —‍ke djam me aje metindjwynh kaben'a pi'ok no'okjadjwy pumunh ket djam me aje me bakukamarebe dawi'a ujarenhja pumunh ket e dawi arkum pra:m kum pram ne arym metindjwynh nhurkwama wadja amrebe: me kadjy metindjwynh mar djwynh nho benjadjwyr rax ne kube abijta metindjwynh nhurkwakam ne me bakukamarema nhy nhym dawi ar metindjwynh nhurkwama wadjan djwy byn kukren kam kot ar tem jamadjwy kunga nhym ar arym kukre djwy me kute metindjwynhma orja tam ne kubyn kukren arkum kunga metindjwynh nho djwy ne me katam kute kur ketkumrex me kadjy metindjwynh mar djwynhbit ne kute kur nhym be dawi ta ne tu kube kukre nhym kam me kute kum axwe jarenh ket djam me aje ja mar ket ga me kute dawima axwe jarenh ketja pumu ne kam ikot ba djwynhmebit ar ima ar axwe jare je to mykam nam a jeju mebe pardjeuma ane,kayapó
17088,hoka xaotyakiyaho atyo maisa tyakekoti hiyeta xini kaotyaka xakore hoka exakere atyo iraiti waiyexe nexa: “xala xamaniya atyo tyotya xaotyakiyaho aokitere akereta tyaonita hoka tyaota meniya atyo xaotyakiyaho hiyeta” nexa,Parecis
7422,jesus'ga okwahava'javuka jonasva'ea ahe ve he'yive'ga nhombotymbotyvame jesus'ga pyri ga ei ga pe: —‍peko te'varuhu pe agwamova'ero a'ereki pe pe'e: “jesus'ga japorame jate nhande ve ahemonhimomby'ava'ea a'ero po ti nhande ei ikwahava nehe: tupana'ga ga poko a'ea po ti nhande xa'e hepiagame nehe” a'ea pe ei ei jesus'ga ga pe —‍ndoapoukari po ti tupana'ga ojipea ahemonhimomby'ava'ea pe me nehe ojikwe ga oapo ahemonhimomby'ava'ea jonasva'ea mohemukarame ymyahu hako a'ea jate po ti ga ikwahavukara'javi pe me nehe jihi jesus'ga poko javo ei jesus'ga ymyahu jonasva'ea ko tupana'ga nhi'iga mombe'uharava'ea hako pekwahava'ja ti jonasva'ea pejapyakavo ymyahu tupana'ga jonasva'ea mondoukari cidadepeva'ea pyri ninivepeva'ea pyri tokwaha ti ga jipopoakara javo na jitehe tupana'ga ji mbuhurukari pe pyri agwamova'ea pyri tokwaha ti ga jipopoakara javo ei jesus'ga yvyakotyva'ero yvagipeva'ero no naha jesus'ga jonasva'ea mombe'ui ahe ve tokwahava'ja ti ga tupana'ga popoakara jonas'ga mbogwerava reheve javo a'ero ga ei:,Kagwahiva
16821,yxo²­i²­nha¹­kxe³­su²­ ka³­ten³­ti³­ yxau²­xai³­ki³­jau³­su²­ ja¹­nxe³­jutsu²­ yxo²­i²­ki³­ju³­ta²­ hxi²­tha²­on³­ki³­sxa³­lho³­la²­ txa²­wa¹­si³­na²­ ko³­nxe³­ton³­ne³­kxan²­ti³­ txa²­wa¹­wi¹­tau³­a²­ a³­lan²­ta²­ hai¹­nxe³­ti³­xa¹­ a³­ta²­ho³­te³­na³­la²­,Nambikuára
11823,—kwareta kwara muꞌar ire moisesi ꞌga ꞌjau ojeupe: “maran te ꞌa nooi tepytuna resaka tekou ꞌi” ꞌjau ꞌga ojeupe aꞌeramu moisesi ꞌga awau,Kayabí
24452,niptinmi: “ma cay diospa chuya wasinta mana cashanman muyulachiy-ari ya'a quimsa muyunllactama shalcachimusha” nin,Urubu-Kaapor
16548,nxe³­ka³­tu³­ jo³­au²­ ba³­tis²­jah³­la²­ u³­nhe³­ki²­lho¹­nu²­la²­ a²­ne³­kai²­na²­ pra²­ta²­ka³­lo³­a²­ u³­yhe³­he²­ti³­sxa³­ wain²­ta¹­ka³­lxai²­na²­ u³­hu¹­ain¹­ta¹­hxai²­he¹­la²­ u³­hu¹­ain¹­ka³­tu³­ ta¹­ka³­lxai²­na²­ a²­hi²­sen³­kxai³­lu²­ a²­ha³­ka³­na²­ u³­hu¹­ta¹­hxai²­he¹­la²­,Nambikuára
21642,miꞌi pote taꞌatu­pyhyp teran iesui wen maꞌato typyꞌi kahato miitꞌin iesui apypueri wo tukupteꞌen pote teꞌerokenꞌe neꞌi ipyhyp hamo — iesui ti tupana ehay moherep hat sese toineꞌen iꞌatuꞌe iꞌapy­pueri haria pote teꞌerokenꞌe miꞌiria mopyꞌahak hap pupi uito mateu atunug uimiwan mesuwe are,Sateré-Mawé
3864,una iozeno cristo waga agueim xuturimbyryenla jesus kieinwampyra kidyly saguhoem aguientyby modo aguiendyly watay anguy igueonni lapeba ise inakanhe aguitobyry xygakehoem,Bakairi
6510,odaa ja ipeketedeloco libaaɡadi naɡajo iwaalo odaa ja ici naɡa dabiditini odaa ja doolaɡa yoe liweenigi jesus,Kadiwéu
19446,respondeu jesus: o geracao incredula ate quando estarei com voces ate quando terei que suporta-los tragam-me o menino,Portuguese
4296,zaneruwihawete umano ywyra kanetar rehe aꞌe zaneremiapo kwer ikatu ꞌym maꞌe hekuzaromo aꞌe aꞌe rupi zapuner ikatu ꞌym maꞌe iapo re zanepytuꞌu haw rehe kury zapuner ikatuahy maꞌe iapo haw rehe tuweharupi nehe zauxiapekwer umugaz zezuz aꞌe wa izuka ꞌym mehe aꞌe wa upuraraw maꞌerahy kwer aꞌe aꞌe rupi zanekatu tupan pe zane kury,Guajajara
12336,tiise paapaya manniꞌkan mori kuꞌnenan pia mori tiri inkamoro yapuriiya moropai tiwanmin tiriiya toꞌ pia tamiꞌnawironkon mori kuꞌnenan judeuyamiꞌ pia moropai judeuyamiꞌ pepin pia niri itiriiya miriri waranti paapaya ikupi maasa pra yairi paapa wani tamiꞌnawironkon yarakkiri aniꞌ timenkai pra,Macushi
