index,TEXT,LANG
14899,wuyxe warara'acat ikukpin pima wuybu'um gu dak kuka ajop warara'acat kay; — soat ma i'e but deus xe — i dak kuka acece soat em; warara'acat idipan e'eap wiwim tak kuka ajop; wuyukpicegem gu dak kuka warara'acat ajukuk,Mundurukú
23368,apera a'tiro niiwa: —a'ri o'akɨhɨ bese'kɨ cristo niimi niiwa apera pe'e “o'akɨhɨ bese'kɨ de'ro galileiakɨhɨ nii boosabe o'akɨhɨ yee kiti ohaka puripɨ a'tiro niiwɨ: ‘o'akɨhɨ bese'kɨ davi weero noho belekɨhɨ niigɨsami kɨɨ parami nii turiagɨpɨ niigɨsami’ nii oha no'owɨ” niiwa,Tukano
23454,quarenta kɨ'mari yukɨ mariro masa mariropɨ niira ya'aro naa kɨɨre yɨ'rɨ nɨ'kamika naa toho weesere kɨɨ nɨ'kakɨ niiwi,Tukano
16680,filemo fi³­le³­mo²­ah³­lai³­ txai²­li²­ pau²­lah³­lo²­na¹­xai²­na²­ ain³­kxi²­san¹­jau³­nu³­a²­ u³­wha²­li¹­la¹­wa²­ je³­su²­ kris²­tu³­jah¹­la²­ wan³­txa²­ i³­yau¹­u³­jah¹­lo²­su²­ na¹­ha²­kxai³­ u³­ti¹­kxi²­sain¹­na²­he³­la²­ nxe³­jah¹­lo²­sa¹­wa²­ txa²­wa¹­lon³­na²­ ti³­mo²­jah³­la²­ ya³­sxa³­ u³­wha²­li¹­le¹­nxti³­nha¹­wa²­ fi³­le³­mo²­ah³­lo²­ i³­nxa²­ txa²­ya³­lxi¹­nha²­kxai³­ wa³­kon³­kxi²­ki³­tai¹­ti²­tu³­wa²­ txa²­wa¹­su³­na²­ wan³­txa²­ wi¹­lhen³­txi³­ki³­tai¹­ti²­tu³­wa²­ a²­nxe³­sxa³­ yxo²­i²­tu³­ka³­txai²­na²­ wxa²­sxi²­ha²­ a³­nu²­kxi²­te²­nu³­ka³­txi³­ i³­nxa²­ yxo²­ha³­kxi³­nxa¹­ ne³­ka²­kxi²­sah¹­lxi³­he¹­la²­ te²­ya¹­nxe³­sxa³­ a³­fi²­a³­ka³­lxa²­ txa²­wa¹­wa³­ta³­ta²­su²­ ha²­kxai³­ ar³­ki²­po³­jah³­la²­ so³­ta²­to²­jah¹­lan²­tu³­ nxe³­te²­su²­ te²­a²­ txa²­wa¹­su³­na²­ wan³­txa²­ wi¹­lhen³­txi³­ya³­sain¹­jah¹­lo²­su²­ ha²­kxai³­ nxe²­ ne³­ka²­kxi²­sah¹­lxi³­he¹­la²­,Nambikuára
11847,pejejuka esage pejejee nepejereko tyweri ꞌa nan tee futat pee pejejemireko rerekou esage,Kayabí
24327,nilculmi chay nunacunata cachaycul betania malcata licula chay tuta quidacunanpa,Urubu-Kaapor
5574,haꞌe nunga ma mbaꞌemo ogueropoꞌaka vaꞌe kuery peguara xee aiko ꞌra haꞌe kuery ruete haꞌe ra haꞌe kuery ma xeraꞌy haꞌe xerajy kuery ꞌra ikuai,Guarani
19034,nenhum dos dois tinha com que lhe pagar por isso perdoou a divida a ambos qual deles o amara mais,Portuguese
12987,aꞌki wiriꞌ tinyo kenan koꞌmami eꞌpai awani tinyo yarakkiri enen tinyo wani pikiri tirumakai pra tiise tiaron pensa tinyo saꞌmantasaꞌ tipo miikiri eturumaka tiwinsari inyo pra miikiri koꞌmami ituꞌse tiwani pikiri etinyomapai tiwani ya eetinyoma eꞌpai awani innape jesus kuꞌnen yarakkiri,Macushi
22812,enepora nzimea enomone kuti'ino apetimo hoyeno poe'ainoti isoneu ha'a enomonemaka kuti'ino apetimo seno poe'ainoti isoneu eno kuteanemakamo koeku ne seno yoko imose yane koati iyenoxapa kuveuke ne ovoku puvopamo ne xane hokonuti,Terena
18500,jesua bigathani'ihi ida vaathi: —jahari kahojaia vakahojaiki adani ija'ari hidakaba'i vahokiki deu-ra vakajari'daki adani avanokivini avanofiki ida deus kabadani danoki jokoa a'onira onanokiahirihi badani danokia a'onira onanokiahivini hiki bana ida rajomi hoarani deus kabadani danoki  kohana kania namitha'iki rajomi hini hoarania a'onira onanokiahiki bana ho vakava'ibodivarani'a bana ada deus athi namoniva abono kohana  oniki 'bo'dakari abaisana karahoa bikidafi'iki ada jonas mahi ahoarabakosiki joma ahoarabakosikia jaboni hoja'aha ada  abaisana kaijona ni-abini'iki ka'damahaki fori hina hoja'iki ada onivani fori hija bana ida namithaki kodiania arabo nami bodinia ohojaki bana ho oka'damahana mahi ahoarabakosikia joma ahoarabakosikia jaboni abaisana kaijona khaonanina naothinia ninive sidaji kaija'arinia vanoki'aha ada jonas vanokivini vani avigaha ada  deua bikaronavini,Paumarí
8010,tope ty jene jafa ag ty epra ke ag vog konan man ky sog kanhka ta nen u veg mu ge inh my tog e ti isy nen ne en ve ky ky tog inh kane jun mu tope ty jene jafa ty  ke ag vigve inh ga kri ke ag vog konan je ag tog ke mu vogvog ty  ke ki ag ty ga kri ke ag vog konan kar ky tope tog ju man ke tu ni ha,Kaigáng
2858,—ininia nota kakiti auite apakapapiretanako: “ataopitikara nitxai hite kakiti poiaori nisakire auiakari hitiretinia iuasaaki nota hitiretini atokokana hitiretari” nitxanako ninoa,Apurinã
2859,ininia imoianariakori imarotari xesosi sakire eriasi xoao kapatxisareri itxaua,Apurinã
23571,bahu yoaropɨ kɨɨre i'yarasama naa diapoapɨ kɨɨ wamere kɨorasama,Tukano
7467,ji'erame nhandepojykaharete'ga pe ji ei tupana'ga ra'uva pe a'ereki nhande jikogame nhandepojykaharete'ga rehe cristo'ga rehe ga ombopyahuuka nhandereaporogita tupana'ga ra'uva pe a'ero nhande piro'yro cristo'ga kwahave'yma hugwi nhanderekote'varuhua hugwi no hahyva'ea ruvihava hugwi no,Kagwahiva
16195,ja¹­nxe³­jau³­su²­ kxa³­nau³­u¹­tai²­na²­ i³­sa³­i²­ah³­lu¹­tai²­na²­ i³­ye³­te³­nah¹­lxi¹­: — in³­txa²­ we³­sa²­ ton¹­ye²­ne³­tu¹­wi¹­ txa²­wa¹­yah³­lu¹­tai²­na²­ a²­i³­lxa²­ je²­se³­jah³­lu¹­tai²­na²­ a²­kan¹­san¹­tau³­su²­ tu¹­wi¹­ a²­nxe³­jah¹­lai²­na²­ a²­i³­lxa²­ je³­su²­jah³­la²­ wxa³­nu¹­nhe³­lhxa³­ ju³­te²­a²­ nu³­ka³­txi³­sxa³­tu³­ka³­txi³­nau³­xa²­ yxo²­ha³­kxa¹­ i³­kwa³­na³­ain¹­tu¹­wi¹­ i³­kwa³­na³­ai¹­nha²­kxai³­ ju³­te²­a²­ nu³­ka³­txi³­sxa³­tu³­ka³­txai²­na²­ yxo²­ha³­kxa¹­ yxo²­i²­ain¹­tu¹­wi¹­ ta¹­hxai²­ti³­ai¹­ti²­tu³­wa²­,Nambikuára
9587,hesu mita ramo onhomongeta gwi nhandejary nheꞌe mboꞌeha kwery ndive ha tuvy kwery oho meme hikwai jerusalem-my aretegwasu pascoa ary ohasa meme hagwa upe-py hesu ogwereko-ma ramo doze roꞌy oho indive kwery jerusalem-my pascoa ary ohasa hagwa upe-py judeu kwery reko-rupi oho hikwai ohasa-ma rire aretegwasu oho jevy-ma hikwai gwoga rape-rupi ha ohokwe-vy heꞌyi kwery anho-ma ojeꞌoi hikwai ha hesu katu nomoirui ixupe kwery ojeꞌoi ramo ha haꞌe opyta jerusalem-my ha tuvy kwery ndoikwaai ipytaha “gwapixa kwery ndive oho hesu” heꞌi moꞌa hese ha kaꞌaru-ma ramo ae oheka moꞌa ixupe ha ndotopairy gweꞌyi kwery ndive ndoikoiry ave gwapixa kwery ndive ndoikoiry ave upe pygwa paꞌu-rupi oheka rei ave ixupe,Kaiwá
5522,mbaꞌeta xee ae ꞌra ameꞌe pendeayvura haꞌe peneꞌarandu agua pendere ijaꞌe eꞌy vaꞌe kuery ndaꞌipoꞌakai nei nombovai kuaai agua rami,Guarani
6827,simao ijaaɡijo niɡijo eledi anodiotibece joɡodoletibige jesus idiaanaɡadii,Kadiwéu
4224,aze teko uzamutar katu tupan aꞌe wa nehe aze tupan wenoz aꞌe teko uzeupe aꞌe wa nehe wemiapo putar haw iapo kar pa wanupe aꞌe wa nehe aꞌe mehe aze aꞌe teko upuraraw maꞌerahy kwer aꞌe wa nehe tupan uzapo putar ikatu maꞌe wanupe aꞌe nehe aze nupuraraw kwaw wa nehe tupan nahekytyꞌym kwaw nehe uzapo putar tuwe ikatu maꞌe wanupe nehe no,Guajajara
22896,yane turixovone yuho'ixeokoko ne ihikau jesus vo'okuke ne yuho hara kixokoko: —‍koatimea vo'oku akoyea paum vomone ko'inoneye yuho —‍kixokokohiko,Terena
23512,kɨɨ toho weeka i'yara fariseu masa ua wiha wa'awa toho ua wihara “de'ro wee jesure weherasari” nii apokara niiwa,Tukano
19401,mas os suditos do reino serao lancados para fora nas trevas onde havera choro e ranger de dentes,Portuguese
6697,paulo ibodicaxi timoteo awii ɡadoniciwaɡa me age managi meetaɡa,Kadiwéu
8757,ha ra fi tog a runja re ky ti mu a jama ra ky fi tog a nigja ta ke ag my: “mu ny u ve je” he mu “inh my tog sy nen han ja to kan ti my ty cristo tu ni vy” he fi tog ag my,Kaigáng
14614,— waram ce'u'uayu etait puje abu-tayxim xe'e je'e — io'e ip — soat  beayu o'jewebumunmun ip ceweju — io'e ip jesus pe ya'obuap ojuy,Mundurukú
17357,hiyaiya xala xamani atyo emehexaikoharene aoka hoka hatyo atyo ihinaehare iniyalahare nomaseharene hatya,Parecis
18717,ni-gamoa bikaabokajanaki ida aihota'ini-ra anahojavini jesua bikaja'oriaki abononi vanihavini mani ida naimahidani hija tharararani mani ida na'bisonini hija jesus viaha ija'ari vaipohiki vaviaha jesu-ra ni'a'ihi: —badara ipohiki vani okavamonija ira okajari'daravini mani ida hora ianaihotavini-ra oogavini hija oniani ida kadakarahobi-ra okadasavini hija ojaha'iki ho — nihi ida gamo,Paumarí
17986,jesus kahare halitinai tyaisa hatyaoseta jesus xaotyakiraharenai kaokeheta enomana hoka xakaihakahenaha jesus hiye tyotya tyomehenereharenaiha aotyakihenahereha harenai tahi,Parecis
5543,haꞌe rami avi xevygua heko pora vaꞌe ma ojeroviaa rupi ꞌra ikuai haꞌe ra haꞌekue py ojevy ramo xee ndarovyꞌavei ꞌra” heꞌi vaꞌekue,Guarani
16990,nxa²­ha¹­te¹­ a²­nu²­a²­ nu³­ka³­txai²­na²­ a²­wan³­txi³­kxai³­lu¹­: — txa²­nu³­ka³­txi³­na¹­xai²­na²­ so¹­lxi³­ txa²­we³­ha³­lxi³­na¹­xai²­na²­ so¹­lxi³­ jah¹­lai²­na²­ su²­lha³­kxa²­ hxi²­ki³­te²­la³­si¹­na¹­wi¹­ nxain¹­ta¹­hxai²­he¹­la²­,Nambikuára
25271,zezusi te te dama iroti mono ze wasu'u rowahutu'wa nori ne 're dahaimana za'ra mono to da tawamha ubure da te wapari za'ra re te zezusi ha tinha tisire 're inomro mono nori ma:,Xavánte
10055,marie tahe sowemy aderona lynyre‑di ratximyhy iowyhykyre heka tahe tii jesuisiwatyre ritxiwire idi tahe taradedile risuhore heto tahe tynyrehekylemy roire,Karajá
8861,ti katig ky israel ag tog ti jy nyti jerusalem ta kamu ag paulo kato ag tog vi ty hen ri ke han mu ti jykre pano tugto ag tog mu sir on ky ha ra tog ag my ki krov tu ni,Kaigáng
11819,—aꞌeramu ꞌga oo enunewe wemiayuwa ꞌga nupe oporogytau teis ꞌga remiayuwa ꞌga pytuna aꞌeramu ꞌga kaꞌaranuu ꞌywopeꞌi monou ꞌga nupe “oo je teatau pe nui aꞌeramu je kaꞌaranuu ꞌywopeꞌia monou pawe pawe pe nupe aꞌeramu pee pejewau imomytuna jee je ruruꞌjaweꞌemauwe” ꞌjau ꞌga ꞌga nupe kaꞌaranuu monou ꞌga nupe oporogytapaw ire ꞌga awau ꞌga nui,Kayabí
1425,—hamri nhum tee ri kuma ne ra kam ma ne ejit rum kator kure kumrex ne ma pyka pe mijia hwyr mo ne kama hpanha pa kama hpro ne hkra nhum hkra myja wa hamexkrut,Apinayé
21913,mio ahenoi kahato ehepe aikota aikota taꞌa­tunug uhetiat hamuat iꞌewyte ehetiat hamuat e miꞌi hap putꞌokꞌe uiꞌe hap ewy hawyi poꞌog naꞌyn uimohey eipe katu­pono yne uiꞌe hap ewy yne tuwe­mo­herep aru katu­pono pywuat sese uiꞌe hap e,Sateré-Mawé
16460,ja¹­nxa¹­jau³­su²­ e³­a¹­wi¹­ i³­sa²­yxau³­sxa³­ txa²­wa¹­su³­na²­ i³­ye³­kxi²­yah³­lxin¹­kxai²­nan²­tu³­ a²­nu²­a²­ i²­li³­te²­hu³­te²­su²­ te²­a²­ ko³­nxe³­ti³­ kai³­uh¹­nxti³­kxai²­nan²­tu³­ nxe³­ju³­tai²­na²­ wi¹­lhin¹­sxa³­ ne³­wa²­na³­txain¹­yah³­lxi³­he¹­li¹­ nain¹­yah³­lxin¹­kxai²­nan²­tu³­ wxa²­wi³­na²­ oh³­na²­ yxau³­jah¹­la²­ ko³­nxe³­ti³­ kai³­yah³­lxin¹­ju³­ta²­ ne³­wa²­na³­nxti³­nun³­tu¹­wi¹­ yxan¹­ta¹­ wxa²­e¹­nan¹­jau³­su²­ nxe³­ke³­la³­te²­kxai³­ te³­nah¹­lxi¹­: “jah¹­lai²­li²­ ko³­nxe³­ti³­ kai³­u¹­sain¹­na²­he³­na¹­ ne³­wa²­na³­u¹­hain¹­nxa³­lho³­na¹­” yah³­lxin¹­ke³­la³­te²­kxai³­ wxa²­wi³­na²­ oh³­na²­ yxau³­jah¹­la²­ ko³­nxe³­ti³­ kai³­yah³­lxin¹­ju³­ta²­ ne³­wa²­na³­uh¹­nxti³­hi²­nxa³­wi¹­ je³­su²­jah³­la²­ ta¹­hxai²­he¹­la²­,Nambikuára
21764,waku hiwuria sese wati­po­wyro heꞌaito kuꞌuro rakaria yt imepyt i te turanuat ikuꞌuro heꞌaito rakat yt hemia­riru i te rakat,Sateré-Mawé
18940,jesus va'ora ni'aha: —deua binofiki ida avarigavini oniani ida deus ka'da'di hina kavaranihia a'onira onanamithajahakivini hija ija'ari vahoariha ni-avigavini vanofiki ida varani deus va'ora vaka'da'divini vakadiania vara ovani'aki ida rajomi kavaranihi avigajorakiria kaimoni hida kodivarani oathi-ra mitha vani'avini kaba'i ni-nahina hini avigaki avigaja vaha ida deus athi nahina hini; deus kania vaabono gahinai vanihamaniha vaha; vakadihojai asohiriki-ra vakava'ipahinika'oamaniha vaha deus bina'biramaniha vaha ida vakadihojai asohiriki,Paumarí
11035,—aꞌere ꞌga ꞌjau ꞌga nupe nu: “aꞌeramu pee ꞌawamu je ree iporomutareꞌema ꞌga nerua iapisaupap ꞌau je rowase narafutari ore ꞌwyriaramu ꞌga rekoa ꞌjarera ꞌga nerua iapisau je rowase” ꞌjau ꞌga ꞌga nupe— ꞌjau jejui ꞌga imomeꞌwau ꞌga nupe ꞌga muꞌjawamu,Kayabí
9308,entero nhandejary remimoingokwe ipora meme voi ndoikoi jaꞌu eꞌy vaꞌera nhatima pora ramo ixupe jaꞌu hagwa-rehe jaꞌu joty vaꞌera ndaipori voi jaꞌu eꞌy vaꞌera upea nhandejary rembijohu pora “ipora ereꞌu” heꞌi nhande-vy jajapo oracao hese ave upea-gwi ndaipori jaꞌu eꞌy vaꞌera,Kaiwá
11123,—pee mu nipo pejejeꞌega ekoete pejejemogyau aꞌeramu je ꞌjau pe nupe: anure wowase pe majatykaaw ipe nipo janeruwarete ꞌga ꞌi pe nupe: “maꞌeramu te erejeꞌeg ekoete ekou rakue” ꞌga ꞌi pe nupe peꞌeawer imu etee futat nipo janeruwarete ꞌga pe mepyau mamaꞌe esage momeꞌwareramu te nipo ajee janeruwarete ꞌga ꞌi pe nupe: “eneresage jee” ꞌjau nipo ꞌga pe nupe aꞌere nipo ꞌga mamaꞌe tywer are tee nipo peporogyta pejejemogyau ꞌeramu nipo ꞌga ꞌi pe nupe: “petywet jee” ꞌjau nipo ꞌga pe nupe— ꞌjau jejui ꞌga ꞌga nupe,Kayabí
2599,• saomo poasi iri poasi inoro haapi • poasi opetxi iri opetxi inoro hotxi • opetxi xesee iri,Apurinã
13559,ha putup tep-tex hu xapup xit'ax xak pa' hom 'ohnag tik te',Maxakalí
20036,ikiahatsa ahatuk batu aty mypehatsa ahatuk mozihikik atakta sizubaretsa mysitsumuehi tsihikik aty myhyrizikwanita ahatuk mozihikik atakta ahatsyhyryze tarabaja mykara,Rikbaktsa
19598,aquele que nao esta comigo e contra mim e aquele que comigo nao ajunta espalha,Portuguese
14321,iboap co buje pilatos jesus pa muwekap ojuy jija o'e — jesus pa muwekap ojuy oce — io'e pilatos jewebe ma — roma ka kukat itakoma soat kay- -“on ma ijodiat kukat” i'e'e'ukayu kay — io'e judeuyu kukukayu pilatos pe — cesar itakoma cekay ip — io'e ip — ewebe ibamuwekap puje cesar kuka itakoma o'e ekay dak — io'e ip pilatos pe,Mundurukú
25143,ta nori ha wasete uptabi na te 're haimana za'ra mari zo si te te sima 're rob'ruiwapari za'ra te dure te te dama 're rob'manhari wasete za'ra mari na te te 're da'ruiwapari u'asi za'ra te dure te te 're danhimro siti'ru sina te ta nori ha dazo 're nomro te te dama 're nhari za'ra mono da sadawa nhipese uptabi na te 're haimana za'ra niha te te dama 're rob'manhari za'ra mono da te da'ama te te sima 're rosa'rata wasete u'asi za'ra tare te te sima 're dabasi wasete u'asi za'ra dure daza're'ra nhere te dure ta nori ha te te sima 're dabasi wasete za'ra 're ihaimana u'asi mono ha te te dure siwi 're 'ruiwapari te dure te te dama 're nhari wasete u'asi za'ra danhipai u dama pire na dama 're haimana za'ra mono newa te 'rawi tipe'e na sina 're wata za'ra taha wa te so'awi timreme na dama 're siwasu'u za'ra mari tama iwaihu'u pese za'ra na mari te te 're iwaihu'u za'ra mono zeb zarina si te te 're 'manhari za'ra mari iwasetere ha timama nori nhimiroti ha te te 're wapari za'ra mono o di dure mari iwasete zo si te ta nori ha sima 're sopre simiroti na sapri aha na te 're haimana za'ra da'ama 're pe'eze za'ra mono o di dure da'ama 're siwamri za'ra mono o di,Xavánte
15528,ti mꞌ jesus ky hadoo enh: —baad nado ne paawa pa ta jawyyg nꞌaa ji ha ranu huu dag ba ji radawats tu tame tꞌop ji pahas hyb nꞌaa ti bahanh takꞌep baad nado ji ha da ky nꞌaa netseeh do seeh hahy karapee hedoo doo ha y hꞌyy kaꞌeeh do ji hꞌyyb tatug ba nesaa do tamoo wat hyb nꞌaa —nang mah,Nadëb
24281,natac lluy ishyacunactapis liprayucunactapis sanaycachipacunquim wanushacunactapis shalcachipacunquim achatucunap maquincunapitapis cachaycachipacunquim cay munaynita dinbaldilla chasquiycuyal'a dinbaldillatacmi sanaycachinquipis,Urubu-Kaapor
13214,yoye xix manix te yeyox tat topa pet xexka tu' ha 'amniy te  ha manix yipkox pip tu moyyex yog xat'ax pu' yipkox pip 'ap topa pet xexka kopa mo'na'ah ha 'amniy te  nog 'iha' mog yoye mutik mog tu kakxop tat tu komen yenoyanen tu' xupep nuy xonnu hom topa pu' ya topa te' xat hu: “iyaet yog tikmu'un kutok maxap 'upit puxix 'uktok ya topa xe'egnag yog” kaxiy,Maxakalí
13600,tik xop tep-tox mo'niy hok ya topa te' noy yay putuk ha' miy pu topa kuxa hittupma' ha 'un te tik kuxa hittupmaha' topa te tik miy hamaxap tuk-nay tu tik kup tu' xut nuy 'uxetut miy 'ap topa te tik miy'ah puyi' xetut ha tu tehe' 'amhok pa 'un miy puyiy tik ha tu tehe',Maxakalí
4813,peneha nuzawy kwaw tatainy penetekwer pe aze heta tatainy pexak katu maꞌe aze ikatu peneha pexak katu maꞌe nezewegatete aze pepurapo wer tuwe tupan hemiapo putar haw rehe nehe pezapo putar nehe — hepurapo wer hehe ihe aze peze muaꞌu nehe aze napepurapo wer kwaw hehe nehe napezapo kwaw nehe hehapyha ꞌym maꞌe ai peiko putar nehe aꞌe rupi pemeꞌegatu peneko haw rehe nehe nezewe mehe tatainy penehe har nuwew kwaw aꞌe nehe aze peiko hehapyhagatu maꞌe ai nehe aze pepurapo wer tuwe ikatuahy maꞌe rehe nehe pezapo putar nehe,Guajajara
11320,esage maꞌe ꞌga te poromu panaperamu werowiat te ꞌga jejui ꞌga aꞌeramu janeruwarete ꞌga ꞌagesagea ꞌga rerekou aꞌeramu ꞌga aꞌeramu wesageramu akou aꞌeramu ꞌga awau atioki pe jejui ꞌga rerowiaara ꞌga nesaka etee raꞌne ꞌga akou “aꞌjea futat janeruwarete ꞌga esageramu ꞌga nupe” ꞌjau ꞌga ojeupe aꞌeramu ꞌga akuꞌiramu ꞌga nee aꞌeramu futat panape ꞌga ꞌga muꞌjau jarejuwarete ꞌga jeꞌeg are —peꞌje jejui ꞌga rerowiaa aꞌjea futat pejejemogyau pepoit kasi jarejuwarete ꞌga rerowiar awi ne— ꞌjau panape ꞌga jejui ꞌga rerowiaara ꞌga nupe peu panape ꞌga rekoramu amumera ꞌga nane jejui ꞌga rerowiaa nu kwaiwete,Kayabí
9219,upe rire omboete raꞌanga anga rei ixupe onhembohory-vy: —toiko are katu toiko are katu judeu ruvixagwasu heꞌi onhembohory-vy hese,Kaiwá
4796,naꞌe zuaw aꞌe uzapo amo uzeꞌeg izupe aꞌe — nan iꞌi izupe — ihe ae aputar hemuzahazahakaw ihe iꞌi zuaw zezuz pe,Guajajara
3278,tawaneim modo koendapa aitobyry waga jesus una nhegatuhobyry ilapyryem myani jesus tonlo modo enomedaze una nhegatuly — tala myani uguondo uva etadybybeom uva ejidy etaynrim modope iemamy wara myani eyanmo aguely: “ypi maendylymo-ro watay uva xutuduo epajigaze ura agamo” kely koenda lela myani in-hogulymo aituo myani idanara atunaguedybyem ata anary iwaguenonra idaly iweapa myani tara awyly,Bakairi
14720,okitpitpiyu ixe ayacat puxim eyju wuyaweweap ekawen koapat'um itop'um puxim- -kawen kuyat jektop'um e'u buje jektop eju gu e'em ayacat imenpuxim wuyju dak kawen kuyat tag gu wuyju jekukum gasu bit jesus cristo ekawen tag aca ixe ekawen tag wuyju jekukum wuyju cristo jebit'in puye ixe ebekitkiyum acesop gasu deus waram ixe o'gutait,Mundurukú
7992,akwaimbae'ga po nonhakagahovi hamo a'ereki tupana'ga oapo akwaimbae'ga oji'java'ero gandeaporogita tupana'ga reaporogita ja kunhangwera'ga ki a'e te gandeaporogita akwaimbae'ga ndeaporogita ja tupana'ga ndoapoi reki akwaimba'eva'ea kunhangwerava'ea ra'oa pyvo ga oapo kunhangwerava'ea akwaimba'eva'ea nharukaga pyvo hako na jitehe tupana'ga ndoapoi akwaimba'eva'ea kunhangwerava'ea pe ga oapo kunhangwerava'ea akwaimba'eva'ea pe topoko ti hea ga javo hako,Kagwahiva
5974,pevyꞌa ke ovyꞌa vaꞌe kuery reve haꞌe ra ojaeꞌo vaꞌe reve ma pejaeꞌo,Guarani
26444,kute me punu kraptio mex nhym kam jeju arym pedru nho kikrekam box nhym pedru djupanhdjwy kanen no,kayapó
6362,aneotedoɡoji noxopanatidi nokododi niɡicoa nawikodico daaditaɡa noxopanatiditeda niɡicoa nokododi agotiɡica ane dinatitalo niɡicoa nawikodico pida leeɡodi niɡidi oko ane iolatedicoace me nepilidi aneotedoɡoji noxopanatidi niɡicoa nokododi niɡicoa nawikodico,Kadiwéu
5794,haꞌe gui mokoi xondaro ruvixa ju oenoi vy aipoeꞌi: — pytu are jave guara pemboaty duzentos xondaro kuery setenta kavaju arygua haꞌe duzentos huꞌy guaxu revegua cesareia peve peo agua pejou avi kavaju paulo oi agua mbaꞌeve oiko eꞌy re ovae agua huvixave felix-a py — heꞌi,Guarani
15819,pꞌop haga do hyb nꞌaa ji bawat do ky nꞌaa hahyyh ti hyb nꞌaa ka kristo ahob wat do hyb nꞌaa badak hahyy ba tabawat noo go tawꞌaats he kristo hꞌyyb hado dak be hꞌyyb tawꞌaats he be gadoo be ahoop doo je hahob wat doo dooh nesaa do ha tahꞌyyb dag wad ba hadꞌyyt he,Nadëb
8598,barrabas vy venh genh to se ky je ni cidade ta tog venh genh han ja nigti en ka tog u ten ja nigti ha to tog se ky je ni,Kaigáng
26536,djam amikam ar adjumar punun arym ar adjumar punuo ar aje amu atyk ketma aminho akati kamenhma kati ar aje te o anhyrma,kayapó
9781,upei hesu heꞌi ixupe:—ndahaꞌei ne anho orombogwera kuri heꞌi —enterovea-pe voi ambogwera kuri heꞌi —ha ne anho mate ereju xe mboete-vy heꞌi okwera vaꞌe-peha ojogweroaty vaꞌe-pe omombeꞌu—ko samaritano vaꞌe mate ou jevy xe mboete-vy nhande reꞌyi eꞌy vaꞌe mate ovyꞌa paraꞌe ambogwera-magwi ixupe heꞌi —nove ndouiry vaꞌe kwery-pe ambogwera ave kuri heꞌi upei heꞌi samaritano vaꞌe-pe: —epuꞌa katu orombogwerapa-ma xe-rehe erejerovia-gwi ororesende-ma heꞌi ixupe hesu,Kaiwá
14725,paulo kawen idipat o'guwenuwen roma ka watwat pe xepxep koato roma ka be osunuy ixe ma jedinheiro o'gumgum uk'a be jenuyapteim icokcok o'e warara'acayu ajem puje jejo am,Mundurukú
20290,sesus sakzohotsa serusarehe bo ziksizonahaze kytsa ipokpedawy jo bazeky bo nipupukunaha anaeze nitarespyknaha asaktsa peduru suao tsiaku adere piripi tome baratoromeu mateus usta tsiaku arapeu tse simao bipyri pehakatsa batu iakparawy sudas tsiaku tse iwatsa izumubanaha jobo ipokpedawy bo nipupunaha,Rikbaktsa
23129,be'ro pahara jesure eho peoka i'yagɨ kɨɨ me'rakahara apera naa weero noho da'rasetirare neeo kuukɨ niiwi naa nereka be'ro naare niikɨ niiwi: —mɨsa ayuro masi' mari a'te da'rasetise me'ra ayuro wapa ta'a niika',Tukano
12445,esmirna ponkonya itekare eta iniꞌri taꞌpiiya: —esmirna pon soosi koꞌmanniꞌnen inseri pia kaareta menukaki see waranti taatoꞌ: siriri itekare wani umaimu pe uuri manniꞌ tamiꞌnawiron eꞌkupi rawiri esiꞌpi moropai tamiꞌnawiron ataretiꞌkasaꞌ tipo uukoꞌmami uuri manniꞌ isaꞌmantaꞌpi tiise enen wani siriri taripai,Macushi
18134,jesu-ra avanofibiininivini ma'onahai jahaki a'onira banani'iki a'oni naothinia avanofi'ianamania koda ida avakaijo'a'ianavini va'isohihi jiriki-ra avanaaba'ianavini niki vania koda ija'ari-ra kapoariki avavanihara ada deus iniani pa'itxi oamani ida avakadiva'ibodivarani,Paumarí
794,—y yna ese ise kynako tykase toto —y arotoko tykase eya xine ynororo,Apalaí
16050,txa²­wa³­ta³­nau³­xai³­ wain³­txi³­ i³­yau¹­u¹­nxta¹­jau³­su²­ txai²­na²­ pau²­lah³­lo²­na¹­xai²­na²­ a³­po²­lah³­lai²­na²­ kai³­a¹­jau³­hu³­jau³­sye¹­nxti³­na³­la²­ wxa²­hxi²­kan¹­jah¹­lo²­nau³­xa²­ txai²­la³­ ta³­nxa²­ a³­po²­lah³­lai²­la³­ ta³­nxa²­ i²­li³­te²­a²­ hxi²­kan¹­te²­su²­ te²­la³­ ta³­nxa²­ a³­kai³­xai³­ju³­tai²­na²­ so¹­lxi³­ sa²­nen¹­kxi²­xai³­txai¹­yah³­lxi³­he¹­la²­ nxe³­yan¹­ta¹­ a²­nu²­a²­ a³­xa²­ a³­kai³­nun³­ju³­tai²­na²­ a³­kai³­so¹­ain¹­sxa³­ sa²­nen¹­kxain¹­yah³­lxi³­txa³­he¹­la²­ a²­nu²­a²­ a³­xa²­ ha³­ya³­kxa³­lxi³­su²­ hi¹­ain¹­jau³­su²­ i³­kau³­kxain¹­yah³­lxi³­txa³­he¹­la²­,Nambikuára
26053,metindjwynh kute me utar ne meo ba ne kam ajte kaben kukradja'a motadu 'y jakren mema kum —‍kajkwakam benjadjwyr djwynh kute pykakam amim me utar ne ar meo ba ne kute mramri ne me'o arym o purkam motadu 'y kre nhym abatanh pyrak motadu 'y ne kryreo kute apynh 'y jakrenh nhym be arym abatanhkam abatanho kute purkam djwy kuni jakrenh arym abatanh kute pi pyrak nhym arym akme kwenh apynh pa'a ku'e nam a jeju arkum ane me kute amim jeju marma nhym arym ja pydjin kadjy amima nhym arym ja kadjy amiman 'a tym nhym ja kot 'a tym nhym ja 'a tym nhym arym 'a krapti ne 'a ne 'y kryre ja jakre,kayapó
97,seromaroro emero pyra zokonaka roke zuaro sytatose ritonopo zuzenu poe emero pyra zokonaka roke imehno amorepako sytatose roropa,Apalaí
11876,je ree iporomutareꞌema ꞌga jejeꞌega nuerowiari futari natejeꞌega rui te ꞌa je amomeꞌu pe nupe tejuwarete ꞌga jeꞌega te je ꞌa amomeꞌu temuarera ꞌga jeꞌega etee futat— ꞌjau ꞌga ꞌga upe ikue,Kayabí
16848,te²­ya¹­nxe³­sxa³­ i³­ka³­li³­ha³­sah¹­lxi³­nu³­nhe¹­la²­ su²­lha³­sain¹­kxan²­ti³­na²­,Nambikuára
13431,tu miptut ha' moxakux tu kakxop penaha' 'utut manix mutik tihi' yiy nuktettex kakxop keppah tu' kuxa te' yey hak-nay tu hapxop max popmaha' ha takat xexkah ya pipkup yanam 'ata popmaha' xix hapxop puk haxnag tu' hom xix mixux hep 'uhaxnag miha tu' hom,Maxakalí
1923,• ne tirtum kam me pajape ha kam ajamaxper raha ho ri apa • ne pahihti jejus kris kam me pajape ha kam ajamaxper tyx raha ho apa • koja nhyrma kam me pajape ha akupyn me pahwyr wry ne tanhma me pahto mex to pu me kuri pahtir tum ne pahkinh ne papa ho papa ta ker pu me ari akupyn me pahwyr wryk xa ha arigro jamar raha ho papa,Apinayé
2374,iuasaaki paoro kapotoreekaua ninoakata imisakiretarina teoso,Apurinã
24766,jinaman'a maynu munalpis chay cashayquiman'a manam mayanpis chimpamunmanchu suma-suma wayu japachayamaptinchic'a chaynutacmi ni chaypipis cayman pasamunmantacchu’ nil,Urubu-Kaapor
3073,xira modo waga auguely aidyly iraynala atywambyra mitomoem yeinwanta mawylymogue koenda lela itaunga taseguadazeba xira anaym mawylymo ara ton-honre ise amaemoem; asenagazeze amaemo taegane ola itaunga won-honruma ynynabaom modo iwymary diabu eon-honru takazeno kuru — kely jesus,Bakairi
10169,rybe oweowemy rybedu‑ribi irehemy bexieke rybebina‑ribi tule kia rybedu urile raorarunynihikymyhyke,Karajá
23972,be'ro o'akɨhɨ wi'i ɨ'mɨsepɨ niiri wi'ire sope parika i'yawɨ tii wi'i po'peapɨ o'akɨhɨ nii butia'ri tukure i'yawɨ tii tuku po'peapɨ o'akɨhɨ dutise ohaka pihire nɨro no'owɨ,Tukano
12477,miriri yeꞌnen uuri wani witti koneka piꞌ teesenyakaꞌmasen waranti witti konekanenya yapitaniꞌnen ton saꞌman tiri manniꞌ waranti uuriya itekare cristo yekare ekaremeki akoreꞌtaꞌnikon innape ikupikonpa miriri konekaꞌpiuya epeꞌmira uupia paapa nitiriꞌpi ke ikonekaꞌpiuya uyeꞌmaꞌpi piꞌ tiaronkonya ikoneka miriri yeꞌnen tiwari tiaronkonya ikoneka eꞌpai awani mori pe ikonekakonpa ayenupaꞌpiuyaꞌnikon yawiri maasa pra aasiri paapaya jesus cristo tiriꞌpi witti konekanenya saꞌman tiriꞌpi iteꞌseꞌ ton waranti paapaya itiriꞌpi uyeꞌseꞌkon pe aweꞌtoꞌpe aniꞌya tiaron tiri eserike pra awani uyapitaniꞌnenkon ton miriri waranti tiaron yekare piꞌ ayenupakon toꞌya eserike pra awani,Macushi
2721,ikara erekari mauakania hitemoni mosiareni atoko hitxaua himarotari atao inakari hixinikari teoso kamakiti katana himaxinikaretapekari xesosi makatxakiniri himaerekani mitxi hikamakiti,Apurinã
21233,miꞌi hawyi toto howawi hawyi toihep taꞌyn meiewat ariaꞌyp posak ete pyi iesui piit hawyi toipoꞌi poꞌi sokpe pakup ikytsig nakano ipiit miꞌi hawyi totopag ipiit mekewat towat woꞌosyp hap nu kaꞌa pe ipakup takat pe miꞌi hawyi meiewat nu wato toiꞌapeꞌokpun iꞌapyhik hamo miꞌi hawyi waku yne raꞌyn iheg me raꞌyn hawyi toto raꞌyn,Sateré-Mawé
25226,tawamha nimaha bata na ma to zacaria ha tinhimiromhuri ha 'manha sasedoti te te 're i'manhari za'ra mono ha 're ihaimana u'asi mono ama 're idawata za'ra mono zeb 'remha taha te ha bata wa ma to romhuri 'manha isire nori ha ma to tama pisutu za'ra 'ri para u sebre da te te tama romhuri da taha wa 'ri para u ma to oto aze zacaria ha wedewati isadaze ha wedeza ne na te te tama zata da tawamha te te tama zata re te ai'ubumro ni rowi 're ihaimana u'asi mono ma mreme zusi da ane re haiwa hawimha ubure danhib'apito ma romhuri'wa ha ma to tama sihai're wedeza nhimire niwi te za iso're uwaibaba ro'o re wedewati isadaze ha,Xavánte
25451,'re ihaimana u'asi mono mreme da te 're iwapari pese za'ra mono ze wasu'u taha wa mari na 're robzepata za'ra wa'aba mono wamha aipe'e we zarina te za asiptete sina ama 're aihaimana za'ra wa'aba mo 're ihaimana u'asi mono ama si aiwi 're robzei'o pese za'ra wa'aba mono wa tiwi asina 're aipaha za'ra wa'aba mono to da badadi na awa'awi u'asi 're idanomro mono ne te za cristuhu nhira zarina si awa'awi 're anomro u'asi aba mo iwe na si ane wamha i'rateire ha mori wasete na 're imori ne ni'wam nori ha cristuhu ama sib'uware na 're ihaimana za'ra mono nori ha asine wa'aba awa'awi u'asi 're nomro we mono wamha ta nori ha tiwasete na 're si'maropari zahu za'ra mono o di za oto apa te za ai'ama 're siptete za'ra wa'wa isazei uptabi 'wa na 're i'aihaimana za'ra wa'aba mono zem na ha,Xavánte
5487,haꞌe vy jerico teta py ranhe ovae haꞌe gui teta gui guemimboꞌe kuery haꞌe heta vaꞌe kuery reve ojeꞌoi jave petei ava ara revegua eꞌy oguapy oiny tape yvyry timeu raꞌy bartimeu hery vaꞌe mbaꞌemo re ojerurea py oi,Guarani
14675,— owebe eguwen iap cuy eguwen gu wara'acat pe — io'e yaypan'isuat pe yaypan'isuat o'guypit tuk'a be,Mundurukú
9026,ko pyhare xe yke-rehe onhemboꞌy-ma kuri tupa nhandejary rembigwai tupa nhandejary xe jary voi,Kaiwá
965,ynara exiryke omise exiase mame tose mekaroatose ya tuna se exiase mame tuna mekaroatose ya jokurume katonome exiase mame atapyiko taka weahmatose tupoke pyra exiase mame upo mekaroatose ya jupome kure pyra exiase mame ypyno mexiatose apuruhpyry tao exiase mame apuruhpyry taka mytoatose jenese ymaro oturuse” ako ma ynororo eya xine,Apalaí
8553,ge ti nigti kura ty egno ki tope ty jegne jafa ag tog un jykre kuryj ag kupreg ke mu tope my un jykre pano ag vavam je ag tog ke mu pi gru mag en ki ta ag vesyrenh ve sir ajag ja ty ag tog gyngyn henh ke mu ty ag gangan kej ke mu ju ky vesyrenh ky” he tog jesus ti ti ty ag my eg ty ti ki ra sor je kamen ha ve,Kaigáng
18606,radaha'iki ida nahina jahariki arafiaki hoarani ija'ari-ra va'ora naimahidaki asia khaki bana ida nahina jahariki arafiaki 'bamiki ija'ari-ra va'ora naimahida'ianaki bana,Paumarí
11151,“wyraupiꞌa emut amu jee” ꞌeramu sipo jawaꞌjyra pemono pejejaꞌyra upe naani nepemonoaꞌuweri jawaꞌjyra pejejaꞌyra upe nan tee futat kuꞌjywa ꞌga— ꞌjau jejui ꞌga ꞌga nupe uꞌama,Kayabí
11064,aeremiapoeꞌema jejui ꞌga iapou kwaiwete ore reape ikue aꞌere je nomomeꞌupawi pe nupe,Kayabí
25142,isibrob'o nori ha te ai'rata 're si'ubumroi u'asi 'wa nimaha bata na asima 're iwe za'ra wa'aba mono zeb uwaibaba si te za 're ipawaptob za'ra wa'aba mo isimari'o nori ha tanei o di wa ha ai'rata 're inhamra u'asi aba mono o di za oto,Xavánte
22488,enepo itukapu yuke enepone koati mbiu koeti inixepe vaherexino ne itike yusikoneni mereki koane kiriki akotike malika motovati akoyea vaherexa itike mani unatine akoyea poixo'o yuke yenopi vanuke yaneko usoko ko'iyea yuke itea yenopoti ipihoponovokutike,Terena
18398,anabiiniva ida akadisa'ai akadika'da'di jesus cristo haria no'avini hi'iki hari'a avakaijahitaki fori hijanava bana ida avakadimahi 'bo'da mahija hojai bikava'inofinofiki-ra avava'ahajanaravini,Paumarí
5679,mbaꞌeta ay gui ma petei oo py petei nhirui ikuai vaꞌe ojaꞌo ꞌra: mboapy ikuai ꞌra mokoi rovai haꞌe mokoi ikuai ꞌra mboapy rovai,Guarani
8730,“kar ky ajag jagtar ke mu ajag ty inh ki ge ky nyti tugrin ajag vog konan je ag tog ke mu ajag kagten je ag tog ke mu ge nacao kar vy ajag to vi konan ke mu ge ajag ty inh jiji to tugrin,Kaigáng
14505,— iceman on e'em ewebe ite ayacat ikereat kug- -ade jijaat kug imenpit deus soat o'ju'uk ikereat o'ju'uk cebewi cexe deus ikukpin cica buye wuywebewi deus yopit ma ikereat uk puje ikukpin cica gu deus wuyxe- -ikukpinpun a — jesus o'e — ade ikereat uk puje bit ikukpin cica e'em wuyxe — jesus o'e fariseuyu be,Mundurukú
7787,kiro ji ikwahavi javo: na tuhe ojipejiva'ea ite'varuhuva'ea ko a'ea rehe kwanduhua'javuhuva'ea nhi'igi oji'i kiro ti mokonhava'ea ite'varuhuva'ea memei nehe no a'e ji,Kagwahiva
7716,penda'oa ko tupana'ga ra'uva ruhava a'ereki gara'uva oko pe pyri jipi ndapekwahavi pe a'ea naeru tupana'ga omondo gwa'uva pe imbuhuri pejipyri penda'oa ko peapoa rui a'ero penda'oa ko tupana'ga apoa a'ereki ga cristo'ga momanouka pe mbopiro'yavo pendekote'varuhua hugwi tapojyka ti ga jijive javo nura ti peko katu tupana'ga mboheteavo,Kagwahiva
834,toorikyry poko jezu oturutopopyry ropa mame jezu toytoryhtao osemae jerusare pona typoetory to maro toturuse toiroro tahtao mako maro roke tahtao,Apalaí
2300,kona hauikapiri apanakini oerekakiti atao minakati kotxi ikini sereti oerekakori atao minakati auapitika hauiritariko ikinipoko erekari teoso sikakiti sikataparatiniri hakixinire anikakiti isikataparatari aakixinire ininia hauikapiri kakiti sapiretinii apanakini nipokori erekari hixinire ikapani apanakini nipokori erekari hixinire ikapani,Apurinã
12019,miriri tipo kaꞌ poi iipiꞌpi pemonkon pe eraꞌma tamiꞌnawironkon pemonkonyamiꞌya uuipi katupuru koreꞌta aꞌka pe kaꞌ winipai miriri yai tamiꞌnawiri pata ponkon karau kupi siriri marari pra maasa pra merunti ke uuipi aꞌka pe wei waranti,Macushi
8859,ha ra eg senhor vy a ty nen to ja en han ke mu ajag tar han je tog ke mu ajag jy nigan je tog ke mu ge japo jo nen-koreg en jo ajag hyn inh vi han ke mu ky tog inh my ha ti tope vy ajag krin ke mu ajag ty sy ajag my nen to mu en ki krom je ki krom ajag tog mu myr ky ajag tog to kronh kenh ke tu ni sir,Kaigáng
19641,aprendam a licao da figueira: quando seus ramos se renovam e suas folhas comecam a brotar voces sabem que o verao esta proximo,Portuguese
13363,ha yeyox te: 'akuxa mam topa kopah hu ta yiktix pu ham'aktux hu: “'apep nuy mog konag xexka tu'” kaxiy puxix' mog putup konag xexka tu' 'akuxa mam ka'ok topa kopah puxix mog konag xexka tu',Maxakalí
26806,nhym be ar ga ne metindjwynh arym amijo ar apytan kritu jeju kot ar ajo ba ne arym gwaj bama kritu jano nhym box ne arym gwaj bama katat kaben jarenhkumrex gwaj kam arym markumrex ne kot arym bakra mexkumrex nhym metindjwynh ajte kritu kot arym gwaj bama axwe ket jare gwaj arym ta mexo bamex ne nhym ajte krituo gwaj bajaxweo panh mex,kayapó
3249,agonromo aga aewiapadylymo matuagadylymo wara watay agonromo aga mapynedylymo imoimbyryem amaemo anguydo imeom tagonro aga tajitoguyday tagonro tyaze myara lapyla ise amidylymo mapynebyra amaemo-ro watay,Bakairi
4845,ikatu ꞌym maꞌe teteaꞌu iapo har aꞌe wa nehe noho kwaw tupan pyr aꞌe wa nehe peinu katu ko zeꞌeg nehe tuwe teko nahemuꞌem kwaw ko maꞌe rehe peme nehe teko wemireko ꞌym puhe uker maꞌe wa nehe tupan aꞌuaꞌu wamuwete katu har aꞌe wa nehe no umen ꞌym puhe uker maꞌe aꞌe wa nehe no awa amo awa puhe oho maꞌe aꞌe wa nehe no kuza amo kuza puhe oho maꞌe aꞌe wa nehe no maꞌe rehe imunar maꞌe aꞌe wa nehe no maꞌe teteaꞌu iputar har aꞌe wa nehe no ukaꞌu teteaꞌu maꞌe aꞌe wa nehe no amo rehe uzeꞌeg zemueteahy maꞌe aꞌe wa nehe no tuwihaw zeꞌeg rupi oho ꞌym maꞌe aꞌe wa nehe no aꞌe paw noho kwaw tupan pyr aꞌe wa nehe nuiko pixik kwaw ipyr wa nehe nuiko pixik kwaw hemiruzeꞌeg romo wa nehe,Guajajara
13140,te xiy ha hapxopmaha' 'ate 'un xop xat pu' yipxox pu yipkox pi' ya kunnix te' xat,Maxakalí
3674,aituo myani sodadu kyarim ingasedyly eyam aguely: —  nhangasagada nhangahubyry xara eneka-ro wara — kely aituo myani sodadu idaly  etadadobyryam nhangasagaze ilapyryem myani nhangahubyry prato odaji nhedyly nhadyly awynsaundoam awynsaundo myani tyzeram xuduim,Bakairi
1480,hamri nhum me tee ri kot amnhi jarenhja a kuma ne kam: —no tanhma na we mytita amnhi to ne ama ano ho mex ane,Apinayé
10098,paulo tyyriti filemo‑o jiary paulo rare jesuisi kristu oraru‑ki rotena‑ki wahare tximotxi iny seriore wese jiary‑wana adee filemo‑o rybe rewahinyrenyre kai inyluunareny iny wiohenadyydu tate tule afia‑o rewahinyreri tii iny wyorenyo rare tule arikipu‑o rewahinyreri iny rybe tynydyydu‑ki ijoio rare tule ityhydyydu mahadu‑o rewahinyreri aheto dohodyyna ijoi‑o wahe,Karajá
26120,nhym kam myjja kute me krapti kangao kumex pyrak ba kuma kute ngo rarak pyrak kute na krikrit tyx pyrak nhym me kraptija kaben ne —‍on me metindjwynhma mex jare benjadjwyr djwynh me banho metindjwynh tyxo kube kumkati ta ne benjadjwyr rax ne mramri ar meo bakumrex kuma dja ga me mex jare ane,kayapó
17193,hiyaiya xikabatixatyakehenere xowaka atyo xikaxafityaka cristo kakoa xikabatixatyakehenere hiyeta tehitiya xikaxekasekisakeheta ekakoa xityakekohenere enore niyatere hiyeta hiyaiya hatyo enore terota atyo ekasekiheta cristo,Parecis
2548,teoso iokanatari imi kakitimoni iketo manapisaaki sito ito aki aua merepanika ikinimane kakiti atoko iua kipitari ikinika teoso paniatakiti iokatsopatakori amakamakaniari ikinika teoso paniatakiti iokatsopatakori amisiritiko auapitika xesosi makatxakaua ate amamisiritakoni ikapani ininia teoso anaakori atxaua,Apurinã
1242,na htem tanhma amnhi tomnuj to hta amnhi kama hpijaam ket ne pa ne axpen kama hpijaam ket raha ho pa am amnhi pix kukama hamaxper ne tanhma amnhi tomnuj to ho ri pa,Apinayé
23838,tohota wa'a' ɨsa wa'terore sete ɨmɨa ni'kɨ po'ra niiwa masa ma'mi nɨmoti be'ro weria wa'akɨ niiwi po'ra mari yuugɨ kɨɨ nɨmo nii'kore kɨɨ akabihire kuukɨ niiwi,Tukano
4346,zeꞌeg kwehe arer rehe upurumuꞌe maꞌe aꞌe wa aꞌe zeꞌeg kwehe arer kwaw par parizew her maꞌe aꞌe wa no weruzar aꞌe zeꞌeg waiko aꞌe wa aze peruzar weraꞌu aꞌe zeꞌeg nehe aꞌe zeꞌeg kwaw par wanuwi nehe peiko putar tupan hemiruzeꞌeg romo nehe aze naperuzar weraꞌu kwaw wanuwi nehe napeiko kwaw tupan hemiruzeꞌeg romo nehe,Guajajara
25942,ane darireza na danhipti'a nho'omo nhisi ama ma to tiwaihu'u pese na mari i'manhari waihu'u'o ha dama 'manha zezusi ha zudeza hawi wisi wi ane dapawaptom na ma to ama sahu 're ihaimana u'asi mono we te te isatori na da te waihu'u za'ra da,Xavánte
12633,miriri tipo priꞌyawonkon pepin miriri iwono po tiweꞌsanon iipiꞌpi paulo pia inkamoro esepiꞌtiꞌpi,Macushi
642,tamoreme kyrixtu kynorihne toiro ahno rypyry epehpyryme inekarohpyry kure kuhse mana jumame mame totyhkase ahtao kyporohne tuisame imehxo ritonopo apotunuru wino,Apalaí
26827,be gwaj ar kangronh tyx ge ar ajte jeju'a ujarenh ket gedja amu me bu'a me wa mar ket nam me a abenma ane,kayapó
21117,taꞌa­tu­mo­herep kahato taꞌa­tuehay wo aipo­typot etiat iraniaꞌin tupana mohey hap kaipyi iꞌewyte uikyꞌe pote taꞌa­tu­muꞌe miitꞌin poꞌog saꞌa­wy­ꞌiwuat kai iraniaꞌin ihaꞌy­wywi uhetiat pote taꞌa­tu­ꞌa­tu­muꞌe miitꞌin poꞌog saꞌa­wyꞌiwuat kai iraniaꞌin yt uikyꞌe i pote uimohit teran taꞌa­tuehay wo miꞌi hawyi taꞌa­tu­ky­ꞌesat miitꞌin muꞌe hap poꞌog uikawiat hap maꞌato iꞌatu kahato uikyꞌe haria miꞌiria tikuap taꞌyn tupana miꞌairo uito hap taꞌa­tukuap tupana uipo­ꞌoro tehay wakuat moheg miitꞌin wanetup hawiat miitꞌin pyꞌa piat tehay pywuat kuap hamo miꞌi pote uikyꞌe haria miꞌiria maꞌato toi iraniaꞌin taꞌa­tu­mo­herep sehay wakuat iesui etiat wen maꞌato yt kat i iesui kyꞌe hap iꞌatuete iꞌatuehay se kahato wen maꞌato teꞌe­ru­we­mo­wato hap yn taꞌa­tukat taꞌa­tu­wa­netup hawe yt iesui motypot haria hin i miꞌiria taꞌa­tu­pyꞌa pe miꞌi ta watunug mote meiuran pauru emiitꞌin yt uwe i iꞌatuꞌe raꞌyn taꞌa­tu­wa­netup hawe pauru mimu­ꞌeria yne aipo pe hawyi haty kahato topy­huꞌat pauru ete woꞌo­pyhik hawe teꞌe­roꞌe taꞌa­tu­wa­netup hawe uimohit reran haype miꞌi pote iesui ete taꞌa­tu­muꞌe miitꞌin taꞌa­tuehay se wywo uipo­hari teran haype karape taꞌa­tu­mo­herep iesui aipo­rekuat nuat yt taꞌa­tu­mohey i pytkai miꞌi hawyi uimo­wepit kahato hap toineꞌen katu­pono iꞌatuehay kaipyi miitꞌin iesui kuap haria tukup­teꞌen pyno yt arewa­netup hin i sio miꞌiria iesui kyꞌe hap mywo taꞌa­tu­muꞌe miitꞌin sio teꞌe­ru­we­mo­wato hap mywo taꞌa­tu­muꞌe miitꞌin yt atikuap i kat hamo miitꞌin taꞌa­tu­ꞌa­tu­muꞌe maꞌato miitꞌin taꞌa­tu­muꞌe iesui etiat hap pote uimo­wepit hap topy­huꞌat yt atikuap pytkai i kan hamo taꞌa­tu­muꞌe hap are,Sateré-Mawé
15449,takꞌep ji hyb nꞌaa tamꞌaah baad hadꞌyyt he ji bawat hyb nꞌaa ky nꞌaa hahyyh ta hejoj me pꞌop haga do anꞌoo dak er ha sahonh he baad hadoo doo ji bahajaa hyb nꞌaa papuuj go takaren doo da ji bawat hyb nꞌaa ta ti tawen nꞌoo dak er ha kristo er tanaeej wat do er hapee dag kan do hyb nꞌaa er hꞌyyb go ta kabajꞌaa doo me takꞌep taky enyym doo me er tanaeej wat ta karapee er bahadoo hyb nꞌaa,Nadëb
19369,entao me lembrei do que o senhor tinha dito: ‘ batizou com agua mas voces serao batizados com o espirito santo’,Portuguese
19197,quando amanheceu nao reconheceram a terra mas viram uma enseada com uma praia para onde decidiram conduzir o navio se fosse possivel,Portuguese
9177,upeixa voi omombeꞌu ojehegwa nheꞌe omombeꞌu jave upeixa festo onheꞌe hata ixupe: —nde tavy raꞌe paulo heꞌi —heta eterei eremonheꞌe-gwi kwatia nde tavy-ma raꞌe heꞌi moꞌa ixupe,Kaiwá
24822,amatac chay waquinnincunanuy tayta diosninchicta jamuyayalcaychu chaynu jamuyapacuptinmi camacaycu anjilca lluy wanuchila,Urubu-Kaapor
13088,'ugkutok xop: topa 'um komut nim nom pu nu'aktetex hok tu ta tu' kux,Maxakalí
8654,ky tog ag my: “ky paꞌi mag my ti tu nim jo tope my ti tu nim ge” he mu jesus ti,Kaigáng
21642,miꞌi pote taꞌatu­pyhyp teran iesui wen maꞌato typyꞌi kahato miitꞌin iesui apypueri wo tukupteꞌen pote teꞌerokenꞌe neꞌi ipyhyp hamo — iesui ti tupana ehay moherep hat sese toineꞌen iꞌatuꞌe iꞌapy­pueri haria pote teꞌerokenꞌe miꞌiria mopyꞌahak hap pupi uito mateu atunug uimiwan mesuwe are,Sateré-Mawé
6625,odaa jesus jeɡeetediogi niɡijo oko lakapetedipi “amiinoa icoa lajoinaɡaneɡeco moises ane ɡodiiɡe me jaoɡa niɡina me saabado domige jakataɡa me jaoɡa anele oɡoa domige me jaoɡa ane beyagi domige jakataɡa me jaxawanaɡa niɡina oko me jaoɡa lewiɡa oɡoa jikanaɡa me yeleo” odaa aɡica anoyatigi ligegi doɡoigidi,Kadiwéu
14396,— wajemap kabia be xepxep kapikpig e'em jekat pe- -agokatkayu pug ixeyu'in tujowat jeweju- -deus emunae eju wara'acat tujowat gu,Mundurukú
20755,kyze zinymyrykynahatsa pihik tsikpukteze ziturikinahaze zopoktsa nabybyknaha pihik ihiridawy hyrity waha niyzik zopoktsa humo,Rikbaktsa
10608,inynyryreny inyboho riobitinymyhyre kiamy heka bede mahadu‑wana aokokeki aohokymy rotyynyrenykre,Karajá
7719,a'ea kwahavame ji roryroryvamo jijikoga tuhe pe ndehe pe ndekoro gwaramo tupana'ga nhi'iga rehe,Kagwahiva
24295,chaymi shamul lluy lulashanta camalaycachisha ya'acunap washacunacta limashtinmi yan'al pulin chaywanpis mana machayculmi watucu shamu chalapacu-masinchiccunactapis mana chasquiycunpischu chasquiy munacunatapis alapacunlami canpis,Urubu-Kaapor
4180,tupan umumeꞌu wemiapo ram amaraaw pe aꞌe — azapo putar tuwe heremimumeꞌu kwer ihe nehe iꞌi izupe nazuhaw pixik kwaw ko hezeꞌeg ihe nehe iꞌi izupe ipurukwaw kar wer wemiapo ram rehe purupe aꞌe rupi umumeꞌu tuwe aꞌe maꞌe uwer rehe taꞌe ni amo naꞌikag weraꞌu kwaw tupan wi aꞌe wa xe,Guajajara
19609,pois nada podemos contra a verdade mas somente em favor da verdade,Portuguese
3888,cristo tyangahu oday xunago ara lapyla angahumo oday aunagumo nida turaem kulela aidyly nipyra mawanka myakawam,Bakairi
20435,— hawa ha ty isoho mytsaty tsimykaranaha hawa sa ity tsimaha — niy — hawa batu sapy nikara mytsaty tsimykaranaha iwaze tabezehikta tabezehikta — nikaranaha,Rikbaktsa
19278,todos os que o ouviam ficavam perplexos e perguntavam: nao e ele o homem que procurava destruir em jerusalem aqueles que invocam este nome e nao veio para ca justamente para leva-los presos aos chefes dos sacerdotes,Portuguese
26352,kute gwaj bama myjja nhorma arenhkam dja gar amikra ket ne amex arym ar aje tu amim metindjwynh markumrexkam dja gar amex amex ne ajte metindjwynh mar mexo amu amikamen mar rax ne metindjwynh mar rax ne ajte ajaxwe ket kadjy amijano dja ajaxwe ket kadjy amijano djan ajte metindjwynh kot ar amijo aba kot ar amijo aba'a adjukanga ket 'a adjukanga ket ne ajte mex kot amex mex kot amex ne ajte jeju kukwakam akamy arkam adjukapri arkam adjukapri kute me axikot apox abenkam ukapri pyrak arkam adjukaprin ajte ama me kuni jabe,kayapó
20085,— ikia aparakbaha abazubata tsimozikze katsaktsa abaze dyhy dyhy tsimaha estuba apanuryk taba dyhy my usta apawazo taba dyhy my — niaha,Rikbaktsa
23726,koo a'tiro weeato koo marapɨ koo me'ra nii si'rika yɨ'tiato kɨɨ ke'ra koore yɨ'tiato o'akɨhɨre seriratira tiikese nɨmɨri “mari wee wɨaro noho weetika'ra” nii apoka be'ro purika toho weetika'ato seri tu'a ehaka be'ropɨ too dɨporo niiseti'karo nohota marapɨ me'ra nɨmo me'ra niiato taha toho weetika waku tutuatika wati mɨsare ya'aro wee duti boosami apera me'ra no'o ɨaro a'me tara ma'aka wee boosami,Tukano
23905,o'akɨhɨ wee tamuro me'rata mari kati' da'ra' ni'karera mɨsa yaa kurakahara papera ohara a'tiro nii ohakara niiwa: “mari ke'ra o'akɨhɨ wee'kara kɨɨ po'ra nii'”,Tukano
12076,inkamoroya yuukuꞌpi: —tiaronkonya taa apiꞌ: “ batista nuriꞌti miikiri” taa toꞌya moropai tiaronkonya taa: “penaroꞌ paapa maimu ekaremeꞌnen profeta elias nuriꞌti miikiri” taa toꞌya —taꞌpi toꞌya —moropai tiaronkonya taa: “penaroꞌ itekare ekaremeꞌnen profeta  nuriꞌti miikiri” taa toꞌya “paapa maimu ekaremeꞌnenan nuriꞌsan yonpa pe awani” taa toꞌya —taꞌpi inenupaꞌsanya,Macushi
17718,xisoakalati kiranahore - hatyaoseta jesus jiyehena wenakalati wenakalatikoasenai hoka aotyakijita exahe xaneta jerusalem xeta hatyaoseta hatya axene: — xekohaseti xoana haiyanai taitaite kaiyakehetehena nexa,Parecis
22366,enepohikoneko seno xanena jesus ukeati ngalileya hoko kixo yuse ivoko'okoponoti ekoxokonoku jesus koane kixokonoku ne muyo ipihokonone uhorokuke yane pihopone koyuseopeahiko xeru yoko oliu ovo'okopemo muyo jesus yaneko saputu omomikoponehiko kuteati pahoenoa yutoe muise,Terena
6408,codaa jiniɡikanitece ɡadolaadi nibeyacaɡa me ibake meo ane beyagi pida adinajicitalo aneotedoɡoji micataɡa oko ane nigo baanaɡa newiɡatace ajicitalo inatawece ɡadolaadi me ibake mawii ane iɡenaɡa,Kadiwéu
4373,urezuka tari aꞌe wa tupan urepyro uremano haw wi aꞌe urepyro wi putar nehe no uruzeruzar hehe ure urepyro wi wi putar aꞌe nehe no urepytywa pe nehe tupan peze pezeꞌeg pa urerekuzaromo tuweharupi nehe — o tupan emono temiꞌu pawru wanupe nehe emono maꞌe wanupe nehe peze izupe tuweharupi nehe nezewe mehe umur putar urewe aꞌe nehe aꞌe mehe teko teteaꞌu umumeꞌu putar ikatu haw aꞌe wa nehe no taꞌe urepytywa aꞌe no xe,Guajajara
1599,ta tirtum kep me hkapri xwynhje pumunh ne akupym me ho me hkinh xwynh jakama na pre ixkapri ha ixpumu ne ixwyr xitre me pa pre omu ne akupym ixkinh ne tam ijamaxper no am xitre pumunh kot pix ma ixkinh ket na pre ixwyr poj ne tanhma inhma me ajarenh to ne me ate tanhma ho mex to ha me ajare ne me ama ixpumunh pram tyx a me ajare ne kris kot me atota hpijaam ket o pa nhum ixte kaga kama ha me ama ixakjer nhum me ate ja ha omunh ne ra amnhi kama apijaam o akapri htyx a me ajare nhum tirtum kot inhne me kam ixkure xwynhje pumunh mex kaxyw me ate ixto hwyr a me ajare na pre a inhma me ajarenh ane pa kuma ne me anhy ha ixkinh tyx kumrex,Apinayé
22317,ihayu'ikoa jesus ne xuaum mbatita pihoponehiko neko pahoe xuaum xoko jesus turixovone jesus koyuhoino xanehiko koeku xuaum hara kixovokoxoa: —‍enepo pihenoe neixoponi xuaum ya meum akoti apeti kuti'ikopo kixonoe neixi xane muya'iti kuteati koeku hi'e kayakae ihunovoti ako kalihuina kuti'ikopoya ne neixopono hoyeno yupihovoti uhe'ekea ipovo ako kalihuina ko'iyeaneye ko'ipovoyea ne'e vo'oku xane unatinoe ko'ipovoyea enepone apetimaka uha koeti ko'iyeovoku unatinoe koekuti ya xokoyoke poehane ovokuke nati ovo,Terena
6133,odaa ja jakataɡa me jinataɡa aneotedoɡoji me dibatetege oko me iɡenaɡa leeɡodi niɡina oko meo ane liiɡenatakaneɡegi aneotedoɡoji idiɡida aleeɡodi niɡina oko moka ligegitibece me nakato aneotedoɡoji,Kadiwéu
11202,pepotaꞌwa etee futar iki pejejuee pejejemogyau ꞌga amu mamaꞌe tywera pejejeupe iapo re miamu pejejeaꞌareꞌemamu auꞌjeteramu ꞌga nayka are pejejeateeramu kamesiete futat ꞌga nayka awi janetywera moir ire ꞌa janeruwarete ꞌga weaꞌaruꞌjaweꞌemamu futat jane rayka are ꞌypeywar are amanuaw ipe ꞌa kristu ꞌga janetywera mepyau rakue aꞌeramu ꞌa ꞌga aetywera moir ire weaꞌaruꞌjaweꞌemamu ee aꞌeramu ki pee nan tee futat pejejeaꞌareꞌemamu auꞌjeteramu ꞌga nayka are ne pejejeateeramu kamesiete futat ꞌga nayka awi pejejeaꞌaruꞌjaweꞌemamu futat ee nu,Kayabí
21536,miꞌi hawyi tuwat mana iritia yat kape taꞌa­tu­pyhik hap kaipyi miꞌi hawyi taꞌa­tu­kaykay yne iesui mohey haria taꞌa­tue­wawi hawyi taꞌa­tu­ꞌa­tu­moe­saika tupana ehay se wywo itotiaria miꞌi hawyi tuwat raꞌyn mekewat tawa wiripu pyi miꞌi ta hap ewy are uito iruka,Sateré-Mawé
21889,miꞌi hawyi toiꞌa­tu­wesat — pyno waku iwato kahato atimo­herep ehepe e eweiꞌa­porok meiuwat tupana yat wato pote atiꞌa­pe­ꞌokꞌam i raꞌyn myeꞌym eꞌat pe yn atunug i raꞌyn e iesui iuteuria akag koꞌi pe,Sateré-Mawé
26762,nhym 'y kwy mrynhikam rorok ne kam mrynhime ro'a ingrot ne nhym kam prine o akno,kayapó
10003,belahaxe kai habuo wese rare tiiboho imona berareny‑ribi ohoruxomo riarimahare iharele tahe tiiboho irodu nihiky rirysymyhyre iwesele kaiboho tule terysymyhytenyte,Karajá
16025,nxe³­sxa³­ kwa²­wa³­ka³­li³­lo³­te²­su²­ te²­a²­ txa²­wa¹­su³­na²­ wan³­txa²­ yxo²­i²­ a³­si³­wxe³­kxai²­nan²­tu³­ nxe³­hi¹­nan¹­te²­tu³­ a²­e¹­nau³­ai²­na²­ a³­wa²­sutsxa³­ yxau³­hi³­nxna³­la²­ te²­ya¹­nxe³­sxa³­ a²­nu²­a²­ a³­xa²­ a³­wa²­sutsxa³­ yxau³­jah¹­lai²­na²­ sa²­kxai³­lu²­ kris²­tu³­jah¹­lai²­na²­ wan³­txa²­ yxo²­i²­ a³­si³­wxe³­kxai²­nan²­tu³­ kris²­tu³­jah¹­la²­ kwa²­wa³­ka³­li³­lotsxa³­ o²­la³­kxi²­jah¹­la²­ ya¹­nxna³­la²­ kxa³­nxai³­ta²­ txa²­wa¹­su³­na²­ hi²­sen³­su²­ a²­ki³­lha³­lxai²­li²­ sa²­si¹­ha³­u¹­nhe³­lhxa³­ kain²­ a³­lxi²­ne³­sxa³­ so¹­kxi²­ne³­tai¹­ti²­tu¹­wa²­ txa²­wa¹­hxi²­kan¹­ta²­ si³­yxau³­jah¹­lai²­la¹­wa²­ nxe³­ha²­kxai³­ a²­nu²­a²­ yuh³­xai²­nan¹­jah¹­la²­ kwa²­ wa³­ka³­li³­lotju³­ta²­ a³­ya³­wa²­lah³­lxi³­txa³­he¹­la²­,Nambikuára
7960,ga hore ga ei jara'ga pe: —‍israelitasramo pejapyaka katu na'e ti penhimbohovajara rehe ei ga,Kagwahiva
24298,chay licunawantacmi apachila juc papilta caynu niyata:,Urubu-Kaapor
1499,hamri nhum jejus kam: —e ker ka amnhi ta akwyje ma tanhma ijarenh to hket raha ma patre hwyr te ke akupym aka mex a apumu hamri ka amnepem mojes kot me ate akupym amex a tirtum ma tanhma amnhi nhipex to ha karota ka kam ho ane ke me me piita akupym aka mex a apumu ane hamri nhum kuma ne kam: —toe na kot paj ane ane hamri ne ma hwyr htem kure kumrex,Apinayé
20144,sudeutsa sizubaretsa bo nikozonahaze sizokdiretsa niyziknaha pauro zisapybyrikinaha iharere batu isapy nikaranaha atahi mybarapetu zuba nikaranaha pauro soho siharerewabymybaretsa nikaranaha,Rikbaktsa
1187,ne me kot ixpir ta kot paj akupym ixtir hamri ne ma akupym me akukama pika pe garirej wyr mo kama kot puj me axte axpen pumu ane,Apinayé
15129,ti mꞌ judah buuj wahe nꞌaa raky kahꞌuum ta ha: —aa ky nꞌaa jawꞌyyk do ky nꞌaa hyb nꞌaa tawꞌaats he tadajep ne he pꞌop haga do tꞌaah tabanang do hyb nꞌaa —nak ma sa kyyh,Nadëb
25066,zuwa batitaha potoze wasu'u erodi ha zudezu nori nhipti'ai 're apito na 're haimana mono re ha aiba ha te 're haimana zacaria na isisi ha zacaria ha sasedoti 're ihaimana u'asi mono ma da'ama romhuri'wa abizaha nhihudu nori me te te tama 're romhuri za'ra imro nhisi ha izabe na isisi ha izabehe hi'rada ha ara na isisi ha 're ihaimana u'asi mono ma da'ama romhuri'wa ara ha,Xavánte
17954,hatyo hiyeta enore aimenekohitiya haferakene niyahare “kalikini” nita hatyo harenae tahi irae waha terehokoane najikinita davi kanasakota koxaka kairaetyaka iraiti waiyexe nanekoa: kalikiniya xasema enore niraene hoka awa atyo ximasemaxemalahare xisaona,Parecis
8903,ky tope ty jene jafa u tog ta jun mu ge ky tog ouro ty penky ma kati mu eg ty penky ki tope my ti ger ha pun jafa en ti nigja sinvi en to tog je mu tope ty jene jafa ti ky ag tog ti my ka jenjo ger ha ty hen ri ke jun mu ti ty tope my pun je tope nigja to jen ky epra ke ty tope ki ge ky nyti kar ag tog tope mre vemen ti ag vi ja en mre tog ti ger ha en pun sor mu tope my tope ty jene jafa ti ky tog sir pun mu tope kato jen ky ky ti ger ha en tog kynhmy tapry mu sir tope tu ag ty ti mre vemen ja en mre ha,Kaigáng
3805,paulo igonotobyry judeu keba modoram jesus unary egatuze paulo aguely: — aituo ani xara jerusalemram kodopadyly deus etyram udaly eaga agueze eaga augueday ani ienu oday jesus kaynganehonly wara ani yam aguely: “inepa jerusalemdapa axiguega taunlo modo ywaga amyguely neinwantaymba ise” kely ani,Bakairi
851,jezu onenetupuhpyra patatopoko ehtopopyry poko morarame juteu to patarypoko tyhxiropitose jezu a tyyrypyryko rumekary se pyra toto exiryke tuhke jezu jamitunuru tonese eya xine repe yrome tyyrypyryko onurumekara tokurehse toto naeroro ynara tykase ynororo eya xine,Apalaí
15858,ti mꞌ tabawag hom ba ka takꞌep warahen rahꞌyyb manepee bong hꞌyyb eꞌyym bꞌeeh ma peed badoo wat do hyb nꞌaa mꞌ,Nadëb
7018,aere jesus'ga ei ga pe no: —‍nhaneremiarohara'ga kiro oki upa lazaro'ga ei ga taho ti ga moma'eamo a'ero ei ga ga pe,Kagwahiva
20425,— mymyspirikpokotsa sesus tuktsa tysitsumuehiziukunahaktsa kytsa ahanamy ty sibo nynytahaktsa ahadisahawy ty sibo nynytahaktsa sesus tuktsa mysitsumuehiziukunaha zeka nynytohitaha asahi sesus harere ty mymyhyrinymyrykynaha zeka asa kino ahanamy ty sibo nynytohitaha siharere tsiwabyziukunaha — my iwa ikiahatsa ahasopyk deus harere botu ziwatahaka moises deus harere botu ziwatahaka: — ahararatsa ahatsyhyryze tarabaja mykaranaha zeka isty sakiwara sakiwara byitaha iwatsahi tadisahakanaha ahararatsa ty pahatsumuehinaha zeka mytadisahanaha — my usta papeu deus harere tihi: — aty atsyhyryze pahatsumuehiki anamy ty ibo nynytykta wasani my iwatsahi nasispirikponahatsa sesus tuktsa ahanamy ty sibo nynytahaktsa sesus tuktsa sizubaretsa tahanamy ty nasispirikponahatsa bo nynytahaktsa — tsimaha,Rikbaktsa
24234,chaymi jesus nishantanulla nipacuptin awnil pasquichipacula,Urubu-Kaapor
18999,hari abel deu-ra vakaijokavini mani ida igitha abononi aha'dikia deu-ra no'avini hija abea bivakaijokavini mani ida nahina bino'avini hiki jahani-ra anarafiaja nini vani deua bivajahaja ida hojana hiki ni-jahani arafiaki ida nahina kidi'aajo caim oniki deu-ra no'avini hiki abea bivakaijokavini mani ida deu-ra khai ni'aja oniani ida makhira sohika'oaki hina deua bikahivini hija abini'bo'da'ina kaba'i ada abel deu-ra vakaijokavini kavaranihi asia hojaki mitha ani'aki kaimoni,Paumarí
442,morarame  poetohpyry tomo a ekary totase tyya xine ahtao ekepyry poko tooehse toto zonetohme tyya xine,Apalaí
24315,natac paycunactawanmi juc chalapacu-masinchictapis cachayamu paymi ya'acunachu imaymanap licachicula allin shun'uwan sirbiycuyta wanupacushanpi chaymari amcunaman anchapna chalapacuyal'a mas mastana sirbiycuypi wanupacuyan,Urubu-Kaapor
20510,bykyze deus bo nipamykysozoze sibo ziksizo — o abaze sihi tsikahabyrynaha abaka ba zikumunaha abaka utakta deus zikpehata ahawata ikyzik kasukyrytsitsa bo pikoktyhyryknaha niy abahi pikbezenaha kyiktykta tupaktsa abaka imyspihibatanikita mozumuku kasukyrytsitsa kabo tynasioktyhyryk,Rikbaktsa
6008,odaa aɡowo niɡijo ane jileɡatibige doɡowo pida owo caticedi odoejegi modinibootalo ǥoniotagodi odaa niɡidiaaɡidi jaɡaɡa odinibootoɡowa ane yemaa aneotedoɡoji,Kadiwéu
21446,miꞌi tupono waku watunug yne kahato tupana piat ainapin hap koꞌi miwan miat kurin kat iwatoꞌin nakat are e katu­pono uwe uwe mekewat tupana mikyꞌesat miwan miat yt tutunug neran i tupana piat ainapin hap iꞌe hap yt tutunug i hawyi tohenoi henoi iraniaꞌin me — yt naku i watunug tupana piat ainapin hap miwan miat koꞌi ewy e hat ti aru yt uwe mimo­typot no i raꞌyn topyhuꞌat atipy pe e miꞌi hat wyti aru miitꞌin mimohit sese wo topyhuꞌat atipy pe e maꞌato uwe uwe mekewat tupana mikyꞌesat ewy inug iꞌe hap miwan miat ewywuat miꞌi hat tohenoi kahato iraniaꞌin me — taꞌi waku kahato watunug torania ainapin tupana piat hap koꞌi miwan miat e hat wyti aru tupana etama atipy piat pe poꞌog topyhuꞌat tupana mimo­typot no e iesui yityꞌok totiaria taꞌapy­pueri haria pe,Sateré-Mawé
7344,nhiiru ipiro'ye'yva'ea ra'yrava'ea ja rui nhande rekoi a'ero a'ereki moisesva'ea remimbo'eagwera rupi rui nhande xako xako nhande ipiro'yva'ea ra'yrava'ea javijitehe nura nhande rekoi tupana'ga remimombyryva rupi,Kagwahiva
7123,paulova'ea omombe'u colossospeva'ea pe carta de paulo aos  jihi ko pauloramo jesus cristo'ga moiruharamo jiporavykyavo tupana'ga pe cristo'ga mombe'gwovo a'ereki naha tupana'ga opota kiro ji ikwatijarukari imondouka pe me timoteo'ga pavei timoteo'ga oko nhaneiru'ga ojikoga gwaramo jesus'ga rehe nhande pavei ore ja ko pe tupana'ga remimo'ehara pejikoga gwaramo cristo'ga rehe peko pe oreirua a'ero pepohire'yma cristo'ga hugwi pejikovo gareheva'ero kiro ore ikwatijarukari imondouka pe me perope cidade de colossos pe kiro ore ei: nhanderuvete'ga tupana'ga ti tomombyry pe me jesus cristo'ga pavei nhandepojykaharete'ga pavei tonogatu ti ga pepy'a oro'e ore,Kagwahiva
764,morotoino ynanytoase ropa yna maro nytoase toto pata hnaka typyxiako maro typoenoko maro roropa enara mame tuna ehpio yna esekumuru po ynanyporotyase oturutohme ritonopo maro,Apalaí
17740,jesus aotyakijita aiyatelikihitita xoaha hatyaoseta jesus exoaheta tyairi henota ekakoaha hoka amematyoa kahare haxaotyakiraharenai kakoa hakakoehekoare hoka kahare halitinai nali tyaonahitaha judeia koa nalitarenai jerusalem nalitarenai wenakalatikoanai tiro sidom xoaha one kaloxere haliya tyaonitere nalitarenai harenai tyoaha semaha maheta jesus niraene exahe kaxaiyatelikisakehenahitaha maheta ekahehareha nonitata haiyanai isekohaliti iniyalahare hasakaharetiterenai tehitiya tyoaha hoka waiye maniya kaxomokakehenahititaha tyotyaha kasani ekaokakisa hakahe ihiye aokowiyahitaha ihiyeta iyateliti hikoita hoka aiyatelikihitita tyotya halitinai hoka,Parecis
14482,— on ma obuyxim okugap kudadam gu — io'e — webay bit obuyxim okug ixe obuyxim gu okukat guju ipiat'ajojoap pe — io'e,Mundurukú
13260,xix tikmu'un noy ka'ogaha' pu tu' xape xop mo'niynam nuy ka'oga' puya mo'niynam xi' noy ka'ogaha' pu hapxop hok popma' puya' popma' nuy tu' xupkumiy hok xi' noy ka'ogaha' pu tu' xat puya tu' xat max xi' noy ka'ogaha' pu tu' noy kuxa ka' nuy tu hittupma' puya tu hittup 'unoy kuxa ka 'iha',Maxakalí
6356,niɡina analee lakapetedi cristo oika me idei mokotaɡa leeɡodi aɡica anejinaɡatege igaataɡa deɡelatigi mokotaɡa daɡawini inaaɡite mokotaɡa pida etiɡodaladi owotibige me jowooɡotaɡa me ijotawece aɡica anejinaɡatege,Kadiwéu
22675,enomone kuti'ino ihaxeokonoti “poke'exa iti” neko itatane poke'e tuku koeti ko'oyene,Terena
22143,koane itukapu veo'u enepone koati ihinovoke vaherexino itike yusikoneni tituki koane kiriki akotike malika motovati akoyea vaherexea itike mani unatine akoyea poixo'o veo'u yenopi vanuke yaneko usoko ko'iyea veo'u itea yenopoti ipihoponovokutike —‍kixovokoxoane jesus exokoatihiko konokea akoyea iyuhixapapu saya'ikopeova ne vahere ituke,Terena
9444,ha simao raixo onheno oi-vy hasy heteraku-gwi pyaꞌe omombeꞌu hese hesu-pe oho hesu oipopyhy omopuꞌa ixupe oheja-ma ixupe heterakukwe ha upei katu okwera rire simao raixo haꞌe ogweru ixupe kwery hemiꞌura,Kaiwá
12967,jesusya toꞌ maimu yuukuꞌpi: —taripai innape naka ukupi piꞌ naati —taꞌpiiya toꞌ piꞌ —maasa panpiꞌ amiriꞌnikon eꞌtirika kupi siriri maasa puꞌkuru pra attikon kupi siriri ayewiꞌkon ta unimiyaꞌnikon kupi siriri tiwinsari miiwini tiise tiwinsari uukoꞌmami pepin maasa pra uyun wani uupia,Macushi
4727,zezuz ukwaw tuwe wazeꞌeg zemueteahy haw aꞌe ni amo numumeꞌu kwaw izupe wa uzeꞌeg wanupe — napezeruzar kwaw herehe pe kury taꞌe hemaꞌemumeꞌu haw naꞌikatu kwaw peme aꞌe xe taꞌe zawaiw katu peme xe aipo pepytuꞌu wer heremiruzeꞌeg romo peneko re pe,Guajajara
2904,niokanatari onesimo inakori apaka iuakata koroso sitatxitikiri iua hite atoko aitari atiretakiti itxaua apaka atipirika atao iparikauata kristo ikapani ninoa sapiretaiko hite ikinipoko kristo sakire auiakani kamakiti uai,Apurinã
17688,— hatya xinekonitareya -ri kakalaneroxere hoka haliya meta hoka xane ite tawehetehenene maiha kore ite hatyo hiyeta halakisaite -ri maseta hoka xane ite tawehetene kaokehetehenerene kijiya,Parecis
13255,—‍tik te hamyummugaha' tu hamyummug max pa tik noy te ham'apak tu hamyummug kutognag ha' xuxya te' xat hu' ka'ok pa kamanat yipkox pip hu' pu'uk ya' max tik te hamyummuga'ax yog ham'aktux 'apak tu moktu hamyummug nuy 'uyog yummuga'ax putuk ha kamanat max ham nuy maynag miy tu' xuxya putuk pax pu' xuxya ya meyemo' puxix tu kummuk nam ha' yog kamanat kummuk xexka kamah,Maxakalí
20261,aty deus hyrikoso harere piwaby tsihikik zeka tsipiwabytoktokta deus hyrikoso iwa hy ahaspiokeketsa zeka uzuzukukwy perytsitsa pe niy katuktsa bo wabytoktonaha atakta kasukpe baze niy atahi — kaharere tsiwataha — iwa sesus kape niy,Rikbaktsa
12377,moropai teepiremasanon esanon moropai moises nuriꞌtiya yenupantoꞌ piꞌ yenupatonkon eseurimaꞌpi marari pra iwinikii,Macushi
22334,itinoe inuxinoti ituke vunae enepone xanena ituko'oviti yako inixinoke enepone kuti koeti su'uso oposikoti koyonoati hiva'axa koukoponeovo ikeneke vunae haina vo'oku pohu itukeovo itikovoke hainamaka mitatahi keyetike itea itika ya uso keyeyi kuteatimaka aha'inopi ituko'oviti itiki hakomaka itukovo vo'oku itukeovo nemukope tiuketi itea itika vo'oku uso keyeyi itiki ituke ituko'oviti hakomaka kepayasokovo keha'ati itikivo pahukoati ne ponepike vunae inixinoa itukeke itea itikapu xane motovati hokeokono kixoku itukeovo ya xapakuke po'inuhiko kutipoti jesus enepohikone hivo'oe ikeneke vunae koeku inixinoa,Terena
12564,—miikiri moises manniꞌ innape ikupi toꞌya pra awaniꞌpi taꞌpi toꞌya ipiꞌ: “anna yepotori pe kaiꞌma awani anna yepotori pe akupi annaya pra man tiwin kin” taꞌpi toꞌya ipiꞌ tiise paapaya ikuꞌsaꞌ waniꞌpi toꞌ piikaꞌtitoꞌpeiya kaiꞌma manniꞌ miꞌni yeꞌ taransen yawon esenpoꞌpi winipai paapaya taasaꞌ epuꞌtiꞌpiiya,Macushi
19479,nao temos a pretensao de nos igualar ou de nos comparar com alguns que se recomendam a si mesmos quando eles se medem e se comparam consigo mesmos agem sem entendimento,Portuguese
5955,— xapyꞌa rei penderayvu vaꞌe anho ri peayvu vy mbaꞌe ꞌra tu pejopy haꞌe nunga repy mbaꞌeta heko vai vaꞌe kuery voi oayvu ꞌra guayvua kuery,Guarani
17924,tyomaha xolatyaolisoakalati katohere kakoare hoka mokahene eseri hiye atyakasese mokaha ekahekoa ifihini maniya hatyaoseta meholokoaha hakaolise kakoa enahalakoa hoka hirahenahene hoka nehenaha: — hawaiyeta womana judeunai xekohase nexaha,Parecis
22584,ina kixoa xanehiko: —‍enepone vexone ya yutoeke porofetahiko koyuhoti emo'u ituko'oviti mekuke akomo ivakapu ne mesiya enepone pahoe ituko'oviti koiteovo xane na'ikopo koeti keyuhoino konokea koexepukeokono ukeati poke'eke ne ihae vanuke ikutipasikoponovoviti uti xane kutiyaikopomea ne'e —‍kixoanehiko,Terena
3785,aituo myani tatahoem ohondyly anwa oze myani uguondo etiopia donro aga oxiodyly ety anaym tynrenseim myani maka uguondo pekodo pyma candace idinheruru isejiguy wara xutuim myani maka jerusalemram idaypyem taty anaxi todopadyly ume myani filipe aga oxiodyly tygarosary oday ekadybyem myani ago kehoem deus itaumbyry intainly deus itaumbyry egatuimbyry  inweniby myani intainly,Bakairi
15321,pꞌop haga do genꞌaak do karen moo wat doo ti tahapah da ta hꞌyyb go pꞌop haga do hanaa tado ba hana y tado ba y ma meteek doo,Nadëb
5729,fariseu kuery pe jesus ijayvu eteague fariseu kuery haꞌe nunga oendu vy ojojai rei okuapy perata re ndaꞌeveive vaꞌe vy,Guarani
6437,odaa jesus meetediogi “digemii awini igame liwokodi ɡanipaontedi” odaa jiɡigotibeci oiwi odaa moditalo “idiwa onexaa ciinco paontedi idiaaɡidiwa itiodataale noɡojedi”,Kadiwéu
9149,ha upe rire katu okakwaa vaꞌekwe taꞌyry isaque upe ramo ogwerovia tee-gwi “anhetegwa amombeꞌu-ta nde rovasa vaꞌera nhandejary” ndeꞌi reiry gwaꞌyry-pe jaco esau ndive oiko vaꞌera omombeꞌu ixupe -,Kaiwá
3194,jesus “yigueduo kuraem itonze ura” keontobyry jesus doze tynynonro modo aguiom duaypa nhejikely aguely: — idataunga wao auguely jerusalemram xira kytaly deus itaumbyry aguewani modo aguehobyry ara ise agaieholy ura uguondo kaynapa aetyby ara ise tara aidyly idanara aguehomobyry ara,Bakairi
24110,niptinmi: “atucunapapis machaynin canmi pishucunapapis ishnan cantacmi rasun nunap chulincapanatacmi icha mana mayman umallata chulaycunallapapis canchu” nin,Urubu-Kaapor
9731,hesu omombeꞌu onhemboeteve vaꞌera rehegwa nheꞌe upe ramo ogwahe ou-vy hesu ha-py hemimboꞌe kwery: —nhandejary nhande ruvixara-pe omoiru tee vaꞌe gwive paꞌu-my kivaꞌe-pe tipo nhambotuvixave vaꞌera heꞌi oporandu-vy ixupe hikwai,Kaiwá
15388,hajong haj nꞌaa henh da takꞌep ne da heej katajuus sah na-aaj da anang hajok da takꞌep ranahee enah da am nꞌaa nang do ti awat da am nꞌaa nang do heen nꞌaa ganyyh da we ha,Nadëb
18920,asia vara niha ada jesus: —hari'a vara va'ora vani'ahaha'oadaha adani deu-ra vakajoniki deus varani hina a'onira vakaihamahiki adani jomahi vaihamahiki fori vihiki adani anakaidivava ida deus athi nahina kaidivaki fori hiki ida ni-hirari-ra avano'avini hiki ida nahina kaidivaki avano'avini hija vaha bikada'aha'ahamanihi vaha ni-binakaidivaki vaha hirari fori vihiki adani hojai asohiriki-ra vakava'ipahinivini-ra vanofiriki,Paumarí
15829,tawꞌaats he kristo badꞌoo do paa da ji badꞌoo do ky nꞌaa hahyyh ti hyb nꞌaa ka be hꞌyyb enyyw dak do hyb nꞌaa kristo ha be hꞌyy kata dak do hyb nꞌaa be hꞌyy kanaton wat do hyb nꞌaa kristo be takamahan do hyb nꞌaa sed be hꞌyy kata dak do hyb nꞌaa pꞌop haga do sahee ha kristo ky enyym do hyb nꞌaa be ha be tatꞌyyd mehiin do hyb nꞌaa na-aaj he y karen sed be hꞌyyb hedo hadꞌyyt he be kamahan be da hadoo doo sed ha be babok sed ha be hꞌyyb padag tii da be adoo ba baad y hꞌyy gadajaa kan tii ba ta wob sa bahanh be nu gapadꞌeek hyb nꞌaa nado be badꞌoo sahonh he be badꞌoo doo be hꞌyy kasabe mana be moo bok do ha be kadadꞌuu ta wob sa ha be hyb nꞌaa jewyyg ta wob be ha he be hyb nꞌaa jawꞌyyk do bahanh,Nadëb
10172,tiiboho tamy roholarenyreu reysare tahe tamy nieru riwahinykemy riurenanyre tahe judasi riijemyhyre aou aou bedewihiky tamyreny riwahidyynykemy,Karajá
1523,pawre kot ximotre hwyr wam kaga ne menh kot ho menh pa ximotre xa amex ixpe pawre na pa ama ixkaper ne ha kaga ne awyr kume ixpe jejus nhy ha hkwyje jahkre ho ixpa xwynh na pa tirtum na pre ja kaxyw ixam tirtum kra jejus krisja kot puj me pahpe hkwyjaja nhyrma kukwak ri pamex kumrex ne pahtir tum ne ri papa ho papa pawre kot ximotre ho tirtum me jejus wa hwyr te ape ixkra pyrak ximotre jakama na pa hte ato mepanhipeexa maati tirtum me pahihti jejus kris wa hwyr raha ho ri ixpa na pa hte me pakukama me panhiget pyra ne tam ijamaxper o ixpa pe tirtum ma tanhma amnhi nhipex to ho ri ixpa jakama na pa hte ato kra jejus me wa hwyr raha ho ri ixpa arigro ha ne kamat kam ama ijamaxper ne ato wa kuwy ne wa kam:—pa tirtum me pahihti wa e ixte ixkra puro ximotre ho war awyr kaxyw war ama ijamaxper na ka hte wa ho mex nhum war akot amnhi nhipex mex o pa te o wowo me katorxa wa kot amnhi nhipex pyrak na pa hte kot amnhi nhipex o paja ma ijamaxper ne y ha ixkinh ne war ate kama axukapri ho ri apa kaxyw na pa ho war awy war ate kuta war anojaret raha ho ri war apa nhum hamaketkati ne amnhix ri pa ho pa kaxyw ane,Apinayé
1470,me pahte me panho patraw kaper kot amnhi nhipex a me pama ne me ate me kam me axapenh o me apa xwynhjaja ker ka me anho patraw kaper ma ne hkot amnhi nhipex mex o ri apa te me ate kris kaper mar ne hkot amnhi nhipex pyrak jao me ha apijaam raha ne,Apinayé
26796,kam dja ba ar ama myjja jaren ar ama ‘e on ken karyr mextireja ngonh nhipex djakam me kute 'a ngrao pox nhym mextire ja dja gar 'a ijwy ba ar ama kunga gar abyn arym amimex arym abikenh ket ne kam ajte ar kubeka jaka'a ijwy ba ar ama kunga gar kam arym angje angjen irari ar aba ketkam apijam ket ne kam ajte ar anokam pidjy'a ijwy ba ar ama kunga gar arym o amino djy ne arym ano mex’,kayapó
231,mame tosenuruhkase imoihmakomo kurakokara kurakary ropa eneryke tyya xine sekere kapynypo to sekere tykase ropa jaxiry osetokye exiketo osepune toehse ropa jaxiry toekurakase ropa te ytoytopynypo roropa toekurakase ropa xikihxikihme toytose ropa te tonure pyra aexihpyry roropa toekurakase ropa kure tosenuhmase ropa mame —kure ritonopo mana izyraeu to eseme tykase toto imoihmakomo,Apalaí
15663,be awa do hyb nꞌaa be aweh do hyb nꞌaa be wakaan hadoo do jesus ha hꞌyy kaꞌeeh do be hꞌyyb reja ba tii ba dooh kamahan go be aboo booh be anꞌoo mana be aweh do hyb nꞌaa be wakaan hedoo doo sa hyb nꞌaa kristo dajep doo baad rawen hꞌyy kanae wat,Nadëb
25584,'re ihaimana u'asi mono te te dama irotize ha ahana te ama irob'ui'ere ha durei nhere ahana ha dure ite oto e mari wa cristu ha ti'ai ama 're mori re ma to timama nhimiroti zarina te te 're da'azawi pese to oho zarina si a nori wa'aba zama te dure isimiroti zarina 're aihaimana za'ra wa'aba mo 're asisawi pese za'ra wa'aba mono sina taha wa wa to oto wa te 're waihu'u za'ra durei nhere ahana ha ite dure wamama nhimiroti ha oho si nhere zezusi ha ti'ai ama 're mori re ma to te te dama 're rowasu'u rowa'a na si 're danomro we mono da robra na si 're danomro wasete to mono da danhimiza'rese ana taha wa te oto robra ha te te sina rosapari u'asi iwa'rami te rowa'a isa'ene ha te te sina rosa're haimo,Xavánte
3601,iweapa deus aguewanmy: “judeu keba modoram ytaumbyry egaturin-em aduakelymo esagon-ho kytaho nhesagon-ho ara ise ywaga mauntuen-honlymo yam idahomoem tainka lelaba ise adara tadasemaguely awyly waga amyguelymo” kewandymy deus — awylygue ise judeu keba modoram xina jesus waga aguely — kely myani paulo judeu domodoram,Bakairi
17896,hatyaoseta paulo silas xoaha hikoaheta berexoakota hoka xaneha lidia hana nali xeta hatyo nali kaokakakoaha hahinaeharenaiha kakoa hoka ihalahareha mokahitene hatyo najikinita xanehenahitaha hatyo wenakalati nalita,Parecis
21537,yne heremo aheha pytig pote ihotꞌok hawyi aheha koꞌi wo wata­ꞌa­kasa kuap yne raꞌyn e miꞌi pote eheha koꞌi ariaty ewywuat eipiit piat moetyhot hamo e waku aheha koꞌi pote waku kahato heremo kahato yne yne maꞌato yt aheha pytig i yt kat i heremo ahepe wati­ky­ꞌesat muꞌap kuap hamo maꞌato ahoꞌo­wasat hap ewy watoi­neꞌen at toineꞌen pytkai are e eipyꞌa piat uimohey hap hawyi eheha wakuat ewywuat toineꞌen hawyi heremo kahato muꞌap tupana kapiat hap maꞌato yt naku i kyꞌesat haria eipe pote ariaty yt nakuat i ewywuat eipyꞌa pe toineꞌen miꞌi pote saꞌag hap yn eweikat are e miꞌi hawyi eipiit puo iꞌypyryp we sese topy­huꞌat e yt naku i hap nug neran haria eipe pote yt eheha pytig i rakaria ewywuat eweikup­teꞌen e miꞌi pote iꞌypyryp wiat gupteꞌen haria ewy eweikup­teꞌen kahato eipe hawyi eipiit puo eheineꞌen hap yt naku i pe topy­huꞌat e miꞌi pote tupana kuap hap yt kat i eipyꞌa pe yt uimohey i eipe pote e waku hap yn eweiky­ꞌesat pote eheha koꞌi ariaty wakuat ewywuat topy­huꞌat e miꞌi hawyi yt kat i iꞌypyryp hap eipiit pe eheineꞌen hap ete hetyhot hap yn ehete e,Sateré-Mawé
16615,txa²­wa¹­nu²­khai³­ki³­na¹­xai²­na²­ whai²­na¹­ kris²­tu³­jah¹­la²­ hi²­sen³­su²­ a²­wa³­kxen³­ta²­ne³­na³­la²­ nxe³­te²­jai¹­ti²­tu³­wa²­ nxe³­ha²­kxai³­ txa²­wa¹­nu²­khai³­ki³­na¹­xai²­na²­ a²­i³­lxi³­te²­su²­ te²­a²­ te³­sxa³­ tu¹­ha²­ ko³­nxe³­thin¹­ta¹­ka³­lxa²­ o²­la³­kxi²­ki³­ke³­la³­te²­kxai³­ ko³­nxe³­ju³­ta²­ a²­wa³­kxen³­ti³­hi¹­te³­hi³­nxna³­la²­ ju¹­tai²­li²­ wain³­ti³­he¹­nxnxa³­wa²­,Nambikuára
10580,tule inyboho rieryrenyre: deuxu riore inatyhymy kao nade tii rierynanyre mobo deuxu inatyhy raremy deuxu‑wana inyboho ratximyhyrenyre inyboho‑dori jesuisi kristu deuxu riore‑wana ratximyhyrenyre kia heka inatyhymy deuxu rare kia inatyhymy umytuedeonamy rare,Karajá
2764,xesosi maka maatakakaro isikasaakina sito apoka iua porikimoni oamianare oareka iotokiniaro tosikanani oamianatini oapokasaaki omaatakari imaka imapotomatare oakixiniree otxa: —imaka nimaatakinia erekape nitxako —otxa ininia otikakari imaka,Apurinã
4775,izeꞌeg mehe we tuwihaw poraxipez uhapukaz izupe aꞌe — nereꞌo ty pawru erezemuꞌe maꞌe teteaꞌu rehe tuweharupi ne erekwaw maꞌe teteaꞌu ne aꞌe rupi heꞌo maꞌe romo ereiko kury iꞌi izupe hehe uzeꞌeg uryw ahyahy pa,Guajajara
25178,isisanawa nori ane na wa za oto aima ama 'rasutu za'ra wa'wa wanhib'apito da'azem na 're asipo're pu'u za'ra wa'aba mono zeb da asire 're asaihuri aba mono zem na ha taha wa te za a'a asiso 're asimipari za'ra wa'aba mo aihini asiteme 're aihutu aba mono wapsi asire ama 're asaihuri aba mono da ane ha we di,Xavánte
10141,jiary tahe biu ludu orotxu wese rare inyo tahe kia orotxu riykeki tiu ruruotyhy waumy ariwahinykre rubu‑o ibutumy iny oraruna owydyymy tamyreny umytuedeona riwahinykre rubu‑o ibutumy iny oraruna owydyymy tamyreny umytuedeona riwahinykre,Karajá
10460,jiary joao jesuisi weribi ranywyhy tii dori sowemy waluure,Karajá
18055,—jaha'oamanira ada deus danoki nama hojaki deus va'ora no'aki adani ija'ari va'ora nakaidivaki va'i jahajahania vaabono avaakakariakakhamara kaimoni,Paumarí
16506,a²­nu²­a²­ wan³­txa²­ u³­sa²­si¹­ha³­ki³­jau³­xa²­ ya¹­nxna³­la²­ kxa³­nhxi¹­nai³­ta²­ nxe³­te²­ju²­he³­la²­ a²­nu²­a²­ hxi²­ka²­ a²­nu²­a²­ wan³­txa²­ u³­wha²­li¹­te²­ju²­he³­la²­ nxe³­ka³­tu³­ a²­nu²­a²­ a³­xa²­ hxi²­ka²­ u³­sa²­si¹­ha³­ki³­te²­ju²­he³­la²­ a²­nxe³­jau³­xai²­na²­ u³­sa²­si¹­ha³­ki³­jau³­xan¹­txa³­nxa²­ txah³­lxa³­ka³­lo³­su²­ te²­ju²­he³­la²­ nxe³­ka³­lo³­ai²­na²­ te³­sxa³­ tin²­ta²­yau³­xa²­ u³­wha²­li¹­te²­ju²­he³­la²­ kxa³­nxai³­ta²­ nxe³­te²­ju²­he³­la²­ nxe³­ju³­ta²­ ya¹­nxe³­kxe³­hu³­sxa³­ wan³­txa²­ i³­wxi²­ka¹­txa²­lxi³­si¹­sah²­lxin¹­jau³­su²­ ya¹­yxah³­lxi¹­lxa²­ a²­nu²­a²­ i²­li³­te²­a²­ i²­jau³­xa²­ ya¹­yxah³­lxi¹­lxa²­ i²­nxti³­kxai²­nan²­tu³­ wain³­txi³­ yxau²­xai³­yah³­lxin¹­ju³­ta²­ i²­nxti³­tu¹­wa²­ i²­nxti³­sxa³­ i³­ye³­kxi²­te³­nah¹­lxi¹­: — pau²­lah³­lai²­li²­ ya²­la³­tu³­ su³­na²­ i³­sa²­si¹­ha³­jah¹­lai²­la¹­xa¹­ ko³­rin²­to²­thi³­nan¹­tu³­ka³­txai²­na²­ a²­ko³­nxe³­ti³­ kai³­ju³­ta²­ a³­na¹­ha²­kxai³­ wain³­txi³­ kai³­sxa³­ yxau³­si¹­jau³­su²­ i³­yau¹­u³­ye²­sain¹­na³­na¹­ nxe²­e³­kxi²­hi³­nxna³­la²­ ja¹­nxe³­sxa³­ kris²­tu³­jah¹­la²­ hxi²­ka²­ u³­wha²­li¹­jau³­xai²­la¹­wa²­ nxe³­sxa³­ txai²­na¹­xai²­na²­ jau¹­xai²­na²­ u³­sa²­si¹­ha³­jah¹­lo²­sa¹­wa²­ ja¹­nxe³­jutsu³­nxe²­ kai³­sxa³­ txah³­lxa³­ka³­lo³­la³­ hai³­txi³­ u³­wha²­li¹­nxa³­wa²­ yxan¹­ta¹­ a²­nu²­a²­ e¹­nau³­a¹­ u³­wha²­li¹­la³­kxi²­na¹­wa²­ te²­ya¹­nxun³­sxa³­ tin²­ta²­yau³­xa²­ te³­sxa³­ u³­wha²­li¹­nxa³­wa²­ yxan¹­ta¹­ txa²­wa¹­su³­na²­ yau³­ka³­jxah¹­la²­ ka³­ten³­su²­ yxau²­sa²­te³­jah¹­la²­ hi²­sen³­su²­ a²­nu²­a²­ a²­e¹­nau³­ai²­na²­ i³­yau¹­u³­nhe³­jah¹­lo²­su²­ na³­la²­,Nambikuára
