index,TEXT,LANG
25917,tawamha te oto mo 'ri 'wawi wa'ra ama 'ridawa u tame samra re ma to dure pi'o ihaiba amo ha tisa pedru ha 're ihaimana u'asi mono ma da'ama romhuri'wa nori nhib'apito ma romhuri'wa ha te te samri wamha i'rata isimasam nori ma te wasu'u za'ra ane: — o ha zezusihi sire 're imori nazare ama are 're isamra mono sire,Xavánte
23472,a'ri kari boose bɨkɨ niimi kɨɨ nii pe'tiro a'ti di'tapɨre judeu masare uaro sahaka wee sihagɨ weemi apeye maa taha jesu nazarekɨhɨre eho peosetira kurakɨhɨ wiogɨ niimi,Tukano
15730,we puh go mꞌ pꞌop haga do berꞌoot hahyy dꞌ ma ta kyyh: —hahy tah yy y hꞌyyb dang doo be maa newe be ky dahe ta kyyh —nang mah,Nadëb
23456,davi ape wi'i wee si'rimikɨ niiwi o'akɨhɨ tɨ'sa yɨ'rɨa no'ogɨ a'tiro niikɨ niiwi: “mɨ'ɨ yɨ'ɨ yekɨ jaco eho peo'kɨ nii' mɨ'ɨre ayuri wi'i pahiri wi'i wee basa si'risa' mɨ'ɨ niiatihi wi'ire” niikɨ niiwi o'akɨhɨre kɨɨ toho wee si'ri'kɨ niimigɨ tii wi'ire weetikɨ niiwi kɨɨ makɨ salomao pe'e weekɨ niiwi tii wi'ire,Tukano
22449,yane'e keno'okone seno ihae ne pitivoko ikoponoti une ina kixoa jesus: —‍yokoseananu perexanu une —‍kixoane yoko ako'o neko ihikauhiko piho'iko pitivoko vanexoponoti nikokonoti,Terena
22203,mopo'a kaxe ako inixa akomaka nika koane akomaka enapu une,Terena
13501,yeyox te' pip'ax metan tu' xip hapxip 'iha yeyox te xip tu xexka metan kopa' xip tu ximam pet kopa' xip ha' xuxet'ax noy te: 'uyay xax kunut nam kaxiy ha 'un te nom mo'naha' tu yeyox yika' mog ha naxnag 'anamax tat ha' hep haxya max xup takat xexkah ha yeyox xit 'iha 'un te' hep pux ya yeyox putox yimu' pux,Maxakalí
21516,waku ehewaure kaꞌa kahato kat som areꞌe uipot­mu­ꞌeria  tupana motypot yat koꞌi piat weꞌa­tunug haria pe yi asia totiaria pe areꞌe e uito iuwau pyno waku watikuap kahato torania aitoria wuatꞌi tupana paꞌau mimo­herep ahepe mesuwat uimiwan me uito iuwau,Sateré-Mawé
24154,nilpuyal muyulcushanchumi jesusta shacuyata licalun jinalpis jesus cashanta manam lisilachu,Urubu-Kaapor
26862,kute me kraptio mex nhym kam jejume kot ba djwynh ar me kurum kato katon arym imoti'yr mo 'yr mon arym 'yr box nhym me krapti: apynh pyka djari kurum arkot mon box garreja kurum ne me kwy box nhym djudeja kurum me kwy box nhym me kwy kriraxbe djeruxare kurum box nhym me kwy idumeja kurum box nhym me kwy ngobe djodao nhikjebe apynh kikre djari kurum box nhym me kwy kriraxbe xirume xido kurum mon box jeju kute apynh myjja pumunh ket nhipex djari ne me arym omun amu mema 'a ajare nhym me arym kuma ne kam arym itepato arkot mon box me krapti: box,kayapó
12369,ikupi tiuya eserikan kuꞌsaiꞌya manniꞌ isaꞌmantaꞌpi karapaima yuꞌnaꞌti rawiri miriri waranti ukarapaimasaiꞌya miriri uyuꞌnaꞌti toꞌya rawiri,Macushi
22678,nokone ko'iyea uti xapakuke po'inu uti enepone akoyea omotovokoko yokovo vo'oku itikivonoe kopo'inukokoti ikeneke kristu konokoti akoyea hunokoku,Terena
3571,akeala mawinduadylymo madakuilymo adyla amanhedylymo wara watay ola deus ehoguedoem lela aitaunga anguyla jesus neinwampyra itoem aienehoim akaiedaunda tawala judeu judeu keba wara awyly cristo eynyna apemugumo deus aguehobyry nhakadoem aienehoim akaiedaunda,Bakairi
15620,nesaa do yb ky gabuuj jesus moo wat rahanang do panyyg nꞌaa hahyyh ti mꞌ ramanaa ma jesus we ajꞌyy karapꞌaar hꞌyyb nesaa do hadak doo ty tamah doo nerꞌoot doo ti mꞌ jesus habee hom karapꞌaar hꞌyyb nesaa do ajꞌyy ha hadak do paah ti mꞌ ajꞌyy erꞌood dag kan pꞌaa henh pꞌaa henh ma tabahapee dak,Nadëb
6172,niɡijo eijeeɡagi ja ikee meliodi loniciwaɡa lodoe niɡijo odoejegi eijeeɡagi ane doide codaa liciagi me yoniciwadi niɡini odoejegi odaa ja iiɡe inatawece oko digoina iiɡo modoɡeteta niɡini odoejegi eijeeɡagi ane ijo elaciledi ane domaɡa yeloadi pida ja ici,Kadiwéu
20747,myzubaha bo tsipomonahaze ahahumo yhy ahabyi zeka meky hudikhudikwy botu tsimytururuknaha anabo ahaharere ty waby byizeka mekybotu tykurunaha tsimyzonahaze ahapyrysuktsa ty bok boktaha wytyk tazy natoze myzubaha ezektsa deus harere bo batu yhy niaha piwatawy — niy iwa sesus tuk zinymyrykynahatsa bo nitsasoko,Rikbaktsa
24615,jesusmi pilatop maquinchu -; - chay israelcunami aspi-aspiy jesusta pushapacula caifaspa wasinpita roma nasyuncapa cuartilninman chayman manam yaycapaculachu “anlaculuchwanmi libracushanchic fistachu canapa” nil,Urubu-Kaapor
4630,tupan zeꞌeg kwehe arer uzeꞌeg nezewe aꞌe umano maꞌe kwer wakweraw pawam imumeꞌu pa zanewe aꞌe kwehe mehe amaraaw aꞌe izak aꞌe no zako aꞌe no umano aꞌe wa moizez heko zanune aꞌe wa kwarahy teteaꞌu pawire uzexak kar moizez aꞌe tuaꞌu kury uzeꞌeg tupan oho izupe — ihe ihe aiko amaraaw izar romo ihe aiko izak izar romo ihe aiko zako izar romo ihe iꞌi moizez pe niꞌi kwaw nezewe aꞌe — aiko amaraaw umano maꞌe kwer izarer romo ihe heko mehe ihe niꞌi kwaw izupe — aiko amaraaw izar romo ihe iꞌi tuwe izupe marazawe tuwe nezewe iꞌi aꞌe nezewe iꞌi aꞌe taꞌe amo ꞌar mehe wanetekwer ukweraw wi putar aꞌe wa nehe xe ko ꞌar rehe wanekwe wikuwe aꞌe wa tupan aꞌe wikuwe maꞌe wazar romo hekon aꞌe nuiko kwaw umano maꞌe kwer wazar romo aꞌe,Guajajara
13016,topa pet ya topa yog tikmu'un 'apu hapkummuk xohix miy kux 'apu' koit kux nuy mo'ama kux 'apu 'ayipkumiy kux 'apu ham'aktux kux,Maxakalí
4900,pyazeaꞌu kury amo kuzawaza uhapukaz amo wanupe kury — aikwez hemireko maꞌe ram ur iko aꞌe kury kyn wa zaha huwaxi pa kyn wa iꞌi wanupe,Guajajara
1147,hamri ne kama gryk tyx ne tanhma homnuj htyx to ne kam me apenh punuj xwynhje me me ho hpimraata amnhi ne me kator pa hamri ne me kot kaper kwym amnhi nhipex xwynhje me me ho hpimraata tanhma me homnuj to ne amnhi ne me kator hamri nhum me tee ri amnhi kukama hamaxper ne mur ne tee ri amnhi nhipex ta ker ka me ixwakre kama ho me urak ket ne me kurom ixwakre kama ixkaper kot amnhi nhipex mex raha ho ri apa ane,Apinayé
24276,chaypi cusicha timpu chamuptinshi juc nunanta partinta apamunanpa cachamula chay nunantash partidashancunaca chalalcalil lluy ma'alcalil jinanllacta cutichipacula jinaptinshi juc nunantanatac yapa cachamun chaytapis chaynutacshi palalcalil lluy ma'alcalil mana ima walactapis umul alalalimun,Urubu-Kaapor
2631,ininia xesosi: —simao petro xoao akiri teoso takari erekari pitemoni kotxi kona kakitini sapiretai teoso akiri nininiua niri iaxitikirira sapiretai nisapirenauatapanika pitemoni piuaka petro kai sorotxikana piuaka kai aapokotxiti kamakari mereeri kai kaikori xiti itakini ikapani aapokotxi iua kai nopini ikamini ikapani ininia aapokotxi irika kotxi kaikori nopini aua aapokotxi kamakari takari kai kaikori xiti iua kai atoko itxa ikara teoso sakire isapiretakiti pitemoni kakiti nota nakitiakori naapoko atoko ninoa sauaki nauini ikapani napotiinatapanikari kakiti naapoko ikapani satanasi tapara kona posotapaniri ixipokiniri ia naapoko,Apurinã
26235,ije ar ama ar tumre jarenhja ne ar kuni amikajma'a metindjwynh mar ra'an ty metindjwynh kute kaben pynho mema myjja jarenhja kaben ja jarenh ja ne ar kraxje kute amim byr ket ne ty nam ar kute amybym noo omunhman prabe amikukam kuman tu amikam kinhkumrex ne mema kum —‍me bajtemkam ne bar iba me o pyka prokam ne bar iba pyka ja ne inho pyka djwynh ketkumrex ane,kayapó
1574,hamri nhum parijew nho xwynhjaja tee ri ja ha omu ne jejus kama gryk ne arigromnu pe sap a kot ho mex jakama nhum me kama gryk tyx ne hamri ne ma mra ne hapoj ne ha axpen kukjer o kuhe ne axpen ma: —kwa a kot amnhi nhipex anhyrja myrape tanhma kot puj wem ho a kaper anhyrja o te me papamjaja me pahte hkinha me kama paxukapri ket pyrak a me pajare koja me pahkwyjaja kuma hamri ne me pahte amnhi nhipex kaga ne amnhi kaxyw hkot pix ma hamaxper kwa tanhma kot puj wem ja ne ho anhyr o axpen kukjer o kuhe,Apinayé
9068,enhemonheꞌe katu gwi omombeꞌu joavy avypa vaꞌe-pe  macedonia yvy-py aha jave amombeꞌu vaꞌekwe nde-vy ne rembiapora ay amombeꞌu jevy-ta: epyta katu efeso teta-my erenhemonheꞌe hagwa gwi oporombotavy rei okwa vaꞌe-pe “anive eremombeꞌu joavy avy tei cristo rehegwa nheꞌe” ere hagwa ixupe kwery “ani eremboyke tei nheꞌe pora inheꞌe rei rei vaꞌe nheꞌe ani erehendu tei hembypykwe rery-rehe ani erepena meme tei ijapy eꞌy vaꞌe upea rehegwa nheꞌe upea rehegwa nheꞌe-rehe erepenase ramo nerehendusei vaꞌera nheꞌe pora” ere katu upe oporombotavy rei vaꞌe-pe upeixagwa nheꞌe-rehe opena ramo onhonheꞌe mbojevy jevy rei vaꞌera hese okwa-vy nhandejary rembiapose ndojapoi nhandejary reꞌyi-rehe nonhangarekoi ave niporai voi hekoha jarovia tee ramo ae katu nhandejary nheꞌe jajapo ara hembiapose nhanhangareko pora ara voi ave heꞌyi kwery-rehe,Kaiwá
22732,itikapuikopo xane yuixovoti itukea aha'inopi ituko'oviti emo'uke hakonoe pohu kamokeno kixea mara'inamo yaupu'ikapapu pe'okoati itikivo hokoti vunae,Terena
5166,haꞌe ramo jesus ombovai: — xee ae haꞌe haꞌe gui pexa ꞌra ipoꞌakapa vaꞌe oiporu kuaa regua re ava raꞌy ojeapo vaꞌekue oguapy haꞌe yva gui ou ramo arai rupi — heꞌi,Guarani
20381,deus hi tahyrikoso zipeha atahi mytuk mynapykyryk sesus kiristu humo zuba wasani tsimyzurukunaha iwaze deus mysoho humo niy: — kaokzeka wasani tsimaha ahawahi kabaze tsimynapykyknaha — niy abaka ana hi taperykynaha mykuretsa katsaktsa deus tuk mywahi tsimynapykyryknaha ana hi taperyky,Rikbaktsa
13581,kamah mipkox xexka te konag yimu mog ha 'amuuh ka'ok te' mogaha' pa tikmu'un te mim kutognag ha' mogaha nuy no hapkux xuhmiy yimu 'apep hamnak hah,Maxakalí
157,toipe namoto axitao roke tytapyike poeno maro mana jume pyra tapyi ese poeno sa pyra mana mapyra tapyi ese mukurume ahtao jume tumyko maro mana,Apalaí
8335,ti ty ver tag mi ga kri mu ag mre ga kri ti ra tope tog ti my venh ranhraj tag nim ke tu ni ve ti ty tope tu ki rir je epra u ty tope tu ki rir mu ag vy nyti ver u ty judeu ag jykre ki tope tu ki rir mu u ag,Kaigáng
11468,ꞌga amu nipo ꞌjau: “jarejuwarete ꞌga porogyta je aenupap jaꞌwyjaꞌwy” ꞌjau nipo ꞌga akou “amumeꞌri are ete te aje je najeparuapoweri aꞌeramu je iapoweꞌem” ꞌjau nipo aipo ꞌga akou aipo ꞌga niaꞌwyri jarejuwarete ꞌga upe nuenupawi katu katu ꞌga ꞌga porogyta inainaniꞌi etee ꞌga enuwi aipoa niaꞌwyri janeruwarete ꞌga upe aꞌeramu ꞌga ojekwau kuꞌjywa ꞌga upe,Kayabí
23358,naa i'yoropɨre ayuro da'raya naa i'yatiropɨ ke'rare meharota weeya mɨsa wiora i'yoropɨ di'akɨ ayuro da'rara nii soora wee boosa' mɨsa wiora “ayuro da'rami” nii waku dutira wee boosa' toho weetika'ya jesu cristore da'ra ko'tera weero noho o'akɨhɨ ɨaro noho ayuro tɨ'sase me'ra da'raya,Tukano
114,atiokia po panape to ehtopopyrypizitiapo po morotoino pauru to toytose wapu ae papo poe peje pona papiria pona enara moroto  maku a toytotozopya turumekase jerusare pona toeramase ropa ynororo,Apalaí
657,osenetupuhtohko tyoromary se pyra ynanase orepyra jezu enetuputyryke oya xine yrome akorehmaryko se ynanase takye oehtohkome emynyhmara oehtohkome,Apalaí
6259,jairo dipokotalo jesus me icilatidi liona jesus naɡa diɡetacedita daato weiigi odaa ica noiigi-nelegi dinatecoɡoteetelogo liniogotibece weiigi,Kadiwéu
21684,miꞌi hap kape ipotmuꞌeria teꞌerahaꞌat hawyi ikuꞌuro raꞌyn pote miꞌi hawyi teꞌeroꞌe — urumuꞌe hat iꞌatuꞌe aikota emisatyꞌi satyꞌi ikuꞌuro raꞌyn iꞌatuꞌe,Sateré-Mawé
14193,— okay du ejut —  o'e jesus pe — on gu bit en aca juy ece omubatisan — io'e  jesus pe,Mundurukú
9118,—oke oi-vy ramo okwera ara ore jary heꞌi ixupe hemimboꞌe kwery ha hesu omombeꞌu lazaro omanoha rehegwa nheꞌe okeha rehegwa nheꞌe-rami ha hemimboꞌe kwery katu mbavaꞌe-pe po heꞌise hesu nheꞌe ndoikwaai voi: “lazaro oiko pora oke jave” heꞌi moꞌa ojoupe,Kaiwá
193,yrome mokyro waro pyra matose onenetupuhpitopyra oexirykoke yrome zuaro ase “ritonopo waro pyra ase” karyhtao ya ajohpe roke jexiry mana asa xine yrome ywy zuaro aomipona roropa ase,Apalaí
19806,jesus respondeu: voltem e anunciem a  o que voces estao ouvindo e vendo:,Portuguese
20958,wasani tsimyzurukunaha iwatsahi kytsa sesus harere bo hyy mozihikiknaha hawa batu imysapy tsimykaranaha zeka kytsa tihi: — o deus tsumuehitsitsa batu wasani mykaranaha iwatsahi katsaktsa sesus harere bo batu hy zikaha — mykaranaha nawa kytsa mysoho ba ziktsasonaha batu zikaha wasani tsimykaranaha katsa hi deus tsumuehitsitsa tsimaha ana kino ustsa bo tawatawykynaha asaktsa sesus harere bo hyy ahabyitsa tu mymyknikinaha katsaktsa sihumo mykubyrisorokretsa mymysukyryikiknaha mykubyritywy kino niwatihi iwatsa tu mykubyrisorokretsa,Rikbaktsa
2833,xoteo auiteakori nirekari okiniri arasaro itomaneri xoteoakori kenakopiretakasaakiri xesosi petania sitatxitia auini ininia iuaa isana xesosi aokitinina ikapani kona iuananini ninoa nireka aokitinina arasaro xesosi okitikakiti apaka ninoa nirekari atamatinina,Apurinã
14681,— katpuje oeku  hora bima oeku warara'acayu o'tobuxik- -ka'uma penpenayu ceaweroroap pe ip o'e — “apenpuye eyju kabia bun kapikpig gu” io'e cebe ip,Mundurukú
1104,na pa htem ari kris a ixpunuj ne ixpa ne me inhma pram ne me inhma kor ne ri ixpa ne me ixe pikaxonhre ne ri ixpa nhum htem kris a me ixtak runh ne pa me inhorkwy hket ne nham ri ixpa ne nham ri ixpa na pa htem ari a amnhi nhipex anhyr o ri ixpa,Apinayé
3164,deus anju domodo moisesram tazezewenry nhuduhoem aguehobyry tainwanseim myakawandy mara einwantanrybyry modo tanagazenehonze myakawandy deus aitomobyry arala tutuze kura saguhobyry tazezewenry tainwanseinhe awyly tainwansezeim kuru ola jesus xunarybyry mara saguhobyry tazezewenry einwantanrybyry modo azenagazeowanmy iwera jesus einwantanry modo xuraem lakuru ise ton-honre kuru awyly xypyry etay kywymary jesus waunroem adakezela tadasemaguely waga idanipyry modo kyam akeala kuru awyly nutuen-homo lapyla,Bakairi
5315,haꞌe vaꞌe omoai ra amongue haꞌyigue hoꞌa tape yvyry haꞌe nunga ma guyraꞌi ou vy hoꞌupa,Guarani
1100,hamri nhum patre krahtumjaja tanhma kam ho kaper to,Apinayé
8946,ky tope ty jene jafa tog un tyta fag my vi mu ky tog: “kameg tug ni” he mu “jesus javanh ajag nyti ag ty cruz to un sag mu en ti,Kaigáng
10605,xiwena ryikemy bede ryire moisesi bede ywidyynamyna aoutxumy tahe dehemynyde marie jyje‑wana kia idi riwinyrenykemy tahe jyje ridykemy jerusale‑o idi ratxireri tai uladu‑di roirenyre deuxu‑o riteosinykemy kiamy heka inynyry ritidyyna‑ki roire weryrykeki deuxu dee rawahidyykre tii uladudelaa weryrykreki,Karajá
22269,vo'oku enepone apeti namoe yara yunzoke kuri'uxovotineoxomo namoe koane yupihovo koetineoxomo kene ne akoti axu'ina namoeya muhikova ne ikutixane apeti xokoyoke evokoatimo,Terena
13888,ha: —‍pam xohix texiy pip 'ohnu' moy pena' kaxiy tik mog tu putpu' nun tu: —‍ya pam te'  xix mam tix kaxiy,Maxakalí
5231,petei-tei peikuaa pota pee ae pendereko re haꞌe rami vy ꞌrae pejererovyꞌa agua haꞌeve amboae kuery reko re peikuaa pota rei ndaꞌei mbaꞌeta petei-tei ogueraa ꞌra ovoyi ae,Guarani
416,—morarame ezuru a tonukehkase jexiryke jaroase toto jemary poko tamaxiku pona,Apalaí
1395,nhum pre a jejus me kam kaper ane hamri nhum me tee ri kuma ne kam: —kwa me ixpe me pahpar krax finat apraaw kanreha htamnhwy kena na pre memoj te kot amnhi ta ho htyx pyrak o hipex ket ne jakama memo kot we me ixpe hkanreha htamnhwyje ho htyx ka we ri a me ijarenh ane na amrakati kena ta kwa mon ka a me ijarenh ane ane,Apinayé
13590,ha ta' xip topa yay pet kopah ha' pet ha nu'ximnag topa yog hammax xe'egnag xi' yog ka'ok'ax yiy ta nu'ximnag kugoy ha ha tikmu'un te' moxakux yummug 'ohnag ha moktu' kux hapxuyga'ax te'  ya pexkox yog nu'pok te'  te nom xat hak-nay tu' tikmu'un te moxakux putup,Maxakalí
21564,ipotꞌi rakat sehay maꞌato ti yne eꞌat pe wyti ipakup takano topy­huꞌat aikota aika­ꞌiwat aikyꞌe hap ewy waku wato­ꞌo­kyꞌe are miꞌi ta watunug hawyi pywo imohey haria miꞌiria iꞌatuꞌe aru iraniaꞌin,Sateré-Mawé
10447,idi riteonyrenyre lahi rybe‑di erydyydu mahadu herodi mahadu‑wana tamy imynamy irybe‑ki,Karajá
16266,nyhain¹­jau³­su²­ je³­su²­jah³­lai²­na²­ ain³­kxain¹­ka³­tu³­ i³­ye³­kxain¹­te³­nah¹­lxi¹­: — ih¹­nxe³­kxa²­yan³­ti³­ta³­ yain³­tu³­xa²­ yu³­ne³­lxa³­jau³­su²­ e³­ah¹­lxin¹­ji¹­wi¹­ ha³­lo²­a²­ i³­yah³­lxan³­ji¹­wi¹­ a³­ne³­wxe³­nxti³­xa³­ji¹­wi¹­ i³­ne³­wa³­nun³­kxi¹­nxti³­ji¹­wi¹­ nxe³­yhain¹­ta¹­hxai²­he¹­la²­,Nambikuára
8975,“ajag vi venhmy u vy ni ge “on ky eg tog: eg ty mesa kri un my nen u pun mu en vy ki kanhro ni henh ke mu” he ajag tog ti ge “eg ty ha ra: eg ty un my eg meg pun ti en vy ki kanhro ni hen ky eg on ke tu ni” he ajag tog ti ge,Kaigáng
2922,maerekati pitemoni kamakari —pitari nisakire auiakari kaminiari maerekati pitemoni ininia pisa iuamoni pitenoka pisa iuamoni iuanani pimisakiretako potakikiniri ikipitakasaaki pimoianari iuaikana itxapekaua,Apurinã
8986,ky tog tig si han man ky mug ke mu sir jesus ti ky tog ga kri ny mu tope mre tog vi mu “panhꞌ” he tog mu “my a ty inh jagtar ke tag ty tuꞌ he javanh” he tog “ha ra isy a my nen to vi mu tag han tug ni a ty nen han ke mu en ha han ni” he tog jesus ti,Kaigáng
13573,tu: —‍ma' yayhahup nuy hapkummuk miy kux ya honha topa te 'axat nunte' kaxiy ya homa tik hittap 'iyait te yoam 'aktux 'iha topa pupi ham'aktux yiy: “tik xip ham panip xexka tu' tu' yiy ka'ok tu: 'apu topa yog putat max miy nuy topa pu putat kohe tu' yoa'” 'ukux kaxiy,Maxakalí
19854,simao simao satanas pediu voces para peneira-los como trigo,Portuguese
10490,txiohe rare deuxu tyytybytyhy kanakreu inatyhymy adeereny rarybekre inatyhyna‑di ibutumy tarybe‑di tahe rarybeokre deuxu‑ribi aomybo roholaremy tahe rarybekre tule timybo aona aona rarekremy kanarybekre,Karajá
26171,dja me 'ex ne mekot metindjwynhma ngrero kri ajkwakambit ne kute jeju mar nhym bep kati amikadjwynhbe kute amikam jeju mar ket ne kute uma mar ketkumrex e kwarik wanh me ja kot amranh ket ne rum mema akre rax,kayapó
12401,moropai teesenyakaꞌmatoꞌ aretiꞌkasaꞌ zacariasya tipo epiremantoꞌ yewiꞌ tapai awennaꞌpoꞌpi tewiꞌ ta,Macushi
11497,jejui kristu ꞌga rerowiaaramu jane jemouagi jarejereko tywera upe aꞌeramu ene ejemouaga mamaꞌeay upe saꞌa jefaruua mamaꞌe apoeꞌema wemifutar imu oꞌwyriara ꞌga remifutar imu etee mamaꞌe apoa ijemogya nan tee jane niapoi futari mamaꞌea jarejemifutar imu jarejararete ꞌga remifutar imu etee jane mamaꞌe apou jarejemogyau,Kayabí
5648,haꞌe gui pee perovia ri ramo haꞌe ae elias ou ꞌra vaꞌekue oiko,Guarani
2842,omitikari maerekati matamatakoti kakiti itoa auakari apaka osipikasaakina akiripoakatana: —pite teoso akiri pitxaua ininia xesosi txitana ninoa auiritaikana akiritinina kotxi ninoa imarotari teoso mereekiti ininiaua xesosi,Apurinã
18762,badani abonoa binoki'aha ada pedro vahoariha maakarinia vahojaki-ra ni'a'ianahi: —ovani hi'o jesus ipohina,Paumarí
18703,jesus va'ora ni'aha adani ija'ari: —ka'oa oamani hida kodivarani va'i jahajahani gorana joi'aha ada imposto gathaniva abono deua biakariakaki ada ni-biakariakaki ada farisio ija'ari abononi ni'ahi: “hovani hojai jahakia okahojaika'oaki ho” deua bini'ahi hida ija'ari: “ni-jahaki ida kadahojai ni-khai oni'aki ida iabononi ivaboraborahavini” ija'ari jahania abononi vaboraborahavini mani ida deua binava'i'aipahihivini hija bana ija'ari abononi ni'ahi: “ova'i-ra anaipahihiki hida kodihojai asohiriki” deua bini'ahi: “oviaha iva'ini aipahihini mani ida khai ira oni'avini hija” — jesus va'ora ni'aha adani vajoroni'iki,Paumarí
17087,hoka haliti ityani haikoahetehena xihaotita hetati tyaonitere nali enokoa xeta hoka xoanaiya xisaohena,Parecis
7336,igwete ga po'ami hekyita opira i'arimova'ea nhandaipe ua jesus'ga pyri,Kagwahiva
5000,xondaro kuery ojapo petei ngora juu gui haꞌe omoi inhaka re omonhemonde petei ao puku purpura guigua py,Guarani
25295,pi'o nori zama te isire 're nomro wa'ubure te te tama 're i'anhamra mono nori ha dure ihaze ha te te tama 're i'apari mono nori zama te isire 're nomro pi'o nhisi ha mariza madarena na isisi ha wa'ubure ha  na ihaiba za'ra ha te te tama isamra za'ra ha dure zuwana na pi'o nhisi ha cuzaha mro ha apito erodihi ma romhuri'wai mro ha dure suzana na pi'o nhisi ha aimawi nori ha te dure isire 're nomro pi'o nori ha aha na ta nori ha tinhimari na te zezusi nori ha te te 're pawaptob za'ra,Xavánte
8880,jesus ty a pir my tope jo in ta ni jesus mynh fag tog pryg kar ki jerusalem ra mu ti fag ty festa ty pascoa venh mu je fag jykre ha ve jesus ty  anos han ky tog fag mre ti mu ge fag ty festa en venh mun ky jerusalem ra festa ty tu ken ky fag tog vynvyn ke mu ha ra jesus tog jerusalem ta ni ni ha ra fag tog ki kagtig nyti ti ty jerusalem ta ni en ki ky fag tog: “ti hyn u ty eg mre kamu mu fag mre vyr eg jo” he mu ky fag tog kura pir ki mu mu fag jama ra vynvyn ke ky fag ty ajag mre ke fag ta junjun ky fag tog ti javanh mu ajag to ha kar fag kami,Kaigáng
15780,tii dꞌ tahadoo do hyb nꞌaa “dooh baad hadoo do pꞌop haga do moo wad ji ha” nang gꞌeeh ji kyyh dooh tawꞌaats he tii da dooh ji edo ba,Nadëb
12678,jesusya taꞌpi: —maasa etati kaꞌneꞌ pe uuipi kupi siriri uuipi yai manniꞌkan iꞌ toꞌ nikupiꞌpi wenairi toꞌ pia untiri enepiuya uyarakkiri toꞌ kaisari itiitoꞌpeuya,Macushi
6877,icoa niiɡaxinaɡanadi awitakaɡaɡa yokaaɡetedipi yemaanigipi domaɡa eliodi me jemaa me jidikotibigaɡajitiwaji me idalaɡata anodaaɡee aneotedoɡoji meote me ɡodewiɡatace okotawece pida jakadi meneɡegi leeditibige me jidikotibigaɡajitiwaji me ɡadoniciwaɡati manienaɡaneɡeni niɡinoa niiɡaxinaɡaneɡeco ɡotiwaɡatakaneɡegi codaa makapetege niɡina anoyemaa moiigi niiɡaxinaɡaneɡeco ɡotiwaɡatakaneɡegi liiɡaxinaɡaneɡeco ǥoniotagodi ane nenyaɡaditetema niɡina anoyiwaɡadi liiɡaxinaɡaneɡeco anidioka limedi mida ane jaoɡate igaataɡa idiwa ɡoneleegiwadi ane lakapetedipi aneotedoɡoji jaɡawatege loiigi ǥoniotagodi me diɡicata ane yowooɡodi naɡa dinawanaɡaditege odaa joɡodiiɡaxinaɡatece niwitakeco odoletibige modiiɡaxinaɡatece me jakataɡa me jaoɡate niɡinoa lidaɡataka ɡodolaadi ane beyagi igaataɡa modi aneotedoɡoji me daɡa ɡodiloikatiditeda leeɡodi me daɡaxa meletedoɡodomi codaa aɡodibatege jesus cristo anokijoatece me ǥoniotagodi niɡijo jotigide aneotedoɡoji naɡakaa yalaɡate anigoteta me iloikatidi niɡinoa niiɡaxinaɡanadi awitakaɡaɡa,Kadiwéu
24014,amcunachunatacmi icha umayquicunacta nachapacalcaliy carayquicunactapis pa'apacalcaliy ayunashayquita nunacunaman mana tantiachipacunayquipa chaymi ima pacalashantapis lica taytayqui lluypa nawquin allinpa licaycushunqui,Urubu-Kaapor
12787,inna uuri ayukon enen koꞌmannitoꞌ tiinen,Macushi
4677,naꞌe umumeꞌu zezuz maꞌemumeꞌu haw wanupe aꞌe kury,Guajajara
7365,po ga hepiagi ovelha a'ero po ga roryroryvamo hehe hory po ga jara rehe noventa e nove ovelhas rehe ika'nhyme'yva'ea rehe novia koji'i po ga roryroryvamo akoja rehe ojipejiva'ea rehe ei jesus'ga ndopotari po ga ojipejiva'ea vehevi ika'nhymame a'e ji imombe'ukatuavo pe me ei jesus'ga,Kagwahiva
14389,— onze beayu beam aca gu on kawenwen eweju bay warara'acayu itabut je'e okay ixeyu omuwenuwen puye ixeyu beam tak on kawenwen eweju- -guyjom itabunayu beam — io'e — bay “ixeyu juy esubuywan pug tag ma ip ceku am” i on e'em ewebe bay pug tag ma en jekukum oweju on tak pug tag ma eweju jekukum — bay — io'e — obikuy wuyekukuap co'i ceku am ip wuyekukuap tag jekukum pima itabut'umayu je'e “deus jesus emumudot” i — io'e,Mundurukú
10058,tii heka hebreu mahadumy tii rexininire jiary tule kia tuu rare ijao mahadumy heka tiiboho rexininirenyre jiary tule abrao riokoremy rarybemyhyre jiary tuleri,Karajá
7701,aere ore hepiagi ypa'ouhua chipre orojohukoty igwete ore kwavi ipyvo orogwovo siriapeve'ga gwyri pe pevo ore herojari cidade de tiro pe a'ereki pevo ga gweno'embota mbatera itayharuhua hugwi,Kagwahiva
25180,zezusi ha da'ama isiwamrize wasu'u tawamha zezusi ha ma to dateme 're mo 'ri wa'oto mono ba te te dama 're rowahutu mono da zudezu nori te rowahutuze mono ba 're ihaimana u'asi mono da'ama 're isib'a'uwe mono ze wasu'u na te te dama 're rowasu'u iwasu'uwe na dahaze mono ba ma to dure da'apese haze u'asi wa sib'uware na 're inomro mono nori zama te apese zezusi ha tawamha da'aha uptabi na te te da'ab'mada'a wamha ma to zezusi ha da'ama aiwamri tipe'e na pone'ereba 'mada'a ana 're inomro mono ne robzei ana 're dahaimana za'ra mono wa 're dasipawapto waihu'u za'ra mono o wa,Xavánte
16623,moi³­se²­ah³­lu¹­tai²­na²­ wan³­txa²­: — a²­nu²­a²­ a³­xa²­ yen³­kxa²­ yxo²­kwain³­yah³­lxi³­txa³­he¹­li¹­ nxe³­jau³­xai²­na²­ wi¹­jau³­xai²­la¹­wa²­ yxan¹­ta¹­ txa²­ko³­nxa¹­ju³­ta²­ sa²­kxai³­lu²­ au³­txi³­ yu³­sa³­ha²­kxai³­ wi¹­jau³­xai²­na²­ i³­kai²­notsxa³­ i³­khotsxa³­ i³­ki³­ha¹­ki²­nha¹­ha²­kxai³­ a²­nu²­a²­ a³­xa²­ yen³­kxa²­ ka³­lxa¹­te²­a²­ yen³­kxa²­ kain²­ yxo²­kwain³­ti³­hitsa²­hxai²­he¹­la²­ yxan¹­ta¹­ moi³­se²­ah³­lu¹­tai²­na²­ wan³­txai²­na²­ yu³­ne³­lxa³­kxai²­nan²­tu³­ hxi²­kan¹­txi³­ txa²­ko³­nxa¹­ju³­ta³­la³­ wan³­txa²­ yu³­ne³­lxa³­jau³­la³­ i³­kai²­notsxa³­ i³­khotsxa³­ i³­ki³­ha¹­ki²­sa²­hi³­nxnxa³­wa²­ sa³­ha²­kxai³­ hxi²­kan¹­txi³­ a²­nu²­a²­ a³­xa²­ yen³­kxa²­ yxo²­kwain³­ti³­hitsa²­hi³­nxnxa³­wa²­ ko³­nxe³­ti³­ kai³­ye²­kxe³­su²­ ko³­nha²­hi²­ki³­sxa³­wa²­,Nambikuára
18187,hari hi'adani deus athi ka'ojomo'iva abono 'badara jiniro-ra vanofikarahoki adani vanamonaha'imariniki ida varani ka'oa hiriki a'onira vaka'ojomo'ivini kaimoni vanofiki ida avakadijiniroa va'ora avano'avini vakadivarani 'badara abosini kaimoni hari mahi 'bo'dakari deua bivava'isohihiki hida varani vihina: “ija'ari nasohiva abono ho ova'i ogairiki afoha'oadaha va'ora onapohimajaki bana adani oathi ka'ojomo'iva abono 'badara ibavi jaharika'oakia va'ora okaronaki bana adani” niha,Paumarí
9211,omombeꞌu ramo gwi judeu kwery-pe grego-py onheꞌe vaꞌe-pe onheꞌe mbojevy jevy oiko-vy inheꞌe ojukase moꞌa ixupe oiko-vy,Kaiwá
15938,ti mꞌ joseh marija rabahajaa ba ka mꞌ sahonh he pꞌop haga do ky nꞌaa jawꞌyyk do mejuu doo rababaaj hom kan sa panang henh nasareh had nang doo garirej haj nꞌaa henh,Nadëb
12116,inna seruꞌ pepin aniꞌ kupi paapaya pepin yairon pe miriri moisesya yenupantoꞌ riꞌpi kupiiya wenai maasa pra imaimu eꞌmenukasaꞌya taasaꞌ man: —paapa pia mori pe tiweꞌsen koꞌmami eꞌpai man innape ikupi tiuya wenai —taasaiꞌya man,Macushi
10044,idi mohotinybenyke waluu waseriore mahadu ibutumy bexiywinymahabenyke iny‑o boholamyhybenyke tahe aowimy aoko marybeke lau wymy adebureomy habu debure‑ribi deuxu obitina rahenyotyhy,Karajá
10072,tahe agripa paulo‑o rarybere: —aowaxiny belyykre aijyymy paulo he tebo riukore he rarybekremy,Karajá
6001,joaniɡidaa iiɡenatakaneɡegi madinemaanitiwagetiwaji digo anejigotaɡawa me ɡademaani,Kadiwéu
24162,ma alcabala pagapacunayqui illaycata licachimay” nil niptinmi juc dinariu nishan illayta upacula jinaptinmi tapula: “cay illaycachu pita cayan pip shutintatacmi apan” nil,Urubu-Kaapor
9966,mbojape mbovuha rehegwa nheꞌe-rami arandu nheꞌe upei heꞌi jevy: —mbaꞌeixagwa nheꞌe aiporu-ta aikwaa uka hagwa pee-my nhandejary nhande ruvixaha heꞌi —mbojape mbovuha rehegwa nheꞌe-rami amombeꞌu-ta —kunha oipyhy huꞌi ojapo hagwa mbohapy mbojapera ha huꞌi-py omoi moi imbovuha ijavyte-rupi voi ojeheꞌapa hese indive ovu ombovupa-ma ixupe heꞌi hesu nhandejary nheꞌe iru hetave tave oi vaꞌera rehegwa kwaa uka-vy,Kaiwá
8827,tope vy fog ag mre kanhgag ag krenkren han sor mu ag ty ti ki ge ky u ty judeu jykre han tu ag kar krenkren han sor tog mu ha tog ran ky ni vasy tog ran ky ni tope vi ty ran ky ni ki vasy tog abraao my venh vi ser tag to ja ni ha me: “povo kar my sog vi ha han ke mu a tugrin” he ja tog ni tope ti abraao my,Kaigáng
22476,enomone neko koati yuhoti yuho'ino voxu'ikene abraum viteovamo ne vanane koane hokeamo uti ituko'oviti akoti pikone uti koekumaka sasa'iyea yoko poneovo kixoku vitukeovo nonekuke ya uha koeti kaxena uti yara kuveu meum,Terena
20385,iwaze nanabyitaba sesus soho ziwabykynaha,Rikbaktsa
23055,o'akɨhɨ yee kiti ohaka puripɨ oha'karo nohota nii' a'tiro oha no'o': “pehe kɨomi'kɨ kɨo yɨ'rɨosome api pehete kɨogɨ ke'ra ye'e noho dɨ'sa no'osome” nii oha no'okaro niiwɨ,Tukano
21449,tupana miꞌairo uruto tehay moherep hamuat miꞌi pytkai yt karape i urutoꞌe — uruto poꞌog tupana uruꞌairo yt urutoꞌe i iꞌewyte — uruto poꞌog imohey haria iraniaꞌin kai pote tupana uruꞌairo hap yt urutoꞌe hin i yt miꞌi ta ahehay hin i katu­pono uruesaika hap tupana ehay moherep hamuat yt tut i uruesaika hap kaipyi maꞌato tupana urumoe­saika tesaika hap kaipyi tomi­ky­ꞌesat nug hamuat tupana paꞌau tum tesaika hap uruepe yt uruwe­kaipyi hin i tut uruesaika hap,Sateré-Mawé
371,onyriryko waro ase ajamitunuruko pitiko roke repe ynamorepatya omipona matose jurumekara matose omotoh totapuruhmakase ya omotohkome moro anapurupyra imehno mana,Apalaí
8948,ti ha tugnin tope tog eg jagagtan ti tag tugrin eg tar nyti sir ky tog eg my ser ti ge tope vy eg ty un mag han ke mu ti ty ty un mag ni en ri ke han je tog ke mu ky tog eg my ser tinh mu sir,Kaigáng
21808,pyno typy sehay tuꞌuka uipiit pe wetup sehay — etunug o wakuap e wetup sehay — etunug no yt naku i e miꞌi hawyi mekewat sehay saꞌag upi uipap tuereto hawyi mekewat tupana miky­ꞌesat koꞌi yt atunug i yt naku i uito are,Sateré-Mawé
6425,niɡina motaɡaneɡeni aneotedoɡoji jinoɡopilaɡatitibigeloco ɡagegi ane diɡicata ane niitigi anee niɡina oko ane doɡoyowooɡoditeda aneotedoɡoji igaataɡa odiletibige aneotedoɡoji daɡa wajipatediogi niɡina meliodi me notaɡanaɡa,Kadiwéu
24291,niptin felipe curriycul ashuycunanpami ligiyata uyalila cay niyata: “chipinanman uwishta apaycuya-yupaymi apalalin millwanta lutuptin upalla quidacanumi mana imactapis limalculachu pin'aypa uyshulachipacul ni mayanpis tincuninman licayculachu chayura milaynincunapi mayanlla limaycalinmanta cay allpachu cawsaynin chincayaptin'a manama jucpis canchu” nil chaynu uyalilculmi felipe tapula: “taytay cay ligishayquita tantiayanquichun” nil niptinmi chay nunaca: “imanuypatan ya'a intindiluman mana pipis tantiaycayachimaptin” nin nilculmi: “taytay cay-laduman ishpimuy” nil carritanman ishpichila,Urubu-Kaapor
12695,maasa pra paapa maimu eꞌmenukasaꞌya taasaꞌ man: amiri wiriꞌ manniꞌ iꞌ pensa more yenpotipon pepin taatausinpai eꞌki amiri iꞌ pensa more morontasaꞌ epuꞌtitipon pepin marari pra entaimepiꞌki aatausinpasaꞌ wenai maasa pra manniꞌ wiriꞌ inyo nirumakaꞌpi miikiri payaniꞌsan wani kupi siriri marari pra manniꞌ tinyo yarakkiri tiikoꞌmansen payaniꞌsan yentai taasaiꞌya man,Macushi
5418,ixupe omeꞌea avi ojuru py ijayvupa rei haꞌe ijayvu vai agua quarenta e dois jaxy peve ombopoꞌakaa haꞌe ramo ojuru oipeꞌa nhanderuete re ijayvu vai agua haꞌe rami vy hery haꞌe ombojeroviaaty re ijayvu rei haꞌe yva pygua kuery re guive,Guarani
9129,“ndaꞌu moꞌai xe jary” haꞌe ixupe “ay peve neꞌira vyteri haꞌu soꞌo vai yma gware nheꞌegwe-rupi ndaꞌui hiꞌupy eꞌy” haꞌe ixupe heꞌi jevy xe-vy yvay-gwi onheꞌe vaꞌe: “nhandejary ko heꞌi-ma ramo ipora jaꞌu hiꞌupy eꞌy ani ere tei” heꞌi xe-vy,Kaiwá
21361,timoteu ewatetup o aika­ꞌiwat iesui kape taꞌi miꞌi ti morekuat tawi emiariru emiariru sese miꞌi miit tupana mimoiei­neꞌen pakup i raꞌyn hat ahenoi wuatꞌi puo,Sateré-Mawé
26430,ne kam ajte ta me'oma —‍ikot te ikot ten ma ikot ajkame ane nhym kam kum —‍adjym benjadjwyr ibam kumrex gedja ba akubyn ten adja ibam ne ajbir ibe ty ane,kayapó
17028,wenati matyotenehare exe akiti naxairatya xiso enore ityani tyakekohenerenae ana hoka waiyekehalaka maheta xomana xawenane matyotenehare tahi akiti hoka enore haoti wisaonita hoka wimamairanehare wisaonita exakere hiyeta: waxeneya xoalini hare aokitere akereta hoka seminiya,Parecis
20020,asaktsa motsasoikiknaha: — o kahudikhudikwy tsipiharamunaha zuba — mykaranaha usa hudikhudikwy taberiki tahasapy ekze inaonaha tsa hi batu mytsaty zikaha tahasapy bo mytsaty mykaranaha zeka iwaze zikzisizonaha batu ihokdaha,Rikbaktsa
7263,tupana'ga rembikwatijarukara ko e'i hako ei ga “onga apohara'ga japorame onga ita apopyra hepiagi ojipeji ita a'ea ga imombori tiruahu javo jupe aere akoja jitehe hekoi huvihavamo jara hohe opyryhetero onga pyhykatuavo” e'i ikwatijara hako ei pedro'ga na jitehe ko pe ei ga pe napearoi jesus'ga tiruahu ga javo tehe ga pe tupana'ga ki a'e te oaro hete reki ga pyry hete ga javo ga pe ei ga,Kagwahiva
969,jezu nymeropohpyry eximinapoko neneryme —imepy pape imeroko ynenyokyhpyry neneryme eximinapoko amorepane neneryme ynara kaxiko eya “ywy ase osemazuhme aexihpyry etyhpyryme aexihpyry enara aorikyhpyryme ro ase tosemase ropa ase ynara kary se ase oya xine,Apalaí
18638,hari avakabai'aha ada vakadikajo'o jose pavakari vaniha'aha vakapavakariva avisa'aha egito kaarabonia kidikariva bikapavakariki ada jose honai abono gathaki hi'ina ada jose kohana egitoa hojana oadani deua biakodia'aha jose va'i rogo inibakhiani kaba'i deua bikajoamora'aha kidi'ogahaia bino'a'aha deua biakodiavini mani ida egito kaaraboni kaka'da'dini jose-ra vajahavini hija farao oniki ada oniaroa farao jose-ra honaria'aha va'ora vaka'da'dira kaimoni adani egito kaaraboni kaija'arini vakadiarabo hiki jose va'ora vaka'da'diki jaboni adani farao gorana kaija'arini hahavi,Paumarí
3737,maka kura adanahoymby tawala vende aieholy eagonro emaryem maka imery ola aunlola imeryem awyly; adaunloenla tunwym xuraempa nipyra,Bakairi
11794,jaꞌwapinima ꞌjawe aipo jaꞌwaraiwa ipya ursu ꞌjawa py ꞌjawe futat leao ꞌjawe ijurua aꞌere tejuuranuua imogoi ꞌwyriaramu ojepyri opaje mua jupe aꞌeramu ywy pewara ꞌga najuejue etee ijeꞌega renupa,Kayabí
7327,mara ji rekoi naeru a'e ji jitekovo a'ereki jirekokatupotarame ji ndakokatui tuhe ji rekote'varuhupotare'ymame ji rekote'varuhui tuhe,Kagwahiva
19850,tudo me e permitido mas nem tudo convem tudo me e permitido mas eu nao deixarei que nada domine,Portuguese
9148,kokwe jary-rehe pene manduꞌa jave pemeꞌese ese vaꞌe petei tei tapemeꞌe ixupe kwery ani eremeꞌe nde pyꞌa vyꞌa eꞌy reheve neremeꞌesei ramo ani eremeꞌe nde pyꞌa ovyꞌa ete reheve ae eremeꞌe vaꞌera eremeꞌese vaꞌe nhandejary ohayhu voi ipyꞌa kyreꞌy reheve ombaꞌe meꞌe meꞌe vaꞌe-pe,Kaiwá
15704,ta jawen mah pꞌop haga do ky nꞌaa rod seeh erisew had nang do hawat noo go mꞌ hajok ma nahee enah doo rog manahuuh do isaraew haj nꞌaa ba ti hadoo ne he mꞌ dooh mꞌ sa nahee erisew ado hom ba jaam ne mꞌ set he tanahee do hom namah had nang doo sirija had nang do buuj ma tii —nang ma jesus sa ha,Nadëb
24292,niptinmi chay walashcapa taytan apalcachaypanuy nila: “ya'a rasunpa chalapacumi; ashwanpa yanapaycallamay masta chalapacunapa” nil,Urubu-Kaapor
23442,a'te dɨka watiro weero noho ɨ'mɨsekahara ke'ra meheka ɨpɨtima a'ti di'takahara meheka ɨpɨtima ɨ'mɨsepɨ niira ayu butia'ri ɨpɨ kɨoma a'ti nukukapɨ niira ke'ra tohota kɨoma ɨ'mɨsekahara a'ti nukukakahara weero noho niitima muhipu ɨmɨkohokɨhɨ yamikɨhɨ weero noho toho niika yokoa weero noho bo're yuutimi yokoa ke'ra ni'karo noho bo're yuutisama,Tukano
10415,txioromy dehemynydeu tiiboho rexitarenymyhyre hawahaky‑ribi,Karajá
14925,obureyu “soat em ma on pit ixe a'o dag jekukum ixe ebekit puye” i'umgu on pit e'em eywebe gebum gu on pit e'em kuyap kay ikereat kukukap kay waguyba'um on pit iboap kay gebuje bit idipat ojukuk idipat kukap kay aca on gebum imenpuye soan ma on e'em soat em weku am ixe bikuyap tag jedaudau'ukat cug ma jedaudaum tupteibogatup pu am- -jadagaptup pu am ixe-buxim on tak soan ma e'em deus emumuum pu am deus kuy juk onae soat em jexe onuy am jesus cristo kay wetabut puye — soat em cuy eguy oxe kabi be — i mo adi a'gu o'e owebe,Mundurukú
264,tynekarory kura ekaroko ritonopo kyya xine mana tyotyoro inekarohpyry kyya xine mana tapoise kyya xine porehme naeroro penekehpyra sehtone ritonopo nekarory apoiry poko kyya xine imehno akorehmatohme imehno zururu waro awahtao xine ritonopo omiry poko zurutoko toto imehno akorehmary waro awahtao xine ritonopo jamitunuru ke toto akorehmatoko morara awahtao xine “kure mase ritonopo emero motye kuhse” ako oenenanoko mana “kure jezu kyrixtu mana ipoetory to roropa kure” ako ma toto “emero motye kure mase jezu emero motye tuisamehxo mase” sykatone jezu kyrixtu a kokoro rokene,Apalaí
24655,chaychu na ulibus ulupi bajayalcalmi llapa yachapacunincuna suma jatun lulaycunacta lulashanta licashanpi bibashtin alawapacula: “¡cawsachun diospa pudirnin mandacuca ¡cawsachun imaycamapis” nil,Urubu-Kaapor
4952,naꞌe zezuz uzeꞌeg wanupe kury — pemeꞌe ko maꞌe rehe kury amo ꞌar mehe nehe teko weityk putar ꞌag tapuzuhu aꞌe wa nehe nupyta kwaw ni pitai ita amo ita ꞌar romo nehe iꞌi wanupe,Guajajara
2355,isaki xakoo xosee pakini auikiniri teoso sakire isaki apaka auikari teoso sakire kotxi itakari erekari imi xakoo isaoo pakinimoni teoso nireekiti iaoka ikaminina tikane,Apurinã
18745,hari ahararana vahoja'iki adani  vihiki imakhinava kohana vaigamina adani aajojahikia bianakara'ihi ida kidigamo kidigamo-ra vaisaravini oadani abini'aha,Paumarí
3016,jesus jerusalem ijidadary odaji saindyly saintybyem deus ety odaji egawandyly nhenuagaendyly enuagaenibyryem egasely betania anaxi odopadyly doze tynynonro modo aga iguandyly awylygue,Bakairi
26850,me'o kawaru jaka'a yr nhym kam kajkwa ajkij nhym kawaru jakaja dja nhym me'o 'a nhy me'o nhidjibe kabenkumrex ne ajte idji 'obe katat kaben ne 'a nhy nam katat mema axwe panh jaren kot me'yr prot ne no pok kute kuwy pok pyrak ne kam benjadjwyr rax kradje tu kradje krapti ne kutu ne ta idji 'a wajet nhym me kute idjija pumunh ket ajbit ne kute aminhidji pumunh ne o kubeka kute kamrokam irja jadja nhym me kum idji jare idjibe metindjwynh kaben tam ne me kum are nhym kajkwakam metindjwynh nho krakamngonh krapti kot mo ne kam kubeka mexkumrex kubeka jaka kubeka ajma kute ket jangij ne 'a mo kawaru jaka'a ne me krin kot mo nhym benjadjwyr jajkwa krekre kurum kaxdjwa kajgo kato kaxdjwa kajgo djwa mexkumrex ne kato nhym kubeka'a idjin kje'a idji idjibe benjadjwyr raxbe kumkatiti: kute benjadjwyr raxo pykabe me benjadjwyrja kuni jakrenh mexi kam ne kube benjadjwyr raxbe kumkatiti: ne kam kaxdjwa kajgo djwa mexjao dja apynh me ba djari meo ajke meo ajken kam ar meo ba me kum apenhma dja kabeno me anor ar o ba kabeno me anon me axwema ben tyx ar ba djam kute akranma ar me axweo bama kati dja kaxo aber djao ar mekam ngryk ban mekam ngryk mex ne godja metindjwynh ngryk janenh djakam me kure ne prine me ane nhym me kamro prot ne djam metindjwynh tyxo kube kumkati ngryk ngri got nam ar meo ban i mekam ngryk mex ne,kayapó
21280,miꞌi tupono ahetup ewawi uipyꞌa pyi etunug no aika­ꞌiwat iesui motypot hamuat uipo­wyro o mesuwat uimietup ete miꞌi etunug mote uimo­wepit kahato katu­pono eheykeꞌet sese areineꞌen uito uheywyt en aika­ꞌiwat iesui mohey hap kaipyi pyno woro­mohey kahato en wiremu taꞌi arewa­netup turan ti etunug aru mesuwat uimietup ewy uimiwan miat ewy arewa­netup etunug poꞌog aru uimietup kai uikyꞌe epiat pote,Sateré-Mawé
12052,jesusya imaimu yuukuꞌpi: —amiriꞌnikon niri tiwari eꞌti moises nuriꞌtiya yenupantoꞌ piꞌ yenupatonkon maasa pra aweꞌtarumaꞌtikon kupi siriri maasa pra yairi pra tiaronkon yenupa piꞌ aakoꞌmamikon wenai tamiꞌnawiri saꞌme ayeserukon kupi tiaronya yuꞌse awanikon tiise amiriꞌnikonya miriri kupiyaꞌnikon pra awanikon nem marari,Macushi
2853,ati aapokotxi apokaapotakasaaki aokitana tesi kikiakori amianatakani paiaka matatakani ikira atoko akiritarina: —xesosi koerekareri piamonikaua ate —itxana,Apurinã
19207,entao ele comecou a ensinar-lhes que era necessario que o filho do homem sofresse muitas coisas e fosse rejeitado pelos lideres religiosos pelos chefes dos sacerdotes e pelos mestres da lei fosse morto e tres dias depois ressuscitasse ele falou claramente a esse respeito entao pedro chamando-o a parte comecou a repreende-lo,Portuguese
7157,pea hugwi ore hoi orokovo pea rupi macedoniapeve'ga gwyri pe a'ero ore vahemi cidade de filipos pe filipos ko huvihavuhu pevo macedoniapeve'ga gwyri pe cidade de romahugwive'ga ko pevo u filipos pe onhimongyavo a'ero ore vahemi filipos pe mbohapyrete'i ore kiri pevo oropytavo,Kagwahiva
21603,katu­pono aika­ꞌiwat iesui tiꞌa­tu­po­wyro kahato tosai­pe­piaria tehay enoi hanuaria hawyi tutum tesaika hap iꞌatuepe topaꞌau tutum tomi­sepap koꞌi ewywuat nug hamuat toipywo kahato tehay iꞌatuwe piat katu­pono taꞌa­tunug imisepap yt miitꞌin misepap ewy hin i ipaꞌau esaika hap wywo miꞌi hawyi iꞌatupiit pyi tuwetem hesaika hap miitꞌin moehaite hamuat iꞌatupo iꞌatupiit pyi taꞌa­tunug kahato miitꞌin yt ewy hin i miitꞌin mowa­netup hamo miitꞌin waꞌa­kasa hamo miꞌi hap kape teꞌe­ra­haꞌat iꞌatue­saika hap kape hawyi pywo iꞌatuꞌe tutum topaꞌau iꞌatuepe topotpap nug waku kahato hamo tomi­ky­ꞌesat ewy toimoꞌe yne tesaika hap iꞌatuepe,Sateré-Mawé
2647,iuasaaki ate auakipanika inakaniua apiananiri kanapiriakasaaki asari ninoa mitxi ipikani apisapanika mitxi ninoa sa iposo atoko ate sa apiananirimoni apiananirira sapiretapekaua ikara iuasaaki apiananiri potorika itixine iuaka katxaka uaimoni iuasaaki akiripoakata iua apokasaaki ininia kakiti kenakotariko teoso nitiriakori auite sakire teoso tropetane xokiko kenakotaaka iuasaaki mitxi ipikani kristo sakire auiakani merepanika okitikauako,Apurinã
12687,iꞌ kaiꞌma uyesaꞌkon eꞌmiꞌsaꞌkatoꞌ yekare yai pra tiaronya ekaranmapo iꞌ yeꞌka pe see isaꞌmantaꞌsan eꞌmiꞌsaꞌka eꞌpainon toꞌ piꞌpi toꞌ esaꞌ kataꞌpi tanne tiise iꞌ yeꞌka pe toꞌ esaꞌ wani kupi siriri taiya,Macushi
24508,paychu capacushayquiwantacmi sinalashana cayalcanqui manam nunacunalla sinalal aychallanchicta juluycushannullachu sinu'a cay aychanchicpa munayninpi julaycamashanchiccami; chayta jesusllanchicmari lulaycun,Urubu-Kaapor
3243,ady deus ize ato tutuze deus ispiritury awylygue deus xura modo eynyna eaga agueduo deus ize ato arala nhekadyly,Bakairi
16248,nxe³­nxa²­ha¹­te¹­ a²­sa³­wi³­ha³­lxi³­nau³­xai²­na²­ e³­lain¹­ti³­an¹­jau³­kxai³­lu¹­: — a²­nu²­a²­ a³­xa²­ yain³­txa²­ te³­sxa³­ u³­hu¹­ain¹­te²­tan²­ku²­ ki³­nhai¹­ nen³­tain¹­ta¹­hxai²­he¹­la²­,Nambikuára
23623,toho weera fariseu masa toho niika sacerdotea wiora nerekara niiwa naa sacerdotea wiogɨ kɨɨ me'rakahara niiropɨ nerekara niiwa a'tiro niikara niiwa: —mari de'ro weerasari jesu pehe ayuse wee i'yogɨ weemi mari kɨɨre ka'mu ta'atika nii pe'tira kɨɨre eho peorasama romano masa wiora a'tirasama a'ti mari wiora niise o'akɨhɨ wi'i ke'rare ko'arasama,Tukano
22262,vo'okuke neko mopo'ati kotiveti koekuti yuku kurihoe yoko enxofere ipuhikeati pahakuke neko kamo enomone koepekexino eno xane enepone ye'akeye koepeu hane koeneye: eneponi ihaxaka uha koeti xane apeti yara kuveu meum ya mopo'ati ihaxakoku mani pohuti yane mopo'ati ihaxakoku koepekexeokono enepohikone kamo pahakuke ovo xunako yoko ihikuke kene ihi kuti koe koexoe ape tuti koexoeya yoko enomone veinoa oko'okexea xanehiko,Terena
8010,tope ty jene jafa ag ty epra ke ag vog konan man ky sog kanhka ta nen u veg mu ge inh my tog e ti isy nen ne en ve ky ky tog inh kane jun mu tope ty jene jafa ty  ke ag vigve inh ga kri ke ag vog konan je ag tog ke mu vogvog ty  ke ki ag ty ga kri ke ag vog konan kar ky tope tog ju man ke tu ni ha,Kaigáng
6296,onidiwa icoa niiɡaxinaɡanadi anodiiɡaxinaɡatece lajoinaɡaneɡeco moises anoicoɡoticogi nigotaɡa jerusalem niɡidi modi “belzebu ane lacilo niwicidi abeyacaɡaɡa yajacaɡadi codaa yajigotalo notoetiigi me iticoitedicoace niwicidi abeyacaɡaɡa”,Kadiwéu
17385,hiyaiya koxaka haiyahalonae wainiyaneneronae halakisaha hatyakekoneha cristo hoka ahalakoahaliti koamaniya tyaonaha,Parecis
17396,nikareta masenekoa hakatyasehare tehitiya nakairati ihatihena hoka hatyo ana hotohare kaxekakita,Parecis
19492,nao repreenda asperamente ao homem idoso mas exorte-o como se ele fosse seu pai; trate os jovens como a irmaos; as mulheres idosas como a maes; e as mocas como a irmas com toda a pureza,Portuguese
4566,azur tuwe heru wi ihe ywy rehe ihe ahem putar aha ywy wi nehe kury heru pe heho pa nehe kury,Guajajara
17029,hiyeta hoka enore haomanere hotyali aohenere waiyakahare howitihare nawenani tyaonita xakore hoka naiyateretyoita exe harenae notyomita waiyexe maniya kaxomokakehetaha hoka jesus cristo nali wenati waiyexe matyotenehare ana hikoaha maheta,Parecis
15742,tawꞌaats he be moo boo hadꞌyyt he ti pꞌop haga do be ha takaren doo tii ba da be gadoo da hy pong je ta sam pꞌop haga do hanaa hy pong je dooh kamera hedoo do reja ba ta sam pꞌop haga do hanaa ji gadoo doo ta tii ba dooh tahetod ba ta sam ta tii ba dooh retseeg ba pꞌop haga do hanaa ji gadoo doo,Nadëb
19587,tendo acabado o vinho a mae de jesus lhe disse: eles nao tem mais vinho,Portuguese
13198,ya' kummuk topa pu' ya kunnix pu ham'aktux xex pa' koxyoy,Maxakalí
4903,kwehe mehe ywy iapo ꞌym mehe tupan ukwaw katu uzehe uzeruzar maꞌe ram aꞌe wa umuapyk waner pape rehe arapuharanaꞌyr zawenugar izuka pyram aꞌe wiko aꞌe pape izar romo aꞌe aꞌe uzeruzar maꞌe aꞌe wa numuwete katu kwaw aꞌe azaguhu aꞌe wa nuweruzar kwaw izeꞌeg wa uzeruzar ꞌym maꞌe umuwete katu azaguhu aꞌe ꞌar mehe aꞌe wa tupan numuapyk kwaw waner aꞌe pape rehe wa,Guajajara
1802,jakama na pu htem kris kukwak ri ra axpen nhipex nyw o axpen nhipex o ri papa me ixpe ijaewjaja ne me ape ijaew ket xwynhjaja na pu htem te ra ixkre tipxi kama ri papa pyrak nom amnepem na pu prem a axpen nhipex anhyr ket ne me pahte amnhi nhipex tumja ahpynha na pre na pu prem pama axpen kure ne axpen kax a ri papa ne nhyri axpen pumu ne te pahte axpen pumunh ket pyra ne nham parit o ri mra ta nhum kris me pane htyk o me pahte amnhi tomnuj piita hpanha amnhirer pa me ixpe ijaew ne me ape ijaew ket xwynhjaja ne htyk o te ra kot me pahte axpen nhorkwy hwyr axpen wyr o papa pyrak jao me pama axpen kure ho hapex ne hpanha tam axpen kaxyw me paxunhwy pu me hpanha axpen to mex raha ho ri papa amnepem mojes kot tirtum nhy ha me ixpe ijaew me ixte tanhma amnhi nhipex to ho ixpa ha karoja na pa prem me ape ijaew ket xwynhjaja me ate tirtum kot amnhi nhipex ket a me apumu ne me akama inhgryk ne ne axpen ma me ajarenh o: —na me pahkinha me kot mojes kaper kot amnhi nhipex ket jakama koja tirtum me ho hkra hket ne anhyr ta nhum kris me pahwyr wry ne me pahpiita me pane htyk o me pahte hkot amnhi xunhwyr a me pahpumunh kot pix ma me pahto tirtum kra jakama pa me axte me ate mojes kaper kot amnhi nhipex ket a me apumunh kot me ape tirtum kra hket a me ajarenh ket ne hamri ne me ixpe ijaew ne me ape ijaew ket xwynhjaja pu me axte axpen kam pagryk o ri papa hket ne ra te ixkre tipxi kama me pahte axpen kot ri papa pyrak,Apinayé
18819,oniaroa vara onina-ra onakama'davini vani gaari'aha ada ma'onahai jahaki vakadiania va'ora avi'onani'aha ma'onahai jahaki-ra agathanibiininivini vani fori vanihaha cornelioa vagathani'avini jaboni,Paumarí
13378,homa 'axop te nom miy punethok tu topap-tup nog xop te' miy putuk ya topap-tup nog xop te hapkummuk miy pax tu' noy ha xupxetpax tu' paptuxpax tu hapkute'expax tu' xitpax tikmu'un xohix mutik tu yay kotinnaha' nuy kenmuk xo'oppax tu topa komut xop pu ham'aktuxpax,Maxakalí
6234,naɡa igidi meetalo “iniotagodi ɡadadiwaɡati” odaa ja yamaɡatedini lokotidi lodoe jesus me doɡetetalo,Kadiwéu
2568,kakiti sapiretakasaakiri isikaenetakiti ati kakitimoni iuasaaki ninoa apoka ati apiatakari apisatoo isikaenetakiti isapiretinina ikapani ininia iuasaaki kakiti imarotapitikari isakire atao inini ikara atoko ininia aapirena auari isikaenetakiti xika,Apurinã
3749,“asewaniwadaunga apynirymo itymo owogonromo ady ize matomo wara maentomoem ady pebaom modo ipa ato aunduwataunga” takezela ani ura ayanmo pyma jesus unarybyry enanaguewadaunga: “tuomare kura adyla kyam xududuo kuomaru kuru ola adyla kiunduduo” kewanmy — kely paulo,Bakairi
7987,—‍aere po ti tupana'ga ei ga pe nehe: “huvihava ko ga” naha po ti tupana'ga ei ndera'yra'ga pe nehe ei tupana'gapyrive'ga yvagipeve'ga nura po ti pe ndoryndoryvamo nehe ndo'ui po ti ga vinho nehe ojipe'ia no ahemboheagwyryva'ea po ti ga ndo'ui nehe tupana'ga ra'uva po ti ndojipe'ai ga hugwi ga pojykavo nehe ga arypyrame nehe ga nhimomboakarame nehe no —‍gaha po ti e'i israelitas'ga pe nehe: “penhi'ipo'rua'ja ti tupana'ga” e po ti ga nehe a'ero po ti he'yive'ga tupana'ga nhi'ipo'rui ojikoga ga rehe nehe ndehe ko orepojykaharetea javo ga pe ei tupana'gapyrive'ga —‍ndera'yra'ga po ti oho nhandepojykaharete'ga renonde nehe ei ga zacariasva'ea pe ymyahu tupana'ga ra'uva opojyka eliasva'ea ahe moiruamo ga mbopopoaka ei tupana'gapyrive'ga na jitehe po ti tupana'ga ra'uva ndera'yra'ga pojykai ga moiruamo ga mbopopoaka nehe a'ero po ti ndera'yra'ga akwaimbae'ga mbo'embo'ei nehe “pearo ti peja'yra'ga” a'ea po ti ga ei ga aroukara'java ga pe nehe ei ga kiroki ga ndokoi tupana'ga nhi'iga rupi – gaha po ti ga ombojapyaka katu nehe pyryve'ga ja po ti ga oko a'ero gweaporogitakaturo nehe naha po ti ndera'yra'ga ga mboavujikweri tupana'ga pe nehe toko ti ga tupana'gareheva'ero javo o'arame naha po ti ga rekoi nehe ei tupana'gapyrive'ga zacariasva'ea pe,Kagwahiva
23972,be'ro o'akɨhɨ wi'i ɨ'mɨsepɨ niiri wi'ire sope parika i'yawɨ tii wi'i po'peapɨ o'akɨhɨ nii butia'ri tukure i'yawɨ tii tuku po'peapɨ o'akɨhɨ dutise ohaka pihire nɨro no'owɨ,Tukano
18669,jesua vara bivani'aki ada abraao kohana hari oniaroa vani'aha ada jesus: —asohi'oamani'ia ida akadivarani ira vara avani'avini samaria kaaraboni kaija'arini fori ihiki i bajadi iva'ini-ra nahonariahihi'iki i jaboni,Paumarí
17868,hoka jesus nehena: — hawaiyehena kaiserehare hiyekohase enore hisaonehena exema maniya takita hahekohena ekoamaniya takita — exe iraiti atyo masakarexe waiyexe tyotya xaotyakiyahonai konitare,Parecis
19202,deem fruto que mostre o arrependimento,Portuguese
11745,judeuramu ore upe etee te davi ꞌga aipo ꞌga ꞌi naani judeueꞌemamu pe nupe nane ꞌga aipo ꞌjau nu werowiaramu janeruwarete ꞌga ꞌi abraao ꞌga upe rakue: “je rerowiar ape ekou aꞌeramu ene ꞌawamu ejesageramu jee mamaꞌe tywera apoareꞌema ꞌjawe futat ene ekou jee” ꞌjau ꞌga ꞌga upe rakue,Kayabí
17776,iraeti exahe wenati tahi coloss  hetati waikohe maomakahare xowakiya koxaka terota iraiti tyaonita “iraiti” nita jesus xaokaka nikare iraeta enore nali atyo iraiti tyaonita enore atyo hatyo iraiti hetati xowakiya atyo enore nali terota atyo iraiti tyaonita,Parecis
23602,espirito santo yeekahase nii' yɨ'ɨ mɨsa me'ra niigɨ nee waropɨre maata a'tere weretiwɨ ni'karoaka yɨ'ɨre o'oo'kɨ tiropɨ wa'agɨ wee' yɨ'ɨ toho niika tɨ'ora nee ni'kɨ yɨ'ɨre “no'opɨ wa'ati” nii seri ya'a wee' meho bɨha weti wioritika',Tukano
25239,wa ha ipawa'aba re 're ihaimana mono o di taha wa iwada'uri zarina si te 're romhuri mono o di tane nhere wa to isima we dapawa'aba ana dama romhuri'wa nori ne te dama 're romhuri u'asi mono da inhimirowasu'u zarina cristu ha da te 're isaze za'ra mono da si da'aha na,Xavánte
14396,— wajemap kabia be xepxep kapikpig e'em jekat pe- -agokatkayu pug ixeyu'in tujowat jeweju- -deus emunae eju wara'acat tujowat gu,Mundurukú
11502,“koromu je upe oporowyky maꞌe ꞌga jeremipyyrumera ꞌga jeremifutararete ꞌga aꞌeramu je tekuꞌiramu tekou ꞌga ree teꞌagesagea je amono ꞌga upe ꞌga rerekwaramu aꞌeramu nipo ꞌga jepaje mu etee futat mamaꞌe apou akou ywy pewara ꞌga nupe nipo ꞌga jeremiaporama momeꞌwau akou ‘otywer awi opoit maꞌe ꞌga nipo ꞌga imogyau wemiayuwamu’ ꞌjau ꞌga ꞌga nupe najuejue etee,Kayabí
5706,haꞌe ramo pedro oenoi haꞌe aeꞌia py haꞌe vy ndojou poraia rami ijayvu vy aipoeꞌi ixupe: — senhor enhemboaxy na haꞌe nunga ndere oiko eꞌy agua,Guarani
16205,nxe³­nxa²­ha¹­te¹­ je³­su²­jah³­lai²­na²­ wan³­txi³­kxai³­lu¹­: — nxexjah³­wxi¹­ ju¹­tai²­li²­ kwen¹­ta²­ i²­yah³­hin¹­ju³­ta²­ wan³­txai²­li²­ kwen¹­ta²­ ain³­kxa¹­hin¹­jau³­xa²­ i³­hen³­txi³­ja¹­he¹­li¹­ nxe³­ju³­ta²­sa¹­: ye³­han³­te²­su²­ te²­a²­ ye³­we²­txi²­ha²­kxai³­ ha³­lxu³­ha²­ ai³­te²­su²­ te²­a²­ a²­yu³­wi¹­lha²­kxai³­ a²­nu²­a²­ khon³­ta³­kxi²­sxa³­ ka³­laun³­ta³­kxi²­te²­su²­ te²­a²­ we²­txi²­ha²­kxai³­ a²­ne³­nxe³­na²­ ne³­ka³­tu³­te²­su²­ te²­a²­ nxe³­we²­txi²­ha²­kxai³­ a²­nu²­a²­ ya³­lu²­te²­su²­ te²­a²­ ka³­ten³­su²­ i³­sa²­yxau³­xi²­ha²­kxai³­ a²­nu²­a²­ yen³­kxi³­txa²­te²­su²­ te²­a²­ su³­na²­ wan³­txa²­ wi¹­jau³­xa²­ ko³­nxe³­ti³­ kai³­ain¹­ju³­ta²­ wa³­hxa²­ a³­wa²­su¹­ti³­hittain¹­ju³­ta³­nu³­a²­ nxe³­jau³­xan²­tu³­ i³­hen³­txi³­nyhai¹­nha²­kxai³­ nxe³­jau³­su²­ ha³­kxa¹­ i³­hen³­txi³­ja¹­he¹­li¹­,Nambikuára
12230,simao moꞌkaꞌpi jesusya moropai eseꞌtiꞌpiiya pedro pe tiago zebedeu munmu moꞌkaꞌpiiya takon  yarakkiri inkamoro eseꞌtiꞌpiiya boanerges pe waraꞌnapi warainokon taatoꞌ miriri boanerges,Macushi
26068,ba arek omunho dja nhym myjja kute imoti pyrak kute ixeo imoti pyrak kato ba omu ixeme kuwyme aka nhym myrri me ku'e myj me na bir me kum mryme mry karo kinh ket ne kute arkum mex jarenh ketkumrex nhym te mry kute meo aminhon me'a idji janhorma te me'a idjime numeru janhorma me ja ne me ixeo imoti myrri kumex metindjwynh nho pijabare ne me amyn o kumex me kam metindjwynhma ngrer kadjy,kayapó
3754,aituo ise amyguelymo: “agala ani xina awinduadyly adakuily wara xina ijidadaryda ani maenomedadyly” myguelymo ise,Bakairi
15957,jesus berꞌoot na ba mꞌ takajaa ajꞌyy jaj-ro tob henh naa ti mꞌ taky hadoo jaj-ro ha: —a toog hꞌyy gakog hom —nang mah —dooh mahꞌyyb panasa wad ba ma mateg —nang mah,Nadëb
16123,nxe³­ju³­ta²­ a²­nu²­a²­ ha³­lo²­a²­ wi¹­ju³­ta²­ so¹­lxi³­ wi¹­kai³­sxa³­ yxau²­xai³­kxai²­nan²­tu³­: — su³­na²­ ka³­te³­na²­ wi¹­ti³­hitsa³­txai²­la¹­ su³­na²­ sa²­nen¹­ki²­sa³­txai²­la¹­ nxe³­jau³­su²­ yxau²­xai³­jah¹­lo²­su²­ kxai²­nan²­tu³­ txa²­wa¹­su³­na²­ si³­yxau³­tau³­a¹­ ka³­te³­na²­ wi¹­tau³­a¹­ u³­yhen³­kxi²­kah³­lo²­su²­ hi³­nxna³­la²­,Nambikuára
25221,taha wa te za 're iropei wa'aba mo a'uwe mono ba dama 're izadawa wasu'u za'ra wa'aba mono da a'uwe mono ba da te 're izaze za'ra mono da taha zarina inhimiroti 'mada'a'wa 're dahaimana za'ra mono da oto da te 're izaze za'ra mono sidapasi te za a dawabzuri ha dama 're i'manhari za'ra wa'aba mo imama nhisi na dure inhisi na dure imama pe'ezani nhisi na ta nori zadawa para,Xavánte
20085,— ikia aparakbaha abazubata tsimozikze katsaktsa abaze dyhy dyhy tsimaha estuba apanuryk taba dyhy my usta apawazo taba dyhy my — niaha,Rikbaktsa
25735,tane nhere ni'wam nori ha te te saze za'ra o di pe'e tete za'ra wa wanhib'apito 're imorizeb zarina 're idanomro mono zep te wasu'u ha ma to tiwi we'o za'ra danho'a mreme wasete na taha wa paru ha ma to tiwi timori za'ra rowahutuzem hawi zezusihi zazei'wa nori ha ma to te te simro tiranuhu na aiba nhisi te romnhorezeb u awe sidapasi ma to tame te te tama 're rowahutu za'ra oto,Xavánte
7490,igwete jesus'ga ei ga pe: —‍tapemombe'ui ti a'ea ojipe'ga pe ei ga ga pe novia emo ga omombe'u reki igwaigwavete ga ei ga pe tapemombe'ui ti javo novia emo igwaigwavete ga oho imombe'gwombe'gwovo reki igwete ga nhimomby'ahetei —‍okwaha pa hete ga ga nderekokatuavo ei ga ndiapyakwarive'ga pe ga gwendukatuuka reki onhi'ige'yve'ga ga ga monhi'igatu no,Kagwahiva
15345,ti mꞌ pꞌop haga do tob nꞌaa yt ha moo hebꞌooh do sa wahe nꞌaa hehꞌaat do kawajꞌaan go tawen sꞌeed hom ta daaj he ta saroor ti mꞌ taky hadoo: —jaam he dooh hyb nꞌaa wat pe ta ky nꞌaa herꞌoot peh —nang mah —be maa napah ne he ta kyyh pꞌop haga do taky nꞌaa rejaa doo —nang mah —nyy da be ha —nang ma pꞌop haga do tob nꞌaa yt ha moo hebꞌooh do sa wahe nꞌaa hehꞌaat do kyyh ti mꞌ sahonh he raky hadoo: —tawꞌaats he tadajep —nak mah,Nadëb
10611,hawyy rarybere: —wahi timybo bee irumy ihyre wadeke kanakre kai ahynakore haloko heka behekyre bee irehere timybo bee iru kumy‑wana ratxireri,Karajá
26161,nhym me kum —‍mykam ne me bakukamare mojdje mema 'a karon mema kum “ge me pro'a pi'ok no'ok ne kam kanga” ane mykam ne mojdje a mema ane ane,kayapó
3058,tinduakewadyby modo deus tynynonroem igasema ingasedylymo kula warapa ola turaem ewentaguedomo peba tyenehonze lapyla myakawam deus tawentaguezeba nhedylymo kulela makeba myakawam; xypyry etay deus imery aga kynroem koenda kitoem wara aiema lapyla maka,Bakairi
14437,ja'odujowacayu o'guju jewap o'ju ip e dag pima agoka be oajem ip jesus nuyap'a muxipan am- -samaria eipi watwat ka be,Mundurukú
11143,aꞌeramu futat ꞌa janeruwarete ꞌga uꞌagesage rerekoukari pe nupe ꞌga ꞌagesage rereko re pee mamaꞌeukwaawa ꞌwyriara pojeupeꞌema pejejemogyau ꞌga ꞌagesagea pee ereko re mamaꞌeukwaawa pe pojeupa futat,Kayabí
20006,tsihokdahareta iwatahi ske buruk siharaze niparak hwi ske sak eze tu buruhua tabo nido — o abahi sesus tykara tabo mozumu kaopuke buruk harakmo myze ibo mokozo — mytsaty niy,Rikbaktsa
16878,yxan¹­ta¹­ i³­wa³­txi¹­nxti³­hi¹­na¹­ txa²­wan³­txi³­khai³­xa²­ u³­hu¹­nxta¹­tu¹­wi¹­ na¹­kxai²­nan²­tu³­ wxa²­ko¹­kon¹­nu³­ka³­txa²­ wan³­txai²­na²­ e³­yah³­lxin¹­jau³­xai²­na²­ ain³­kxain¹­kxai²­nan²­tu³­ hxi²­kan¹­txi³­ en²­nhai¹­nxa³­sxa³­ i³­wa²­lu³­xi²­nxtxai¹­nxa³­lho³­li¹­,Nambikuára
9590,—aipo ramo ndahaꞌei nipo nde raꞌe upe egito gwigwa erembopoxy vaꞌekwe kente kwery-pe ndererahai nipo tekwaty eꞌy-my irundy mil kwimbaꞌe oporojuka vaꞌekwe heꞌi paulo-pe coronel,Kaiwá
26562,nhym jeju arym ten kikrema wadja nhym me kaxa kot ba djwynh ar arym me karo jabej kukij ne kum —‍mykam ne bar te ije me karo punu kujaekma o ane ane,kayapó
9152,ha hesu katu ohexa ramo ojaꞌo vaꞌe ojoko ixupe —ani pejoko tei mita ou vaꞌera heꞌi —tou katu xe renda-py heꞌi joty hesu —haꞌe-ta pee-my: koixagwa omoiru-ma vaꞌera nhandejary gwuvixara-pe heꞌi,Kaiwá
10167,deuxu aomysydyydu mahadu wedu tule dohodyydu mahadu alobixidu riijemyhyre aolemy jesuisi oludu relyymyhyre kia oraru‑ki rirubunyrenykemy rahaore sowemy iny ruimy relyymy ryimyhy iruinareny wiribi hitxi hitxilera,Karajá
14455,tamududum pima wara'ata o'ta'at widaoho nuybi be da aypapan o'e widaoho nuybi be — io'e jesus,Mundurukú
25046,tane nhere ihaiba re 're imori da ha ihaiba ha te isima sawi o di wanhib'apito zezusi ha ma to inhimiromhuri ha ima tiso 're ihaimana u'asi mono nhimizawi pese ze wasu'u na te dama 're sadawa wasu'u mono da inhimiromhuri ha te tama ama uwaimrami da wa isima we taha si,Xavánte
16600,nxe³­nxa²­ha¹­te¹­ na³­vi²­o²­te³­na²­ a²­wa³­kxen³­yah³­lai²­na²­ wan³­txi³­kxai³­lu¹­: — nxe³­jah³­lxi³­wxi¹­ ti¹­ai²­li²­ na³­vi²­o²­te³­na²­ a³­ki³­ju³­ta²­ wi¹­lxa³­wi¹­ ti³­ha³­lun³­kxai²­nan²­tu³­ ka²­lo¹­ai²­li²­ itsa²­ta³­kho³­kxa²­yan³­txi³­su²­ nxa¹­wi¹­ nxe³­ha²­kxai³­ fe³­ni²­se²­thi³­na²­ kre²­ta²­ko³­xan¹­thi³­nai²­li²­ a²­la²­ wi¹­lhi³­nxna³­li¹­ itta²­ ti³­ha³­luh³­xa²­ hai³­txi³­ yu³­te²­sxa³­yu²­he³­li¹­ nxe³­thi³­na²­ ai³­sxa³­ yxau³­a³­sah¹­lxi³­wxi¹­ nxe³­sin¹­na²­he³­la²­ a²­sa³­wi³­ha³­lxa²­ te²­ya¹­nxe²­ e³­ain¹­sin¹­na²­he³­la²­ nxe³­yan¹­ta¹­ so³­ta²­to²­ hxi²­kan¹­te²­na²­ hi²­sen³­kxai³­lu²­ na³­vi²­o²­te³­na²­ a²­wa³­kxen³­yah³­lai²­na²­ wan³­txa²­ ain³­kxi²­ a²­sa³­wi³­ha³­lxai²­na²­ wan³­txa²­ ain³­kxi²­ nxe³­sin¹­na²­he³­la²­ yxan¹­ta¹­ pau²­lah³­lai²­na²­ wan³­txa²­ sa²­yxo²­a³­ain¹­sin¹­na²­he³­la²­,Nambikuára
11047,—aꞌeramu nipo ꞌga oporonupa ee jee: “maranime sipo ore ene resagi enepyꞌarayparamu raiꞌi maranime sipo ore ene resagi eneꞌyuwejamu raiꞌi nu maranime sipo ore ene mureꞌema orojeꞌwyr ipe raiꞌi maranime sipo ore ene resagi eneraityeꞌemamu raiꞌi maranime sipo ore ene resagi enekaruaramu raiꞌi maranime sipo ore ene resagi moromunepawa pype ene renamu raiꞌi” ꞌjau nipo ꞌga oporonupa ee jee,Kayabí
13025,ya 'atak xop tek-tok pit xop mutik yaytuk-miy putup hak-tok pit xop te' tak xop mutik tuk-miy putup yay tu' 'utut xop tek-tok hex xop mutik yaytuk-miy putup hak-tok hex xop te' tut xop mutik tuk-miy putup yay tu' ha' yipxox muk tut xop te' xetut xop mutik yaytuk-miy putup ha' xetut xop te' yipxox muk tut xop mutik kumiy putup kaxiy,Maxakalí
25609,te dure dama tinha: — wa ha wa to a uptabi na si te 're aihaiba ubu za'ra wa'wa a dawabzuri ha te aima 're ab'manhari aba mono wamha aiwasete wi 're aipizari za'ra wa'aba mono zem na da te oto ama 're aiwaihu'u za'ra wa'aba mono da tane nhere iza'u si te za ima ipire uptabi ha wei wi taha si te za oto 're ihaimana u'asi mono pe'ezani na te te dure 're aihaiba ubu za'ra wa'wa unhama ne na zama a na te aima 're i'ab'manhari aba mono ne ha ta ha ima pire uptabi wa ipara'uza ha te tama mrami waihu'u o di za tama iwapure wa,Xavánte
16404,yxan¹­ta¹­ je³­su²­jah³­la²­ wan³­txi³­kxai³­lu¹­ i³­wa²­lu³­xain¹­te²­an¹­jau³­kxai³­lu¹­: — nxe²­nxa³­i¹­ a²­wi³­nai²­la³­ ta³­nxa²­ a²­ha³­ka³­nai²­la³­ ta³­nxa²­ a²­we³­sai²­la³­ ta³­nxa²­ hai³­txi³­ ko³­nxe³­ti³­ kai³­ai¹­nha²­kxai³­ ye³­han³­si¹­hain¹­ju³­ta³­la³­ yu²­nxa³­i¹­ yxan¹­ta¹­ txa²­wa¹­su³­na²­ si³­yxau³­tau³­a¹­ nu³­kxun³­khaixju³­ta²­ ye³­we²­txi²­tu¹­wi¹­ nxe³­kxai²­nan²­tu³­ su³­na²­ nu³­kxun³­ju³­tai²­nan²­tu³­ a²­nu²­a²­ yxo²­ha³­kxa¹­ i²­ain¹­tu¹­wi¹­ ja¹­nxe³­te³­lhxa³­ kxa³­nau³­ai³­ta²­ jah¹­la²­ ye³­han³­sxa³­ a³­li³­la¹­nha²­he³­li¹­,Nambikuára
19896,irado seu senhor entregou-o aos torturadores ate que pagasse tudo o que devia,Portuguese
22530,koyuho ne jesus nazareke ipuhikopeane jesus neko pitivoko pihopone nazare pitivokonake xanepoamaka neko ihikauhiko,Terena
18560,hoarana jahari kabadani arafiakia kabadaniki ava akasanakhamakia hojaki varani jaharikia jesu-ra kanavaraniha'aha jaboni: —cristo ihi'badarani-ra ikahimanija iabono akava'ijoa'a bana haria akava'ijoa jaboni,Paumarí
17218,judeunae otoka exe haliti hoka komita ene aisahene hoka nasemehena atyo roma yere atyo hoka nosorarexinae kakoa wiyehetene hoka maisa aisahitene,Parecis
4031,naꞌe amogwer tuwihaw umumeꞌu hemiapo kwer pirat pe aꞌe wa kury nuzeꞌeg kwaw zezuz wazeꞌeg henu mehe,Guajajara
1075,nhum apraaw kot aga kama hkra ismaewja na pre hpro kumrex kama hkrata pumu ne kam hkinh ket ne kama gryk pix o pa ne tanhma hipex to pe ri hapry ho ri hkot pa ta me kot amnhi kra hkot amnhi to tirtum kra hpram xwynhjaja na htem a me pahte kris kot amnhi xunhwyr xwynhje nhipex anhyr o pa na htem tirtum kot me pahto hkra ha me pahpumu ne ismaew kot ijak nhipex pyra ne me pakama gryk pix o pa ne tanhma me pahtomnuj to pe me pahto kaper o ri pa,Apinayé
7725,penhi'igatu ti ga pe pejikokatuavo ga pe hendupotaruka a'ero ti pe ga pokokwahavi ikwahavuka ga pe nanani nehe,Kagwahiva
6525,leeɡodi me ee nebi cristo odaa jowooɡodi codaa ajawienataka me diɡica niweenigi ane daɡa yakadi me jelicaɡa daɡa leeɡodi moibootiogi niwicidi pida nigica ane diletibige diɡica niweenigi ane daɡa yakadi me jelicaɡa leeɡodi moibootiogi niwicidi nige yeligo niɡica niweenigi odaa ja dibata,Kadiwéu
9736,koa-rehe amombeꞌu peikwaa porave hagwa tembiꞌu-rehe nhandejary eꞌy vaꞌe-rehe ave amombeꞌu-ta pee-my tupa raꞌanga oiko eꞌy vaꞌe voi jaikwaa-ma voi haꞌe kwery ndoikoiryha anhetegwa ave ko xe nheꞌe gwi tupa raꞌanga-rehe ojerovia vaꞌe omoi rei soꞌo hovagwy-py “xe jary rovagwy-py amoi hemiꞌura” heꞌi rei hese oiko eꞌy vaꞌe-rehe heꞌi upea ha haꞌe ko xe omoi ramo soꞌo tupa raꞌanga rovagwy-py omeꞌe upe soꞌo anhay kwery-pe anhay rery-py omoi upe-py ani eremoiru tei anhay-pe,Kaiwá
6310,niɡica jotigide niɡina iniwataale oɡoa domige iniwatadiɡini oko noɡodi monadi eledi oko meo ane daɡa ikata meo niɡijo liiɡenatakaneɡeco aneotedoɡoji odaa oyeloadi niɡijo oko aɡica doɡoiwikode,Kadiwéu
4733,ximaw pet opo umuawawak ihewe aꞌe kury ihewe uzeꞌeg pa aꞌe kury — epuranu hehe ty — mo rehe erezeꞌeg iko ne ere izupe ty iꞌi pet ihewe,Guajajara
16207,ye³­jen¹­nau³­a²­ a²­sxe³­xa³­ka³­lxu¹­ta²­kxai³­ a³­wih¹­nun³­ta¹­hxai²­he¹­la²­ yxan¹­ta¹­ a²­we³­sai¹­ah³­la²­ ya³­lu²­kxi²­jau³­xa²­ ain³­kxi²­nha²­ta¹­hxai²­nxa³­he¹­la²­,Nambikuára
11666,ꞌuwarete ꞌga upe ojeꞌega monoypyawer are futat ꞌga ꞌi raiꞌi “tejeupe eneremimurera ꞌga aꞌgui kiapiꞌni nokaꞌjami futari ꞌga amu je wi” ꞌjau jejui ꞌga ꞌuwarete ꞌga upe raiꞌi aꞌeramu ꞌga aꞌe are ꞌjau jefaruu ꞌga nupe “tene ki ꞌga oi” ꞌjau jupe,Kayabí
14412,paulo oajem agokatkat kay- -aquila kay aquila roma ka bewiat osunuy kuy mo o'jem roma ka bewi jetayxi eju itayxi butet priscila i osunuy aquila judeu osunuy bekin pi ma ponto eipi be osunuy kuy ma mo o'jem ip roma ka bewi italia eipi bewi soat kukukat putet claudio i osunuy o'jem ip ixe claudio jeipi bewi judeuyu o'gujemat puye oajem aquila kay paulo aquila torojo'a mugege'ukat osunuy- -ixee'a'a mugege'ukat paulo dak ixee'a'a mugege'ukat osunuy ixee'a'a deidada'uk ip osodop- -paulo aquila dak xepxem ip o'jekapikpik imenpuye paulo aquila duk'a be osunuy corinto ka be bima,Mundurukú
61,—ritonopo omipona se awahtao xine yronymyryme takye exiko matose ritonopo poe zae ehtoh ekaroko roropa ritonopo mana oya xine,Apalaí
15886,ti mꞌ pꞌaa henh jesus moo dang ta matym ha enh ti mꞌ ta matym baad dag ka baad ma tabahapah tii ka dooh mꞌ taty gadajuu wad ba ka,Nadëb
23981,naa kɨɨre seri ya'akara niiwa: —no'opɨ ɨsa apo yuuka ɨasari niikara niiwa,Tukano
1360,nom pa me kep ja kaga ne me kam: “na me ixpe rom nho xwynhjaja na pa htem a me hipex anhyr ket ne na pa htem me kot ho kaper xwynh noo ma tanhma hkukjer to nhum tanhma amnhi ta aprar to pa htem kuma ne ri korma tanhma me ho no na pa htem korma me kot tanhma amnhi jarenh to hket ri tanhma me ho hket ne” ane,Apinayé
4331,uhem putar tupan pureruzeꞌegaw aꞌe nehe amo zeꞌeg kwehe arer kwaw par parizew her maꞌe aꞌe wa upuranu zezuz rehe aꞌe wa — maꞌe ꞌar mehe tupan pureruzeꞌegaw ur putar aꞌe nehe iꞌi izupe wa — teko nuexak kwaw tur mehe aꞌe wa nehe iꞌi zezuz wanupe — uhem kwez kury pemeꞌe hehe nehe ty wa niꞌi kwaw teko aꞌe wa nehe — naꞌag aꞌe kury niꞌi kwaw wa nehe taꞌe tupan pureruzeꞌegaw peinuromo hekon aꞌe xe iꞌi wanupe,Guajajara
26865,nhym kam angro jamyre bay kako kuro ba nhym kubengokreja jeju nho pykakam me kuni bengokre kute mramri ne apynh me o pyka djari kunikot me kuni bengokre pyrak arym pram bin mex nhym te kute angro jamyre kuta bay kako kwy krenma nhynh ne me'o got kute kum myjja 'o nhor nhym kute krenma arkati,kayapó
5833,petei kunhaꞌi imbaꞌekuaa vaꞌe gui nheꞌe vai oipeꞌaague onhemboꞌeaty katy roo jave petei kunhaꞌi ou orerovaexi nheꞌe vai gui imbaꞌekuaa vaꞌe haꞌe vaꞌe ma ombaꞌekuaa rupi ongana vaipa oikovy opato kuery pe,Guarani
21782,taꞌi tupana tum aru tomohey haria pe tomo­typot haria pe tomi­ky­ꞌesat nug hanuaria pe wuatꞌi eꞌat piat iꞌatuiei­neꞌen hap sese tome­pytꞌin saꞌup e miꞌiria yt iꞌatu­pohep hin i tupana motypot hap ete taꞌa­tu­minug wakuap koꞌi wo taꞌa­tu­mo­typot at kaꞌap yt karape i iꞌatu­ku­ꞌuro miꞌiria ete e katu­pono tomo­typot saꞌup tupana tum miꞌiria pe wuatꞌi eꞌat piat iꞌatuiei­neꞌen waku hap,Sateré-Mawé
8391,ka to comparacao “eg ty ka kane ko ha kran ky ti kane vy ko ha ni eg ty ka kane ko vanh kran ky ti kane vy ko koreg ni ge eg ty ti kane ve ky eg tog: “un kane ko vanh ja ve” henh ke mu ge ti nigti eg jykre ti un jykre ha tog ha ni un jykre koreg tog koreg ni ge,Kaigáng
19015,passando pela pisidia chegaram a panfilia e tendo pregado a palavra em perge desceram para atalia,Portuguese
2383,txamari xotasi isikariotxi inakori apokaerekatari kamariaro xesosi kitia okitakini iua xotasi simao akiri xesosi moianari itxaua txamari imikapiritariko xesosi ininia xotasi txari: —kakiti parikauata tresetosi pakini oti oia atoko inakaro kamariaro iamotiko ikapani kinirepa kona ovetxitaaka kinirepa txineiro mauakinitimoni osika —itxa xotasi,Apurinã
1623,ne ota me pahto ximotreja me awyr hper me na hte inhihko ha kris ma tanhma amnhi nhipex to ho ri pa ne ixto rusti me jasawti me sosipa wa me haxwyja me awyr hper me,Apinayé
14103,imeneju cristo oe'u waram guto o'jetait je'uap tomukadi waram o'jetait soat itabucayu kukukan- -itabegayu kukukan ce'u'uayu kukukan tak,Mundurukú
22138,ina yumopahiko jesus: —‍koati akoti aunati ra xanehiko yara kaxehiko simokune uti koati akotimaka kuvapu ituko'oviti epemoikomaka noixea iyupanevoti indukeinoa hoenaxovope itukeovo xoko ituko'oviti ukea njunako itea akomo apahuina iyupanevoti noixonemo akoti itukapu kuteati koeku kixokonoku porofeta njona mekuke kuteati mopo'ayea kaxe yoko yoti ovoheixea okovoike hana'iti hoe neko njona kuteanemakamo mopo'ayea kaxe koane yoti ombonea opekuke poke'e undi ihae vanuke ikutipasikoponovoti xane,Terena
18458,deus hora kakodiavini vani bada oni'abakhiaja ida deus kabadani danoki ipohiki ija'ari-ra nava'ibodivaraniki ni-okava'ipahiniki ida kodibadani avakadiania deus kabadani danokia okabadanina mani ida cristo athi avaadahaoniva abono ka'oa ohina-ra avarigajahakivini hija,Paumarí
5798,haꞌe vaꞌe ara ma sabado pyguara mbaꞌemo oguereko katupaa agua ara haꞌe nunga rupi kaꞌaru jave ou petei arimateia pygua jose hery vaꞌe nhomongeta vaꞌety kuery regua omboetevepy nhanderuete poꞌakaa ojekuaa agua oaro oikovy vaꞌe haꞌe vaꞌe ma pilatos-a py oo vy ojerure jesus retekue re,Guarani
20421,iwaze atatsa tawahoro bo ziksi nitsukze iste wanu eze nihoeke hyrikoso sapybara botu nisiksiwy tsakuretatsa niyzik,Rikbaktsa
3492,— inakanhe aitaynrim modo igaseze kaewyly inakanhe adajidyly imohomoem “inakanhe aitanry ura” kewani modo igaseze inkaba xira kaewyly — kely jesus,Bakairi
11448,aꞌeramu je teporonupa ee pe nupe: “irupawe sipo kristu ꞌga pytuna ꞌga rekoramu rakue ajee naꞌa aipo peꞌje reꞌa” ꞌjau je pe nupe naani majepei tee futat ꞌa ꞌga rekoi rakue aꞌeramu pee auꞌje aipo apo re kristu ꞌga etee futat amanu ꞌypeywar are janetywera mepyaawamu rakue napauloramu rui ako je manui ꞌypeywar are petywera mepyau ikue jerer imu sipo ꞌga amu pe pymi ꞌy pe raiꞌi naani,Kayabí
17005,jesus aiyatelikiheta kahare halitinai hatyaoseta jesus hatyo nalita haikoaheta hoka xane galileia xa haliya hatyaoseta xane kakoha tyairi henose hoka tyoka,Parecis
20636,niytahi ispe niy: — o kytsa wytykyryk iwatsa katsaktsa sudeutsa tsimaha bipyritsa tuk tsimyzuzuknaha batu zikaha batu sibo ziknakozorenaha deus zikwatawy meky watu zik niy katsa bipyritsa soho “batu wasani ahabyi zeka” batu imysapy tsimykaranaha anaty hi deus pikyrinymyryky,Rikbaktsa
25158,zezusihi sire nori ha za tiwi irobzei'o za'ra ze wasu'u dure apa za tama irowe za'ra ze wasu'u me — syry na wa oto ai'rata inhamra 'wa aha parip si izabu za'ra wa'aba o di za a'a taha parip si te za dure izabu za'ra wa'wa — ane zezusi te wama siwasu'u za'ra tawamha isire 're iwanomro mono nori ha wa wasima rowasu'u za'ra ni ti'a wi: — wa'rata te za nhamra syry na wa'rata samra parip si wa te sabu za'ra o di za a'a timama u za apa mori wa za oto taha parip si wa za dure sabu za'ra ni e niha syry na imreme ha ane wamha wama pibu pra za'ra di — ane aihini o nhere wa wasima rowasu'u za'ra ni,Xavánte
