index,TEXT,LANG
24001,lluy imapis lulapacushayquicunacta lulaycaliy llapan shun'uyquiwan jesusninchicta sirbiycuyanu ama nunacunallactachu,Urubu-Kaapor
24586,cay “wanucuna shalcamunmi” nishanta uyalilalilmi waquinnincuna asipapacula waquinnincunanatacmi: “juc muyunnama masta uyaliycushayqui” nipacula,Urubu-Kaapor
17891,paulo xaotyakira tyakekohatiyenae matyakekohatiyenae tahi awa atyo xahohisakoatyakakoa matyakekoneharenae kakoa xahaka maheta haxawalita aliyakereya ehekorexe exahe ehaikoarexe xoaha haxawalita tyaohena aliyakereya xaokanatyakalati exahe makaliroti xoaha haxawalita tyaohena,Parecis
13376,'ate 'axin pu 'aneo hom xix penegon pu' hom xix 'ehem pu' hom xix pa'ot pu' hom xix 'eham pu' hom xix yumug xape xop te' pet kopa' pip pu 'aneo hom,Maxakalí
13375,ha yeyox te: —‍'axop te' yummug 'ohnag 'axop te nom putup hapxip 'iha tikmu'un tek xuygap-tup tuk kute'ex kummuk putup tup-tex putup 'ok 'axop te' xuy ha kaxiy tot kamah kaxiy ha: —‍ya hamun kaxiy ha yeyox te: —‍ya hamun tikmu'un te 'axop xuygap-tup tu 'axop kute'ex kummuk putup tu 'axop kix putup,Maxakalí
20363,sakuretsaktsa sisukbarazaretsa maha asaktsa tahasuk botu nitsapikbanaha deus ispe niy: “kahudikhudikwy boktsa paku tsimaha zoihi buruk pakutyny iwaze ikiahatsa hwi ispita tu wihara ty zuba tsizoknahaktsa” — my,Rikbaktsa
15812,ti mꞌ taky hadoo enh: —y ne he bꞌee haga nꞌaa baad hadoo doo bꞌee haga nꞌaa baad hadoo do kanꞌoo dak da tadajep ta masaah hyb nꞌaa,Nadëb
2036,teoso makatxakapekari amaerekani iua akiritapekaua inakitiakori aniniua ikapani aparika kona txikitakari teoso makakatxakiniri amaerekani imakatxakari amaerekani kotxi inirekari ikara atoko ikamini imakatxakari amaerekani kotxi inirekari ikinipoko erekari isikiniua itixi kamiko apisapanika kristo xesosi sikari ikara erekari atemoni iuasaaki imakatxakari amaerekani iuasaaki akiritaua inakitiakori aniniua ikapani,Apurinã
12544,—ekonekaki moropai atiki miriri itoꞌsaron eꞌma taawiri  yewiꞌ ta miari warayoꞌ yuwata tarso pon iteseꞌ saulo miikiri man teepirema piꞌ —taꞌpiiya —teepirema koreꞌta tiweꞌneꞌpiti waranti warayoꞌ esenpo eraꞌmaꞌpiiya amiri eraꞌmaꞌpiiya miriri tenya tiriiya ipuꞌpai pona iniꞌri eraꞌmatoꞌpeiya kaiꞌma —taꞌpi uyepotorikonya ananias piꞌ,Macushi
7168,diabo'ga ko gamoandyandyihara'ga satanas'ga kiro gamombora tata pype ypiahua'java'ea pype gwereko enxofre ipype no hakuvahi enxofre a'ero tata pype yhyapypeva'ea oko jipe tupana'ga nhi'igaatyviva'ea mombe'uhara'ga pavei hahy hete ti jupe ga pe no diabo'ga pe no arimo ypytunimo no avuirama nehe,Kagwahiva
1100,hamri nhum patre krahtumjaja tanhma kam ho kaper to,Apinayé
22462,kene ituko'oviti akoikopomo huva'axa ne xanena enepone noivokoe epemo'ixoati kotixea kaxe yoti upanini kuti ko'iyeamo koati ko'okoriti yumopea koati ngixopitinoe: akomo ika'akarixa ituko'oviti huvo'oxeahiko itea apetiperameamo xane inu'embo kuvovonuti undi ihae vanuke ikutipasikoponovoti xane enepomo aungapapu yara kuveu meum —‍kixovokoxoane,Terena
26426,nhym pedru kum —‍be ujarenh djwynh jakam ne gwaj arym bakinhkumrex dja bar ar ama kikre'a irox nhipex dja bar ama 'o nhipex mojdjema 'o nhipex erijma 'o nhipex ane ar madja kretikam ne pedru umaje jejuma kaben kajgo jare,kayapó
6760,jotigide ɡodaamipi odoɡowetetalo aneotedoɡoji ditibigimedi naɡadi wetiɡa pida a-aamitiwaji judeutedi me-eenitoɡowa me le-eeditibige me joɡoweɡatalo aneotedoɡoji idokida digoida nigotaɡa jerusalem”,Kadiwéu
9864,jajohayhu ramo nhahaꞌaro joty nhane mbovyꞌa eꞌy vaꞌe ndive jajogwereko kiriri joty nhande pyꞌagwapy reheve nhahaꞌaro nhandejary rembiapo porara nhande-vy gwara-rehe “nhandejary ipokatu vaꞌe voi nhande rexakwaa nhane poriahuvereko ave” jaꞌe meme nhande pyꞌapy-py nhahaꞌaro-vy,Kaiwá
20623,sesus zopoktsa nisipykwyhik kyze haramwe zunubakaze sesus zinymyrykynahatsa pe: — koikny tynaporenahaktsa kytsa — niy yhy niaha,Rikbaktsa
23267,toho weeri kura ni'ko tii wi'i da'ra ko'tego pedro toopɨ so'ma duhika i'yago ɨpɨtɨ i'ya nu'ku baha ke'ako niiwo a'tiro niiko niiwo: —a'ri ke'ra si'i me'ra siha'kɨta niimi niiko niiwo,Tukano
2166,kakiti misiritiko otisaaki teoso misiritanako kakiti sotoma sitatxiti auakani ninoa maerekani xika txamari teoso apia misiritanako iua aapokotxiti auakani hite mapakapakani kotxi hite sapiretana teoso sakire iuaritika auikarina kitxakapirika teoso sakire sapiretakani isana sotoma sitatxitimoni —itxa xesosi,Apurinã
6630,pida ganigepidiɡica niɡijo anidiaaɡi midoataɡa nixigitice lodaajo-ocaɡataɡa odaa ja yakagiditice napaaɡate niɡijo liotagi niɡijo lacilo-sacerdotitedi,Kadiwéu
14578,yabi beat pit ibo pug mil iat'a o'yamog ipikuykuy be o'jokot batku o'yamog pere,Mundurukú
10981,—tii orarudu rare reerykore sohoji aomydyynana reeryre juhuu waruetale heka reeryre wiji tahe retehereri,Karajá
317,sero nase topere pyra otyro zoko ehtopopyry poko mame ynara tykase jezu enetupuhtohme eya xine —ahno tupinao ma wikeira zoko kynexine mame ese toytose epery pohse repe yrome arypyra kynexine topere pyra ipunaka morara exiryke ynara tykase tupito ese typoetory a “etako pahne oseruao tyeimase ywy otyro eperytary eraximary poko repe yrome eperytara ro nase akohko” tykase esemy “popyra nase toipame roke ma taro” tykase esemy erase a,Apalaí
25370,tane a nori wa'wa ha te za dure asimi'e na wanhib'apito zo 're asimipari za'ra wa'aba mo za wei apa mori su'u na da'asina te za robze na so 're asimipari u'asi za'ra wa'aba mo,Xavánte
10177,inyo raorarunymyhyre wana jiary rabedewowahare ioraru‑ki jiary rexideosinywahare waaokore urityhywahare deuxu jesuisi kristu tyby dori riwaerymyhyre aou aou heka iny rakanihikynykre,Karajá
7819,ga aherembirekokwerahea repiagi hea imondorame oitambere'ia ipype imbatere'yvehea mokoi itambere'ia hea imondoi ipype duas moedas,Kagwahiva
15512,ti mꞌ warahen wahe nꞌaa see mahuum kan paheew sa wahe nꞌaa hehꞌaat ub do we ti mꞌ taky hadoo ta ha: —paw-ro er maso geet doo y tanaeej na taherꞌoot ha yy y manaa hyb nꞌaa hahy paheew a we ti anang ma panyyg taherꞌoot pe panꞌaa a ha —nang mah,Nadëb
15183,takꞌep ne paawa nanang ma mateg oow be rahꞌyyb enꞌyym be gadoo hyb nꞌaa sa ha dooh be hyb nꞌaa tado ba be rahꞌyyb enꞌyym doo rakaren paawa be hyb nꞌaa wareem yyh sa ha be hꞌyyb enꞌyym hyb nꞌaa sa ha be maa newee hyb nꞌaa ka,Nadëb
14477,kuy juk adi eyetabut cica epesop jesus cristo kay abu juk kawen icemat kay eymubu'un apen cuk eymubu'un apen xe'e ixe eyaguymuwarurun deus gu eyaguymuwarurun deus gu eymubu'un ixe juk eynae cug ma eyeku am jexe,Mundurukú
23441,ya'aro weegɨ mɨsa wa'teropɨ niisami toho weera “ɨsa pe'e apera yɨ'rɨoro ayuro wee yɨ'rɨ nɨ'ka'” niitika'ya ya'aro weesere nii pe'tira pe'ri pehata wio nii' mɨsa a'tiro nii wɨasere masi weeti “pau weera bɨkɨato niira fermento wametisere moresama naa ka'roaka moremika tee nii pe'tiropɨ se'saa wa'asa'” nii no'o' a'te weero noho masa naa ya'aro weesere pe'ri peha wa'asama toho weera pe'ri pehari niira tee ya'ase dohore'sere ko'aka'ya teere ko'ara mɨsa ayura toharasa' judeu masa pascoa bose nɨmɨ dɨporo pau bɨkɨase me'ra more'kere ko'asama tii bose nɨmɨre moreya marise di'akɨre ba'asama tee weero noho mɨsa a'tiro weerasa' ya'ase dohore'sere ko'ara pau moreya marise weero noho toharasa' ayura toharasa' niitiro maa ayura nii toha' cristo kɨɨ basita mari ya'aro weesere ko'agɨ wehe no'o tohakɨ niiwi kɨɨ pascoa niika ovelha naa wehe'kɨ weero noho niimi toho weera too dɨporo ya'aro weeseti'kere du'uro ɨa' diakɨhɨ wee sooro mariro weesetiro ɨa' ya'aro weesetiro mariro niiro ɨa',Tukano
20885,mynury ihyrizik zuba zeka batu waby zikaha mynury ispi pamabyita zuba wata zeka batu nu zikaha,Rikbaktsa
20816,sesus: — niwazubakta asokorotsapu isapy bo kurukty ikiahatsa ahasokorotsaputsa tuk tsipihuzedukunaha zeka ikiahatsa kino niwatihi sokorotsaputsa ty pahabanaha,Rikbaktsa
22367,kene po'inuhiko kuti kixoa akoti xunako otuko ne koati kotuti kotuti yuku kene po'inuhiko iteova ne mani koepekeokono ya hana'iti piritau kene po'inuhiko upanini ako xunako itea itukopovone koati xunati kene po'inuhiko koati koxuna'ixovoti xapa isukokoti itinoakemaka ikoho'ixea ne hundaruhiko ihae po'i poke'e,Terena
3729,toenzepa asenagazeze pekodo modo ioday tymegueim tuhuazeim modo wara tahule awienniembamo mawanka ise kurado taunlo jerusalem donro modo toenzepa asenagazeze toenzepa ise deus eagamo iewiaky tadaseguebyday adyorim modope ise tala ise azetadaoze taseim eagonro ata anaxi israelita domodo keba ise jerusalemda xutuim ara aitomo awanikeho ara — kely jesus,Bakairi
1238,hamri ne me umaj kanhma xa ne te ne kitare hwyr hakwakrem ahte me hkax a xa ta nhum hpanha hoja omu ne ha me kam: —xe ma per am hamri na me hare kep jejus kot ri me pa xwynhje ho na per ane,Apinayé
22673,itikina iseneu inzokoake ra koekuti: enepone xane akoti kaxu'inaka none akomakamo axu'ina ehopo itea enepone kaxu'inakoati xu'inatimakamo ehopo,Terena
11406,yma janeruwarete ꞌga ꞌi janeypy ꞌga nupe we futat rakue: “peanuw etee ki pejejuwa ꞌga pejey ꞌga nane pee ianupa etee nu” ꞌjau ꞌga ꞌga nupe rakue “ujara ꞌga nenupara ꞌga ijeꞌeganup maꞌeramu ajemogy ꞌga jaruete ajemogy ujara ꞌga ꞌga wenup aꞌeramu ꞌga jaruete ajemogyau aipo ꞌga ajemogy namutamutat namanuaꞌnei aipo ꞌga” ꞌjau ꞌga ꞌga nupe rakue,Kayabí
4802,tupan nuzeꞌeg pixik kwaw nezewe amogwer weko haw pe har wanupe xo waꞌyr pe zo uzeꞌeg nezewe nezewe iꞌi izupe — azoꞌok putar wakagaw ihe nehe neamatyryꞌymar wanuwi ihe nehe nereruzar putar aꞌe wa nehe amo ꞌar mehe aꞌe wa nehe aꞌe ꞌar haro mehe ereiko putar heruwake nehe ereapyk putar heruwake nehe iꞌi waꞌyr pe,Guajajara
8658,“sy ke ha ve ha ky sog to mu: gir ag vy iso ha pe nyti un kasir tag ag ri ke nytimni ke tu ni mu ra ajag tog venh ke tu pe ni tope ty ty eg paꞌi ni ti” he tog,Kaigáng
26629,nhym kre neje ku'e djwynhja arym omu omun arym umaje terte:t ne arym rorok ne ne kam arym wanh kute me tyk pyrak ne ikwa,kayapó
22192,koeku kixeaneye ituko'oviti ne akoti itukapu judeu iko'iparaxoatimaka kuteati porexovike koeku kutipea uti ne vunae jesus yusikoikopo poe'ainoa inzoneu eneponi angoeneye mani ongopoti ituko'oviti —‍kixovokoxoane,Terena
24505,jesusmi wanuyninpita yapa willacun chaypitam chunca ishcayniyu yachapacunincunacta jesus japachalcul nila: “canan'a nam jerusalenman liyanchicna chaychumi lluy lulacacun'a diospa unay willacunincuna ya'a rasun nunap chulincapi isquirbishanca,Urubu-Kaapor
3506,filipe uguondo etiopia donro aga jesus waga aguehobyry marapygueduo myani anju aepanaguely aguely filiperam: — on-honga filipe sul einka ida anwa jerusalem gaza wara ontano oze — kely kurado aekuru sakado keba myani mara anwa,Bakairi
5486,haꞌe ramo simeao ojopy avaꞌi ojyva ary haꞌe nhanderuete oguerovyꞌaa rupi aipoeꞌi:,Guarani
8836,inh kanhkaꞌ inh my tog ajag ty tag ki kanhro nytinh ha ti ha me: ajag venh tig ke to inh jykren ty hen ri ke han huri ha ra tog inh my ki krom ja tu ni ver isy ajag my tope vi kamen sor ve roma ki ke u ag my ke ge ag kami u ty tope ki ge je fog kar my sog ke ti ky tog inh my ser tinh mu sy roma ta tonh ke mun ky ke ge,Kaigáng
16024,nxe³­jau³­xai²­na²­ sa²­kxai³­lu²­ sa³­nxe³­la³­kxah³­lai²­na²­ sa²­kxai³­lu²­ ain³­kxi²­te³­na¹­ i³­ain²­txi³­sxa³­ i³­ta¹­hxai²­he¹­la²­ yen³­kxih³­khaixnxe³­ha²­kxai³­ yen³­kxa²­ a³­lxi²­ha²­kxai³­ hai¹­sxa³­ i³­ta¹­hxai²­he¹­la²­,Nambikuára
19717,portanto nao participem com eles dessas coisas,Portuguese
3029,tasewinzeze tatuanze wara xina atabague kula xina azetydadyly tadapioguoze xina myara myara wara xina idaly cristo xunary egatuze adatay adyka tykyly awyly xina nutuba,Bakairi
19114,jesus fez tambem muitas outras coisas se cada uma delas fosse escrita penso que nem mesmo no mundo inteiro haveria espaco suficiente para os livros que seriam escritos,Portuguese
25358,tawamha pedruhu mreme da te wapari za'ra wamha ma to tape'ewara za'ra ni taha wa te ane tama nhari za'ra ni pedru nori ma zezusihi zadawa wasu'u'wa nori ma ha: — wasire izarazehe nhihudu nori e niha za tawamha e mari wa za 'manhari za'ra ni — ane te tama nhari za'ra ni asa,Xavánte
24319,canan cayta niycalic: anyan wata suma cuyacuywan juntuychu puntanninchumi capaculanqui; manam uycuyllachuchu sinu'a maynu maynupana wanupacuychupis chayura chaynu suma wanupacuywan allaycapacushayquinulla canan imam capushushayquicunawan camacalpaliy,Urubu-Kaapor
17746,awa atyo xoalini hare kakoa ximawaiyehare xiraexahena hoka enore xaxa xoare xamani xaokita hoka xihalaharene kakoa xiraexatya,Parecis
6429,niiɡaxinaɡaneɡegi aneetece nalataɡaneɡegi moditibece niɡijo jotigide ‘niɡina ane yaladi naɡana lodawa odaa leeditibige me yajigota notaɡanaɡaxi me ikee naɡa yaladi lodawa’ pida ejitaɡawatiwaji inoatawece ɡoneleegiwadi anoiiɡe lodawa mopi odaa naɡani iwaalo nige wadotace odaa niɡini ɡoneleegiwa nalatoɡodi jeɡeo me doɡolaɡataka naɡani iwaalo codaa niɡini gela lodawa naɡani iwaalo jaɡaɡa doɡolaɡataka idoka yakadi malati ɡadodawa nige ɡadoɡolaɡati,Kadiwéu
18730,hari oniaro kari sasidotxi vakadika'da'di ada caifas ovari va'ora ni'a'aha adani vajoroniki:,Paumarí
2788,ninoa atao minakati oerekakani misakirepiretari ikinika imimarotakinitina kaxipiri itopa auakari atoko itxana kotxi ikamarina iitona nireekitinoka kaxipiri itopa auakari iponania eereka imaikaaka oka inaaka iua atokokana ninoa atao minakati oerekakani xipokaakako imaerekanina xika ininia ninoa misiritaaka kotxi na atao ninoa kamakiti kona ikanokananini ikamarina maerekati ipotxitarina maerekati iitona nireekiti ikaminina pokamara ikinimane atamatini ikapani ninoa kamapikari maerekati iuaritika apotiitauana hitekata kiiniri teoso ikapani hikamakasaaki ininia apanakini auikari hite sakire ninoa maerekani xika itxiko makatxi kasarori nopinikiri atoko itxana ninoa karotxi kakiti tooa auakari atoko itxana ninoa,Apurinã
20790,sodadutsa ipokso mytydydykyknaha sipybyretsa nikaranaha iwatsahi wytyk bo inarahanaha siakbatsa watsa niyziknaha,Rikbaktsa
81,mame koroneu a nuasema taropose ropa —sero onekaropyra ropa exiko imehnomo a tykase ynororo eya,Apalaí
18568,abini'iki ada estevao oniaroa vaihamahi'oamani'aha adani judeus kaija'ari vanasohiva abono vavaka'da'diva estevao athi-ra mitha vani'aki vakanada-ra vakanakiroromisi'oamani'aha vaihamahina vava'i jokojokoni,Paumarí
15763,rabahajaa ba raherꞌoot doo tsijaag ky hadoo mah: —be maa newe keh yy wakan haa —nang mah —peed herꞌood wat nyy da pꞌop haga do tꞌyyd mehiin wat judah buuj nadoo doo sa mahang pꞌop haga do karapee rabadoo hyb nꞌaa,Nadëb
17336,— ximaxosehariya hoka maisaiya xoare kaxawatyakita xiheno hoka “waiye wiyaita” xita hoka kaxawatyakita xiheno — nexa jesus ihiyeha,Parecis
20747,myzubaha bo tsipomonahaze ahahumo yhy ahabyi zeka meky hudikhudikwy botu tsimytururuknaha anabo ahaharere ty waby byizeka mekybotu tykurunaha tsimyzonahaze ahapyrysuktsa ty bok boktaha wytyk tazy natoze myzubaha ezektsa deus harere bo batu yhy niaha piwatawy — niy iwa sesus tuk zinymyrykynahatsa bo nitsasoko,Rikbaktsa
8341,ag ty tope jykre to jykren kejen judeia ta ke u ag tog ta junjun mu antioquia ta ta junjun ky ag tog jesus mre ke ag my kamen mu ky ag tog: “ajag gre junun far kym ni” he mu “moises ty eg my nen to mu en han ni ke tu ni mu ra ajag tog krenkren ke tu ni” he ag tog,Kaigáng
1709,hamri nhum tee ri amnhi ta kuma ne kam: —kwa meho na pre a ama ijarenh ane aa ixte nhyri apumunh ket kumrex ta ka ri am hamri a ijarenh ane ane hamri nhum kam: —na meho kot tanhma inhma ajarenh to hket am pa na pa hte inhno ho apumunh o ixpa korma firipti kot awyr htem ne ama ijarenh ket ri pa ra ixpri ha inhno ho apumu na ka korma pita parpe nhy pa apumu ane,Apinayé
2883,sotatoakori auite txari: —nota homano nitxaua kotxi niikitxitari aatsopa iki homano nininiua ikapani pakaroneri ininia paoro: —niponaniakasaaki homano nitxapekaua —itxa,Apurinã
17161,maika hisohena hoka hakolaheta nomani niminase nahalakihenere troade nali carpos hanakota maika hakolaheta nomani baberanae maika babera militi nomakerenae kaisere hakolaheta,Parecis
18311,a'onira ni'a'ianaki bana ada: “ni-a'onira oogaki ni-hana hina kaija'ari avihini-ra oogaki avakadihojai asohirihi afobakhia avakara'o bana kodiania” — va'ora ni'aha ada jesus hari jesus va'ora ni'aha adani vajoroniki:,Paumarí
15544,pꞌaa henh be benang do hadoo papuuj go be baboo dag kan y hanang peh ji yb sa waheh go dejep do hanaa nado ta tii nadajep do hanaa ta tii pꞌop haga do kyyh awad hadꞌyyt do nahanh do hanaa,Nadëb
26840,nhym jeju me'o nija pumun kam kum kapri: ne kum —‍kwarik wanh ga amyr ket ane,kayapó
14383,— kabi be bit deus xe epesop soat em eycokcok cica epesop kopi'i kake gu deus xe hi'ep kake gu dak ibukurukayu kake gu dak — io'e,Mundurukú
14677,guyjom jesus wuymutaybitbinap ekawen o'guwen cebe ip — agokatkat uvadip o'tiptaida — io'e jesus — tiptaida buje korara o'guge uvadip koreren korara o'jomuy uva'abidi muwesogsogap o'guge uvadip wiwiap'a o'yamuy- -umat'a warara'acayu o'jomuy tip wiwi an uva'a'in kuka o'yaum tipwiwi'ukayu be ya'ade tip wiwiapteim wara'at'a'in kuka o'yabu jexat'am kadai iwat wara'at ka kay o'ju,Mundurukú
22642,ina ahi'okovo jesus ne ihikauhiko hara kixoa: —‍yexoa yupiheovo ikotivexea farizeuhiko ne yihomeku,Terena
19585,se alguem lhes perguntar algo digam-lhe que o senhor precisa deles e logo os enviara de volta,Portuguese
21573,maꞌato tawa piaria yt iꞌatu­wese i ehete yt teꞌe­ru­wa­netup teran i eimienoi uhetiat kape miꞌi pote eweiwat i raꞌyn iꞌatue­tawa pyi e eiwe­noꞌe hamo waku meiewat tawa sawiu eipy etiat koꞌi eiwe­py­pit­pitꞌok kahato iꞌatue­hamo e miꞌi ta ewetunug hawyi ti aru taꞌa­tukuap taꞌyn tupana etiat yt taꞌa­tu­wese i hap e iesui topot­po­ꞌo­roria  ok takaria pe miꞌi hawyi tuwat raꞌyn typy ok tuereto tawa koꞌi upi iesui yaty­pepyi ihay enoi hamo,Sateré-Mawé
3674,aituo myani sodadu kyarim ingasedyly eyam aguely: —  nhangasagada nhangahubyry xara eneka-ro wara — kely aituo myani sodadu idaly  etadadobyryam nhangasagaze ilapyryem myani nhangahubyry prato odaji nhedyly nhadyly awynsaundoam awynsaundo myani tyzeram xuduim,Bakairi
11955,aꞌere jejui ꞌga ꞌi ꞌga upe: —aꞌjea futat ere poromu jee aꞌere janeruwarete ꞌga ene je pymia futari aꞌeramu jane iapou ꞌga remifutar imu etee futat— ꞌjau jejui ꞌga jua ꞌga upe —naiꞌi— ꞌjau ꞌga ꞌga upe aꞌeramu ꞌga ꞌga pymiau ꞌy pe,Kayabí
23824,dɨporokɨhɨpɨ o'akɨhɨ yee kiti were mɨ'tagɨ  wametigɨ a'ti ɨmɨkoho pe'tiatoho dɨporo wa'aatehere oha yuukɨ niiwi “ya'agɨ o'akɨhɨre yabigɨ noho kɨɨ yaa wi'ipɨ sahatigɨ noho jerusalekaha wi'i ayuri wi'ipɨre sahaa nu'kugɨsami toho weegɨ kɨɨ sahase me'ra tii wi'i ya'ase mariri wi'ire dohore'gɨsami” nii oha yuukɨ niiwi kɨɨre tii wi'ipɨ niika i'yara mɨsa a'ti purire bu'e tɨ'o masiya toho wa'aka i'yara o'akɨhɨ bu'iri da'regɨsami niira judeiapɨ niira ɨrɨpagɨpɨ du'tiya toho wa'ari nɨmɨre wi'i dɨpo saari opa sirapɨ soo pesagɨ noho po'peapɨkahasere sahaa duretimigɨ diakɨhɨta wa'a wa'aya wesepɨ to'ogɨ ke'ra nee wi'ipɨ tohaa duregɨ wa'atika'ya,Tukano
12811,tamiꞌnawironkon ekaranmapoꞌpi jesusya: —moises nuriꞌtiya yenupantoꞌ yawiri iꞌ kupiuya eꞌpainon eriꞌkaꞌnitoꞌ weiyu yai mori kupiuya ya mori pe awani imakuiꞌpi kupiuya ya mori pe awani aniꞌ piikaꞌtiuya ya aasaꞌmanta namai mori pe awani aniꞌ ri wiuya ya mori pe awani oꞌnon yeꞌka pe epori piꞌ naati kaꞌti upiꞌ —taꞌpiiya tiise moo toꞌ waniꞌpi yuuku toꞌya pra,Macushi
7169,—‍nazare ei natanael'ga imombyryva'ea nduri tuhe pea hugwi ei ga ga pe —‍herejo xaho ji rupi a'ero terehepia ti ga ei filipe'ga ga pe,Kagwahiva
6148,jesus igo aniodi zaqueu liɡeladi jesus dakatediwece nigotaɡa jerico yakagiditedeloco naɡani nigotaɡa onini ica ɡoneleegiwa liboonaɡadi zaqueu lacilo niɡijo anodibatibigege ninyeelo ninionigi-eliodi romaanotedi zaqueu one liico odaa domaɡa yemaa me nadi anidoa icoa jesus pida ayakadi me nadi leeɡodi niɡidi noiigi ibeyacaɡadi me daɡaxa moxiiɡotawaanigi,Kadiwéu
16356,nxe³­sa²­te³­na¹­ oh³­xan¹­te²­a²­ hxi²­kan¹­ti³­ nu³­ka³­txi³­su²­ te²­na²­ oh³­xan¹­te²­a²­ nu³­kxun³­ta³­ nu³­ka³­txi³­su²­ te²­na²­ ain¹­sxa³­ txa²­wa¹­su³­na²­ sa²­kxai³­lu²­ txa²­wa¹­e¹­na²­ sa²­hau³­ko³­tu¹­hain¹­ju³­ta²­ u³­hu¹­hain¹­ju³­ta³­nu³­a²­ wa²­na³­u¹­hain¹­tu¹­wa²­ je³­su²­jah³­lai²­na²­ wan³­txa²­ yxo²­i²­sxa³­ yxau²­xai³­tu³­ka³­txai²­na²­ hxi²­ka²­ wa²­na³­u¹­hain¹­tu¹­wa²­ kxa³­nau³­u¹­tai²­na²­ txa²­wa¹­ha³­lo²­a²­ yu²­nxa³­hi¹­nu¹­tai²­na²­ txa²­wa¹­su³­na²­ si³­yxau³­jah¹­la²­ a²­we³­ha³­lxi³­nau³­nxu³­a²­ wa²­nxuh¹­hain³­nha²­ta¹­hxai²­he¹­la²­ txa²­wa¹­ha³­lo²­an¹­ta²­ nu³­ka³­txi³­nu³­a¹­ i²­li³­te²­nu³­a¹­ je³­su²­ kris²­tu³­jah¹­la²­ txa²­wa¹­hxi²­kan¹­ta²­ si³­yxau³­jah¹­lan²­tu³­ yxo²­i²­ain¹­ju³­ta³­nu³­a²­ ten³­ta¹­hxai²­he¹­la²­ a²­nxe³­ju³­kxai³­lu²­ yxo²­i²­ain¹­ju³­tan¹­te²­kxa³­ya³­lhu²­ a²­we³­ha³­lxi³­khai³­lo³­tain¹­ta¹­hxai²­he¹­la²­ nxe³­jau³­xa²­ whai²­na¹­ txa²­wa¹­su³­na²­ a²­e¹­nan¹­jau³­su²­ ta¹­hxai²­he¹­la²­,Nambikuára
5885,haꞌe vaꞌe ojekuaa uka eꞌy mbove  ranhe israel kuery haꞌe javive pe omombeꞌu oikovy jajeko rerova vy nhanhemongarai uka agua regua,Guarani
23977,moise dutise doka nii nemotika'ya niise nii' jesu cristo marire mari yekɨ sɨmɨa wee mɨhati'ke doka nii'karare yɨ'rɨokɨ niiwi o'akɨhɨ po'ra wa'a dutigɨ marire ya'aro wee'kere weri wapa yee basakɨ niiwi marire too dɨporopɨre pehe dutise niikaro niiwɨ ni'karoakare jesu cristore eho peora maha tiitapɨ nii'karo noho nii wee' nii soora mɨsare a'tiro nii boosama “o'akɨhɨ me'ra ayuro nii si'rira moise dutisere weeya” nii boosama toho niika tɨ'otika'ya teere weetika'ya mɨsa teere weera da'ra ko'tera weero noho wa'arasa' taha,Tukano
21632,pyno mesu­wa­rotiat tupana eiam musei minug yahig notiat aikota tupana eiam sese atipy piat iaꞌakap ewy kahato ahepa­ꞌiria mekewat sokpe kawiat piat motpap nug haria tukup­teꞌen atipy pe tupana eiam notiat motpap ewywuat ahepaꞌi wato iesui iaꞌakap ewywuat aikota tupana toꞌe musei pe haꞌa­wyte mio ta e — eweꞌeg o musei e waku etunug o uimo­typot yat uiꞌe hap ewy e atiky­ꞌesat hapyk kahato uiꞌe hap ewywuat hap e aikota atomo­herep epe saꞌa­wyꞌi yityꞌok tote hap ewy etunug o atipy pe e kat kupitu kat kupitu areꞌe yityꞌok tote hap ewy etunug o e tupana musei pe tutunug inug hap eꞌyianmete,Sateré-Mawé
19262,a lei e os profetas profetizaram ate joao desse tempo em diante estao sendo pregadas as boas novas do reino de deus e todos tentam forcar sua entrada nele,Portuguese
22343,yoko koati enomonemaka koeneye yutoe porofetahiko enepone koyuhoti emo'u ituko'oviti mekuke xoko ko'iyeaku:,Terena
17001,hiyaiya exakere atyo iraiti waiyexe nexa: hiso ohiro maisa kahare kaisanihenolo: maika hihalahalohena hiso maisa xoana xowaka xoima kahe kakoa hiwaolitihenolo: maika hakawiyahena hihalahalone kakoa hiyaiya ohiro ehalakisakahalo atyo ite kahare kaisanihena exanene kakoa tyaonitolo nonitata,Parecis
7632,eapo ti ahemonhimomby'ava'ea ei ahe jesus'ga pe aere fariseus'ga nduri jesus'ga pyri saduceus'ga pavei ovahema —‍tihepia ti gapopoakara ei ga ojohupe mara'ngu po tupana'ga okovo ga pyri ga mbopopoaka tupana'ga ga mbopopoakare'ymame po ti nhande ga mbotegwetei ei ga ojohupe nura ga ei jesus'ga pe: —‍eapo ti ahemonhimomby'ava'ea torohepia ti ei ga ga pe,Kagwahiva
22553,ina kixovokoxopamaka jesus: —‍na'ikopo ye'aye paum apeti yayeke —‍seti koe —‍kixoane ihikauhiko,Terena
18739,nihaha: —hokihaha'oadahaki ada deus nama arabo 'dako karaho hiki-ra namonaha'iki ada hahavi nama arabo 'dako karaho hikia hojaki-ra namonaha'iki ada ka'oa hiki hida kodivarani deus viaha varani ka'oa okavarani'iki ho kamahini ipohijanarihi bana ida namithaki kaimoni deus ibavi kaija'arini hoariha maina bina'ithoki bana ida trombeta namithaki bana ida athi deus athi namoniva abono-ra va'ora nava'isohi'bo'davini hi'iki kidihonai abono vihiki adani ni-ija'aria aviga'iaki kaho ida deua binava'isohijoravini hiki nahina hini — niha ada deus ibavi kaija'arini,Paumarí
11232,aꞌeramu ꞌga ꞌjau ꞌga nupe: —wemiayuwamu pe mogy are janeruwarete ꞌga fueweramu aꞌeramu ki pee pejepoia pejetywer awi anurenureꞌi nipo janeruwarete ꞌga wemimureramu je myi ꞌwyriaramu pe nupe “pejetywer awi pepoir ire ꞌga pe katuꞌogi pe mogyau wemiayuwamu” aipo ꞌea ki perowiat— ꞌjau jejui ꞌga ꞌga nupe,Kayabí
16365,su³­na²­ i³­sa²­nen¹­kxi²­ki³­jau³­su²­ txa²­wa¹­su³­na²­ si³­yxau³­tau³­a¹­ thai³­ti³­la²­ a³­lxi²­khaixne³­na³­la²­ te²­ya¹­nxe³­nun³­sxa³­ wan³­txa²­ wa²­nxuh¹­ a³­la³­kxi²­ta³­lu²­ni²­ wa²­nxuh¹­ wi¹­ko³­nha²­ta³­lu²­ni²­ nxe³­kxa²­ si³­yxau³­jah¹­lo²­su²­ na³­la²­ a²­nxe³­jah¹­la²­ wa²­nxuh¹­ a²­e¹­nau³­a¹­ au³­txi³­ ain³­nha²­jau³­la³­ ko³­nxe²­ a³­ten³­ki²­ki³­sxa³­ha²­kxai³­ ha³­lo²­a²­ kai³­ain¹­ju³­ta³­la³­ a³­la³­kxi²­ki³­sxa³­ha²­kxai³­ nxe³­ne³­lhi³­jah¹­lo²­su²­ na³­la²­,Nambikuára
1933,jejus nhy ha me ahkre ho me pa xwynhjaja kot tanhma amnhi nhipex to ho pa ha me harenh tirtum pa teopre xa amex e ot pa axte awyr kaga nhipex ne kume na wam ixte awyr kaga nhipex ne menhta kama na pa pre ama jejus kot tanhma amnhi nhipex to ha hare ne ha kaga kot tanhma amnhi nhipex to ho pa ne tanhma me ahkre hto ho paja krax rum pa pre piita ha kaga hpa ne awyr kume korma akupym kaxkwa hwyr apir xwyj ri na pre y ha me ahkre ho pa kaxyw hkot me pa xwynh kwyje re ta nhum me kam hkure xwynhjaja kupi nhum amnhi xa htyx kam hamak rax kam ty hamri nhum tirtum akupym ho htir nom nhum ma akupym kaxkwa hwyr apir kure kumrex ket ne na pre xata me kot y ha me ahkre ho me pa xwynh maatije hwyr hapoj nhum me akupym htir kam omu na pre hte nhyri me hwyr hapoj ne tanhma me ahkre hto ne me kam:—na pre tirtum me ato hkra ne tam me ate amnhi nhipex o apa kaxyw me axunhwyanhyr o me ahkre ha arigro ho  hamri ne korma me kama pa ri axte tanhma me kam kaper to tirtum karo nhy ha me kam kaper ne me kam:—e ker ka me kri ja kama ri apa ne tokyx ma nhyhym apa hket ne ke inhipeexa tirtum me awyr amnhi karo re man ra ixte me ama harenh xa hkot koja me awyr kure nhum me awyr wry ne me akaro ma agje ka me ri korma anhgra ne ma nhyhym kri hkot ri me kam kaper jarenh o ri me hkot apa,Apinayé
712,—osepyno awahtao xine orihnoko ro matose yrome ypoetoryme awahtao xine oorikyryko zuno pyra matose jomipona roropa awahtao xine orihpyme exiko matose enara,Apalaí
2226,teoso sikari erekari iua nireekiti kamakanimoni ninoa kakiti auiritaakako teoso amatiirite itximinina auapika ininina tikane auiritaakanako iroinina teoso sitatxinee,Apurinã
13949,pa timon te yeyox kunnix pu hapxop xak nuy topa yog ham'aktux 'aktux nuy 'apena max tuk mutik ham tuk mun hak-tok hakmu'ate hapxopmaha' nuy ham'apak max'ax 'aktux ha 'axop te' yummug,Maxakalí
10227,tahe salu ijoi rioryre rybeohyy ryimyhy rybe‑o roholare tahe tuu robiohyyre salu suribi ryireu irueta wesele heka ratximyhy tahe habu tii‑wana ihymyhy heka iaxio‑ki idi rimymy idi rare damasu hawa‑o,Karajá
21365,putꞌok­toꞌe raꞌyn go totiat hawyi tohytpok taꞌyn haꞌyi teꞌyi go pe maꞌato yt yne i haꞌyi hewo go sese tote iraniaꞌin so haꞌyi hewo go puꞌap upi miꞌi koꞌi ti weitaria tuꞌu neꞌi e,Sateré-Mawé
21584,maꞌato — yt naku i miꞌiria areꞌe tupana pe ehepiat pote pywo pe e maꞌato yt areꞌe i yt uiwa­netup hap kaipyi i areꞌe uwe waku uwe yt naku i e hap mesup taꞌi uiꞌywot uipo­ꞌoro hat wanetup hap kaipyi yn ni miꞌi miit waku miꞌi miit yt naku i e hap waku areꞌe maꞌato mesup uwe waku uwe yt areꞌe hin i ehepiat iraniaꞌin etiat mesup e iesui uruto poꞌog e haria pe,Sateré-Mawé
4943,aze teko uzeruzar tupan zeꞌeg ikatuahy maꞌe rehe wa nehe aze uzemuꞌe hehe wa nehe tupan upyro putar aꞌe teko aꞌe wa nehe aze aꞌe teko uzekaiw katu wiwi aꞌe zeꞌeg rehe wa nehe aze weruzar tuwe wa nehe izuwi heharaz ꞌym pa wa nehe aꞌe mehe wanemiapo kwer ikatu tupan pe wa nehe tupan umurywete kar putar aꞌe teko aꞌe wa nehe ikatuahy maꞌe iapo pa wanupe aꞌe wa nehe,Guajajara
7004,nura ji ekatui pe me kiro po ti pe hoi hahyva'ea ruvihava pype nehe a'ea po ti pe napembojari ji rehe nehe a'ereki ji amomorandu pa pe me a'ea rehe ei ga ndapojihuvi ji imombe'upava pe me tupana'ga remimbotarimova'ea ei paulo'ga ga pe,Kagwahiva
26278,ne kwarik wanh me axwe kot ajaxwe ket me axwe ne me kute akamat ko tykkam me apenh punu pyrak djam me apenh punu djo'a myjja mex got arkati kwarik wanh me axwe kot ar ajaxwe ket ar ga dja gar me axwe neje me kukra mykam dja gar me axwe kot ajaxwe ket bir me me kaxa apdjun ba punukumrex gwaj ren abenma me aren ren bapija:m ne,kayapó
1985,hamri nhum panape tee ri ha hihtyx no nhum kep hkaga kumrex jakama nhum wa ja ha axpen pe axkje ne ma ahpynha mo nhum panape amnhi kot juaw makre ho mo ne wa ma par kam go hipok pe sipre hwyr wa mo,Apinayé
483,epereu to neneryme imerohpyry sero ritonopo mukuru poko pake ritonopo kynoturune kytamurukomo a urutoko ae tuhke roke kynoturune urutoko osenetupuhtoh ae kynoturune aosenehtohko ae roropa kynoturune eya xine,Apalaí
4984,nurupuner kwaw imupyta kar haw rehe ure aꞌe rupi — tuwe maꞌe uzeapo tupan hemimutar rupi nehe uruꞌe izupe,Guajajara
25724,'re ihaimana u'asi mono ha sopru wa ama 're wawata za'ra mono sina wasa ha wa te 're huri mono wamha e i'uwaibaba te za ni'wa ha te te dama 're wawasu'u wasete za'ra to o ha wa te 're ihuri mono na ha mare di tare te za ni'wa ha te te dama 're wawasu'u wasete za'ra to sena newa,Xavánte
12601,tamiꞌnawironkon miikiri eseurima etatiponkon esenumenkaꞌpi kureꞌne teesewankonoꞌmai maasa pra epuꞌnen pe aweꞌtoꞌ piꞌ moropai toꞌ maimu yuꞌtoiꞌya piꞌ toꞌ esenumenkaꞌpi kureꞌne epuꞌti tiuyaꞌnikon yentai,Macushi
4040,tupan umumeꞌu wekwe imur awam peme aꞌe pepurumuzamuzag wanupe aꞌe no tupan kwaw par ꞌym nanan aꞌe no zanezar zaneruwihawete heminoz ram nanan aꞌe no,Guajajara
17034,exowaka kawalonai kawalohenorenai hisoaka tyaonaha  harenai nasema ixihatyakaha tahi nokaxawaiyanikisaki hoka nowaiya kawalonai eheno tyokiterenae hare itikolaliha talatyakala irikati akerehare xotere sehalise safira akerehare tihorere enxofre akerehare jikere xoaha kawalonae seri hoka motya leao seri ekanasakota hikoita irikati jimere enxofre xoaha,Parecis
9682,—ha upe rire katu upe irundy mil kwimbaꞌe-pe ambopopoy sete mbojape ameꞌe hagwa upei mbovy ajakagwasu-py pemboyru hembyre napene manduꞌavei-ma tipo heꞌi upe vaꞌekwe-rehe —maꞌera tipo napene manduꞌavei-ma hese heꞌi ndojeroviai-gwi hese hikwai,Kaiwá
2269,maerekati ikama imisirienetari ati,Apurinã
4676,amo kuza imen umano maꞌe kwer werur wemetarer pixikaꞌi maꞌe tupan pe aꞌe kury umeꞌe zezuz aꞌe pe har wanehe aꞌe kury tapuzuhu pe har wanehe aꞌe kury hemetarer katu maꞌe werur wemetarer ikurer aꞌe pe tupan pe wa zezuz umeꞌe wanehe temetarer imono mehe hyru pupe aꞌe,Guajajara
13763,ha gohet yog tik te: —‍'amhok 'amog hok nay 'axexkah hakmun kutognag yik pet ha mog hok 'apu hampakut'ax xat pu kamanat nim ha' hittupmap-tup 'ugmun yipkox xip yognu xexka xop pu' tu xonat xop xat 'uyanan tu' hakmun pu yipkox pip 'ate xonat puxet xat hu: “mog” kaxiy ha' mog ha xonat noy xat hu: “ma'” kaxiy ha' nun ha' noy xat hu: “moy miy” kaxiy ha' miy kaxiy,Maxakalí
21135,sehay wakuat aipo­typot etiat iesui etiat tupana tiky­ꞌesat kahato aiwa­netup hawe aipyꞌa pe toiky­ꞌesat yne iesui mienoi aikai howapy sakpo hap ti raꞌyn toiky­ꞌesat toiky­ꞌesat yne tosa­ꞌyru ehay aipyꞌa pyi tuwetem nakat aikota hekat rakat hegyiꞌat rakat tum hap ewy toiky­ꞌesat ahegyiꞌat kahato hap tehay wywuat torania pe toiky­ꞌesat wati­ꞌa­tu­muꞌe kahato iraniaꞌin tehay wepy puat hap toiky­ꞌesat wati­ꞌa­tu­muꞌe kahato tehay wo iraniaꞌin hap yne aiweꞌeg hap wywo waku aiwo­ꞌo­muꞌe hamo toiky­ꞌesat morekuat tawi wepy hawuo watu­wepy hap toiky­ꞌesat tehay kaipywiat hap watu­wehum kahato tewawiat wepy hamuat wuatꞌi ehamo hap toiky­ꞌesat watu­wepy mekewat sehay ikahu rakano tuetiat hamo toiky­ꞌesat watu­wepy mekewat saꞌa­wy­ꞌiwuat wepy hap pyi toiky­ꞌesat towawiat wepy hap aipyꞌa pywiat hap topaꞌau wywo toiky­ꞌesat watu­wehum tewawiat wepy hap mywo — waku kahato en aiꞌe hap toiky­ꞌesat — emiium waku kahato tupana aiꞌe hap toiky­ꞌesat,Sateré-Mawé
2897,ininia ate misakiretari teoso hite atao hikamini ikiniotika kotxi apiananiri anaakori hitxaua anirekari hikamakiti kamapoxokonitiniri teoso ininia hikamakiti ikiniotika erekarinoka amatiiri erekari atoko ininia ikiniotika himaroapotari apikomoni teoso nireekiti,Apurinã
19812,as minhas ovelhas ouvem a minha voz; eu as conheco e elas me seguem,Portuguese
9094,—ore ramoi ypykwe jaco omeꞌe vaꞌekwe ore-vy upea ygwa hoyꞌu ave ixugwi taꞌyry hoyꞌu ave ixugwi vaꞌekwe omboyꞌu ave ixugwi vaꞌekwe gwymba heꞌi —ha nde nerenhembotuvixa mbaꞌei tipo ixupe heꞌi ixupe kunha,Kaiwá
15874,ti mꞌ tsijaag jowaw daheeh raky nꞌaa napah ba jesus raganadoo do ky nꞌaa raky hadoo jesus ha: —aa wahe nꞌaa —nak mah —makaren pꞌop naa teeg hoo aa mejo hyng ragawatsik hyb nꞌaa —nak mah reaanh mah,Nadëb
11109,jarejuwarete ꞌga perowiat rakue aꞌeramu ki ꞌawamu taetu pee ꞌga rerowiaa pejejemogyau ꞌoga apoara ꞌjawe janeruwarete ꞌga saꞌa ꞌoga apoara ꞌga ꞌyw esagea etee imuꞌea tupaaꞌmywareteramu ꞌyw esagea etee nane ꞌga erawau inuga tupaaꞌmywamu itaoga apoara ꞌga nane ita esagea etee imuꞌjau nu aꞌeramu ꞌa itaoga apoara ꞌga ita amu monou imomoa ojewi aipoa ita niaꞌwyri ꞌga nupe nan tee futat judeuramu oreꞌwyriara ꞌga jejui ꞌga reroyrumu aꞌeramu ꞌga ꞌga jukaukaa jefaruu ꞌga nupe ikue aꞌere janeruwarete ꞌga ꞌga nemiroyrumera ꞌga mogoi ꞌwyriaramu wemiayuwamu janee “esage ꞌga aꞌeramu je ꞌga mogou ꞌwyriarareteramu orojemiayuwa ꞌga nupe” ꞌjau ꞌga rakue itaoga apoara ita esage etee imuꞌjau wog are aꞌeramu ꞌga imyina tenaw ipe te tee nan tee futat janeruwarete ꞌga pe muꞌjau wemiayuwamu aꞌeramu ki pee pejejemogyaukaa ꞌga upe ꞌga remifutar imu etee futat yma judeuramu ore mamaꞌe rerooi mainana ꞌga nupe ikue: “emono jarejuwarete ꞌga upe jee” ꞌjau ore erawau ꞌga amu nupe ikue mainana ꞌga etee te oporowyky ꞌga upe ikue aꞌere jane ꞌawamu jane jemogyi mainana ꞌjawe ꞌga upe kristu ꞌga rerowiaaramu jane juejue etee futat saporowyky ꞌga upe yma ꞌa judeuramu ore orojeymawa monou ꞌga upe rakue aꞌere jane ꞌawamu jane jemogyi ꞌga upe oporowyky maꞌeramu “ꞌga ꞌagesage paje mu je mamaꞌe apoi ꞌga upe ꞌga muorypa” ꞌjau pee ꞌa ꞌawamu jejui kristu ꞌga ꞌa pee erowiaa pejejemogyau aꞌeramu nipo janeruwarete ꞌga ꞌjau pe nupe: “esage ꞌga porowykya jee” ꞌjau nipo ꞌga pe nupe,Kayabí
11147,aꞌjea futat janeruwarete ꞌga remifutar imu etee mamaꞌe are iparuapowet maꞌe ꞌga akuꞌiramu ajemogyau aꞌe ꞌga aꞌjea futat janeruwarete ꞌga opoat mamaꞌe apoukaa wemifutar imu aꞌeramu ꞌga akuꞌiramu ajemogyau,Kayabí
17327,hoka hoholasekoatya kanowa hoka hamaniyatere axanikisene hoka maisa aliyakere wiyane waokowitere notota wamohititene hatyaoseta wahalakisene hoka hoholati hoholatene wikakoare,Parecis
9444,ha simao raixo onheno oi-vy hasy heteraku-gwi pyaꞌe omombeꞌu hese hesu-pe oho hesu oipopyhy omopuꞌa ixupe oheja-ma ixupe heterakukwe ha upei katu okwera rire simao raixo haꞌe ogweru ixupe kwery hemiꞌura,Kaiwá
4222,tupan penexanexak arer romo hekon aꞌe uzekaiw katu zanerehe uzapo tuwe maꞌe uzeꞌeg rupi uzapo tuwe wemimumeꞌu kwer no taꞌe nahemuꞌem kwaw aꞌe xe,Guajajara
26276,nhym wanh mojdje kukradja mar djwynh kwy nhyn arym amim —‍e kum be me'o ja ne ajman metindjwynh japryo djan amijo metindjwynho dja metindjwynh pydji ne kute me axweo biknorn mekam ngryk ket ane,kayapó
4748,umuꞌapyr kapuhag kwez herehe aꞌe taꞌe umuagaꞌym heretekwer kwez aꞌe xe hetym awam rehe aꞌe xe,Guajajara
13187,yeyox te ham'aktux kux tu: —‍tikmu'un kummuk xuy putup mo'kuma' mog ha' kuxya 'ohnag paya tikmu'un max hi xe'egnag mo'kuma' mog ha' kux 'ohnag kamah kaxiy,Maxakalí
11913,—peꞌje pejeapyakau je ree tejekwawera je amomeꞌu pe nupe aꞌeramu pee pejeapyakau jeporogyta are— ꞌjau paulo ꞌga ꞌga nupe —kuu janejeꞌega futat nipo ꞌga wapo— ꞌjau ꞌga ajaupe aꞌerauwe ꞌga nuwi wapyakau etee ojeꞌega ꞌga iaporamu,Kayabí
5077,nhomboꞌe vaikue vaꞌe kuery ma heko pora merami rive haꞌe ijapu rei vaꞌe ipyꞌa kyꞌaa noenduvei agua rami haꞌe kuery ae ojeapo rire haꞌe kuery nanhomomenda ukai ꞌra haꞌe ndoꞌu ukai ꞌra guive amongue regua tembiꞌu jajerovia haꞌe anhete vaꞌe jaikuaa vaꞌe jarovyꞌa reve jaꞌu agua nhanderuete omoingo vaꞌeri,Guarani
8813,tope ty abraao my venh pate fon ky judeu ag hyn inh my: “eg jogꞌjog ve pe ty abraao hyn he ri ke ti” he sor mu “nen u ha kar han ti ti abraao ti ha tugrin tog ty tope my un ha ni” he sor ag hyn mu judeu ag vo ha tu ve ti ki ra tugnin ke ve ha ky tag vy ti to ran ky ni ha me: “abraao vy tope ki ra ha ky tog ty tope my un ha ni ti ty ti ki ra tugrin” he tog mu tope vi ran ki ti ty nen u ha han tugnin tope my ty un ha ni ra tog veso: “ty sog un ha ni ag kar kafor” henh ke mu ve vesy un ha han sor ky ha ra eg vesy un ha han ki kagtig nyti,Kaigáng
23753,toho weegɨ paulo ni'ka kɨ'ma ape kɨ'ma deko tookaharare o'akɨhɨ yee kitire bu'egɨ corintopɨre tohakɨ niiwi,Tukano
169,—joaome oekaroko ma toto ahno epurihkaneme tykase toto —imehno eriame oekaroko roropa ma toto imehno roropa jeremiame oekaroko roropa ma toto imehno otarame urutome ritonopo poe oekaroko ma toto tykase jezu poetory to eya,Apalaí
3234,inakanhe aguitobyry xygakeybyem mawanra anguydo imeom adydo imeom wara tagameduneba iwera jesus iguehobyry waga tawentaguezeba kydawyly deus xuraem,Bakairi
18616,hari jesus athi-ra vakamithaha adani judeus kaija'ari vahoariha vajari'daki vahoariha ni-vajari'daki vajari'dakia vani'aha: —va'ihariha ada bajadia va'i binahonariahihiki ada hari'a mitha vani'a hida kidivarani — vakhaniha vajari'darikia vani'aha: —ni-niki ida kabajadiki kavarani ija'ari kabajadikia bikaabokamanija koda ida ija'ari kamaodorohaki nokhoni 'ba'dani-ra anavagahavini iniani — vakhaniha,Paumarí
7818,—‍kiroki ga ndahe'yiva'ea repia katu – gaha he'yjuhuva'ea repia katu no ahe mbojikoga ojihe kiroki ga ndahe'yiva'ea rehe omotetirua – gaha he'yjuhuva'ea rehe omotetirua no ahe mbojikoge'yma ojihe ei jesus'ga po pe ndapepo'rukatui yvyakotyva'ea penhiitambere'ia a'ero po ti tupana'ga nomondoi oapoa pyryheteva'ea yvagipeva'ea pe me nehe topo'ruyme ti ga javo,Kagwahiva
17716,hatyaoseta nexa: — notyaonitatere xikakoa xowakaira noxakaitaira tyotya kaotyakehenerehare notahi kaxairatyakehenere moises xaotyakiraho nanekoare iraiti xakaisaseharenai xairala nanekoare salmos nanekoare xoaha tahika — nexa hatyaoseta awaiyolikisahene waiyoreha maheta iraiti waiyexe xairatyoare tyaonitere kakoa,Parecis
1200,jejus kot simaw petre ma kaper ta nhum jejus tanhma me ixte hkot ixpa ho ixpa xwynhje jarenh to ne me inhma: —e tirtum kaper a kaga htumta kot tanhma me akukama me ajarenh to ne me ajarenh kot: kot paj owehti jamar o pa xwynhja pi hamri nhum owehti hpigranh pa ne ma anhgra ne ri mra anhyr o kot me ajarenh te ho me ape owehti pyra ne a me ajarenh ane ta kamat ja kama koja me tanhma inhipex to ka me ixta me omu ne me umaj owehti pyra ne apiita ixkaga hpa ne ma aprot ne mra,Apinayé
18943,oniaroa bodi'bara'ianaha ada jesus abini'aha,Paumarí
23014,diakɨhɨkahasere eho peoro noho o'ora meho nii soo wioritima kɨɨre eho peoro noho o'ora kɨɨ da're'ke a'ti nukukakahase pe'ere eho peoma o'akɨhɨ nii pe'tise wee'kɨre e'kati peo nu'kuka'ro ɨa' tohota wee no'oato,Tukano
23234,jesu masare bu'eri kura apera masa ni'kɨ siha masitigɨre kɨɨ kuyaro me'ra wɨa ehakara niiwa naa wi'ipɨ mii saha jesu tiropɨ kuu si'rikara niimiwa toho wee si'rimira masa pahara waro nii yuuka nee wɨa saha masitikara niiwa toho weera wi'i dɨpo saripɨ mɨhaa ni'ka pee see weekara niiwa tii peepɨ kɨɨ kuyaro me'ra kɨɨre jesu tiropɨ masa wa'teropɨ du'u dihokara niiwa,Tukano
13879,yumug kuxa ya yay kupex hok kopxix yumug mog yay niynam nuy topa keppa' pi' nuy nom pu ham'aktux nuy yumug kuxanog hok topa pu yumug yipkox pip yiy ta yumug xat 'u hapxopma max hu topa tu' xak 'u yumu'a hapxop 'um popma' ha' popmaha',Maxakalí
10436,iny sowemy tuu robira rohonyrerimy tahe iny ibutumy hawa hawa ludu raijaranyre torosona‑o tiibohole juhu rehemynyre iko‑ki,Karajá
19086,um deles quando viu que estava curado voltou louvando a deus em alta voz prostrou-se aos pes de jesus e lhe agradeceu este era samaritano,Portuguese
16547,jo³­au²­ ba³­tis²­jah³­lai¹­ta²­ sa²­kxai³­lu²­ a²­nu²­a²­ te³­sxa³­ i³­ye³­na²­ u³­hu¹­kxi²­sa²­sai¹­ain¹­kxe³­su²­ ih¹­jah¹­lo²­ta³­ i³­sa²­si¹­ha³­ain¹­thai¹­li¹­ txa²­wa¹­su³­nu²­khai³­xai²­la³­ ta³­nxa²­ a²­nu²­khai³­xai²­la³­ ta³­nxa²­ nxe²­ i³­yau¹­u³­jah¹­lxi³­txa²­sa²­nhe³­li¹­ je³­su²­jah³­la²­ ta¹­hxai²­he¹­la²­,Nambikuára
1378,ne jujeja na pre haxwyja amnhi kaxyw tirtum ma hamaxper tyx o pa jao htyk kaxyw ne hkamnar rom hkwyje ma tanhma amnhi jarenh to ra hpiget ne htyk kaxyw ne hkwyje ma tanhma amnhi ta karo hto ne me kam: —e na pa ra ixtyk kaxyw ta koja tirtum inhmyr pe nhyrma ejit rum me akator ne ma akupym me panho pika hwyr me ato pa ra kot me panhiget apraaw ma amnhi jarenh xa hkot jakama kwa me inhma ker ka me akupym anojaret ne ma amnhi kot ixta kasawja my ne amnhi kot ixto mo hamri ne mutar me panho pika kama me anho kri hta ijaxa pa jawy me akuri ixta pyka ane,Apinayé
26515,e ibe djuao ne ba ije me ama ikaben jarenhma —‍me apa me ikaben ma gora me aje ja mar jabej metindjwynh kute anhyr djwynhram mema myjjao kator'a ujarenh ba ije 'a pi'ok no'okja aje mar jabej gora me ikaben ma dja ga me ajo ijukri adjan atema akaben 'o jaren arym metindjwynh kabeno ajke nhym arym panh me ajoo ajke apynh ije meo bikenh djari'a pi'ok no'ok jao dja me ajoo ajke,kayapó
13834,ya yumug kuxa tupmaha' yumug kuxa mam ka'ok ha' tupmaha' ha yumu'ate hammax hip 'a honha yumu'ate' pena'ah tuk kuxa mam ka'ok hu hamyummug ya yumu'ate' penap-tup pax pu tikmu'un hampena' puxi' hip 'ohnag pa tikmu'un te' pena hok puxix tu kuxa mam ka'ok tu hammax hip puyiy topa 'a' miy,Maxakalí
24077,jesustam pushapacun malcap puydi quija arrinlaninman chaychu achicaluptinmi prinsipal yashacuna puydi sasirduticuna camachicuyta yachachicucunaca juntunacalalila jinalculmi israel malcap quija arrinlanincunaman jesusta pushala,Urubu-Kaapor
18708,deus hora no'avini hi'iki ida kidi'ogahai danoki okaabokaja kaimoni ida kidibadania okabadanina deus hora anigahijahakivini hiki ida kidibadani hovani onakama'daja ida kidibadani ija'ari cristo-ra avigariki vakadiania va'ora onanamithabiininivini hi'iki ida cristo monina gora amonahani kama'dani fori hiki ida kodibadani hari hihi ida kodibadani vahoariha maina bada vani'aki ida va'ora vaka'ojomo'ivini hiki ida cristo athi-ra vanaabavini nimania ida badani deus a'onira honariavini hiki afohanana gora amonahani a'diahini fori hiki ida avakadibadani vanajaha bana ida avakadibadani cristo kaija'ari vakadiania deus vania binaibavira ada jesus cristo gora dadani kaimoni hina ovani oa ada ja'di karaho naibavivahani sohiki fori hira kaaraja kaimoni ida gora ovani oa biakava'ijoaja ida ija'ari ovari ka'oa binakaraki ida ija'ari deu-ra vakaijokavini ni-hojaki ada hoariha jesus cristo fori hiki,Paumarí
8607,ky u ty ti kamur ty  ke mag mu en vy ti mu jankamy en ty ranhraj mag han ky tog kejen u ty  ke u mag mu ky ti tu vy ty ti kamur ty  ke nyti sir,Kaigáng
6905,niɡijo naɡa dinelio nokododi me diba digoida aneotedoɡoji liɡeladi odaa  joɡopiticogi liɡeladi,Kadiwéu
14758,iceman ixe juk o'e napa gu juk o'e imeneju a'opurug cuy ip egukorem- -imuguykuku'ukayu ekawen kayayu jetabucap epereap puxim ip egukorem ewebe ip imukorem puje big ma ip je'e itabut jesus kay ibu'u je'e ip jetabut am wuydobuyu'um'um ekawen kay- -ijodiat ekawen kay- -kawen icemat kay'umayu ekawen kay,Mundurukú
9631,eregwahe-ma ramo rire nde roga-py erehenoi ara enterove-pe jevy ovyꞌa ave hagwa nde reꞌyi kwery nde rapixa kwery ave erehenoi ara ovyꞌa ave hagwa “ajohu jevy xe rymba okanhy vaꞌekwe” aipo ere ara eremombeꞌu-vy ixupe kwery erembovyꞌa-vy jevy heꞌi,Kaiwá
4662,— uruiko tupan zeꞌeg imumeꞌu har ikatuahy maꞌe romo ure nuruꞌe kwaw tuweharupi purupe — pawru nukwaw kwaw tupan zeꞌeg imumeꞌu haw aꞌe aze amo iꞌi nehe nuruzekaiw kwaw wazeꞌeg rehe xo penemiapo kwer rehe uruzekaiw katu xo pezeruzar haw rehe uruzekaiw katu aꞌe rupi — emunyryk kar korin tawhu pe har ikatu ꞌym maꞌe wi wa nehe uruꞌe tupan pe tuweharupi,Guajajara
20344,niytahi ipaukbazekta zinymyrykyta hi taparaktsa tsumuehitsa zispizykik,Rikbaktsa
17527,isekohaliti waiyexe wiso xoaha maisa howitihare xawenane wamoka waokowiye xoalini hare waiyexe taita atyo kaomaka waokita hatyoharenai maisaiya aliyakere maomakita: awa atyo kirakahare efetatyakahare enore metalaharenae anere xanihena exahe hoka awa atyo timalati xikanakaira exahe kirakahare kakirolokasetyaka kaxaisakiterehare awa atyo xanisa hatyohare awa atyo iniyalahare xisoma ohiro kakoa exeharenae xisomita hoka waiye xisaona maika waiye xikinatere xisaona waokita eko xoaha,Parecis
14920,filipe o'ju andre mukuyjo am — gregoyu jesus co pin — io'e filipe andre be xepxem ip o'ju jesus mukuyjo am oajem ip cekay — gregoyu ejo pin — io'e ip jesus pe,Mundurukú
19213,noite e dia ele andava gritando e cortando-se com pedras entre os sepulcros e nas colinas,Portuguese
5107,haꞌe py ikuai avi amongue kunhague mombyryꞌi gui omaꞌe okuapy vaꞌe haꞌe kuery regua ma maria madalena  kyrive vaꞌe haꞌe jose xy maria haꞌe gui salome haꞌe kuery ma galileia rupi jesus oiko jave hupive ikuai vaꞌekue oipytyvoa rupi haꞌe kuery reve hetave ju hupive ojeꞌoi vaꞌekue jerusalem katy,Guarani
15581,dawee pej ma ta ma mateg rababoo dag kan ma ti nuuj je karajꞌaa me takꞌep maadaka betaam marakate ha dooh mꞌ tahom rahee doo bahꞌood ty gahem mah,Nadëb
11588,mamaꞌeaya jarejeupe ijesaukaramu miamu jane jarekuꞌiramu etee futat jarejemogyau jarejeupe mamaꞌeay jesaukaramu jane jareapyteratanamu jarejemogyau jupe mamaꞌeaya jane mojemogypyygukaa aꞌjea futat jarejuwarete ꞌga ree mamaꞌeay upe janeapyterataa esage janeruwarete ꞌga upe “eneresage jee” ꞌjau nipo ꞌga janee mamaꞌeay upe janeapyteratanamu aipo ꞌga ꞌe kwaaw ire jane ꞌga ꞌjawe futat jarejemogy rapesaka jarejemogyau,Kayabí
12908,jesus karau miari teerepami pe jerusalem cidaderi eraꞌmaꞌpi jesusya eraꞌma tiuya yai ikaruwaꞌpi,Macushi
21177,miꞌi ahenoi teran ehepe aikota tukupteꞌen miitꞌin mesu­wa­ro­tiaria uhehay pun haria yt uimohey haria i are taꞌi miꞌi haria ti hira­karia woꞌokyry haria ewywuaria tukupteꞌen wema­hara haria ewy miꞌiria tukupteꞌen yt ipap i rakaria ewy are — toꞌiro watu­we­ma­hara iꞌatuꞌe iraniaꞌin me toꞌiro ahehairu iꞌatuꞌe haria ewy toꞌiro akuara piat wepy hawe ahehairu aikota seꞌaito hap eꞌat piat wepit hap ewy ahehairu iꞌatuꞌe toꞌope iraniaꞌin hira­karia pe maꞌato — yt urupap i iꞌatuꞌe are miꞌi hawyi iraniaꞌin hira­karia toꞌiro woꞌosyp hap kape itote watunug akuara piat wepy hap aikota woꞌosyp hap eꞌat piat aiwak hap ewy iꞌatuꞌe iraniaꞌin hira­karia toꞌope maꞌato — yt atunug neran i iꞌatuꞌe are pyno miꞌi haria ewy uimienoi pun haria mesu­wa­ro­tiaria tukupteꞌen are e,Sateré-Mawé
5623,haꞌe vy dez guembiguai oenoi vy haꞌe kuery pe oiporuka dez hataꞌi vaꞌe ouro guigua ovareve vaꞌe haꞌe vy aipoeꞌi: “kovaꞌe perata pemboetave ke ajevy peve” heꞌi,Guarani
10098,paulo tyyriti filemo‑o jiary paulo rare jesuisi kristu oraru‑ki rotena‑ki wahare tximotxi iny seriore wese jiary‑wana adee filemo‑o rybe rewahinyrenyre kai inyluunareny iny wiohenadyydu tate tule afia‑o rewahinyreri tii iny wyorenyo rare tule arikipu‑o rewahinyreri iny rybe tynydyydu‑ki ijoio rare tule ityhydyydu mahadu‑o rewahinyreri aheto dohodyyna ijoi‑o wahe,Karajá
21386,maꞌato erenuk turan wetup ok toꞌe epe — etikuap apo tupana iaꞌakap motypot hamuat miꞌu puꞌi watuꞌu hap uhyt e pote — yt atikuap hin i miꞌi hap waku eweiꞌe iꞌatuepe miꞌi hawyi — pyno yt atuꞌu i poꞌog katu­pono yt naku i watuꞌu miꞌi ta e hat ehamo maꞌato etuꞌu pote haty kahato topy­huꞌat ewanetup hawe iꞌewyte mekewat miit itotiaria pe iꞌaparap hat wo en eropy­huꞌat ihamo etuꞌu pote yt aiwo­ꞌoewy hin i aimiꞌu u hap eko ete e maꞌato waku watuꞌu aiwa­netup hawe wen maꞌato mekewat miit — yt naku i watuꞌu e hat ehamo yt naku i watuꞌu maꞌato iraniaꞌin itotiaria iesui mohey haria — waku watuꞌu tupana miium e haria tukup­teꞌen eipy­ꞌa­setpe pote waku yne aimiꞌu wo watu­wehum kuap tupana kape pote waku etuꞌu e iesui aika­ꞌiwat ahepe pywo kahato miꞌi ta wen maꞌato yt naku i — yt naku i watuꞌu e hat ehamo katu­pono yt naku i watu­ꞌuka ahehay wo iraniaꞌin iesui mohey haria wywo — waku watuꞌu yt naku i watuꞌu e hap koꞌi etiat,Sateré-Mawé
12672,witti ta jesus ewomiꞌpi —iꞌ waniꞌ awani yeꞌnen oꞌmaꞌ tirika annaya yentai awani miriri —taꞌpi inenupaꞌsanya ipiꞌ,Macushi
24689,niptinmi pilato: “allinmi cachacucunawan-ari lipacuy callpayquiman tincuta sumata wichaycalimul tapaycalimuy” nin,Urubu-Kaapor
26874,jakam dja ba ar awyr item'a ajare wam ar awyr gedja ba i ten ar apumu gedja ba pykabe mateni kumrexkam te:n kam ajte amu ar awyr ten box,kayapó
9219,upe rire omboete raꞌanga anga rei ixupe onhembohory-vy: —toiko are katu toiko are katu judeu ruvixagwasu heꞌi onhembohory-vy hese,Kaiwá
12309,tiise paapaya tiwin piꞌ eꞌni tanne ipataꞌseꞌkon yaꞌ itiriꞌpi uyesaꞌkon piꞌ ituꞌse tiwani yawiri tiise tamiꞌnawiri tiwin eꞌpai itemanne wani ya itesaꞌ ton pra awani eꞌpainon tiise tiwin pra tuꞌke itemanne awani tiise tiwin itesaꞌ awani,Macushi
16343,nxa²­ha¹­te¹­ je³­su²­jah³­lo²­nu¹­ta²­kxai³­lu¹­ i³­wa²­lu³­xi²­ti³­an¹­jau³­kxai³­lu¹­: — nxe³­jah³­lxi³­wxi¹­ txa²­wi³­na²­ e³­kxi²­nha²­jau³­nu³­su²­ ko³­nyhah¹­lxa³­lxi¹­ yxan¹­ta¹­ txa²­wi³­na²­ so¹­lxi³­ e³­kxi²­nha²­jau³­su²­ na³­li¹­,Nambikuára
6011,ica laɡajegi aneotedoɡoji ane yajigo niɡina anele me dibataɡagitiwaji odaa aaɡaɡa ele me dibatigi niɡina anele me dibatigi odaa ele me dibatege aneotedoɡoji ane idimonya,Kadiwéu
26728,mykam bir amjen kute jeju mar ketja ne metindjwynh arym amiwyr o te akot ne amiwyr o te nhym ar ajo apro kute jeju mar ketja ne metindjwynh arym amiwyr o te akot amiwyr o te ne ren amiwyr o tem ket nhym ren akradjwy metindjwynh nokrekam mex ket nhym be kati akot akradjwy metindjwynhma mex,kayapó
18967,oniaroa jesua bini'aha: —judas hora ikavarajomivini mani ida hora iramosivini avigaja kaimoni ida hana hina-ra vagathivini,Paumarí
14959,— gebuje on e'em cebe ip- -oba'ug kadiayu be “deus xe ikereat mujugrugrug'ukayu eyju imenpuye deus jajem eykay ipiat'ajoan eywebe epeyenapon cuy oxewi ipiatpi'ajojoap pe soat em epesop- -daxabog pe- -ibiogbuk kereayu kukukat ka be deus o'guge ibiogbuk kereayu kukukat kam- -ixe ekawen tojotjot'ukayu kam tak” ioce'e — io'e jesus,Mundurukú
9875,upeixa heꞌi nhandejary kwatia nheꞌe a-rami: “ore jary ore kwery ndahaꞌei ore tuvixave vaꞌe ha ne manduꞌa pora joty ore-rehe teko rei ramo jepe ore erepena joty ore-rehe,Kaiwá
21585,toineꞌen emaꞌat hap unesimu minug mote waure wo ereineꞌen miꞌi hap ete emaꞌat hap kai toi epiat iwete­weru hap pote uito ahaꞌup nug iwete­weru hap ok ta ahaꞌup nug yne iwete­weru hap are,Sateré-Mawé
13126,'ate mo tikmu'un yay xe'egnag ha nom te hapkummuk miy ha 'ate: kaxiy hok ya' max'ah kaxiy tu nom xuygaha' ya 'ate mo nom yay xe'egnag 'apu hampe'apxeh nuy hapkummuk miy kux,Maxakalí
620,ritonopo omiry omipona ehtoko aomiry etaryhtao oya xine otato ehtoko ynara karyhtao oya xine “ritonopo poetoryme ase aomiry etaryke ya” karyhtao oya xine osenekunohnoko roke matose morara exiryke aomipona roropa ehtoko,Apalaí
10043,—biu‑ki deuxu loosona ratxihyymyhyre,Karajá
14423,— corinto ka beat jexidaap eju o'jepo itabut ma'gu jesus kay — i'e'em owebe yajem'isuatimegap ikere jija deus xe itabut'umayu bit isusun kuka o'e imen i'e am,Mundurukú
10348,wiluumy ibutumy ityhydyydu mahadu luumy idi watxireri iwese aluure wese wiluuke,Karajá
12599,miikiri puu waniꞌpi apoꞌ yaꞌ ferro yekaꞌmasaꞌ yai aarintasaꞌ apoꞌ yarin pe tenai waranti moropai miikiri maimu waniꞌpi kureꞌne tuna kumasaꞌ meru waranti merunti ke,Macushi
22679,yane imaikinovo teaku yoko xuaum neko po'inuhiko yehi koeti ihikau jesus kameanehiko ne epemone,Terena
5543,haꞌe rami avi xevygua heko pora vaꞌe ma ojeroviaa rupi ꞌra ikuai haꞌe ra haꞌekue py ojevy ramo xee ndarovyꞌavei ꞌra” heꞌi vaꞌekue,Guarani
4313,naꞌe amo ae maꞌe uzexak kar ywak rehe aꞌe no mozuhu ipirag maꞌe uzexak kar aꞌe pe heta  iakag izupe heta  iꞌak no umunehew tuwihaw akagapixi haw wakag rehe pitaitaigatu aꞌe no,Guajajara
16266,nyhain¹­jau³­su²­ je³­su²­jah³­lai²­na²­ ain³­kxain¹­ka³­tu³­ i³­ye³­kxain¹­te³­nah¹­lxi¹­: — ih¹­nxe³­kxa²­yan³­ti³­ta³­ yain³­tu³­xa²­ yu³­ne³­lxa³­jau³­su²­ e³­ah¹­lxin¹­ji¹­wi¹­ ha³­lo²­a²­ i³­yah³­lxan³­ji¹­wi¹­ a³­ne³­wxe³­nxti³­xa³­ji¹­wi¹­ i³­ne³­wa³­nun³­kxi¹­nxti³­ji¹­wi¹­ nxe³­yhain¹­ta¹­hxai²­he¹­la²­,Nambikuára
2078,ininia teoso kamari iketo oti apanakini iuaataa apokini ikapani iuasaaki teoso akiritari iketo oti “uatxa” ikara atoko teoso misakiretari tavii: uatxa oti hikenakotiniari nisakire ininia kona hikamapiriko hixinire paikori inini,Apurinã
19182,nos amamos porque ele nos amou primeiro,Portuguese
9766,—upei petei samaria pygwa vaꞌe ogwahe ou-vy tape-rupi samaria yvy pygwa judeu kwery-rehe ijaꞌeꞌy vaꞌe jepe ohexa-ma ramo omano-tama vaꞌe-pe oiporiahuvereko ixupe,Kaiwá
8332,culto ki venh jykre ky ajag venh man ky tag vy ha ni ha me u tog tope my jan ke mu ti my cantar ken je u tog tope vi ty venh kanhran ky tonh ke mu u my tog nen u tonh mu tope ti ti ty ty ajag jyven je u tog eg ty venh vi ki kagtig ki vemen ke mu u tog ti vi me ky eg vi pe ki tonh ke mu ti ty nen to mu en ti ha kar ti ni ajag ty tag ty tope to tar nyti je,Kaigáng
16786,nxe³­ha²­kxai³­ a³­po²­lah³­lai²­li²­ hxi²­kan¹­jah¹­lo²­sxa³­wa²­ te²­ya¹­nxe³­sxa³­ txai²­li²­ pau²­lah³­lo²­na¹­xai²­li²­ hxi²­kan¹­jah¹­lo²­su²­nu³­nxa³­wa²­ hai¹­sxa³­ txa²­wa¹­su³­na²­ a²­sa³­wi³­ha³­lxi³­su²­ si¹­na¹­wa²­ txa²­wa¹­su³­na²­ wan³­txa²­ i³­yau¹­u¹­nxti³­si¹­na¹­ha²­kxai³­ yxo²­i²­ a³­si³­wxe³­yah³­lxin¹­tai¹­ti²­tu³­wa²­ txa²­wa¹­su³­nai²­li²­ i³­kwa³­na³­sa²­si¹­nha²­kxai³­ ju¹­tai²­li²­ i³­yau¹­u²­xai³­nxa²­lxi³­si¹­na¹­wa²­ hai³­sxai²­na²­ wa³­kon³­ki³­ju³­ta²­ ya¹­nxna³­la²­ hai³­sxai²­na²­ u³­whi¹­ki³­jutsu³­nxe²­ txa²­wa¹­su³­na²­ wan³­txa²­ i³­tih³­nxe³­nxta¹­tai¹­ti²­tu³­wa²­ yain³­ta³­ne³­kxa²­ i³­yau³­xa²­ u³­wha³­kxi²­ki³­jutsu³­nxe²­ a³­po²­lah³­lai²­kxai³­ txa²­wa¹­su³­na²­ wan³­txa²­ i³­yau¹­u¹­nxti³­ta¹­he¹­la²­ nxe³­nxti³­ha²­kxai³­ txa²­wa¹­su³­na²­ hi²­sen³­kxai³­lu²­ yain³­ta³­ne³­kxai²­na²­ i³­wi¹­we¹­kxa²­ ya¹­nxe²­ a²­nu²­ i³­nxai²­na²­ yxo²­i²­si¹­nxti³­na³­la²­ nxe³­yan¹­ta¹­ ki¹­ai²­na²­ u³­whi¹­jah¹­lai²­li²­ hai³­txi³­ hxi²­kan¹­jah¹­lo²­sxa³­ha²­kxai³­ ka³­lu³­ju³­ta³­nu³­a²­ i³­yau³­xa²­ u³­wha³­kxi²­jah¹­lai²­li²­ hai³­txi³­ hxi²­kan¹­jah¹­lo²­sxa³­ha²­kxai³­ nxe³­te²­ju²­he³­la²­ nxe³­yan¹­ta¹­ txa²­wa¹­su³­nai²­na²­ so¹­lxi³­ yain³­ta³­ki³­ai²­na²­ ka³­lu³­ti³­hi¹­tha²­kxai³­ wi¹­wen¹­ti³­hittha²­kxai³­ nxe³­te²­ju²­he³­la²­ nxe³­jah¹­la²­ so¹­lxi³­ hxi²­kan¹­sa²­sai¹­jah¹­lai²­la¹­wa²­ nxe³­ha²­kxai³­ u³­whi¹­kxi²­jah¹­lo²­su²­ ta³­nxa²­ i³­yau³­xa²­ u³­wha³­kxi²­jah¹­lo²­su²­ ta³­nxa²­ a³­sen³­sai¹­nyhu¹­ki³­ju³­ta³­la³­ yu³­ai¹­nxa³­wa²­ a²­hxi²­kan¹­ju³­ta²­ hau³­kon³­yah³­na³­la²­ wi¹­kai³­xa²­ ai³­ya³­ha²­kxai³­ txa²­wa¹­su³­na²­ u³­yho³­hxi²­te²­ju²­he³­la²­ ja¹­nxe³­nha¹­ha²­kxai³­ txa²­wa¹­su³­na²­ wa³­ka³­li³­lotsa²­tu³­ka³­txi³­si²­nha¹­wa²­ nxe³­ha²­kxai³­ wxai²­na²­ txa²­wa¹­su³­na²­ hai³­sxa²­ ya¹­xah³­lxi¹­lxa²­ nxe³­nxta¹­ti²­tu³­wa²­ te²­ya¹­nxe³­nun³­sxa³­ txa²­wa¹­su³­na²­ sxi²­ha²­ ya¹­yxah³­lxi³­nu³­ni¹­lxa²­,Nambikuára
3036,aguehobyry kiankabyra kydawyly akelo aga kyewiapabyra kydawyly deus ispiritury kaga awylygue kuomaru wara deus kywymaryem awyly enehonri kieinly kienyly wara makeba,Bakairi
6057,ja jinigaaxaɡa me jibaaɡa leeɡodi jibakenaɡa okomaɡa ɡodoniciwaɡa me jakataɡa ane jopooɡatibige odaa niɡina oko metiɡodixoo okomoɡoko baɡa jibinienaɡatiogi codaa niɡina oko metiɡodiatetibeci jixomaɡateenaɡatedice ɡodawikodico niɡina oko modotaɡatibigoɡoji nige ininiɡotaɡa baɡa jatiiɡatiogi notaɡa anele codaa niɡina natigide ododigotoɡowa micataɡa doɡoko naagogo codaa oiboɡoditoɡogi niɡina ane napioi,Kadiwéu
3528,toenzepa ise kytyendyly awylygue ise kura domodo adiempa tainwanni modo koenda lela nhedyly peto nhaseajiom wane tyanlanehonzeba myara ise adiempa tainwanni nitywananehomba awyly inakai modo adain-ho odaxi ala ise aisezedyly kura domodo inakanhe taentuneim modo koenda lela nhedyly se iwatary adukagadyby saseudyly wane myara,Bakairi
25248,ihaiba amo na rob'ui'ere isana'remha te dure wama wasu'u: “te te aima 're iromhuri we u'asi mono ha da'a wamha reme o di za haiba 'ro to da” ane te wama wasu'u — ane te paru ha dama rob'razaroto rowasu'u 'rata na ha,Xavánte
26192,—‍be me abe mojdje kukradja mar djwynhme me abe pardjeume ne ga me amijo ajex ne ar amijo metindjwynh mar mexo aba y wati:re dja ga me i me biknor tokry djakam amorkumrex mykam bir amrebe: me bakukamarekam ne metindjwynh kaben jarenh djwynh arym ty nhym me amrebe: me angij ga me akamingranyre ne ga me me tyk tumjama kikren me katat kute amijo ba tum nho pyka kra kunhero aba ne kam arik mema kum “ne ba me ren amrebe: me bakukamare me banhinget kator nyri ren me ro'a ikator ne ar iba ne ren me banhinget kudjwa a anhyr ketkumrex ne ne ren metindjwynh kaben jarenh djwynh par ketkumrex ne” na gam me a mema ane,kayapó
15622,tii dꞌ paa mꞌ sarah badꞌoo ta patug abaraam paa mꞌ taky daheeh “waheh y nꞌaa” ta patug tamaneeenh sarah hadoo beeh baad hadoo do be moo boo ba dooh hyb nꞌaa be jeyym pe pꞌop haga do ha be hꞌyy kasada do hyb nꞌaa,Nadëb
5267,haꞌe nunga rupi taꞌy re ojerovia vaꞌe kuery re oi tekove mara eꞌy haꞌe ra taꞌy nonheꞌe rendui vaꞌe re ma tekove noi haꞌe kuery re oi vaꞌe ma nhanderuete poxya anho ,Guarani
911,morara kary etaryke tyya axi tyhtose ropa takye toehse ynororo tomiroryke jezu a mame tytapyi taka toytose jezu maro,Apalaí
19554,que diz a escritura abraao creu em deus e isso lhe foi creditado como justica,Portuguese
887,“kure mase ritonopo” kahtoko eya emero popyra ahtao morara kahtoko ro eya “kure mase” kakehpyra roke ehtoko morara kary etary se ritonopo oya xine mana kyrixtu jezu poetoryme oexirykoke,Apalaí
16858,wi¹­lhin¹­si¹­nhyah¹­lxin¹­jau³­xa²­ so¹­lxi³­ ten³­kxi²­nhyah¹­lxi³­to³­hi¹­lxi¹­ yah³­lxin¹­kxe³­su²­ wi¹­lhin¹­si¹­ye²­yhu¹­jau³­su²­ wxa²­yxo²­a²­ so¹­lxi³­ e³­yah³­lxi¹­lxi¹­ yah³­lxin¹­ta¹­ su³­na²­ si³­yxau³­ka³­txa²­ ka³­na³­ka³­natso¹­lxin³­jah¹­la²­ wi¹­lhin¹­si¹­nxti³­jau³­la³­ ten³­kxah¹­lxi³­to³­hxa³­lxi¹­ yah³­lxi¹­nha²­kxai³­ ko³­nxe²­ su³­na²­ si³­yxau³­ka³­jah¹­la²­ sa²­yxo²­we¹­jah²­lxan³­tho³­li¹­,Nambikuára
7609,cidadepeve'ga ndohoryoryvi jesus'ga rehe reki a'ereki ga e'i ojohupe: —‍aere po ti ga hoi jerusalem me nehe ta'u ti ji pascoa pevo javo ei ga nura ga ei jesus'ga remimbo'ehara'ga pe: —‍topytayme ti jesus'ga avo a'ero ei ga ga pe,Kagwahiva
10452,xiwenawidyydu wedu mahadu jesuisi erydyyna mahadu‑o rexinaanymyhyre tule kiawedu eryna mahadu riwiohenanyre saduseu imahadu ni rare tai tahe xiwe wedu mahadu jesuisi erydyyna mahadu rimyrenyre idi rehurenyre hawa rotenawo‑ki rumy tahe inynyry yjuo riraynyre ijo tahe ridyre ahana‑o tamyreny rarybere: —boibenyke deuxu alana heto‑o bexideosinybenyke iny soweheky‑o tamyreny bitynynybenyke timybo jesuisi umytymyra inydee riwahinymyhyre,Karajá
14323,imen itaybit gu ip osodop deus aca wuymucugucug iam imenpuye jaguy dag ma ip jewemucug ojuy osodop deus wuymucugucug jesus cristo kay wuyetabut pima imenpit ip ibu'u osodop jetabut am cekay,Mundurukú
20943,kyze sudeutsa asa zuba isoho zisapybyrikinaha nitsasokoze: — uta hiba atsikara waha uta hiba bijoikpe iknykta nikara — ana humo hi zisapybyrikinaha — iwatsahi nikaranaha hawa skaraba o atahi sa sesus zuba sose tse sa nikaranaha ije niwatihi tsinynaha hawaha ta sa “utakta bijoikpe iknykta” nikara atahi mybarapetu nikara — nikaranaha iwa asa zuba zisapybyrikinaha,Rikbaktsa
24409,tayta diosninchicpa llaquipaynin amcunawan caycuchun chaynu cachun,Urubu-Kaapor
8853,“ti ty in kara ra ky in tan en mre vimni” he tog “ti my tag tomni” he tog “eg senhor vy a my venh vi jeneg mu hemni ti ty a in krem pascoa konh ha tog ti ti mre mu ti ag mre hemni ti my” he tog jesus ti,Kaigáng
1433,jejus kot tirtum ma ta nhum jejus me inhma ane pa me ma nhyri me kot kam “gesem” anhyr xwynhja wyr mra hamri nhum me inhma: —e me jar ixkutep akri pa ma mutum te ne tirtum ma amnhi jare man ane,Apinayé
5662,heta mbaꞌe areko pee kuery reko re xeayvu agua peikoague repy ameꞌe vy guara haꞌe rami tei ay ma ko yvy re ikuai vaꞌe pe amombeꞌu aikovy xembouare anhete vaꞌe gui aendu vaꞌe anho — heꞌi,Guarani
8448,ky un jagre koreg en tog ag to hum he mu ag kygreg tog mu ha ra ag tog ti ty he ri ke tu ni ky ag tog kator ky rinfig mu sir kygvenh ky,Kaigáng
25819,tawamha ni'wa ha te ima tinha: — te za dure 're ihaimana u'asi mono ha dama 're isadawa wasu'u mo dapoto mono ba za dama 're iromhaimana za'ra mono zem na ha damreme sipo'o mono ba daro mono ba dama ipire za'ra nori ma za 're iromhaimana mono zem na zama te za dure dama 're isadawa wasu'u mo — ane ma to ima waihu'u ane inhoto 'rowim ne te i'ab'mada'a mono ha dure te i'awapari mono ha,Xavánte
13452,ha tikmu'un kuxa teknog'ax tu: “puya yiktix 'ugmuk tu' nay nuy mokniy” kaxiy,Maxakalí
25728,wa ha wa oto te dama 're awaihu'u u'asi 're ihaimana u'asi mono nhimiroti 'rata na rob'ui'ere zarina da te 're rob'manhari za'ra mono nhere taha zarina 're ihaimana u'asi mono za te te 're ida'anho'reptui mono o na tawamha nimaha na inhimirosa'rata na te sapri wamha wa za to tama ama upa tawapsi iwe'ore di za,Xavánte
12895,tiwari akoꞌmanti paapa yarakkiri eseurimati makuiya ayenkuꞌtikon namai ayewankon ya paapa maimu yawiri ikoꞌmanpai awanikon tiise ikupiyaꞌnikon eserike pra awanikon aꞌtuꞌmira puꞌkuru awanikon yeꞌnen,Macushi
24451,mana allin lulapacucunamanmi tincuchin “uyalipamay caytapis: juc alli caniyu nunash cala jatun chaclayu paymi chay chaclanchu ubacta plantalcul manyanta lluy inchala chayshi ubacta apchichinanpa juc pusucta lulala chaynutac tapachinanpapis chucllachala caynu lluy listucta lulalculshi nunacunaman partida partida: waquincunachu'a “partir” nipacunmi uycul calu malcacta licula,Urubu-Kaapor
16207,ye³­jen¹­nau³­a²­ a²­sxe³­xa³­ka³­lxu¹­ta²­kxai³­ a³­wih¹­nun³­ta¹­hxai²­he¹­la²­ yxan¹­ta¹­ a²­we³­sai¹­ah³­la²­ ya³­lu²­kxi²­jau³­xa²­ ain³­kxi²­nha²­ta¹­hxai²­nxa³­he¹­la²­,Nambikuára
22713,ihayu'ikokono ne ngayu iti akoti omotova ongovo koati unati koekuti itike hane ngixo vo'oku hivo'oxi po'inuhiko uti ko'itukeinoti jesus muhikova ako'o itukapu yexone ne po'inu uti simopiti ko'ituketi ituke ituko'oviti koyeane hivo'oxi,Terena
6297,odaa ijo lacilodi romaanotedi joɡoiwi ica anodigotiwa odaa ja domoɡoyemaa metidikatice igaataɡa moyakadi me diɡicata yoenatagi ane beyagi aneo me leeɡodi modiiɡenatakatiwa metideloadi,Kadiwéu
9592,ha ohexa ramo ixupe hikwai: —upe vaꞌe ndahaꞌei nhande reꞌyi heꞌi —judeu kwery vaꞌe rehegwa voi upe vaꞌe heꞌi hikwai nokiririsei voi are are eterei ijayvu okwa-vy ara pyte-py kaꞌarugwasu peve onheꞌe hata hata peteixa onheꞌe hata okwa-vy: —tuvixa mbaꞌe diana nhande kwery efeso pygwa vaꞌe jary heꞌi,Kaiwá
25773,e 're ihaimana u'asi mono zadawa wasu'u ha dawana waihu'u za'ra wa'aba ba te za ane 're aihaimana za'ra wa'aba mo isazei'wa nori 're ihaimana za'ra mono zeb zarinai o nhere e a nori wa'aba ma si ma to aima ama wasu'u za'ra wa'aba ni,Xavánte
24775,chayshi picha walangacta chasqui nunan picha walanga milayniyuta apapacusha shalcamul: ‘taytay picha walanga umashayquita picha walanga masmanmi milachilla caylla’ nil uycula,Urubu-Kaapor
18652,deus athi kapapirania hojaki ida jesus varani hina: “hojahi ida ja'di jahaki gora avani dadani kaimoni gora namonahava abonoa ni-vanofiki ida ja'di jahani kaba'i ni-vanofiki” nimania ida deus athi,Paumarí
3096,“awylygue auguely mauntudyze mataymo idataunga deus ispiritury aguely idanara yeinwanni modoram “amaemo xypyry etaji kehoem yeinwandyly imodanry modo deus agapa ini keba ise amaemo aigueduomo aunloenla ise eaga mawylymo tanagazedonduneba ise amaemo” — kely keanka jesus esmirnada tynynonro modoram,Bakairi
11624,ujan maꞌeramu nane nu ijan esage maꞌe ꞌga upe etee futat ꞌa ꞌga ꞌga janawera repy monou ijan aꞌwyreꞌema ꞌga nopyygaꞌuweri mamaꞌea nan tee futat ene enereko esageramu janeruwarete ꞌga enereko esageawera repy muri enee,Kayabí
11415,aꞌeramu ki pejejeaꞌaramu jeꞌeawer are moisesi ꞌga ꞌeawera renuw ire sipo janeruwarete ꞌga uꞌagesage muri pe nupe naani kristu ꞌga momeꞌua pee erowiar ire te janeruwarete ꞌga imuri pe nupe,Kayabí
10178,iribi tahe kafanao hawa‑o jesuisi dobehede tadi taseriore taerydyyna mahadu tii‑wana roirenyre ijotxumy tahe tai bede tynyna ryira,Karajá
15308,tii ba ka mꞌ rabaherꞌoot na ba mꞌ jesus gana gꞌeed kan ma sa mahang ti mꞌ takedeng sa ha: —tawꞌaats he be pꞌop haga do hꞌyyb enꞌyym —nang mah,Nadëb
3702,— tala mara nady ewy tyguyreim duaxi ihuguewadyby ago taise wane newiseba ola tuahuze mara tyguyreim awylygue tala lapyla ara deus itaumbyry idataynrim modo deus tainwansemo wane xira onro anaym adienkyly modo waga kula ola aseguadadylymo toenzepa adype taidyly kula toenzepa tydinherugadyly kula wara ola ize atomo kurado tohoguedyly kula ize atomo awylygue deus nhenananehonlymo deus itaumbyry nidapyra iwaga napaunzebyra wara idylymo deus waga anguyram aguepa idylymo wara,Bakairi
1223,jejus kot amnhi kot me hkwyje hwyr ta nhum jejus ma go rax pe jenejare hwyr mo hamri ne hwyr poj ne go myri tirtum kaper o me ahkre ho xa nhum me ohto ne pu ha mar o kuhe ne kot hpri ha mar ne hkot omunh kaxyw ha axpen nhiganh o kuhe hamri nhum tee ri amnhi ta me omu ne amnhi pu ha hakex ne rit ne gox kam par kapry hamexkrut ne jetja wa omu nhum o don wa gox kam kryhti kuhonh o xa nhum par hame hkapry ne ajet nhum jejus omu hamri ne hwyr te ne hom axa ne o don pe simawja ma ane nhum hkot axa ne kii me kep parja amym kunho nhum ajet hamri nhum par kre rum amym me ahkre ho nhy nhum me piita omu ne mar mex o kuhe,Apinayé
7039,a'ero jesus'ga ei ga pe: —‍pehe marai pe ji ve jipi,Kagwahiva
21713,— taꞌi eipe ti iraniaꞌin miat eimo­typot hap yn eweiky­ꞌesat haria eipe maꞌato tupana piat eimo­typot hap yt eweiky­ꞌesat hin i haria eipe e tupana eimo­typot hap yt eweikat hin i hawyi e tupana motypot yat pe eiꞌapyk hap poꞌog wakuat iraniaꞌin kawiat hap eweiky­ꞌesat e iꞌewyte yne tawa pe muꞌap upi ehekat kyiꞌat hap tote miitꞌin wepowat kahato hap eimo­typot hamuat hap yn eweikat at kaꞌap maꞌato tupana piat eimo­typot hap yt eiwekat hin i e yt naku i are mesu­wa­ro­tiaria kaipywiat yn eimo­typot hap toineꞌen hawyi yt kat i tupana kaipywiat eimo­typot hap toineꞌen e iesui woꞌo­muꞌe haria pe,Sateré-Mawé
25210,ane wamha 're asise mono o di za wanhib'apito wasu'uwe ha dama 're wasu'u to mono da dure ima 're asise mono o di za iwasu'u na wanhib'apito wasu'uwe na te dama 're rowasu'u mono 'ru te ma to dasiwi inhere ni dazazeb 're taha wa wa oto te 're robzepata ane wa ma'ape 're ihaimana u'asi mono ha tinhiptede te te aima isomri na sada 're asiptete mono isine 're robzepata mono da,Xavánte
23166,toho weegɨ mɨsare a'tiro weeka ɨa' yɨ'ɨ weesetisere i'ya kuu wee siru tuuya,Tukano
12542,iꞌ ri paapa wakiri pe tiweꞌsen epuꞌtiyaꞌnikon yuwati,Macushi
104,tyxitase jezu morarame morara kaxipo kytone ropa maata takoro kohmase tokare pyra —tuisa kynako oya tykase takorony a,Apalaí
8478,ky tog ag my: “ky ajag my ki kanhro tu nyti ver” he mu “eg jen ty eg jenky kara ra ky tog eg kavenh tu nigti myr” he tog “eg nug kara tog ra mu kar eg fon mu eg kri kara tog ra tu nigti” he tog ha ky jesus tog vejen kar to: “ha ti ni” he mu,Kaigáng
2378,ikorapokoriti auakani xinikini atoko hixinikapanika ikara xika hixikotakakaua hinaiatakakaua homanatakakaua hiteka nireekiti hikama ikorapokoriti auakani kamini atokokana,Apurinã
5736,jesus ombovai: — hexai vaꞌe kuery ndoipotai ꞌra poropoanoa imbaꞌeaxy vaꞌe kuery anho ꞌra oipota,Guarani
20498,abaka meky watu tsimaha wasani tsimykaranaha sesus kiristu iharapatawyhyta humo zihyrizikiknaha iwaze zibezenaha mysapyzeky nihyrikosokdaze deus bo mymyoktyhyryk niy katsa ihumo myspirikporetsa tsikyziknaha iwaze deus bo mymoktyhyryk iwatsahi ahape mysopyk mytukytsa tsimykaranaha batu bipyritsaka tsimaha myzubaretsa iharere bo zuba hyy tsimykaranaha,Rikbaktsa
6639,leeɡodi abraao me nakato aneotedoɡoji odaa jeɡeyiwaɡadi niɡijo naɡa eniditeta odaa jiɡigo miditaɡa ica iiɡo aneotedoɡoji ane ligegita me yajigote me nebi niɡica naɡa noditice ayowooɡodi niɡica ane diiticogi,Kadiwéu
23470,jesu kɨɨre yɨ'tikɨ niiwi: —mɨ'ɨ yɨ'ɨre eho peoapɨ toho weegɨ mɨ'ɨ yɨ'rɨo no'o toha' wa'agɨsa' niikɨ niiwi toho niiri kurata kɨɨ kaperi i'yakɨ niiwi be'ro jesure ma'apɨ siru tuu wa'kakɨ niiwi,Tukano
7429,paulova'ea onhimombe'u agripava'ea pe igwete agripa'ga ei paulo'ga pe: —‍here nhimombe'gwovo kirogwe a'ero paulo'ga jipoapyhoi huvihavuhu'ga pe agripa'ga pe ta'e ti kiro nde ve javo,Kagwahiva
25712,tawamha zezusi ha te oto ubure dama tinha ane: — mari ipire da te 're 'wasari mono wamha te za 're dazada'a wairebe tane te dure a nori wa'wa ha 're asiwasutu u'asi za'ra wa'aba mo dama rowahutu'wa nori nhimirowasu'u ha 're i'mada'a pese za'ra wa'aba mono zeb zarina 're ihaimana u'asi mono te te 're aso'reptu za'ra wa'aba mono da newa tane nhere asina 're uwaimrami waihu'u za'ra wa'aba mono o di za ane ha ubure 're aihaimana za'ra wa'aba mono nori ha ma'ape we izo 're asopre u'asi aba mono we izo 're asopre u'asi aba mono wamha wa za te 're aipe'e nomri za'ra wa'wa 're asiwasutu za'ra wa'aba mono to da oto wa ha ipe'e na inhimizawi pese uptabi di atama ihaimanaze ha taha wa ma'ape i'ama 're sasomri za'ra wa'aba mono i'ama 're waihu'u pese za'ra wa'aba mono da tawapsi te za aipe i're aima 're simi'wara 'wa mari iwapure da te 're 'wasari mono wamha 're idazada'a wairebe mono o ne te za aipe'e wapu na 're anomro aba mo oto inhimiroti zarina si,Xavánte
