index,TEXT,LANG
17866,waiye xamoka xahalakoaharenae -; - — koxaka xasema kairaityakehenere: hawaiyehena hihinaeharenai hoka hikirawanehena hahalakoaharenai hoka natyo atyo nomita xihiye: maika xawaiyehena xahalakoahenerenai xiraexahena kirawaneterenai xiso ana nikareya xisaona hoka xexe enokoa tyaonitere ityaninaiya xisaona hiyaiya waiyexeharexenai mawaiyexeharexenai xoaha ana atyo kamai axaokanatyakijita exahe hoka aonekijita atyo waiyexe tyomiterenai iniyalahare tyomiterenai xoaha ana hiyaiya awaiyetiterenai xiso taitaiya xawaiyetita hoka xoanere hoka xoalini hare enore xekane xahita xatyahita hiyaiya nikare atyo kalorexe noloxa resebetyaseharenai haxawaiyetyaseharenai awaiyetyahitaha,Parecis
3650,kywymary jesus ize ato xutuwadaunga,Bakairi
9957,entero heko vai vaꞌe ae oho vaꞌera ohasa asy hagwa-py entero ipyꞌamiri vaꞌe xe rape-rupi ogwata hagwa entero xe rerovia eꞌyha entero mbaꞌe ojapo vaꞌe ivai vaꞌe oporojuka vaꞌe teko kyꞌa-py oiko vaꞌe mohay ojapo vaꞌe omboete vaꞌe taꞌanga-pe tupa nhandejary eꞌy vaꞌe-pe ha entero ijapu vaꞌe oho ara ohasa asy hagwa-py oiko asy ara tatagwasu-py ita omboykupa vaꞌera hese upe tatagwasu yvypory ombohery rei nhane mokanhy ngatu haty ave heꞌi xe-vy nhandejary ahai hagwa,Kaiwá
8065,ha ra jesus tog ag my: “ajag ty tope jo in tag koken ky sog ti jegja ki u han man ke mu kura tagtu ki ha vemni” he mu,Kaigáng
23870,toopɨ etagɨ o'akɨhɨ wi'ipɨ wa'awi tii wi'ipɨre wa'ikɨra duarare i'yawi naa wekɨare ovelhare toho niika buhare duawa naa wehe o'akɨhɨre ɨha moro peoaha niiwa apera ke'ra apeye di'takahasere niyeru dɨka yuura toopɨ duhiwa,Tukano
16797,nxa²­ha¹­te¹­ pe²­jah³­lo²­nu¹­ta²­kxai³­lu²­ nxe³­jau³­kxai³­lu²­ ain³­kxi²­nha²­nu²­la²­ a³­sa²­so¹­nxa²­ha¹­te¹­ a³­si³­te³­kxa²­ i³­xi²­ya³­ta¹­hxai²­he¹­la²­ ya³­ka³­tu³­ sxi²­nhu¹­ta²­ te³­sxa³­ a³­wi²­xi²­ya³­ta¹­hxai²­he¹­la²­ oh³­xan¹­thin³­ta²­sa³­ nxe³­ha²­kxai³­ txu¹­ti³­nau³­xa²­ wha³­te³­se³­na³­ka³­lxu³­nau³­xa²­ a³­ti³­xi²­ka³­tu³­ i³­nan³­yah³­lxi³­ha²­kxai³­ wa²­la²­ka³­lo³­a²­ ya³­lu²­ta¹­ka³­lxai²­na²­ wa²­nhuh¹­ u³­hu¹­ain¹­ka³­lo³­nau³­xa²­ wa²­na³­u¹­yhah³­lxi³­ta¹­hxai²­he¹­la²­ ka³­lo³­ka³­lxa¹­txi³­ wetsxa³­ u³­hu¹­ain¹­ka³­lo³­nau³­xa²­ wa²­na³­u¹­yhah³­lxi³­ta¹­hxai²­he¹­la²­,Nambikuára
14332,imenpuye wuypararam cuy ajop apen paxi deus je'e wuywebe iap puxim deus ipiat supi'ajoat kuyjobit'umayu be ipiat'ajojom ip jeedop daxa isopat pe- -ipararuat pe deus kay itakomaayu,Mundurukú
16519,nxe³­ka³­tu³­ a²­nu²­a²­ hxi²­kan¹­jah¹­la²­nau³­xa²­ ka³­na³­ka³­na³­jah¹­la²­ a³­ti³­sa²­sxa³­ i³­ye³­kxi²­sa³­na²­he³­la²­ i³­ye³­kxi²­sa²­te³­nah¹­lxi¹­: — nxexsa²­lxi¹­ tu¹­ka³­txai²­na²­ wa²­la²­ ha³­ka³­lo³­a²­ u³­whih²­kxi²­nyhain¹­tu³­ka³­txai²­li²­ ih¹­nxe³­tu³­ka³­txi³­tan³­te²­la¹­xa³­ ha³­lo²­la³­ ih¹­ju¹­xai²­nan¹­te²­ta³­ wxa³­ain¹­te²­la¹­xa³­ nxe³­sa³­na²­he³­la²­,Nambikuára
10154,ibutumy iny ityhydyydukodu mahadu tamy wowydyna riwahinyke budoeni riore ijoi mahadu tahe aokore kia dori ini ryirenyre tyyriti‑ki juhu bededyynana inireny iwo‑ki roire,Karajá
19168,mas ele era profeta e sabia que deus lhe prometera sob juramento que colocaria um dos seus descendentes em seu trono prevendo isso falou da ressurreicao do cristo que nao foi abandonado no sepulcro e cujo corpo nao sofreu decomposicao,Portuguese
20716,iwaze mytsyhyry wa tsikurunahaze haramwe bo ba zikozonaha byrisoiktsa kino niwatihi ba zikozonaha zopoktsa zuba inabybykyknaha hyritsik nawoko iwatsahi katsa tihi: — o tsimyokbabanaha — tsikaha,Rikbaktsa
21161,miꞌi pote itotiaria — uruykeꞌet kat pote — uiku­ꞌuro irane ereꞌe iꞌatuꞌe maꞌato urunapin haria iraniaꞌin yt ewat ehay ewy i iꞌatuꞌe katu­pono — tupana mipo­ꞌoro wyti aru yt ikahuro rakat i e miwan me iꞌatuꞌe uruepe miitꞌin ykeꞌet apo en sio yt iꞌatuꞌe en tupana mipo­ꞌoro urupo­rekuat nuat sio yt iꞌatuꞌe kat pote — uiku­ꞌuro irane ereꞌe mehi iꞌatuꞌe,Sateré-Mawé
25068,zezusi ha ai'ute te te i'azawize wasu'u tawamha ma to zezusihi u ai'ute da te simro tinhib'rada ha i'ra nhisiwi te te nasi ama aza'ra sina timama ma ama mreme za'ra da tane nhere isire 're iwanomro mono nori ha wa to dama nhari za'ra ni da te iteme simro to mono da ai'ute nori ha,Xavánte
3985,— koendonro mawyly waga xina aguely pyma deus xina israelita domodo xuraem koendonro ama kamaynodapa xina etyze maeda aynynonro modo memake,Bakairi
1625,jejus kot himo my ri akupym meho ho mex ta me ixpe ijaew me ixte tirtum a ixkinh kaxyw jerujare hwyr akupro nhum jejus haxwyja ma hwyr mo pa me hkot me ixpa ho me ixpa xwynhjaja ma hkot mo,Apinayé
24909,chaynu captin'a imanuytan chayura cay canman unayshi anchish wawi-casha capacula chayshi mayurca walmiculcul mana chuliyu ima wanucula,Urubu-Kaapor
9436,ojejavy javy rire heꞌyi tee ohovasa vasa vaꞌekwe outro gweꞌyi eꞌy vaꞌe nhandejary ohexakwaa rei-vy gweꞌyi tee-pe nomogwahei ixupe gwara upea-gwi outro-pe ohovasa vasa vaꞌekwe nhandejary gweꞌyi eꞌy vaꞌe-pe ohexakwaa kwaa rei ha gweꞌyi tee omogwahemba jevy joty vaꞌera ojeupe omogwahemba rire nhande kwery-pe nhande rovasa porave rave vaꞌera voi nhandejary,Kaiwá
6507,liwigotigi niɡijo noiigitigi creta ini ɡoneleegiwa anidiaaɡelatibige niɡidi noiigi odiletibige niɡini ɡoneleegiwa deɡewi me yeloɡoditedibece icoa lowooko noenoɡododi ijaaɡijo niɡijo ɡoneleegiwa mee “yoiigi digoina creta idokee mawitakaɡa liciagi niɡinoa eijedi ane doide nigojigipi codaa daɡaxa maniodaɡaxadi”,Kadiwéu
26142,nhym me wama morja kum ben tyx ne kum —‍e kum anhikre ane nhym kam tu kum akjero ben kum —‍dawi tamdjwy'o gop ama ikapri ane,kayapó
26836,bir be kute metindjwynhma aminhor pydjijakot arym mramri tu me'a mex menhkumrex nhym me mramri mex ra'a ra'a ra'a kute me bajo mex ne kute me bajaxwe keto temja me baja ne tu mex menhkumrex,kayapó
20468,katsaktsa deus harere bo hyy tsimykaranaha iwaze ihumo myspirikporetsa tsimoziknaha iwatsahi deus okzeka mysapyretsa tsimoziknaha serusarehe myjewa usa serusarehe ezytyk bijoikpe ikny mynasik anahi myjewa atatsa itsekokatsa moises iwatahaha soho tsikaeni zuba mytsaty mykaranaha sesus harere bo zuba hyy mynakaranaha,Rikbaktsa
2582,ininia xesosi: —ataoenepitikara ikara atoko nitxai hite hitari iaxitikiri ito himanikakanisaaki iareka himiatakanisaaki kona hixinire auapani atipirika iua niito niakari niareka iatakari auapikako teosokata xipokatxi otisaaki nokitikariko iua iuaikana auini ikapani,Apurinã
243,mame joroko kahpyry enease oseruao pororu sa toh nexiase tututase toto zakareimo konoto mytae onokyroimo xihpyry mytae ajohpe uruto mytae enara tututase toto joroko to mokaro joroko tamuru poetory tyjamitunuru eneponanomo nono poro ytoko ma toto oseruaokomo tuisa to enehse oximome toto ehtohme atatapoitohme ritonopo imehxo exikety maro iirypyrymako apiakatoh konoto toehse ahtao,Apalaí
8551,“sy ajag my nen tonh ke mu vy ver e nyti ha ra tog ver ajag my me jagy ti ha ky sog tonh ke tu ni,Kaigáng
13873,kakxop pu'ugnag te' yoktat hep xo'op tu' xit'ax ka'ok ma hok ha kaxiy 'axop pu'uk tu topa yog ham'aktux yummug kutognag homa xix honha 'akuxa mam pu'uk,Maxakalí
231,mame tosenuruhkase imoihmakomo kurakokara kurakary ropa eneryke tyya xine sekere kapynypo to sekere tykase ropa jaxiry osetokye exiketo osepune toehse ropa jaxiry toekurakase ropa te ytoytopynypo roropa toekurakase ropa xikihxikihme toytose ropa te tonure pyra aexihpyry roropa toekurakase ropa kure tosenuhmase ropa mame —kure ritonopo mana izyraeu to eseme tykase toto imoihmakomo,Apalaí
20449,iwaze aidy kyik niy unata niukurunaha sose makuskyry ije ahatsa nisioktyhyryk esito bo niwakiknaha,Rikbaktsa
24179,“ma nipamay: mayanpis pachac uwishninpi jucninta jitapaculul imanantan manachun isun chunca isunniyu uwishnincunacta chayllaman lancaycachil chincacata ashi pasacun,Urubu-Kaapor
18362,hari kidirajomi kavaranihi anokhomi'ini va'ora ni'aha ada jesus: —avamorobohahi; mitha vani'ajahaki bana hida kodivarani,Paumarí
17701,maika xala xamani cristo koamaniya tyaonita hoka maisa heko iniyalahare tyomihitita hoka xala xamani atyo iniyalahare tyomita hoka hatyo atyo maisa xoana xowaka waiyarene exahe waiyorexe xoaha ekakoa,Parecis
6345,jose niɡijo ane doletibige me lodawa maria ɡoneleegiwa ane iɡenaɡa codaa mele ja domaɡa lowoogo me ika maria pida adomaɡa yemaa me ibolikatidi maria lodoe niɡidi noiigi joaniɡidaa leeɡodi me domaɡa lowoogo me ika maria me diɡica ane yowooɡodi niɡica oko,Kadiwéu
14786,maria madalena bit waram o'ju witabikuy jom jay oajem ikuy jojom osunuy itabeg ikuy etakobe wa osunuy o'je'atoro atoroh axih wa o'e o'jetaburut ikuy be deus ekawen tojotjot'ukayu o'jojojo xepxepayu- -kabi kadiwiayu cesay irucat kug ip osodop kaxikxik'i osodop ip jesus'um osodopiap pe pug ixeyu'in ya'a o'yadopiap pe osunuy wara'acat ixeyu'in sui o'suidopiap pe osunuy,Mundurukú
24094,chaymi licunaca chaycul: “yachachicu taytay tantiapacumi rasuncalla amchu cashanta manama pimanpis shalcuyanquichu ashwanpa diosninchic munashannu rasuncallactam yachachinqui,Urubu-Kaapor
968,ynara tykase jezu eya xine —etatoko pahne pata pona oytorykohtao oseporyko matose tuna puimane maro orutua mokyro ekahmatoko tapyi taka mame ynara kahtoko tapyi esemy a “ynara ako yna amorepane oya ‘otoko paxikoae otuhtoh esary nah yna otuhtohme ypoetory to maro’” kahtoko eya,Apalaí
24460,nipacuptinmi puydi yachapacucunawan caminaycucunaca chay cusacunacta sumata licaycalila,Urubu-Kaapor
16822,te²­ya¹­nxe³­sxa³­ u³­je³­na²­ ta³­nan³­nau³­a²­ kain²­ ikkxai²­nan²­tu³­ nxe³­yah³­lxin¹­te³­nah¹­lxi¹­: “a³­lan²­khaixtu¹­nhe³­tu¹­wi¹­” yxah³­lxin¹­jau³­su²­ ha²­kxai³­ ya²­la³­tu³­ wxa³­ye¹­nxti³­tu¹­wi¹­,Nambikuára
14579,— ap — io'e jesus — “cem paxi deus ja'o dag e'em” i'umgu juy epe'e — io'e jesus,Mundurukú
7808,xajikoty'a nhande tupana'ga pavei tupana'ga ojikoty'a nhande pavei no tikwaha nhande a'ea a'ereki ga ombuhuruka gwa'uva nhande pyri,Kagwahiva
11716,aꞌeramu ꞌga ywy kwawuku rawopytymawa mopoka jui aꞌerauwe tatasiga ꞌua uꞌjau jui tatasigawiuwiuna te ꞌut uꞌjau ꞌara moypytunaipa aꞌeramu tatasiga kwara reny mowepa ywasiga ꞌjawe,Kayabí
5757,lei mbaꞌera pa oejaague re ijayvua haꞌe rami avi lei ma haꞌevea rami amongue oiporu ramo haꞌevea jaikuaa pave,Guarani
4970,arexan aꞌe takihe iapo har aꞌe hemuꞌem teteaꞌu herehe aꞌe tuwe tupan umekuzar hemiapo kwer izupe aꞌe nehe aze ereawaxi nehe ezemupyꞌa hehe nehe ipuruzuka wer herehe aꞌe ꞌar mehe hezeꞌeg henu mehe taꞌe hezeꞌeg naꞌikatu kwaw izupe xe,Guajajara
11237,kristu ꞌga ꞌui ꞌwyriarareteramu werowiaaramu janeꞌwyriaramu ꞌga ꞌa jane rerekou weape namutat aꞌeramu ꞌga werowiaara ꞌga nee pejejuka esageramu pe mepyau ꞌga nereko esage are pe nerawau pe mogyau ojepyri,Kayabí
412,tuhkako poko roropa morarame osenuhmase ropa moroto tuhkako nexiase ikuhpyme toh nexiase emero pata tamuru poe aehtya nexiase emero ituakyry to maro emero ahno maro emero omi ae oturuketo maro toh nexiase xikihme toh nexiase tuisa apo epataka kaneru mukuru epataka roropa tupoke karimutuma ke toh nexiase toto emahpo marariary pano nexiase opore toturuse toto ynara tykase —ritonopo a typynanohse sytatose tapopo iporotyhpyry a kaneru mukuru a roropa tukurakase sytatose tykase toto,Apalaí
13618,ha 'un munop xop xuy xexkap-tup 'ok pek-tok xuk 'ok pek-tok yay yogtat hep xo'opmaha',Maxakalí
10302,kamy ta bidiwyonydenykre: —inybohole riroximy roiremyhy wahawareny‑ki tobedeerydyymyhy,Karajá
21769,taꞌi tupana aheha­kye­raꞌat kuap kahato ahaꞌag hap kaipyi inug hap kaipyi imohey haria aito pote yne mekewat yt tomi­ky­ꞌesat ewywuat i hap koꞌi kaipyi aihep kuap iꞌewyte toikuap yt nakuaria i apiheg hap pyno ti yt nakuaria i apiheg hamuat tupana po pe toineꞌen taꞌi yt pya hin i mekewat eꞌat tupana piat — yt naku i kahato eipe e hamuat hap eꞌat are,Sateré-Mawé
6622,leeɡodi jowooɡotaɡa aneotedoɡoji ane yewikatiditace ǥoniotagodi jesus odaa oko aaɡaɡa icota meote me ɡodewiɡatace leeɡodi me yewikatiditace jesus odaa aneotedoɡoji ɡodawanaɡaditediwage me ɡodadeegite lodoe,Kadiwéu
24617,natac diospa shun'unpanuy cawsacunami icha intinuypis chipipicyapacun'a taytanchicpa mandacuyninchu linliyu cal'a sumata uyaliculcay,Urubu-Kaapor
22953,yane exo kixeane jesus isoneuhiko ina kixoahiko: —‍na koeti vaherexino iseneunonu,Terena
16460,ja¹­nxa¹­jau³­su²­ e³­a¹­wi¹­ i³­sa²­yxau³­sxa³­ txa²­wa¹­su³­na²­ i³­ye³­kxi²­yah³­lxin¹­kxai²­nan²­tu³­ a²­nu²­a²­ i²­li³­te²­hu³­te²­su²­ te²­a²­ ko³­nxe³­ti³­ kai³­uh¹­nxti³­kxai²­nan²­tu³­ nxe³­ju³­tai²­na²­ wi¹­lhin¹­sxa³­ ne³­wa²­na³­txain¹­yah³­lxi³­he¹­li¹­ nain¹­yah³­lxin¹­kxai²­nan²­tu³­ wxa²­wi³­na²­ oh³­na²­ yxau³­jah¹­la²­ ko³­nxe³­ti³­ kai³­yah³­lxin¹­ju³­ta²­ ne³­wa²­na³­nxti³­nun³­tu¹­wi¹­ yxan¹­ta¹­ wxa²­e¹­nan¹­jau³­su²­ nxe³­ke³­la³­te²­kxai³­ te³­nah¹­lxi¹­: “jah¹­lai²­li²­ ko³­nxe³­ti³­ kai³­u¹­sain¹­na²­he³­na¹­ ne³­wa²­na³­u¹­hain¹­nxa³­lho³­na¹­” yah³­lxin¹­ke³­la³­te²­kxai³­ wxa²­wi³­na²­ oh³­na²­ yxau³­jah¹­la²­ ko³­nxe³­ti³­ kai³­yah³­lxin¹­ju³­ta²­ ne³­wa²­na³­uh¹­nxti³­hi²­nxa³­wi¹­ je³­su²­jah³­la²­ ta¹­hxai²­he¹­la²­,Nambikuára
8549,ky kanhka ta venh genh tog kute mu tope ty jegne jafa ag to paꞌi mag ty miguel vy mig fer en kato vasan mu a krem ke ag mre ky mig fer en tog a krem ke ag mre miguel to rara mu ge sir ha ra ag tog ti ty hen ri ke mu sir kanhka ta ke ag mig fer en ti ty ky ag tog kanhka ta ti kutem mu ti mre ke kar ag mre ha mig fer en kutem ag tog mu sir pyn ve ty un ve fag krin konan en ha ve japon ha ve satanas ha ve epra ke ag ty tope kato vasansan han mu en ha ve ha vy: mig fer he mu ag ty kanhka ta ti kutem ky ag tog ga kri ti fon mu sir ti krem ke kar ag mre ha ky ag tog ga kri mugti ha japo ag,Kaigáng
14795,iba'ore cristo ebekit pe pug tag ma jewaguy am satanas ebekit eju iba'ore itabucat pe itabut'umat aguy dag jewaguy am,Mundurukú
1900,hamri nhum me kuma ne nohkre xwynhta pumu ne hpa ha kupy ne o te ne kri pe ho kato ne nhyri me hkax a o xa hamri ne no ha argox me ne ha ihkra xi ne kam: —e man ka memoj pumu na ane,Apinayé
16529,nxa²­ha¹­te¹­ je³­su²­jah³­la²­ i³­wa²­lu³­xi²­ti³­an¹­jau³­kxai³­lu¹­: — tu¹­ka³­txai²­na²­ ya¹­nxe²­ ain³­kxi²­sah¹­lxan³­ta²­lu¹­wi¹­,Nambikuára
5815,heta vaꞌe kuery ou ra pedro oexa vy aipoeꞌi haꞌe kuery pe: — israel kuery mbaꞌe re tu penhemondyipa ri kovaꞌe nunga gui mbaꞌe re tu orere anho ri pemaꞌe pexaꞌa teve ore ae poꞌakaa py eꞌy vy orereko poraa py romboguata jevyague,Guarani
13184,yeyox te ham'aktux ha paniye yog xop te' xupak tu yeyox hah yixix kummuk hu' xox yixix tu tayumak ha kumiy hu' gay tu' yixix kummuk,Maxakalí
26661,djam ije apynh apenh dja'a pi'ok no'okja djam jabit ne jeju ipex kati ije pi'ok no'ok ketri ne ba amim —‍ne ba ren apenh kuni'a pi'ok no'ok nhym ren arym pi'ok kume:x ne ren apynh pyka djari kunikot ren pi'ok me akrenh mex ne nhym be kati jeju djapenh jabit ne ba 'a pi'ok no'ok ne tam ne ja,kayapó
2809,pataparari iua ininia ikamari posotiiretxi teoso txikitakana kakiti iuikakaniua minakani ininiauana kotxi akixiniree iuikauana,Apurinã
7283,“cristo'ga nhandepojykaharete'ga gaha ti nhande reroho yvagi pe pevo nhande mongovo tupana'ga pyri avuirama nehe” a'ea ti pe'ji pejiporavykykatuavo na tuhe ti ga okwepy katu pe me a'ereki cristo'ga pe tuhe pe peporavyky nhandepojykaharete'ga pe,Kagwahiva
23693,“weri'kara masasome” niise diakɨhɨ niika maa mari “masarasama” niira marita apera yɨ'rɨoro pahase kɨora waro nii boosa' meho waro eho peo ma'a boosa',Tukano
1354,tirtum karo na pre tam me hwyr wryk jakama a ri me hipex ane hamri ne kot me ho amnhiptar kaxyw me hkarom gjex pa nhum me y ha tanhma kaper to ho kuhe nom me kaper o kaper ket ne axtem me kaper kwy ho kaper tirtum karo kot tanhma me ho jakama nhum me axtem me kaper kwy ho kaper jao ahpynha me kaper kwy ho tirtum ma mex o mex a hare na pre ijaew kwyjaja ahpynha pyka ho kama ri me hkot pa ne me kaper ma ne ho kaper o pa ta akupym jerujare hwyr pan poj ne kama ri pa ho pa hamri ne memojta ma ne ma jejus kwyje hwyr hprot ne ahpynha me kaper a me kuma ne tee ri me omunh o kuhe amnhi jaer pe me kuma ne tanhma axpen ma me harenh to ho:—kokyy garirej nho xwynhjaja kot me pakaper mar ket ta ra tanhma amnhi to ne ahpynha ri me pakaper o kaper ahpynha me pakaper ne ahpynha me panho pyka hta nhum me a ri me pakaper o kaper ane • na pika pe pat • ne met • ne eraw • ne mesopotam • ne jutej • ne kapatos • ne pot • ne as • ne prik • ne papir • ne ejit • ne siren wyr ripja • ne kri pe rom • ne go hipok pe kret • ne arap • ne me pahkwyjaja me pahpe ijaew kumrex • ne me pahkwyjaja amari ri amnhi to ijaewam ahpynha me panho pyka ne ahpynha ri me pakaper—ta pu me ahpynha me pakaper kam me kaper ma tirtum mex a me kot axpen ma harenhja pu me ha me mar mex ne anenhum prem a axpen ma me harenh ane ne tee ri me omunh o kuhe amnhi jaer pe amnhi kaper kam me kaper ma ne tee ri hamaxper ne axpen ma:—kokyy tanhma man pre wem amnhi to ne ra me pakaper ma ne me pakaper o kaper anenhum me hkwyjaja axtem ne ri me ha hper o axke ne axpen ma:—tk am me pipanh a a ri me kot amnhi nhipex anhyr kena ane,Apinayé
10356,jesuisi tamyreny nade: —breburenyomyke hewa bodorukubedenyke heka,Karajá
19628,o que voce quer que eu lhe faca  senhor eu quero ver respondeu ele,Portuguese
6089,jesus yalaɡate niɡica niiɡenatakaneɡegi ane daɡaxa mida ane jaoɡa onica anigepidiɡica niɡijoa niiɡaxinaɡanadi anodiiɡaxinaɡatece lajoinaɡaneɡeco moises wajipatiogi niɡijoa saduceutedi modinotigimadetigi niɡijoa lotaɡa jesus codaa yowooɡodi jesus mele me igiditediogi odaa jiɡigo midoataɡa jesus me ige meetalo “amiida ica aneotedoɡoji liiɡenatakaneɡegi ane daɡaxa mida ane jaoɡa”,Kadiwéu
13151,topa te 'a hammaxnaha' ha tiak te' yummug xix pet te' xix yoam te' ya' pena max'ax xexka xop tek yim nuhuk xix maname yim nuhuk yak mug xohix xape xe'e' 'ugmu'ate yay mutik ham'aktux tu' xuktux 'umax 'ugmug ham yoneo ha' puknog xop kopah ha ta' nom ham yoneo xop kopah pa nom tek mu'a' xak pu hapxop popma pax 'uhok xop pu' hamun 'atep-tup xexka' nuy hapxop popma pax,Maxakalí
18134,jesu-ra avanofibiininivini ma'onahai jahaki a'onira banani'iki a'oni naothinia avanofi'ianamania koda ida avakaijo'a'ianavini va'isohihi jiriki-ra avanaaba'ianavini niki vania koda ija'ari-ra kapoariki avavanihara ada deus iniani pa'itxi oamani ida avakadiva'ibodivarani,Paumarí
13722,'ate 'a tu' pip ka'ok xop pu nom hom hak mun ya 'uyog topah ya 'uk-tok xop no'om,Maxakalí
6589,odaa ja dakatiwigiji liwigo aneotedoɡoji odaa ijo aanjo ja yadeegi iwigo miditaɡa nipodigi ane yadiloteloco ane diɡica niɡeladimigipi jiɡidiaaɡi naɡa jinadi ajo iwaalo ane waxoditeloco niɡijo eijeeɡagi ane doide lixagoteɡegi inatawece lolaadi niɡini eijeeɡagi dinidi diniditelogo niɡinoa notaɡa ane beyagi modotaɡatibige aneotedoɡoji niɡini eijeeɡagi idiwa seete lacilodi codaa idiwa deez libiwedi naɡajo iwaalo dinixotinigi lipegeteɡe ane ixagodi me nolidigo lawoɡo anitawece nolee icoa nadinaɡajetecidi oolo wetiadi ane diniwaloe acaaɡaca “perola” ilokadita ijo baxiawaanigi oolo ane nolee niɡida laxegi eo me nalaɡatibigoɡoji ijoatawece niɡijoa loenataka ane napioi niɡina me loomatewepodi ɡoneleegiwadi,Kadiwéu
23951,ɨsa toho niika niiwi: —mɨsa waro de'ro wakuti yɨ'ɨre nii seri ya'awi,Tukano
16158,ja¹­nxa¹­jutsu²­ i³­yau¹­u³­ye¹­nxta¹­jau³­xai³­ta²­ txa²­wa¹­su³­na²­ i³­tih³­nxe³­sa²­jau³­xai²­la¹­wa²­ nxe³­te³­nah¹­lxi¹­ je³­su²­jah¹­la²­ txa²­wa¹­hxi²­kan¹­ta²­ si³­yxau³­jah¹­lo²­su²­ ha²­kxai³­ txa²­wa¹­ha³­lo²­a²­ yxau³­hi¹­nai³­ta²­ nxe³­ta¹­hxai²­he¹­la²­ ju³­ta²­sah³­lai¹­ta²­ i³­koxko¹­son²­kxi²­te³­lhxa³­ ka³­nxah³­hi²­nxa³­ta³­lxa¹­ je³­su²­jah¹­la²­ yain³­tu³­xa²­ hxi²­te³­nha²­san²­nu²­la²­,Nambikuára
25100,ane wa wamama zawi'wa 're wanomro mono da te za te te 're wa'apawaptob u'asi dureiha ma to taha wasu'u na rob'ui'ere isadawa wasu'u'wa ha ane: “si'uiha na 'rawi tinhimirosa'rata na 're isi'mada'a za'ra mono nori zada te za 're haimana wamama ha 'rawi tinhimirosa'rata na 're isi'mada'a za'ra mono o nori si te za te te 're apawapto” ane ama irob'ui'ere ha,Xavánte
5308,xapyꞌa rei petei irmao eꞌy vy irma ndaꞌijaoi haꞌe tembiꞌu ndoguerekoi ra pee kuery regua pexa vy onheova agua napemeꞌei eꞌy re “peiko pora ke penhemonde haꞌe pekaru” peje ꞌra mbaꞌera tu ovare ꞌra haꞌe rami pendeayvua,Guarani
25428,tawamha imori'rada ha ma to tinhimnhiharazem na amnhihara simnhihara wi ma to taza ha rere ti'ai u unhama zama dawaprui wazari ma rere uza ha dure taza ha ti'ai u rere'e wamha daro mono ba ma to ti'a ha zada iwaiwa pra na wede ha 're isimasa mono ha ma to dure si'uza isa'rataze waiwa pra na du zama ma to ubure sihomo daro mono ba,Xavánte
6308,odaa jesus jeɡeeteta niɡijo goloneegi “emii opiliticogi ɡadiɡeladi ɡaotagi ja ici leeɡodi manakatoni aneotedoɡoji me yakadi me icilatidi” odaa aniaaɡani naɡaca lakata jesus neɡee odaa niɡica liotagi niɡijo goloneegi ja ici,Kadiwéu
18929,vara ovani'aki bana ada akadija'ari okhananavaki abraao kohana deus abraao sohika'oana-ra kahi'iki abraao deu-ra kajari'daravini mani ida deus athi-ra naabavini hija deus abraao-ra kaijo'avini hiki ada kidisai isaque deu-ra kanava'igakamarivini hina,Paumarí
23390,wati nee waropɨta ya'agɨ nii mɨhati'kɨ niimi toho weera ya'aro weesetira kɨɨ yara niima jesu cristo o'akɨhɨ makɨ wati ya'aro weesere ko'agɨ a'tigɨ a'ti nukukapɨre a'tikɨ niiwi,Tukano
7999,“‘nane'ymi po ti nhiremimombyryve'ga jikogi ji rehe okovo jipi’ ei tupana'ga ‘a'ero po ti ga ndekoi ji pyri avuirama nehe po gambyteripeve'ga ndojikoga'javi ji rehe ojipe'avo ji hugwi ojipe'ga pojihuva gwaramo a'ero po ti ji ndajiroryvi ga ndehe nehe’ ei tupana'ga” e'i ikwatijaripyra,Kagwahiva
25192,i'upana ama 're aiwata za'ra wa'aba mono da ma to romhaiba ha asima i'manhari za'ra wa'wa waihu'u pese newa moroti ihaiba'o na romhaiba 'manhari nhisi ama dure repa na wasi nhisi ama ma to 're aiwata za'ra wa'aba mo waihu'u pese newa ihaiba'o ama ha ta ha ma to asiwi 're imrami aba mo ama 're aiwata za'ra wa'aba mono da a'ubuni wi taha wa wa za oto airom nhiti asatori za'ra wa'wa babironiza na 'ri nho'omo nhisi nhipai u ai'aba'rei wa'aba da” ane ma to wahi'rata nori ma rowasu'u isadawa wasu'u'wa nhimi'ui'ere na 're ihaimana u'asi mono mreme zarina timreme ma to wahi'rata nori ama uwaimra — ane te esitewa ha zahadu dama ipire nori ma rob'razaroto za'ra dahi'rata nori wasu'u na ha,Xavánte
21863,piat ewy miꞌi rokire  eꞌat tokosap rokire totioto temiit peteru tiaku iywyt iuwau wywo yityꞌok ywaiti kahato rakat kape aikope yt uwe i tukupteꞌen hap kape,Sateré-Mawé
8650,“ki ha sog to mu ha me ajag kami u ag vy tope ty ty eg paꞌi ni venh ke mu ag ter ke to ha tag ki eg mre nyti u ag” he tog jesus ti,Kaigáng
4330,uzeꞌeg maꞌe mytuꞌu haw ꞌar mehe iapo haw rehe aꞌe kury amo ꞌar mehe wata zezuz oho amo ko myteromo aꞌe mytuꞌu haw ꞌar mehe aꞌe urerupi aꞌe ure hemimuꞌe ure uremaꞌuhez ure aꞌe rupi oropoꞌo arozran ureata mehe iꞌu pa ure urupuner nezewe haw iapo haw rehe ure taꞌe — imunar maꞌe niꞌi kwaw teko aꞌe wa xe arozran pixikaꞌi ipoꞌo har wanupe aꞌe wa xe ,Guajajara
4300,aze amo upy uxiꞌam puruzukaiw paw rehe purumumuranu haw nehe mo uzemuagaꞌym putar aꞌe pe oho haw rehe nehe,Guajajara
14283,sorarayu teihem jenopagogom jenopagogoaptei bubum ip wara'at pe gu ip kapikpig jemukaypinput pu am kadaidip iwat tak teihem jekat pe kapikpig jekat peat'a o'om ip jekapikapteim wara'at pe gu ip kapikpig jemukaypinput pu am ovelha kukuk'ukat tak teihem ovelha kug jeoho kumti konkon ip ikukapteim,Mundurukú
16285,nxa²­ha¹­te¹­ je³­su²­jah³­la²­ i³­wa²­lu³­xi²­te³­nah¹­lxi¹­: — wi¹­li²­nha²­khai¹­nxe³­jah¹­lxi³­he¹­li¹­ i³­ki³­ha¹­kxi¹­nxti³­ha³­tai¹­ a²­nu²­a²­ ka³­lxa¹­te²­a²­ wxa³­yah³­lxi³­ha³­tai¹­ txai²­la³­ki³­lxo³­tu¹­wi¹­ nxe³­sxa³­ wxa³­sxa³­ ki³­han³­jau³­su²­ e³­yah³­lxi³­te³­nah¹­lxi¹­: “txa²­wa¹­su³­na²­ a²­hxi²­kan¹­ta²­ si³­yxau³­tau³­lotsa²­jah¹­lo²­sa¹­wi¹­ wxa²­kan³­sxa³­ wa³­li²­na¹­he³­li¹­” nxe³­jau³­su²­ e³­yah³­lxi³­to³­ha³­tai¹­ nxe³­yah³­lxi³­to³­ha²­kxai³­ wxa²­nu³­ka³­txa²­ ka³­lxa¹­txi³­ a³­nhai¹­tu¹­sxa³­ i³­ki³­ha¹­kxi¹­nxti³­ha³­tai¹­,Nambikuára
18769,oniaroa harivani vara avani'abakhiaki hida cristo varani hina ija'ari hahavia vakamithaja kaimoni anagathogathoki ida varani asohiki ogavahaki vara avani'aki kaimoni va'ora akaabanibakhiaha adani ija'ari hahavi vakava'ipahinija kaimoni ida hojai deua bivajahariki va'ora aka'ojomo'ibakhiaha jaboni deus athi hahavia deus viaha arihojahahavina kamahini onofiki ida deu-ra oni'avini: —deus hihadani ija'ari iathinia va'ora onava'isohibakhia'iki hadani kadahojaia vakahojaijahakiki hadani iathini-ra vanaaba'iki cristo kania avajahamisiki hadani — deus kania arihoja'ina kamahini onofiki ida onina,Paumarí
4421,taꞌe neraꞌyr aꞌe nehe xe ikag putar tupan huwa rupi aꞌe nehe xe nuꞌu kwaw win aꞌe nehe tekwe purag wiko putar hehe aꞌe nehe izexak kar mehe arer we aꞌe nehe neraꞌyr umuzewyr kar putar izaew izuapyapyr tupan pe wazar pe aꞌe wa nehe kwehe mehe tupan zeꞌeg imumeꞌu har eri her maꞌe aꞌe ikag tuwe aꞌe taꞌe tekwe purag wiko hehe aꞌe xe ipytywa pa tupan zeꞌeg imumeꞌu mehe aꞌe xe nezewegatete neraꞌyr zuaw aꞌe nehe no ikag tuwe putar aꞌe nehe no taꞌe tekwe purag wiko putar hehe aꞌe nehe no xe ipytywa pa eri ai aꞌe nehe no xe neraꞌyr ram zuaw aꞌe nehe umumeꞌu putar tuwihawete tur awam oho iko teko wanupe aꞌe nehe aꞌe rupi ukwaw putar tur awam aꞌe wa nehe no teko teteaꞌu uzewyr putar tupan pe wa nehe weruzar wi putar tupan zeꞌeg wa nehe tupan taꞌyr tur ꞌym mehe wa nehe aze awa uzamatyryꞌym waꞌyr aꞌe wa nehe aꞌe mehe neraꞌyr zuaw umupytuꞌu kar putar wamatyryꞌym ire aꞌe wa nehe aꞌe awa uzamutar wi putar waꞌyr aꞌe wa nehe teko tupan hemiapo putar haw iapo ꞌymar aꞌe wa nehe aze wenu zuaw zeꞌeg aꞌe wa nehe uzewyr putar tupan pe aꞌe wa nehe aꞌe mehe wapyꞌa wiko putar teko ikatu maꞌe wapyꞌa ai aꞌe wa nehe umumeꞌu putar zanezar tur awam tupan hemiruzeꞌeg wanupe aꞌe nehe aꞌe rupi ukwaw putar tur awam aꞌe wa nehe aꞌe rupi waro putar wa nehe uzemumikahy putar wemiapo kwer ikatu ꞌym maꞌe rehe wa nehe upytuꞌu putar iapo re wa nehe no,Guajajara
9290,ay katu emondo ne rembigwai simao piari pedro-py ohenoi vaꞌe ave emondo jope teta-my,Kaiwá
3986,sodadu domodo ani akaemo etadadyby modo idanara xyawase kelymo tyware sagunu onwa nasemagueba itomoem,Bakairi
24071,chay walantinmi wala walalla diospa chuya wasinman cutimula chaychumi nunacunaca juntunacalalimuptin taycucuycul jesus yachachila,Urubu-Kaapor
1674,nom nhum kot amnhi ta kama hamak kaxyw tanhma me inhma ha kaper to ne me inhma: —na am ijaewje pix wyr na pre tirtum inhme te me kep owehti pikunor pyrak o na htem htyx ri amnhi nhipex o pa jakama am me hwyr pix ma na pre inhme na korma inhma tanhma nham me hkwyje jarenh to hket ne ane,Apinayé
9068,enhemonheꞌe katu gwi omombeꞌu joavy avypa vaꞌe-pe  macedonia yvy-py aha jave amombeꞌu vaꞌekwe nde-vy ne rembiapora ay amombeꞌu jevy-ta: epyta katu efeso teta-my erenhemonheꞌe hagwa gwi oporombotavy rei okwa vaꞌe-pe “anive eremombeꞌu joavy avy tei cristo rehegwa nheꞌe” ere hagwa ixupe kwery “ani eremboyke tei nheꞌe pora inheꞌe rei rei vaꞌe nheꞌe ani erehendu tei hembypykwe rery-rehe ani erepena meme tei ijapy eꞌy vaꞌe upea rehegwa nheꞌe upea rehegwa nheꞌe-rehe erepenase ramo nerehendusei vaꞌera nheꞌe pora” ere katu upe oporombotavy rei vaꞌe-pe upeixagwa nheꞌe-rehe opena ramo onhonheꞌe mbojevy jevy rei vaꞌera hese okwa-vy nhandejary rembiapose ndojapoi nhandejary reꞌyi-rehe nonhangarekoi ave niporai voi hekoha jarovia tee ramo ae katu nhandejary nheꞌe jajapo ara hembiapose nhanhangareko pora ara voi ave heꞌyi kwery-rehe,Kaiwá
18879,iconio sidaji avikhaki adani paulo hari oniaroa iconio sidajia vakaikahi'aha adani paulo barnabe khama vakadibadani hiki vania vakabadani'ianaha onivani fori hi'ihi antioquia sidajia namitha'iki iconio sidaji maina namitha'ianahi judeus kaija'ari deu-ra vara vani'avini kagorania avikhaha jesus varani hina-ra vara vavani'a'ianaha paulo kavarani-ra vakajari'daravini mani ida ija'ari vaipohiki jesus kania vaabono gahinai vanihavini hija judeus kaija'ari vaipohiki ni-vakajari'daki judeus kaija'ari vihiriki jaboni ni-vakajari'daki,Paumarí
685,mame wyi porutapy otyhkaxipo ynanytoase piripo poe me tynyhse yna wapu ae yna ytory poko tyroa pona mame moroto me ynanynykyase,Apalaí
20827,hupo atahi kiristu ziwatawy ihumo tsipunihikreta hy ije humo niwatihi sihumo kahyrizikbareta atatsahi ziksapywyky itse wata ikyzik kasopyk,Rikbaktsa
2903,iuaikana pariseoakori misakiretari iua kiki: —kiatokopa inakaripa iua kiki pite makananitakari —itxarina iua —teoso sakire sapiretakari itxaua iua,Apurinã
23540,apeye mɨsa weese pe'e ayu nii' nicolaita wametiri kurakahara weesetisere mɨsa nee ka'roaka ɨa wee' yɨ'ɨ ke'ra teere nee ɨa wee',Tukano
5167,haꞌe ramo haꞌe vaꞌe ayvu oendu vy ndovyꞌai ete oguerekopa vaꞌe vy,Guarani
14831,“ipi'um awap obiogbuk oguju eykay” i'e'em deus io'e joel “soat pe oguom” i'e'em io'e “enaxegebitbit wekawen guwen” i'e'em io'e “agokatkayu oguyxeyxey wekawen” i'e'em io'e “aypapayu dak oguyxeyxey” i'e'em io'e “obiogbuk oguju obuywatwat'ukayu kay- -agokatkayu kay aoyu kay dak” i'e'em deus io'e joel “imenpuye wekawen guwen ip” i'e'em io'e,Mundurukú
25558,tawamha awepsi apito adaripa nori ha berenisihi me ma to tizasi zahure apito te dasi'ra'otozeb u uza we re dure sima sipese na ma tizasi zahure dama pire we te ama datob'uzu za'ra da da'wapei'wa nori nhib'apito nori me ma to asisi 'ri nho'omo ama dama ipire nori me zama tawamha apito pesitu ha ma to paru ha dama ti'ru te te iteme siwi saproni da,Xavánte
15241,epaporodit ky nꞌaa hahyyh y hyb nꞌaa newe dak tawꞌaats he haj y hadoo do epaporodit had nang doo y tamasa hyb nꞌaa we y be mejuu do paah tababaaj hom be we warahen rabadꞌoo doo da si yy ti tamo nꞌaa jesuu panyyg hanam doo be we y mejuu tababaaj hom takꞌep sahonh he be tahyb nꞌaa esee do hyb nꞌaa tahyb nꞌaa ton nahee nang paa be ky nꞌaa napee dak do hyb nꞌaa te hub ne he nahee nang ne paah pꞌeets he paawa tadajep tawen nadajep pꞌop haga do tꞌyyd mehiin ta ha y na-aaj he pꞌop haga do tꞌyyd mehiin y hꞌyy kanaton hyb nꞌaa ta bahanh tadajeb ba paawa,Nadëb
1288,am hkwy pix na pa me ama ha kaga me ate me ixpyra ne omunh ne kep tirtum kra ha kot me pakaxyw am xwynh a omunh ne hkot amnhi xunhwyr kaxyw na pa a me ama harenh ne ha kaga ane ta kot kaj me amnhi kaxyw hkot ajamaxper ne hkot amnhi xunhwy hamri ne nhyrma atyk ta nhum akupym me ato me atir ka me ixpyra ne kuri amex ne atir tum ne apa ho apa ta pa a me ama memoj piita harenh ne ha kaga ane,Apinayé
22155,—‍yahi'akapununoe itinoe kuti koeti xane koinoti eno inati koekuti itinoe yupihovotine momi'iyea yoko undinemo kayapahikopinopea itika ne indukexeopike enepone kuti koeti ingoinoxeopike vo'oku ngaha'inepitimoya ihikexapu njokoyoke ngixoku indukeovo vo'oku undi itupa'ikoti koane ako ngapayasakapu inamo mbarexapinoe hana'iti omomikea iseneu vo'oku enepone kuti koeti ingoinoxeopike haina kuti koeti eno inati koekuti motovati hi'inaxeokono itea koati yayapahi koyeti —‍kixovokoxoane jesus neko xane,Terena
1198,hamri nhum jejus meho hkrata pe o pawti jamy ne o xa ne tirtum ma hare ne kam:—pa papaj na ka hte me inhma me inho ho apa am kapxipix amex o amex anehamri ne me inhma pawtija go pa me o ri me hkri xwynhje ma or o mra ne ho me piita me hipex pa pawtija am hkryre hta nhum jejus tanhma ho nhum ra ohto rax kumrex jakama pa me o ri me kam or o mra ne ho me piita me hipex pa nhum jejus hpanha tep axkrutreta py ne ma ho ane ne tirtum ma hare hamri ne amnhi xo ri me inhma kugo pa me ma ho ane ne te ho pawti nhipex pyra ne ho me piita me hipex hamri pa me ixpiita apku ne inhohy htu nhum ari meo jakrex kwy hpra hamri nhum jejus me inhma:—e kwa me hkot mra ne meo jakrex o akupro ke omnu hket ne ane,Apinayé
21432,itote iwanetup hap yt he hin i raꞌyn itote iꞌarot yn toineꞌen miꞌi hawyi toꞌe topot­muꞌeria pe myeꞌym ok takaria pe — taꞌi ahatyꞌu hap porap uiꞌauka e paaꞌuiꞌe hap wyti e miꞌi tupono ewehetup are tupana pe uipo­wyro hamuat hap e pyno uheka­tuwy wo ro eweikupteꞌen meiupe e yt eweiket reiꞌo ewehehaꞌat ro e iesui myeꞌym ok takaria pe,Sateré-Mawé
9347,ha upei katu oikwaa-ma ramo pe uvaty jary mbaꞌeixa ojapo-ta hese kwery heꞌi —ogwahe ou-vy ramo ojuka-ma vaꞌera katu gwi hembiapo vai vaꞌe-pe upei ohekoviaro vaꞌera outro ombaꞌapo jevy vaꞌera heꞌi ixupe kwery hesu upeixa omombeꞌu judeu ruvixa kwery reko uvaty rehegwa-rami,Kaiwá
22301,simapune ne hana'iti tiveko koekuti ina koe'ikomaka jesus: —‍enepo neixanenoe ne eno vahere koekuti xoko akoyeaku omotova ovea koesayu'ixoati koane kotohinekexopati ne koati sasa'iti kixovokuti hara ngoe vo'okuke: yoko koekuti yuhoikoati ra'a apasika exea koeku kixo'ekone enepohikone xane ovotiya njudeya okoho'inehiko xapa hana'itinoe mopoi kene koekuti xane ovoti omomikokuke ouke peno hakone urukopovo kuveu ovoku veyoponea koekuti apeinoati itea aka'ikaneye okoho'iyea kuteanemaka koeku ne ovoheixoti ya meum hakone aukopovo veyoponea po'i ipovo ovokuke,Terena
11219,—“aꞌjea ꞌawamu je ene monoi ꞌwyrianaꞌninamu siku amunawa moꞌwyriaa” ꞌjau ꞌga ꞌga upe,Kayabí
24479,maynumi jesusninchicpa nacaynincunachu nacawshiycunchic; chaynutacmi paypatac cunsuylaycushapis suma caycunchic,Urubu-Kaapor
8887,ky venh genh tog kute mu ve ni ky major tog paulo to jykren mu “ag hyn gen ky ti janjan ke mu ti jonjan ky” he tog venh genh ven ky ky tog soldado ag my: “kur mu jeg ti kagmi je eg in kara ti rag je” he mu major ti ky ag tog in kara ti rag mu,Kaigáng
338,morarame axi toekurakase ropa ynororo taomitanohpose ropa —kure ritonopo mana tykase ynororo,Apalaí
26148,ba ba ibe djuao ne ba arym prine omu na bam myjja ja kuni pumun kuma ne kam myjja kuni pumun mar pan kam kabem itu myrbe tym kadjy mranh djwynh kute ima myjja 'a karo kabem itu myrbe tym ne bit ije kum rax jarenhma,kayapó
14973,okitpitpiyu itedup otupmubararak eymucokcogaptum tup ade gu otupmubararak imenpuye eyukpicegem gu juy epetupco,Mundurukú
1093,—ne me ape pika nho xwynhje ho aa me ate ixkinha ano ho inhipeexa pumunh ket am papxipix na ixte omunh kurum na pa pre me awyr wry,Apinayé
25782,tawamha pedru ha ma to tama siwasu'u za'ra isana'rata hawi ubure ama iromhaimana mono zem na ha ane te tama siwasu'u za'ra:,Xavánte
3632,deus imery onro anaxi aema; awara tutuze kura maka lela deus waga koenda kiuntuhoem konomedani aituo deus agapa tyetuneba kura imery jesus cristo agapa tyetuneba lapyla wara kunwym deus tokalela ipa eagonro maka mawanka iweloem kyetoni kyigueduo typygueba eaga kitoem,Bakairi
7893,jesus'ga avame yhara pype kiro anhaga rembipojykaagwera'ga ehetei ga pe: —‍kiro ji hoi nde rupi nde rerekovo,Kagwahiva
26140,ne nijar djan omunho kumex krirax kaprime tokry pymaje nijar djan omunho kumex kukwakam o nekrex rax ne mekbe ket nhym me kam o aman kam abej amrao kumex ne kam kapri:ren abenma kum,kayapó
859,ynara tykase ynororo —juteu to otururu etano oya pauru aropoko toh mana kokoro koseriu tomo a imaro toturutohkome ropa yrome anaropyra exiko me motye etapary se exiketo mana pauru eraximako etapatohme otuhpyra eukuru onepyra enara toh mana pauru etapary se toexirykoke seromaroro oehnoko toh mana oturuse amaro tykase ynororo eya,Apalaí
10004,wariore dori rubu‑ribi wese rexixara iko‑ribi itxi ijara ryira tahe rawobedesarenyre,Karajá
1637,me ape ijaew ket xwynhjaja te me ate akuni kama pi hpa jakar ne ixkre kapem par a hanhor ne ha kaxpreta pyrak jao jejus kot amnhi xunhwy nhum me ato hkra kure kumrex no ijaew te me kep ixkre kapem parta pyrak jakama tirtum kot akupym hanhorta tanhma kep kute hket kep tirtum kena kot tanhma kep kute jakama koja me hkot amnhi xunhwy nhum amnhi ta me omu ne me ho hkra kure kumrex,Apinayé
15704,ta jawen mah pꞌop haga do ky nꞌaa rod seeh erisew had nang do hawat noo go mꞌ hajok ma nahee enah doo rog manahuuh do isaraew haj nꞌaa ba ti hadoo ne he mꞌ dooh mꞌ sa nahee erisew ado hom ba jaam ne mꞌ set he tanahee do hom namah had nang doo sirija had nang do buuj ma tii —nang ma jesus sa ha,Nadëb
15977,ti mꞌ sa seeh kerew-pas had nang do ky hadoo: —jaam ne he om jerusarenh ba hegꞌaas do ky nꞌaa nanapah do tꞌii henh hawad wat doo —nang ma ta kyyh,Nadëb
535,tioterepe temetyrio pape meroase inunokara jezu poetory to neneryme mahxo tioterepe toto eseme toexiry se mana ynymerohpyry se hkopyra mana,Apalaí
2193,ninoa apokasaaki imisakiretarina xesosi: —koerekareri ate imarotari pite sakire ataonani ininiaua poerekari ataonani teoso nireekiti kakiti kamini ikapani pipikari kakiti kakiti poiaori pimisakiretini atokokana kakiti apiari pimisakireta apaka ikara atoko ininia pisapiretaua ataokani txineiro asikini homanoakori auitemoni sesa inakorimoni,Apurinã
7459,nanongara'ga po ji ga mbohetei hamo – kiroki tupana'ga rembiroho'ga emo po ti ji nanhimbohetei jijihe nehe jipopoakare'yma rehe jate ti ji nhimbohetei nehe,Kagwahiva
18354,ija'aria vara avavani'aoni'iki ida jesus varani hina galileia kaaraboni kaija'arini vaipohikia vakamitha'ihi,Paumarí
4810,zezuz uzuhez wemimuꞌe wapy aꞌe kury uhem eteaꞌi aꞌe maiꞌu haw zaneraꞌyr wazuka ꞌym awer her maꞌe aꞌe kury — pyhewe uzypyrog putar maiꞌu haw iapo pa aꞌe nehe kury iꞌi teko uzeupeupe wa uzeꞌeg zezuz uzeupe aꞌe — naꞌiarew kwaw hemano awam ihe nehe kury aha putar ko ywy wi heru pe ihe nehe kury azamutar katu tuwe heremimuꞌe ihe wa napytuꞌu kwaw wamutar katu re nehe iꞌi uzeupe,Guajajara
18777,arigamina deus a'onira no'avini hi'iki ida kidi'ogahai danoki pa'itxi hoarahanana a'onira ohonariavini hiki ida ogahai danokia avakabadanihananani afojahaki vahoariha-ra va'ora avakajoamoraja kaimoni avarigahi ida vahoariha-ra va'ora avanava'isohivini vara vavani'a bana ida deus athi avarigahi ida vahoariha-ra va'ora avakakodiavini deus a'onira nadanovini va'ora vaakodia bana avakhanini vani deu-ra khai avani'aja jesus cristo a'onira kajoamoravinia jahaka'oaki danoki vagaki ada jesus cristo afoha'oadaha ka'oa hiki hida varani,Paumarí
11016,aꞌere pedro ꞌga niojeri futari uꞌama ꞌokwara mopoga pog pog pog poje ꞌga ꞌjau ajaupe: —kuu aꞌjea futat nipo aipo kui— ꞌjau ꞌga ajaupe aꞌeramu ꞌga awau ꞌokwara rawopytymoꞌwoka ꞌga resaka —kuu aꞌjea futat raꞌe kui pedro ꞌga futat raꞌe kui oꞌmeramu sipo ee ꞌi pa saꞌe naꞌa jane reꞌa— ꞌjau ꞌga ajaupe,Kayabí
5989,haꞌe gui anhete aipoaꞌe pevy: ojou ma vy noventa e nove okanhy eꞌy vaꞌe gui oguerovyꞌave ꞌra,Guarani
23368,apera a'tiro niiwa: —a'ri o'akɨhɨ bese'kɨ cristo niimi niiwa apera pe'e “o'akɨhɨ bese'kɨ de'ro galileiakɨhɨ nii boosabe o'akɨhɨ yee kiti ohaka puripɨ a'tiro niiwɨ: ‘o'akɨhɨ bese'kɨ davi weero noho belekɨhɨ niigɨsami kɨɨ parami nii turiagɨpɨ niigɨsami’ nii oha no'owɨ” niiwa,Tukano
12533,imakuiꞌpi pe tiaron tirepai pra eꞌti tiise mori ke neken irepati mori kupiyaꞌnikon yuwati tamiꞌnawironkon neraꞌma ton pe,Macushi
2676,ininia apakata kakiti iuikiniua imarore xika ikinika aua hitemoni paoro aua hitemoni aporo aua hitemoni petro aua hitemoni itixi aua hitemoni hauini hipinini apaka aua hitemoni uatxa auakari katana auakari apaka aua hitemoni ikinipoko aua hitemoni,Apurinã
10724,deuxu iruruna dire tai iny ixitoena ratyre inydeereny kidiwahinykemy idi ihyre iny irurudireki wahe,Karajá
25325,ta nori ha ma to are wasire 're si'ra'oto u'asi iwasu'uwe u wasire uptabi 're haimana za'ra mono o nhere ma to are wasire 're haimana za'ra wasire uptabi 're haimana za'ra mono 'wa'aha te are wasire 're haimana u'asi za'ra 'rawi tane nhere ma to wahawi 're wairebe taha wa wa to wasina waihu'u za'ra ni oto wasire uptabi 're ihaimana za'ra mono o na ha,Xavánte
6806,igaataɡa niɡijo oxiiɡodi ɡonimaweneɡegi me idinilakidenaɡatege aneotedoɡoji niɡijoa lajoinaɡaneɡeco moises idoka eotibige aneotedoɡoji me laagetedipi oko odaa ja diiɡenatakatediogi moiloikatidi niɡida oxiiɡodi anejinaɡa ikee aneotedoɡoji me datale odaa niɡida gela anejinaɡa eneɡegitace ikee aneotedoɡoji me datale leeɡodi meo me iɡenaɡa niɡina oko lodoe aneotedoɡoji,Kadiwéu
17279,hoka abraao nexa ihiye: “maisaiya semaxematyahitaha moises iraiti xakaisaseharenai niraene hoka maisaiya tyakekoahitaha exahe alitare kaseheta hoka xane irae ekakoaha” nexa,Parecis
12006,miriri itekare ayenupaꞌpiuyaꞌnikon miriri eꞌsaꞌ pra man mori pe umaimu wani wenai pra moropai epuꞌnen pe wani wenai pra tiise akoreꞌtakon meruntikon mori yekaton wanni nikupiꞌpi eraꞌmaꞌpiyaꞌnikon aniꞌ nikupi eserikan pepin miriri wenai epuꞌtiꞌpiyaꞌnikon yairi unekaremekiꞌpi wani miriri yeꞌnen innape ikuꞌtoꞌyaꞌnikon wani pepin epuꞌnen pe pemonkon eꞌtoꞌ wenai pra tiise paapa meruntiri wenai innape ikuꞌsaꞌyaꞌnikon,Macushi
15855,ti mꞌ raky hadoo: —dooh er asꞌeed ba hahyyh hamah masuuj er moo bong er bahapah hyb nꞌaa jaa we tabaym —nak ma sa kyyh ti tawen hadoo pꞌop haga do kyy kerih do kameteeh hyb nꞌaa hahyy da takerih ta ti ky nꞌaa: “rabetyn hom sa ha he saror yy masuuj ramoo bong saror y hyb nꞌaa” saaw- tii da ne he warahen ramoo boo kan,Nadëb
12220,tekkari tonpai pra epiremantoꞌ piꞌ jesus eseurima miriri tipo inkamoroya taꞌpi jesus piꞌ: — batista nenupaꞌsan epiremapiti eꞌpiti tekkarikon tonpai pra miriri waranti niri fariseuyamiꞌ nenupaꞌsan wani —taꞌpi toꞌya —tiise anenupaꞌsan wani miriri waranti pra taꞌreꞌkon yonpa toꞌya moropai tiwukukon eniri toꞌya,Macushi
2453,eereka arisia paniataua pitemoni ainini pite pimaariko paoro ininia pimarotari asapiretakiti inipitika inini —tetoro txari perisi,Apurinã
17132,ahalakoahalitinai xawaiyetyaka tahi ; — xakore hoka nomita atyo xiso xasemiterenai niraini hiye: xawaiyehena xahalakoaharenai exahe waiye xamohena kirawanetereharenai xiso,Parecis
8949,ti kre vy ty ajag nyti ha ky tog ajag ki kura ni ajag ty ki kanhro nytin ky kuty tu ti ni eg ki ti katig ke ki kanhro eg tog nyti ha ky tog eg ki kura ni sir,Kaigáng
18325,ogaakosoaha ada jesus va'ora honaria'aha: —avanikha bana ada makhira kamaodorohaki akhano'aha jesua binana'dohi'aha:,Paumarí
9360,upe-ma ramo pyaꞌe oripara oho-vy hetekwe rendagwe-gwi pe kunha okyhyje ramo jepe ovyꞌagwasu joty oho-vy jevy hemimboꞌe kwery renda-py oripara oho-vy omombeꞌu hagwa,Kaiwá
23114,mɨsare yɨ'ɨ wee'kere i'ya kuu wee siru tuuato niigɨ a'tere wee i'yoapɨ a'meri ayuro weeya mɨsare diakɨhɨ weregɨti nee ni'kɨ da'ra ko'tegɨ “yɨ'ɨ wiogɨ yɨ'rɨoro nii'” nii masitisami ni'kɨ o'oo' no'o'kɨ ke'ra kɨɨre o'oo'kɨ yɨ'rɨoro niitisami,Tukano
21354,maꞌato tukup­teꞌen eipy­ꞌa­set­piaria uimohey ran haria uhehay ewani­kaptia tawa pekamu piaria — uruto tupana ehay moherep haria iꞌatuꞌe wen maꞌato wetup sehay moherep haria aikota nimo sehay yt hapyk i rakat enoi hat parau mienoi ewy taꞌa­tu­mo­herep nimo tupana ehay moherep hat parau e hap het rakat tiꞌa­tu­muꞌe kahato isareu ywania ewani­kaptia eporekuat paraki e het rakat tupana emiit isareu ywania moꞌa­kagꞌaia tupana set etiat hap tehay wo mio ta e parau — waku ewetunug ienuk hap iwato hawyi eweiꞌauka eihuria tupa­naria iaꞌakap koꞌi motypot hamo e miꞌi hawyi waku yne hary­po­riaꞌin wywo toꞌope eweikup­teꞌen e miꞌi etunug mote ewani­kaptia isareu ywania tupana miꞌa­piheg wo tukup­teꞌen eipy­ꞌa­setpe e parau morekuat paraki pe tomi­napin e uhepe uimiwan nug hamuat,Sateré-Mawé
7025,jesus'ga ombojipe'a anhaga ahera'yrava'ea hugwi a aere jesus'ga ndurame he'yive'ga pyri a'ero akwaimbae'ga ruri gwenypy'anduruga jesus'ga rovai pyteri pe jijoheva'ero ore poko ti javo,Kagwahiva
3715,ara aguelymo tindatuo paulo barnabe wara aguelymo nehoguebyramo myani aituo myani aguelymo: — ioze inkaba kula amyguelymo judeu keba modoem adyeseim makeba awara tajilery ety iopiry sataly — kelymo toenzepa myani ajihogulymo judeia donro saintyby modo aga aguehomobyry waga aituo myani antioquia donro modo judeu satahogue tataze tatazeba wara tawyly nutuba idylymo — uguondo modo ewy jerusalemram igonose kura awara modo koenda xutuze myara jesus tunary egaturin-em induakeyby modo aga jesus einwanni modo iwymary aga wara agueze idahomoem — kelymo agueypyem myani paulo barnabe eagonro modo lapyla wara jerusalemram idawani modo induakelymo ilapygueduo myani paulo barnabe jesus einwanni modo ewy iduakewadyby modo wara antioquiadapa idalymo jerusalemram fenicia einka samaria einka wara myani sakadylymo ata anaka takadaymo ala mykainane jesus einwanni modo aga atadyguylymo — agui judeu keba modo ady tyeinwankyly tumozemo jesus tyeinwantomoem — kelymo mykainane aguelymo tindatuo myani ata anary sakadomoda jesus einwanni modo iomazewadylymo,Bakairi
26827,be gwaj ar kangronh tyx ge ar ajte jeju'a ujarenh ket gedja amu me bu'a me wa mar ket nam me a abenma ane,kayapó
19287,ouvindo isso os gentios alegraram-se e bendisseram a palavra do senhor; e creram todos os que haviam sido designados para a vida eterna a palavra do senhor se espalhava por toda a regiao mas os judeus incitaram as mulheres piedosas de elevada posicao e os principais da cidade e provocando perseguicao contra paulo e barnabe os expulsaram do seu territorio estes sacudiram o po dos seus pes em protesto contra eles e foram para iconio os discipulos continuavam cheios de alegria e do espirito santo,Portuguese
10736,ityre rarybexinyre oworu rimyre tahe iratimy tuu raohotere,Karajá
9036,upe-ma ramo onhehendu herakwa opa-rupi enterovete ohendupa inheꞌe galileia yugwarusu jerekwe rupigwa gwive ohendupa,Kaiwá
11056,aꞌeramu ꞌga ita kwara rawopytymawa peꞌau jui ꞌga upe aꞌerauwe jejui ꞌga amaꞌjau ywau: —kiapiꞌni ajeꞌeg je enee ene ꞌa jejeꞌega ereenup eꞌyina— ꞌjau jejui ꞌga ojeꞌega ꞌuwarete ꞌga upe —jejeꞌeg are ako eneporenuwiwet jepi aꞌeramu je aipo ꞌjau enee ꞌauwara ꞌga nemianuwamu kasi aꞌe pe ꞌga naje rerowiari ne “aꞌjea futat janeruwarete ꞌga ꞌga muri janee raiꞌi” teꞌi ꞌga jee ꞌjau ꞌawa ꞌara rupi ꞌga enepaje resagi— ꞌjau jejui ꞌga ojeꞌega ꞌuwa ꞌga upe,Kayabí
12446,aniꞌya miriri waranti cristo yapuri ya paapa wakiri pe awani moropai tonpayamiꞌ niri wakiri pe awani,Macushi
19355,se quando eramos inimigos de deus fomos reconciliados com ele mediante a morte de seu filho quanto mais agora tendo sido reconciliados seremos salvos por sua vida,Portuguese
5473,kuruxu mboae re hexeve omoi avi mokoi imonda vaꞌe: ijaxu eꞌya re petei omoi haꞌe ra amboae ma ijaxua re [haꞌe rami ojeupity ipara “heko vai vaꞌe kuery reve oguerekoa” heꞌiague],Guarani
15466,“je hꞌyy kasabꞌee doo tawꞌaats he takꞌep hyb nꞌaa jawyk do ha takasabꞌee”,Nadëb
2912,iua oerekariko teosonoka txikitakiniri kakiti atao inakarinoka ikamini kotxi nota sipekako nirimoni nota auaika uai noerekarauatini ikapani paitiki kona hite atamataikanoko nota,Apurinã
22358,ina urukopovomaka ovokutike ne pilatu yane ihaxikone jesus ina kixoa: —‍iti'oxo natina judeuhiko,Terena
8643,tope vy  jene ti ty ijo tig je ha ky tag tog ti to ran ky ni tope vi ki ha me “ha ve a jo sog u jenenh mu ti ty venh kar ty haꞌ he je a tig ken jo ag jyven je tog ke mu ky tog epry kure ri ke ni emin kurynh ri ke” he tog tope vi ty ran ky ni ki  to ti ty ijo tig ke tag to” he tog jesus ti ag my,Kaigáng
15627,ti mꞌ paw-ro bahyng ahyy hang tawake dak dajep do ha ti mꞌ taky hadoo: —be eyym manah edep —nang mah,Nadëb
12536,miriri yeꞌnen ituꞌse tiweꞌtoꞌkon yawiri teesenumenkasanon pemonkonyamiꞌya paapa yapuri pra awani miriri tiise paapa yeyaton pe toꞌ koꞌmami miriri maasa pra teserukon yawiri toꞌ koꞌmami yeꞌnen paapa maimu yawiri ikupi toꞌya eserike pra awani yeꞌnen,Macushi
26597,gwaj baro'a ar babari ne ba ar ama ikaben ja jare,kayapó
4691,naꞌe tupan hapuzuhu ywate har uzewapytymawok kury aꞌe rupi aꞌe teko aꞌe pe har wexak tupan zeꞌeg hyru aꞌe pe aꞌe wa uweraweraw aman ai wanoanog no ywy uryryryryz no ukyr aman tataahy maꞌe ipuhuz katu maꞌe aꞌe pe no,Guajajara
21296,mehi iuta minapin mesuwat uimiwan atipo­ꞌoro iesui mohey haria kape aikope aikope mesuwat yi tote eikup­teꞌen hap kape uito ti iesui ywyt sese iuta e hap het rakat iꞌewyte mekewat iesui ywyt tiaku ywyt sese areineꞌen kuekatu atipo­ꞌoro ehowawi uiwy­riaꞌin pyno uimiwan atipo­ꞌoro ehowawi uiwy­riaꞌin eiperia ti aiꞌywot tupana mimo­hapyk koꞌi sese eipe tomohey haria eipe pote pywo ti rat iesui waku kahato aiꞌa­pykok hamo yt uwe hin i ti aihep kuap iesui piat aiꞌa­pykok hawyi katu­pono iheg me kahato watoi­neꞌen ipo pe,Sateré-Mawé
19072,os chefes dos sacerdotes e os mestres da lei ouviram essas palavras e comecaram a procurar uma forma de mata-lo pois o temiam visto que toda a multidao estava maravilhada com o seu ensino,Portuguese
15824,be hyb nꞌaa newe nyy da dooh jesus hꞌyy gajee hom ba takꞌep ajyy nesaa do moo hebꞌooh do ta ha rakamaje ne paawa be hyb nꞌaa newe jesus be hꞌyy geje hom mahanh,Nadëb
19773,portanto sejam imitadores de deus como filhos amados,Portuguese
20188,— atahi deus humo tispirikporeta “utakta deus tse” niy abaka deus ihumo tsimypokzitsiureta zeka iktsa tsimaha deus ity pitsumuehi naha bo iktsa tsimaha — nikaranaha,Rikbaktsa
7490,igwete jesus'ga ei ga pe: —‍tapemombe'ui ti a'ea ojipe'ga pe ei ga ga pe novia emo ga omombe'u reki igwaigwavete ga ei ga pe tapemombe'ui ti javo novia emo igwaigwavete ga oho imombe'gwombe'gwovo reki igwete ga nhimomby'ahetei —‍okwaha pa hete ga ga nderekokatuavo ei ga ndiapyakwarive'ga pe ga gwendukatuuka reki onhi'ige'yve'ga ga ga monhi'igatu no,Kagwahiva
4079,aze pemumeꞌu tupan zeꞌeg nehe zeꞌeg ikwaw katu pyr rupi nehe aze uzeruzar ꞌym maꞌe wixe pezemonoꞌogaw pe aꞌe wa nehe uzeruzar putar pezeꞌegaw rehe aꞌe wa nehe — azeharomoete ikatu ꞌym maꞌe iapo har romo aiko ihe iꞌi putar henu mehe wa nehe aze nuzeruzar kwaw zezuz rehe wa nehe tupan uzepyk putar wanehe nehe taꞌe wenu katu aꞌe zeꞌeg aꞌe wa xe — azeharomoete xo ikatu ꞌym maꞌe iapo haw rehe hemaꞌenukwaw ihe iꞌi putar wa nehe umuwete katu putar tupan wa nehe upenarag rehe wapyk pa wa nehe — azeharomoete tupan wiko xe pepyr aꞌe iꞌi putar peme wa nehe,Guajajara
26071,ne kam ajte arkum —‍jakam me kajgo mex ne me kate temja djam me kate tem ra'ama kati me ja dja me i runho kutewa nhym be me runho kutewaja gedja me panh kajgo mex ne me kate te mykam bir metindjwynh ne amiwyr me krapti 'uw nhym be kute mekam me ngrerebit amijo me utar nam a jeju arkum ane,kayapó
21352,miꞌi hawyi henoi hanuaria iꞌatu­poiꞌam taꞌa­tueso hap teꞌe­roꞌe hamo — meiuwat etewau ti aimo­weu­kaꞌi tupana yat ete aiꞌy­wania napin hap ete iꞌatuꞌe meiuwat tupana yat wato ti iesui tipuruk irane e wyti iꞌatuꞌe saꞌa­wy­ꞌiwuat aheko yne ainapin musei piat hap ti iesui tawa nasare piat timoma irane e ti etewau iꞌatuꞌe,Sateré-Mawé
7463,a'ero jesus'ga remimbo'eharava'ea  iscariotesva'ea – ahe ko aere opyhyguka jesus'ga – a'ero ahe ei: —‍maranuhurame hea nomondojuhu kia itambere'ia kwepygauka ga pe ei ahe he'yjuhuva'ea itambere'ia trezentos po ga ikwepygi hea pe nhandya rehe ramo ei ahe imbatere'yve'ga pe po hea imondoi itambere'ia a'ero ramo ei ahe ga pe,Kagwahiva
20496,iwaze usta maku inamybyita rasaru inarokota inakororobaikta atahi inamyrenikita hokbowy baze ziknadyhyky tadisahawy zikziperyky inamyrenikita tisorekreta hi batu ibo nyny ziknakara tadisahawy tsihizik humo kino ba nyny ziknakara iwaze inamybyikita itsuhuha ty zuba ziknatadisahaka tsikuparinitsa iakororotsa ziknasihierokok,Rikbaktsa
5294,haꞌe ramo jesus aipoeꞌi: — pevygua lei re aipo ndeꞌi ri tyꞌy: “xee aipoaꞌe tuuete regua pendekuaia rami” “tuuete” heꞌia ma joe oikuaa pota vaꞌe kuery re ijayvu vy  nhanderuete ombopara uka vaꞌekue ndoaxa rivei ꞌra haꞌe nunga rupi haꞌe vaꞌe kuery pe ijayvu vy “tuuete” heꞌi rire mbaꞌe re tu haꞌvy “ndeayvu vai” peje xevy nhanderuete raꞌy aikoa rami anhemombeꞌu ramo mbaꞌeta xee ma xeru guemimboura xemoi vaꞌekue ko yvy re xembou agua,Guarani
17194,maika wiyekohase jesus cristo nawaiyexehare tyaona xikakoa,Parecis
2122,ininia xesosi xipokapiretari ia isapirena: —niri iaxitikiri iua atokokana txaiko hite maerekati ati kamakasaakii hitemoni himamaxinikaretakania hakixiniree —itxa xesosi,Apurinã
26075,ar ga dja gar ama aben kaprin abenma aben rerek ne aben jaxwe maro aknon abenkam angryk ket mykam bir ga metindjwynh arym kritu tykkot kute ar ajaxwe maro biknor ne ar akam ngryk ketja pumu kam dja gar aben jaxwe maro aknon abenkam angryk ket,kayapó
24317,chaymi mana jucmanyapacuchu masqui aychanchic walan-walan awquishyayaptinpis shun'unchic'a muyun-muyunpatacmi callpacta chalayan,Urubu-Kaapor
17957,xoana xotita hetati iraiti waiyexe noxakaihenere xihiye hatyo xowaka nohokakita hoka notyoa xinali hoka noxakai xihiye iraiti waiyexe nohokakita hare hoka kahare nahakakisa xiso xakore hoka maisa xahalakijita maisa xikirawaneta natyo waiye xamoka natyo anjo enore nalitare akereta jesus cristo akereta xamoka natyo,Parecis
17639,abraao maisa halakijita hatyakekone maisa matyakekotita enore isa enomana aokowitereharenae ityakekone aiyatelikisene hoka hatyo hiyeta aexakeretya enore waiyekehalakita atyo enomana enore tyoma aokowitereharenae kakoa hoka,Parecis
11485,aꞌere pee jarejuwarete ꞌga pekwaap aꞌeramu ki pee mamaꞌe tywera apoweꞌem jejui ꞌga jewyra poromukuran aꞌeramu ꞌga rura jane mopiryyiteꞌema saꞌa munaꞌywa ꞌga amu pyyga erujewi ꞌga mopiryyja nan kasi pejemopiryyjukat ꞌga upe ne naypytunimu wata maꞌe ꞌjawe rui pee ypytunimu wata maꞌe ꞌga nuesagi mamaꞌea jarejuwarete ꞌga jeꞌega kwaapareꞌema ꞌga ypytunimu wata maꞌe ꞌjawe aꞌeramu ꞌga mamaꞌe tywera apou akou janeruwarete ꞌga remiaporama kwaapeꞌema futat “ojewyt nipo jejui ꞌga werowiareꞌema ꞌga nerekou tyweaete” ꞌe kwaapeꞌema,Kayabí
13878,tu: —‍notot moyyex te yumu'a hamyummugaha' hu: “tik 'um xok 'iha' xetut tek-tok put hok puxix tik taknoy xe' xetut muy nuy nu mutik yaytax pu ta tu tuk-tok put puyik-tok 'uyipxox nom te maxap yog hapxop pop” kaxiy,Maxakalí
12868,miriri yai paulo eseurima piaꞌti tanne galioya taꞌpi judeuyamiꞌ piꞌ: —siriri miseri warayoꞌya iꞌ kupi epuꞌtiuya pra wai pemonkon wiisaiꞌya pra man tiise eeseurima neken wenai enesaꞌyaꞌnikon uupia miriri yeꞌka piꞌ apiikaꞌti tiuyaꞌnikon iꞌ tauya eserike pra wai aawaririꞌnikon ayeserukon ta ikonekayaꞌnikon miriri —taꞌpiiya toꞌ piꞌ,Macushi
20391,amo kytsa batu zikaha atakta mykara iwatsahi kytsa ipe maha: — o ikia tsamysapyreta — nikaranaha sispirikpobyitsa tu — atakta imysapyreta — mybarapetu nikaranaha iwataha humo itsikarara inymyryhywy niy kytsa abazubatsa iharere bo hyy nikaranaha irara tsiakyriukreta kyze kytsa pe niyzo — itsikarara hyrikoso tyzokninaha tsimaha atakta sokorotsapuzeze ty itekihikta niratatu ata wata ihyrikoso tyzukninahakta — niy hyy nikaranaha,Rikbaktsa
10258,marie heka tohoti itxi reare tahe sowemy raraykywydynanymy ronyre,Karajá
6541,nigini oko anee me idei manitaɡa lokokena pida yelatema nioxoa odaa niɡini oko idokee me idei nexocaɡa pida niɡina oko ane yemaa nioxoa baɡa idei manitaɡa lokokena odaa aɡica ane yakadi meo libatiigi aliciagi niɡina oko ane dixipe migotigi nexocaɡa pida niɡina oko ane leleɡedi nioxoa idei miditaɡa nexocaɡa idioka limedi migotigi nexocaɡa codaa ayowooɡodi niɡica ane diiticogi leeɡodi nexocaɡa eo me daɡa yakadi me yatetibece,Kadiwéu
8901,“ha ky sog ajag my to mu ajag ty tope vi mranh mu ra tog ajag my venh pate fon sor mu tope ti ajag ty tope to vi konan mu ra tog ajag my venh pate fon sor mu ge ajag ty ha ra tope kuprig to: “japo ty eg jagre ve” hen ky tog ajag my venh pate fon man ke tu ni ha sir tope ti” he tog jesus ti “ajag ty iso vi konan mu ajag ty ha ra tope kuprig to vi konan ky tog ajag my venh pate fon man ke tu ni ha ajag ty ga kri mun ky tog ajag my venh pate fon man ke tu ni tope ti ajag ter kar ky tog ajag my venh pate fon man ke tu ni ge” he tog jesus ti,Kaigáng
24387,“caycunapi ama licapayllaman camapacuychu: llapa wanushacuna shimita uyalil shalcapamunan muyunca chamun'anam chaychumi allin lulacunaca winay cawsaypa shalcamun'a; mana allincachu cacunanatacmi icha caraycunapa shalcamun'a “cay'a manam quiquillapitachu sinu'a tayta nimashanmannumi licaycu natac munaynita cachaycul taytapa munayllanta lulayta jicutayaptimi caraycuyni'a caninmancamalla,Urubu-Kaapor
13847,ha pinat te' xupak tu ta xe mo'naha miptut ha tu ta yeyox mogaha haptopah tu pa te hamyummug xop yog mimpe yimu' yum ham tu 'uxuxet'ax mikax pet xax ya 'axet'ax noy ya gabatah ya yoneo xop yiy'ax kopah mayon te yaykote' yum'ax hapxip 'iha 'amuk xexka miy'ax ya 'amuk xexka 'axet'ax noa'yen ha pinat te yoneo xop pu ham'aktux hu: —‍'uxip nunte 'ohnu xexka' kaxiy,Maxakalí
11332,aꞌeramu ki jane jarejerowiaa ꞌga ree etee futat yma we futat ꞌa janeruwarete ꞌga kaꞌarana kwasiarukari jeremi ꞌga upe rakue: “pejejararete ꞌga ree etee ki pejerowiat pejejemogyau pejejeupe ꞌga remiapofer are nane ki pee pejejerowiaa pejejemogyau nu” ꞌjau ꞌga ikwasiarukaa jeremi ꞌga upe rakue aꞌeramu ki jane jarejerowiaa jarejararete ꞌga ree etee futat,Kayabí
17610,tyotyaki niraexahena xitahi hoka niraexaita nihalahalini kakoa hetati noxakaihakahenere iraiti waiyexe xowakata xakahinaetya natyo kalikini kijiya hatyo hiyeta nihalahareta xikakoa,Parecis
9257,upei taꞌyry jevy manasses upei taꞌyry jevy amom upei taꞌyry jevy josias,Kaiwá
14157,imen e'em deus ekawentup: iba'ore xipacat mujurugrug'ukat taxijo am i ja'o kay'umat pit deus idaxijo gu i ikereat mujurugrug'ukat idaxijo gu i imen e'em deus ekawentup,Mundurukú
8897,“moises vy eg my: “ajag kami u fi ty fi men tu mre nyn ky fi ten ni po ty fi pin ky” he ja ni jo a hyn he ri ke ti” he ag tog jesus my,Kaigáng
11406,yma janeruwarete ꞌga ꞌi janeypy ꞌga nupe we futat rakue: “peanuw etee ki pejejuwa ꞌga pejey ꞌga nane pee ianupa etee nu” ꞌjau ꞌga ꞌga nupe rakue “ujara ꞌga nenupara ꞌga ijeꞌeganup maꞌeramu ajemogy ꞌga jaruete ajemogy ujara ꞌga ꞌga wenup aꞌeramu ꞌga jaruete ajemogyau aipo ꞌga ajemogy namutamutat namanuaꞌnei aipo ꞌga” ꞌjau ꞌga ꞌga nupe rakue,Kayabí
25203,tawamha paruhu ama te rosa'rata rob'uiprazem na tama siwa'aba da newa dazazem hawi watobro da taha wa te nasi so ha te te sima rowasu'u zahure da,Xavánte
22736,niko ne evo jesus xapa ayui paskoa simovone orana ahi'okovane jesus ne mesa koanemaka ne ihikauhiko enepohikone apostulu pahoe koyuhoyea emo'u xapa xane,Terena
14850,waremtag ma tuybe aoyu kawenwen ian o'e ip itabut gu ip o'e cekawen kay,Mundurukú
22716,yoko hara kuti'inoke kurikoti ha'a yoko eno ne koyenoti komuxoneyea yeno yane'e koati pohutipone ne pi'ati,Terena
3940,anguyem jesus awyly waga aguelymo idamamy herodes aituo myani aguely: —  batistama igueypyem xiangasaganeho mawanka jesus-em ola aepanaguely iwera — kely,Bakairi
15934,jesus mejuu do ramoo bok do paa panyyg nꞌaa hahyyh pꞌop haga do sahee jesus ky nꞌaa enooh do panyyg nꞌaa hahyyh teopiro om ti y ma erih pooj je y erii wat doo go y erii wat sahonh he jesus mo hajꞌaa paah tama meteek do paa na-aaj he hy pong je jesus basꞌeeg kan pꞌop haga do anꞌoo ba hy pong je tabaseek do pooj je pꞌop haga do sahee kyy go tamejuu do sa ha taseew hom do sa ha jesus maherꞌood hom nyy dꞌ rabadꞌoo da sahonh he ti y erii wat pooj je y erih do ha rukas ti mo hajꞌaa hahy kerih doo jesus ky nꞌaa hanam do tii pooj je terii wat doo ti mꞌ jesus dajep jawen paa ba ka mꞌ jesus kasꞌee wat sa ha baad takasꞌee wat sa ha baad tameteeh sa ha rahꞌyy kadawꞌuuh hyb nꞌaa edeb wat ne he rabahapah hyb nꞌaa hajoo nuu me takameteeh sa ha  mꞌ ta ah takasꞌee wat sa ha taherꞌoot ma sa ha ji pꞌop haga do bagꞌaas do ky nꞌaa ji tahꞌyyb mahuum do ky nꞌaa ti mꞌ ta see pe noo go mꞌ sa sii tabaweh noo go mꞌ hahyy dꞌ ma tamejuu sa ha: —panang jerusarenh ba be ayyw do tꞌii henh da be gada ee ky nꞌaa enooh doo ta sahee be ha y herꞌoot do paah,Nadëb
22274,koati heru'o kixoti omixone hokea ituko'oviti ne poulu vo'oku vexea akoyea ikamahixakana ne vunae voposi'ixo vitokuxea okovo xanehiko kutipea ne kana'uti kixovokuti e'exo kixoixovi ituko'oviti undi yoko nza'inehiko nguxoamaka uhapu'iyea iseneuke vitukeovoxo koati kana'uti ovoxe ituko'oviti,Terena
22437,itinoe mbo'inu akoti omotova ongovo ako yusika inotoyeova yokovo ra'a: ya xoko vunae ituko'oviti kuti koe pohuti mili xoenae ne pohuti kaxe kene pohuti mili xoenae kuti koe pohuti kaxe xoko vunae haina koukoponoati vunae ne kaxena kayukopovope enepone koati yuhoti yuho'inovi yanekoyoke haina ko'okoriti itukea neko yuho kuteati isoneunoa po'inuhiko xane itea koati yupihovoti akoyea imaxapa kuxoixeopinoe puvati apeyea xane pihopotimo ipihoponovokutike kaha'ainotimaka uha koeti xane ikotivexea isoneuke ne pahunevo koane sasa'ipea nonekuke,Terena
2751,petro txari iua: —eneiasi xesosi kristo makananitai pokitikaua piapirikari pisirimata —itxari matipokotakati iuasaakipeka okitikaua,Apurinã
20331,ahatukytsa ispirikpobyita bo tsipioktyhyknaha zeka wasani byitsa tsimykaranaha ikiahatsa sispirikpobyitsa watsa tsimaha sispirikpobyitsa ahatukytsa ahahumo mysapybyrikinaha iwatsahi ikiahatsa deus harere bo batu hy tsimaha sispirikpobyitsa ahanamy piaksenaha zeka kyzehu ziaksenaha sispirikpobyitsa pahasapybyikinaha kyzehu zahasapybyikinaha,Rikbaktsa
16597,ja¹­nxa¹­ju³­kxai³­la¹­ je³­su²­jah³­lai²­na²­ na³­sa³­re²­thi³­na²­ yxau²­xai³­jah¹­lai¹­ta²­ a²­wan³­txai²­na²­ yxo²­i²­ain¹­tu³­ka³­txai²­li²­ khauh³­lxa³­tai¹­na¹­kxe³­su²­ wain³­na³­na¹­ nxe³­na¹­he³­li¹­ nxe³­na¹­ju³­tan¹­te²­kxa³­yan³­kxai³­lu²­ je³­ru³­sa³­le²­thi³­na²­ ai³­na¹­tau³­a²­ khauh³­lxa³­txai¹­na¹­he³­li¹­ nxa¹­ha²­kxai³­ su³­na²­ sxi²­ha²­ wa³­nxin¹­te²­ hxi²­kan¹­te²­nau³­xa²­ nxe³­te²­na²­ hxi²­ki³­kxai³­lu²­ i³­hxi²­katsain¹­te³­nah¹­lxi¹­: “je³­su²­jah³­lai²­na²­ wan³­txa²­ yxo²­i²­te²­na²­ i³­ha¹­txin¹­kxai²­nan²­tu³­ sxi²­ha²­ kan²­thi³­na²­ u³­ti¹­kxi²­txai¹­nhe³­li¹­” nxe³­sain¹­jau³­su²­ nxe³­ju³­tan¹­te²­kxa³­ya³­lhu²­ yxo²­i²­te²­nau³­xa²­ ka³­lxa¹­txi³­ u³­ti¹­kxai¹­na¹­he³­li¹­ ha²­wxan³­txa³­ a³­sa²­so¹­ain¹­nu²­la²­ su²­lha³­ain¹­na²­he³­li¹­ nxe³­na¹­jau³­su²­ i³­ye³­yxo²­nu¹­nai¹­na¹­he³­li¹­,Nambikuára
23161,nii pe'tise mɨsa weesetisere jesu cristo yee kiti niiro nohota weeya mɨsa toho weeka mɨsa tiro niigɨ ou yoaropɨ niigɨ mɨsa ayuro weesere tɨ'ogɨti mɨsare ni'karo noho ayuro eho peo nu'kuka ɨasa' toho niika waku tutuase me'ra ni'karo noho jesu cristo yee kitire were turiaka ɨasa',Tukano
10453,ibutumy aseriore debo bimyke biwehityhynanybenykre ibutumy ibutumy kristu tyydyydu mahadu‑o arawawehityhynanykre tule kaki dohodyyna irybe wehityhynanyre adeereny riwahinyreri,Karajá
21148,kat e iuwau uhetiat tohenoi uikuap ehepiat hamo eheha­kye­raꞌat hat uito hat are maꞌato kat e uhetiat tohenoi hap atikuap uipyꞌa pe yt iuwau kaipyi i arekuap uwe uito hap e taꞌi saꞌa­wyꞌi iuwau mienoi uhetiat ariaty ewy hetyhot yne e haꞌa­wyte ran eweikup­teꞌen iuwau ehay upi ihay se kahato eweiꞌe saꞌa­wyꞌi,Sateré-Mawé
5486,haꞌe ramo simeao ojopy avaꞌi ojyva ary haꞌe nhanderuete oguerovyꞌaa rupi aipoeꞌi:,Guarani
19540,se voce e o cristo diga-nos disseram eles jesus respondeu: se eu vos disser nao crereis em mim e se eu vos perguntar nao me respondereis,Portuguese
3133,ata anaxi aintuomo saguhoem agasenimobyry etydala itaunga tarala aykywadaunga eagonro ata anaryam mydalymo ara,Bakairi
13264,pa 'ate hampe'paxex hu: ya' max xe'e pu' hok tu xip ka'ok ya kaxiy topa koxuk te 'a hamyummugaha',Maxakalí
5962,haꞌe ra nhande kuery ma amboae regua altar jareko haꞌe vaꞌe gui ma ombojeroviaaty pygua kuery hoꞌu agua ndaꞌevei haꞌe gui henda ikyꞌa eꞌy ete vaꞌe py sacerdote kuery yvatekueve vaꞌe ogueroike ꞌra mymba ruguy jejavya re haꞌe ra hoꞌokue ma tekoa gui mombyryꞌi ꞌra oapy,Guarani
1470,me pahte me panho patraw kaper kot amnhi nhipex a me pama ne me ate me kam me axapenh o me apa xwynhjaja ker ka me anho patraw kaper ma ne hkot amnhi nhipex mex o ri apa te me ate kris kaper mar ne hkot amnhi nhipex pyrak jao me ha apijaam raha ne,Apinayé
16831,ja¹­nxen³­ta¹­ txai²­li²­ wxa³­na¹­hi¹­nai³­ta²­ yain³­txa²­ i³­yai³­ni²­ yain³­jau³­xa²­ i³­na²­ nxa¹­tai¹­ti²­tu³­wi¹­ nxe³­na¹­ta¹­ a²­nu²­ai²­nan²­ta²­ wan³­txi³­kxai³­lu¹­ en²­kxi²­sain¹­te³­nah¹­lxi¹­: “je³­su²­jah³­lai²­na²­ yain³­txa²­ kain²­yain³­jah¹­lai²­la¹­wi¹­ yain³­jau³­xa²­ i³­na²­sa³­wen¹­jah¹­lai²­la¹­wi¹­ a²­nu²­a²­ u³­yho³­hi²­ki³­ka²­ so¹­kxi²­ne³­tu³­ka³­txi³­nau³­xa²­ ko³­nxe³­thin¹­tu³­ka³­txa²­ nxe³­sxa³­ a³­ya³­lxi²­nyhain¹­jah¹­lai²­la¹­wi¹­” nxe²­e³­lain¹­na²­he³­li¹­,Nambikuára
13692,tikmu'un tek mun ha yayhahup xix yognu ham'aktux ha yayhahup 'unoy xop pu yayhahup hu: “'akmun yeyox yog'ah” kaxiy kopxix 'ate nom tikmu'un ha yayhahup 'uyanan tu' 'atak topa pu 'ate nom xop ha yayhahup 'ihak nun hu: “'ohom 'a' yog'ah” kaxiy 'ihak xexka xe'egnag nun 'atak topa putuk xix pexkox yog nu'pok xop putuk,Maxakalí
25132,dure a'ubuni wi 're danomro mono re 're ihaimana u'asi mono haiwa hawi te te 're idapawapto mono na ma to dasa da te 're huri ubure,Xavánte
12458,inkamoroya yairi tiweꞌtoꞌkon rumakasaꞌ man yairon pepin piꞌ tiaronkon yenupasaꞌ man aasiri paapaya isaꞌmantaꞌsan pimiꞌsaꞌkaꞌpi kaiꞌma toꞌ yenupasaꞌ toꞌya miriri yeꞌnen toꞌ yakaꞌmasaꞌ toꞌya man innape yairon kupi toꞌya pra awani temapuꞌtii,Macushi
12475,—ipoiꞌpi uponkon rumentanniꞌpi pepin eꞌpainon kamisa amenan ke irumentaniꞌpi ya irumentaniꞌtoꞌ emoꞌka ipoi amenan emoꞌka ipoiꞌpi poi moropai iniꞌ panpiꞌ aweꞌkaraka moropai amenan woꞌ maiꞌ pe teenasen tiri pepin eꞌpainon penaroꞌ itenseꞌ yaꞌ cabra piꞌpi konekasaꞌ penaroꞌ yaꞌ —taꞌpiiya —maasa pra woꞌ maiꞌ pe teenasen yannipi moropai awanniꞌsaꞌ pe penaroꞌ cabra piꞌpi karakaiya moropai woꞌ etiꞌkamo miriri epuꞌtiꞌnikon yeꞌnen amenan woꞌ tiri amenan itenseꞌ yaꞌ —taꞌpi jesusya ˻miriri taꞌpiiya amenan esenupantoꞌ piꞌ tenupaiyaꞌnikon epuꞌtoꞌpe toꞌya˼,Macushi
3630,adaunloem tawyly jesus agueduo pekodo aseguadadyly eyam aguely: — iweama tutuze ura deus waga agueim mawyly,Bakairi
18467,abraao deus athi-ra kajari'daravini mani ida deua bikajoamoravini hija onivani fori vihira adani ija'ari hahavi deus athi-ra vakajari'dariki va'ora kajoamoravini abraao-ra kajoamoravini vani fori vihira jaboni adani va'ora kajoamoraki,Paumarí
4292,naꞌe panape aꞌe pawru aꞌe no umumeꞌu wemiapo kwer tupan hemiapo karer wanupe aꞌe wa taꞌe tupan uzapo kar purumupytuhegatu kar haw teteaꞌu zutew ꞌym wanuwa rupi aꞌe xe hexak pyr ꞌym iapo kar pa wanupe aꞌe no xe hemimono karer wa uzeruzar maꞌe waneruzeꞌegar wa no nuzeꞌeg kwaw aꞌe maꞌe henu re wa upyta uzeꞌeg ꞌym pa wa,Guajajara
10334,—adeereny jesuisi ariwahikre wana heka tiwesebo biwaowynybenykre kiamy tahe  prata womati nieru myhe tamy riwahinyre,Karajá
3619,toenzepa kehoem kurado eynyna deus aga aguewani modo iwymary kuru iewiapadyly “deus imeryla ura” jesus kely tindatuo tyewiakygue taty tywogonrola nhaunguely pymado tara atadyguyby modoram aguely: — deus nunaguedai mera jesus deus aga azekiba tawylyla agueho “deus imeryla ura” keduo anguy kingasedaymba ise kura ewentaniem midataimola deus waga aguely,Bakairi
17112,hatyaoseta nasema iraiti okahakalati nalita: — kalini atyo enore nawenatyakala halitinai koni tyaona enore ite tyaona enekoniha hoka ekaxaikoneharenai ite tyaonaha enore ite tyaohena ehaliya hoka enenorexaha ite tyaona,Parecis
7865,igwete jesus'ga hoa'javi onhi'iga tupana'ga pe —‍nde ipotarame terembuhurukari hahyva'ea ji ve e'ia'ja ga tupana'ga pe,Kagwahiva
20715,o katukytsa sesus humo ahaspirikporetsa iwatsahi botu ahamysopyksapybyri ty tsikykaranaha zahaokzohik sesus kiristu myzahapokzitsiki mysapyzeky nihyrikosokda iwatahi deus ahamysopyksapybyri ty tsikykaranaha zahaokzohik ana hi ahabo piwatahaka o sizotsa ahabo piwatahaka abaka atahi deus nanabyitaba suknihibyize koikny baktatu ata humo hi tsinynaha sesus kiristu kino niwatihi tsinynaha o siypykyhydytyktsa ahabo kino niwatihi piwatahaka hyrikoso sapybara pehatsa harere bo batu hy tsimaha abaka ikiahatsa deus tuktsa tsimoziknaha kahyrytsa watsa ahabo piwatahaka deus myzo humo botu ahahyrinymyretsa sizotsa ahabo piwatahaka atahi deus nanabyitaba suknihibyize koikny baktatu ata humo kino ahahyrinymyretsa atakta sesus kiristu ata kino niwatihi tsahahyrinymyretsa siypykyhydytyktsa ahabo piwatahaka ahapunihikretsa humo deus harere ahatuk iharere bo zuba mytsaty tsimykaranaha hyrikoso sapybara pehakatsa harere bo batu hy tsimaha,Rikbaktsa
11799,yma te ako ore morogyta esage momeꞌui enee ikue aꞌe are etee ki ejeaꞌat ekou ꞌga ꞌmea kasi ererowiar ine janererekwara ꞌa janeruwarete ꞌga ꞌagesagea futat aꞌeramu janererekwara jane mueaꞌaa ꞌga jeꞌeg esage are,Kayabí
21805,maꞌato — apu i ete iꞌatuꞌe yt naku i te mesup areto e etikuap kat pote yt uipo­hepap i te mesup katu­pono atipueti raꞌyn mesup yi wakuat uiweko nug hamuat e katu­pono mesup taꞌyn ti areto hamuat mekewat yi hun kapiat uiꞌa­kasa uiweko nug hamuat hap kape e miꞌi tote ti ikahu kahato pyno waku ereꞌe morekuat pe — yt areto kuap enuk hap ikahu rakat kape e morekuat potpo­ꞌoro pe,Sateré-Mawé
6678,odaa jeɡeote nalebepakatedi naxacoɡonakatedi eliodi niximaɡaɡa codaa inoa niɡicoa layaageɡeco codaa me datalale iiɡo aɡica liciagi niɡica natalalaɡa niɡijo maleekokina niɡina oko digoina iiɡo daɡaxa me doide aɡica liciagi,Kadiwéu
22676,koati koekuti vo'oku ho'e okopinoahiko inapoxo vo'oku hoyeno ivokovotine koehati jesus koyuhone poulu itukeovo ukopeati xapa ivokovoti,Terena
4651,pemaꞌenukwaw zo pyhewe uzeapo maꞌe ram rehe nehe taꞌe ikatu ꞌym maꞌe kutari uzeapo maꞌe ram aꞌe nehe xe uhyk putar peme aꞌe nehe xe,Guajajara
19140,voces julgam por padroes humanos; eu nao julgo ninguem,Portuguese
19109,porque havera entao grande tribulacao como nunca houve desde o principio do mundo ate agora nem jamais havera,Portuguese
9833,soldado kwery onhembohory hesu-rehe ha upei katu soldado kwery ogweraha koty-py hesu-pe mburuvixa roga kakwaa-py ogweraha ixupe hoga kakwaa hery pretorio upe-py enterove soldado gwive onhomboatypa hese,Kaiwá
12365,jesusya wiriꞌ yepiꞌti moropai maasaron wiriꞌ pimiꞌsaꞌka miari jesus eseurima koꞌmannipi tanne pemonkonyamiꞌ piꞌ toꞌ epereꞌtoꞌkon esaꞌ judeu erepamiꞌpi jesus pia moropai aweꞌsekunkaꞌpi irawiri moropai taꞌpiiya jesus piꞌ: —uyensi saꞌmantan piꞌ man miriri yeꞌnen aase uyewiꞌ ta uyensi pona ayenya tiitaneꞌki awennapantoꞌpe,Macushi
15289,joom ag wahꞌee dag ba ka ta danah mejuu ta sii moo hebꞌooh do see ta kaser nꞌaa sa we tagadoo hyb nꞌaa paawa joom ag wob,Nadëb
157,toipe namoto axitao roke tytapyike poeno maro mana jume pyra tapyi ese poeno sa pyra mana mapyra tapyi ese mukurume ahtao jume tumyko maro mana,Apalaí
23171,toho weera o'akɨhɨ mari jesu cristore eho peori kurakaharare ayuro weeka i'yara nii pe'tira o'akɨhɨre e'kati peo nu'kuka'ato toho niika jesu cristo masapɨre weesere i'yara tohota weeato a'toka terokahara be'rokahara ke'ra tohota o'akɨhɨre e'kati peo nu'kuka'ato tohota wa'arosa',Tukano
