index,TEXT,LANG
18809,arabo hahavi kaija'arini vavaadahaki ida sidaji vagani kani arabo hahavi kaija'arini vakadika'da'di vavikhaki ida vakadinahina kaidivaki sidaji kania,Paumarí
22214,hanekoxono payasoyea oukeke uha koeti koati payasoti pahukoti vanukeke yoko po'inuhiko tutiye akoti inixakana koekuti pahukoku vanukeke ako'o hiyeu vanuke koanemaka oukeke uha koeti xane apeti xunako pahukea koekuti ko'iyeovoku yoko oukekemaka uha koeti natihiko koane oukeke uha koeti po'i ihae iha xane koati hana'iti teyoneti yara koeku ko'oyene koeku apeyeako ra kuveu meum koanemakamo ikenepoke,Terena
10709,isaia tule rarybemyhyre aoma judeu mahadumy wahe sowemy sowemy imahaduo hare tahe ibutumy tarasanamy reakre deuxu ele elemy rotyynykre timybo rarybere myna ijo‑o ruxetoena riwahinykre ijo‑o adehuna riwahinykre riixawidinyrenykremy,Karajá
1153,na ka htem amnhi to mex o ri apa ne amnhi kaxyw kris hkot ajamaxper tyx ne ne ma me kam tirtum kaper jarenh mex o ri me hkot apa ne me ajamaxper mex ne ne me piita me ho mex o ri apa ne me ama ixkinh o ri apa jakama kwa ker ka me axamnhix me kep amrakati xwynhje ma me akaxpore hkwy nhor o apa jao me ama tirtum kinh tyx a amnhi to amnhirit,Apinayé
22595,enepone ipovo jesus u'uhahi koyene koane hohopu-hohopu koyene ako kipoheoti yara kuveu meum iotati kohopu'ikea ne kipohiu kuteati hopu'iyea neko ipovo,Terena
451,ynara tymerose roropa ritonopo omiryme “zuaro matose zuaro se awahtao xine kukurakaryko poko ritonopo a aomiry enetuputyryke kyya xine” moro omi totase oya xine ynanekaroase oya xine ipoko mosenetuputyatose “kyrixtu enetupuhtoko” karyhtao yna a oya xine moro omi ekaroko ynanase oya xine,Apalaí
26426,nhym pedru kum —‍be ujarenh djwynh jakam ne gwaj arym bakinhkumrex dja bar ar ama kikre'a irox nhipex dja bar ama 'o nhipex mojdjema 'o nhipex erijma 'o nhipex ane ar madja kretikam ne pedru umaje jejuma kaben kajgo jare,kayapó
5168,— haꞌe ramo huvixa ombovai vy aipoeꞌi ꞌra haꞌe kuery pe: “anhete aipoaꞌe pevy: kovaꞌe xe-irmao kuery yvyigueveꞌi vaꞌe pe haꞌe nunga pejapo nhavo xevy pe avi pejapo” heꞌi,Guarani
5106,haꞌe gui ma aipoaꞌe ꞌra xejeupe: ‘heta mbaꞌe pora areko heta maꞌetya reguara ay ma apytuꞌu ꞌra akaru ayꞌu haꞌe avyꞌa ꞌra aikovy’ haꞌe ꞌra” heꞌi,Guarani
3205,jesus xira modo waga aguely deus ety idaseray tienomedadaymo deusram dinheru xuduypy etadado kaixa iwaguepa tawala wane izepaom modo agueho izepa awylymo anguy ola nawapyra sawato odaypa awylygue,Bakairi
13643,'ugmug pip komen tinok tu' tu moktu moxaha komen tonemay tu' tu' kuxa mam xop yog xape xop penaha' tu' nox pip 'amniy tox ha,Maxakalí
13178,'ugmu'ate 'ap-tup xa 'ahittup ha topa yog putat ha 'amog nuy tu mo kuma mog nuy pexkox yog hapxop hip nuy pop,Maxakalí
26124,amrebe myjja kuni ketri me ketri ne amijo me ibe idjaer pyta nam tu me ija amim karokumrex ne amim —‍be me wa dja ba mema amak bo nhym me arym tu amim kritu markumrex ba kam arym meo aminho nam a me ija amim ane ta ne kute amim myjja kunime me kuni'a karo kute amim 'a karo kot ne mramri kute o apoxkumrex ne kute o bakumrex djam me ibe idjaerbit ne amijo me ipyta kati myjja kuni: kute amim myjja kuni'a karo kot arym mramri kute o apox ne o bakumrex myj kadjy ne amijo me ibe idjaer pyta bir ba me ikumrex ne ba me tu amim kritu markumrex ne kot ar amijo iba me kuni dja me me ija abenma kum —‍ga me kute kritukot katat ar amijo baja pumu kritu mexti:rekumrex me bama kinhkumrex anhyro ba ja kadjy ne amijo me ipyta,kayapó
5514,haꞌe gui ay voi nhombotavy reia kuery ma haꞌekue rami ae ju ikuai oexa raꞌua rupi rive vy ngoꞌo ae omongyꞌa nonheꞌe rendui huvixa kuery haꞌe ijayvu rei ꞌra ipoꞌakakueve re haꞌe ra anjo yvateve vaꞌe miguel ma anha reve moises retekue re joaka ete ijayvua py voi nonhemboyvatei rakaꞌe anha pe ijayvu vai agua haꞌe rami ꞌrague py “senhor ae taꞌijayvu ndevy” heꞌi,Guarani
17865,hatyo hiyeta heko xotyaxematya hetati xowakiyita xasemehenerehare iraiti hekoiya hatyoharenae xotyaxematya hoka hekoiya hahotyalita xisaona ityani enexe xoaha kakoa,Parecis
25370,tane a nori wa'wa ha te za dure asimi'e na wanhib'apito zo 're asimipari za'ra wa'aba mo za wei apa mori su'u na da'asina te za robze na so 're asimipari u'asi za'ra wa'aba mo,Xavánte
14056,cristo ekawen iba'arem tu osodop judeuyu xe iba'arem gu imen e'em moises emudupmubararaktup: eyju judeuyu i deus kuka judeu'umayu gu o'tae jebekitkiyum i tete ma eyju e'em i itaybit'umayu gu kuka o'tae jebekitkiyum i tuybe e'em ian eyju i eyetabutkarey epesop cekay ip owebe webekitkiyu ixeyu nae buje i eyetakoma epesop cekay ip owebe webekitkiyu ixeyu nae buje i imen e'em kuyatup,Mundurukú
4747,naꞌe upyhyk kanek kury uzeꞌeg wi tupan pe umur urewe iꞌu kar pa urewe pitaitaigatu uzeꞌeg urewe — peꞌu paw rupi nehe kury ty wa ko kanek por nuzawy kwaw heruwy kwer aꞌe azakook putar heruwy kwer ihe nehe teko teteaꞌu wanemiapo kwer ikatu ꞌym maꞌe hekuzaromo ihe nehe aꞌe rupi tupan umunan putar wanemiapo kwer wanuwi aꞌe nehe izuwi uweharaz pa aꞌe nehe nezewe mehe aꞌe teko upuner tupan pyr oho haw rehe aꞌe wa nehe taꞌe heta uwy kwer hakookar wanekuzaromo aꞌe xe tupan zeꞌeg kwehe arer rupi katete aꞌe xe,Guajajara
7180,—‍gambo'ehara'ga koji'i garemimbo'ehara'ga hohe ga ga mbo'epavame ga ga javijitehe ei jesus'ga,Kagwahiva
16606,nxe³­ha²­kxai³­ txa²­wa¹­su³­na²­ wa²­nxuh¹­ ain³­nha²­sxa³­: — jah¹­la²­ wi¹­lhin¹­sxa³­ thai³­ti³­la²­ sa²­hau³­ko³­ta¹­jau³­su²­ wi¹­ju³­ta³­lo³­ta¹­tu¹­xa¹­ nxe³­kxai²­nan²­tu³­ a²­ya³­la³­tu³­ wi¹­ju³­ta³­lo³­te²­ju²­he³­la²­ te²­ya¹­nxe³­sxa³­ a²­nu²­a²­ a³­xa²­ ha³­na³­ka³­lxi³­te³­nah¹­lxi¹­: — jah¹­lai²­na²­ txa²­wan³­txa²­ a³­ne³­to³­hxa³­ti³­hi¹­ta¹­tu¹­xa¹­ nxe³­kxai²­nan²­tu³­ a²­ya³­la³­tu³­ a³­ne³­to³­hxa³­ti³­hi¹­te²­ju²­he³­la²­,Nambikuára
6588,odaa pilatos jeɡee “aɡajipaatalo inoa ɡanotaɡa igaataɡa owidi lotaɡa modakapetaɡagi makaami nilaagedi”,Kadiwéu
6645,jiɡijo me dinaɡaditedini aɡica ane yowooɡodi anodaa diitigilo niɡijoa seete yotetitedi ananati ibaaɡadi ijaaɡijoa seete noledaɡaxiidi oolo digawini anodaa diitigi niɡijoa seete yotetitedi niaanjotedi niɡidiwa seete lapoli loiigi ǥoniotagodi odaa niɡidiwa seete noledaɡaxiidi baɡa niɡijoa seete lapoli loiigi ǥoniotagodi”,Kadiwéu
20586,ikiahatsa zuba wytykyryk nury soho tsimypamykysokonahaze ahamysupehe byihuja ahaharerewabymybarabyihu ja anawaze ahaharere humo ustsa kytsa bo batu mysimyiwyky ahamykni byihuja tynapykyknaha wasaniha ty tsimaha zeka ikiahatsa deus pe tihi: — o ikia zuba tsamysapyreta nawa nizukni tsizubarena tisapyrena iwatsahi mykuretsa — tsimaha iwa tsimytsasokonaha,Rikbaktsa
8069,tope kuprig vy eg my to ky tog eg my ha ti ge eg ty ajag my venh jykre jagy en fig tu nin je tag ha han je ajag tog ke mu ha me: venh kaggra to festa ko tug ni nen u kyvenh ko tug ni ge nen u ty vesog ki ter mu en ko tug ni ge ajag pru tu fag mre ny tug ni ge ajag ty tag ki krom ky tog ha ti jatun my nytimni” venhran ha ve,Kaigáng
15564,hyy ka hajok isaraew buuj rahꞌyy kanaꞌeeh do hyb nꞌaa y eaanh hahyyh: dooh gꞌeeh rapanyyg ena hom kristo ky nꞌaa ha rapanyyg ena hom ne he hahy pꞌop haga do kyy kerih do herꞌoot do ha rapanyyg ena hom ne he ji bahapah: “badak hahyy ba hawꞌaats he sa kyyh keh y nꞌaa bawad dak dawee sa kyyh kaja dak keh y nꞌaa ha” saaw-,Nadëb
9233,ha judeu ruvixa kwery katu ogwahe ou-vy iha-py: —kivaꞌe nheꞌe-py erejapo-ma upea heꞌi ixupe —ejapo katu tuvixa mbaꞌe oroikwaa hagwa nhandejary nheꞌe-py paraꞌe erejapo hagwe ne nheꞌe-py paraꞌe heꞌi ixupe judeu ruvixa kwery,Kaiwá
8527,ajag jagtar han je ag tog ke mu isugrin mumeg tug ni ha ra japo vy ajag kato vasan ke mu ky ag tog veseja kata ajag vam ke mu japo ty ajag jykre ve sor ha ve kura ty  ke ki ke ve ag ty ajag vog konan ke ti isovanh tug ni ag ty ajag ten sor mu ra ky ajag tog rir kryg ja tu venh ke mu ky tog ajag my ser tinh mu he tog hemni venh ran ki” he tog u ty ty epra ke ni ve en ti inh my,Kaigáng
16081,nxe³­te³­na¹­ wen³­su²­ sa²­so¹­sxa³­ nxu²­kwai³­ye³­ye³­lotsxa³­ uh³­wxe³­ka³­tu³­ wxa²­sa²­ha³­lxo¹­so¹­ka³­tu³­ a²­sa³­wi³­ha³­lxi³­nau³­xai²­na²­ i³­ye³­kxi²­ta¹­hxai²­he¹­la²­ i³­ye³­kxi²­te³­nah¹­lxi¹­: — a²­nu²­a²­ i²­li³­te²­ i³­nxa²­ a³­lxi²­sa¹­nha²­kxai³­ we³­sai²­na²­ te²­ya¹­nxe³­ te²­he³­la³­ku³­la³­ sa²­hau³­ko³­tai¹­nin¹­kxai²­nan²­tu³­ txai²­na²­ hxi²­nu¹­san¹­kxa²­ ya¹­nxe³­hi³­nxna³­li¹­ hxi²­nu¹­san¹­kxai²­nan²­tu³­ su³­na²­ i³­sa²­si¹­ha³­sa²­jah¹­lo²­su²­ te²­a²­ hxi²­nu¹­nain¹­kxa²­ ya¹­nxe³­hi³­nxna³­li¹­ hai³­txi³­ txai²­na²­ so¹­lxi³­ hxi²­nu¹­sa²­hi³­nxnxa³­lxi¹­ ta¹­hxai²­he¹­la²­,Nambikuára
4606,naꞌe uhem amo kuza xamari ywy rehe har wa aꞌe pe kury ꞌy piaromo aꞌe kury — emur ꞌy ihewe zakwa heiwez katu ihe iꞌi zezuz izupe ure hemimuꞌe ure oroho taw pe ure kury temiꞌu imeꞌeg kar pa ure kury,Guajajara
5817,ogueroayvu poraague irmao kuery tove penenheꞌe py tapendu nhande-senhor jesus cristo penemboaxya amem,Guarani
26721,kam gedja djeruxare bu'a pyka ja nhidjibe djudejakam me ja amija maje kranh'yr prot ne nhym bep kribe me ja gedja me amikra ket mex ne amija maje kurum kato nhym purkam me jame bakam me jame gedja me ajte akubyn urkwama mor ket dja me tu am kama ajma apynh kranh'yr ba akubyn krima mor ne box ne ajte akubyn prot ket tu am kama amu prot ne be akati kapri ne ja akati kinh ke:tkumrex ne ja mramri gedja metindjwynh me axwekam ngryk ne me axwe panh pri:ne meo ajke anhyr djwynhram ne metindjwynh pi'ok no'okkam ja kuni'a ajare dja o akati 'yr box anhyr djwynhram metindjwynh kute pi'ok no'okkam arenh jakot dja 'yr box ne kam kot a o anhyro te,kayapó
24577,jesusmi iwinacachiyta apamun “amatac ‘jawca cawsaytach uycamashun’ niyalcamaychu; ashwanpam iwinacuyta apayamu,Urubu-Kaapor
16314,a²­wi³­na²­ a²­ki³­lha³­lxa²­ a³­nhe¹­kxi²­nyhu¹­ha²­kxai³­ a²­ha³­ka³­na²­ a²­ka³­ne³­lxa²­ a³­nhe¹­kxi²­nyhu¹­ha²­kxai³­ a²­hai³­na²­ a²­sa³­nxe³­lxa²­ he¹­kxi²­nyhu¹­ha²­kxai³­ nxe³­nyhu¹­ain¹­tu¹­wi¹­ je³­su²­jah³­la²­ ta¹­hxai²­he¹­la²­,Nambikuára
1802,jakama na pu htem kris kukwak ri ra axpen nhipex nyw o axpen nhipex o ri papa me ixpe ijaewjaja ne me ape ijaew ket xwynhjaja na pu htem te ra ixkre tipxi kama ri papa pyrak nom amnepem na pu prem a axpen nhipex anhyr ket ne me pahte amnhi nhipex tumja ahpynha na pre na pu prem pama axpen kure ne axpen kax a ri papa ne nhyri axpen pumu ne te pahte axpen pumunh ket pyra ne nham parit o ri mra ta nhum kris me pane htyk o me pahte amnhi tomnuj piita hpanha amnhirer pa me ixpe ijaew ne me ape ijaew ket xwynhjaja ne htyk o te ra kot me pahte axpen nhorkwy hwyr axpen wyr o papa pyrak jao me pama axpen kure ho hapex ne hpanha tam axpen kaxyw me paxunhwy pu me hpanha axpen to mex raha ho ri papa amnepem mojes kot tirtum nhy ha me ixpe ijaew me ixte tanhma amnhi nhipex to ho ixpa ha karoja na pa prem me ape ijaew ket xwynhjaja me ate tirtum kot amnhi nhipex ket a me apumu ne me akama inhgryk ne ne axpen ma me ajarenh o: —na me pahkinha me kot mojes kaper kot amnhi nhipex ket jakama koja tirtum me ho hkra hket ne anhyr ta nhum kris me pahwyr wry ne me pahpiita me pane htyk o me pahte hkot amnhi xunhwyr a me pahpumunh kot pix ma me pahto tirtum kra jakama pa me axte me ate mojes kaper kot amnhi nhipex ket a me apumunh kot me ape tirtum kra hket a me ajarenh ket ne hamri ne me ixpe ijaew ne me ape ijaew ket xwynhjaja pu me axte axpen kam pagryk o ri papa hket ne ra te ixkre tipxi kama me pahte axpen kot ri papa pyrak,Apinayé
15639,sahonh he pꞌop haga do ky nꞌaa rod pꞌooj ub habong do be wahe maku rarejaa pꞌop haga do ky nꞌaa rod pꞌop haga do karen doo da hawat do kajaa do ky nꞌaa herꞌoot doo be wahe maku radejꞌeep paah hyy ka baad hadꞌop do kajaa ba ka be hꞌyy kawareem ta we be dajeeb kan,Nadëb
22338,ina yumopa jesus: —‍kene itinoe na'ikopo koeti itukinovo kixoku itukeovo yoxunoekene heko ya koekuni heki pahoenopi ituko'oviti itiki,Terena
9278,—xe-vy pirapire hetave ojeupe omeꞌe vaꞌekwe omboeteve ara heꞌi —upeixa voi heꞌi hesu,Kaiwá
15830,ti hyb nꞌaa hadꞌyyt nado er tsebe baad nadoo do er ahob ba er tsebe na-aaj he er hapah baad nadoo do ji ahoop doo nayyw he ji hꞌyy ganajee hom tanꞌoo ba nayyw he ji hꞌyy ganajee hom doo baad pꞌop haga do ha ji bawad dag hadꞌyyt he tanꞌoo ba baad ji bawad dak do hyb nꞌaa baad ji gadaa kan baad hadoo do ji gadoo do ta jawen,Nadëb
13975,'un te yay xe panip xap tu xapmax xohix tat tu topixxax max mo'tat puyiy tikmu'un xohix 'un 'aktux max 'apu kaxiy hok pa 'apu 'amax yay putuk 'akuxa kopah ya 'akuxa yum tu 'akuxa gay 'ohnag ha kaxiy 'amax yay putuk xexka topa pu',Maxakalí
2419,ininia xesosi tiretakiti pimaari xesosi: —kiripa ikara atoko txatai —itxari,Apurinã
1187,ne me kot ixpir ta kot paj akupym ixtir hamri ne ma akupym me akukama pika pe garirej wyr mo kama kot puj me axte axpen pumu ane,Apinayé
24717,chay tacunanchu winay simpripa tacucata chaynu sulpayacul allinpa licaycalil alawapacuptinmi chay ishcay chunca tawayu yashacunapis winay simpri cacapa puntanman uyshucaycalil un'ulacuycul alawapacuna chaynutac tacunap puntanman curunancunactalapis chulaycul nipacuna:,Urubu-Kaapor
269,imehno ritonopo maro oturuketo tuisary sa pyra jezu mana kokoro roke tynekarory etapary se mokaro mana tyyrypyryko epehpyryme osemazuhme imehno rypyry epehpyryme roropa yrome jezu toiro roke toorihse tynekaroryme tosekarose tumy a imehno rypyry epehpyryme rokene jume inekarohpyry kure tyoro onekarozomopyra ehtohme,Apalaí
20387,iwa peduru kytsa sizubaretsa isareu ezektsa bo nitsasoko nipamykysoikik mysiakzoikik: — o ahamysapyretsa tsimoziknahaktsa abaka kytsa simysapybyitsa mykaranaha sinini ykarawy bo mykaranaha ikiahatsa sinini ykarawy bo ka pao paobyitahaktsa — niy,Rikbaktsa
12628,judeuyamiꞌ esenumenka see waranti iꞌ pensa mori pe ukupikon paapaya yuwa ya innape jesus cristo kupi wenai uuriꞌnikon wani imakuiꞌsan pe judeuyamiꞌ pepin waranti imakuiꞌpi pe eꞌni maasa pra moisesya yenupantoꞌ riꞌpi yawiri pra koꞌmanni wenai toꞌ esenumenka miriri waranti tiise toꞌ esenkuꞌtisaꞌ man maasa pra cristoya imakuiꞌpi pe eꞌki paapa maimu yawiri pra eꞌki taasaꞌ pra man,Macushi
24955,natac mayanpis quiquillan lulananpita jucha-sapacta juchannaman muyuchi tayta diosman chalapacullalmi icha allin chuya nunapana licaycusha cayan,Urubu-Kaapor
9111,nhandejary remimbota a-rami ani pehayhu eꞌy tei pende reꞌyi kwery-pe pehayhu meme katu hesu reroviaha-pe gwive pee kwery cristo reꞌyi voi upea-gwi ani pejohayhu eꞌy tei pejohayhu rei ae katu peiko-vy,Kaiwá
14035,gebuje levi jesus o'takoy jekon am jeweju o'ju oajem jay adeayu awerom osodop levi dukta be- -iecugap peam dinheiro bubu'ukayu warara'acayu dak jesus o'jekon ceweju ip,Mundurukú
22000,yoko enomone kuteatimaka koeku emo'uke ituko'oviti enepone koeti: “vo'oku hokeopi uti unaem koati vinonexinovoti pevoti heu koeti kaxe kuti koe uti su'uso iyonokonoti xoko isukokonoku” koe,Terena
20045,iwatsahi asaktsa deus humo simyharerewabybyitsa tu deus nisierekek zimyi tsihikiknaha atsatu mykaranaha iwa deus kytsa nisierekek wytykyryk tahabariktsa tuk batu hy zikaha asiza zuba tahawaky wytykyryk humo zuba ziknakaranaha,Rikbaktsa
23282,surara kɨɨ ba'asere kɨɨ basi wapa yeetisami kɨɨ wiora kɨɨre ekasama ɨ'sere otegɨ tee dɨkare ba'asami ovelha ko'tegɨ ke'ra ovelha opeko me'ra wee'kere ba'asami,Tukano
8741,jesus katig man ken ky tog eg kar han man ke mu inh kanhkaꞌ sy ajag my tag to ha han sor ve sy ki kanhran ha han ky ha me eg far ty epra ke tag pi je tope ty ty eg paꞌi ni venh ke muꞌ nen ter ke mu en pi je nen u ter vanh ta venh ke muꞌ tope vy eg han man ke mu eg ty ve je,Kaigáng
5038,mbaꞌeta igreja re opena vaꞌe ma ndaꞌevei ojou vaia rei agua rami ikuai agua haꞌe kuery pe nhanderuete ae opena uka rire haꞌe kuery ojee ae riveꞌy ojerovia vaꞌe ivai ja eꞌy haꞌe vinho oyꞌua rupi eꞌy ikuai vaꞌe ojerovia rei eꞌy vaꞌe nei perata re ndaꞌevei rei eꞌy vaꞌe haꞌeve,Guarani
21787,miꞌi hawyi tupana ehay taꞌa­tukuap taꞌyn ywyhig kaipyi — mekepe eipy­ꞌa­setpe ti wetup ok miit toineꞌen miꞌi ti uhaꞌyru uimi­ꞌairo wuatꞌi miitꞌin ehakye­raꞌat hanuat e pyno eiwa­netup to uhaꞌyru mienoi kape e iesui piat pe iꞌywot tupana ehay putꞌokꞌe atipy kaipyi,Sateré-Mawé
11503,aipo are wejemi futat ꞌga amu kaꞌarana kwasiaa rakue: “janeruwarete ꞌga judeu ꞌga amuꞌe ypy imogyau wemiayuwamu ꞌga netee futat judeueꞌema ꞌga jarejuwarete ꞌga muorypa ajemogyau” ꞌjau ꞌga ikwasiaa kaꞌaran are rakue,Kayabí
23573,kɨɨ masaka be'ro too dɨporo galileia jerusalepɨ kɨɨ me'ra ba'pati kusia'karare pehe nɨmɨri bahuakɨ niiwi a'rata kɨɨ masaka i'ya'kara kɨɨ yee kitire masare werera weesama,Tukano
7465,pe ndajirepiaga'javi nehe a'e katu ji pe me ei jesus'ga aere jate po ti ji rura'javi nehe a'ea rupi po ti pe ei nehe: “tupana'ga ti tomombyry jesus'ga pe gaha ko tupana'ga ga mbuhuruka” pe'e po ti pe nehe ei jesus'ga ga pe,Kagwahiva
4646,tuwihaw umupuꞌam kar zauxiapekwer zezuz itym awer huwake aꞌe wa kury ikuꞌegwepe mytuꞌu ꞌar mehe xaxeto wanuwihaw aꞌe wa zeꞌeg kwehe arer kwaw par parizew her maꞌe aꞌe wa no uzemonoꞌog oho pirat ipyr wa izupe uzeꞌeg pa wa,Guajajara
3021,aunlola xina izepaom modo xina xyaze kely izepaom modo jesus nhyan-hombyry ara deus olamy jesus kuraem ietoma idanara awara modo aidyly jesus iguedanry xina agala awyly enehon-hoem tara onro anaym xina awyly ume aunlola xina kamaynoem awyly tyaly waga jesus emaryem xina awylygue kamayno modo tiankadylygue tanehonze xina jesus xina agala awyly,Bakairi
25485,— ete tomhapa we ha da te dasiwi iwe'o ne a nori wa'wa ha asiwi 're iwe'o za'ra wa'aba mono wa 're ihaimana u'asi mono nhib'a'u'we 're aihaimana u'asi za'ra wa'aba mono o di za ai'upana wa'aba si te za oto 're ihaimana u'asi mono ha da'ama 're sib'a'uwe isimiroti te te 're i'mada'a pese za'ra mono nori ama to sena wa ane na aima waihu'u za'ra wa'wa dure ete tomhapa nhisiwi ze'a 'manhari ha 're rere'e mono wa 're isipru pese za'ra mono ne te za iwe'o'wa nori ha ha za'ra 're ihaimana u'asi mono ha dure ete tomhaba ha ze'a 'manhari nhisiwi 're rere'e mono wa te te 're ipru pese za'ra mono ne te za 're ihaimana u'asi mono we'o'wa nori si ha za'ra ta nori ama ha 're sib'a'uwe za'ra mono o di za — ane ma to zezusi ha sina ama simire'e ete wasu'u na ha,Xavánte
2828,kitxakapirika teoso xipokari ikinimane kakiti iua nireekiti manirekakani xirataatxia teoso auiritana ninoa mitekini noee apikomoni setxi kakitikata nikataaka ninoanoka xipokaaka iua nikatari noee kotxi atao inakari sapiretakari itxaua,Apurinã
23336,—mɨsa i'ya' mari jerusalepɨ wa'ara wee' toopɨ yɨ'ɨ o'akɨhɨ makɨ masɨ weero noho ɨpɨtigɨre a'tiro weerasama sacerdotea wiorapɨre toho niika moise oha'kere bu'erapɨre o'orasama naa yɨ'ɨre wehe dutirasama,Tukano
5878,jesus ombovai: — anhete aipoaꞌe: yy haꞌe nheꞌe gui ndapeikoi vy ma ndapeikei ꞌrae nhanderuete poꞌakaa py toꞌo gui oiko vaꞌekue ma toꞌo haꞌe ra nheꞌe gui oiko vaꞌekue ma nheꞌe penhemondyi eme peiko jevy agua re xeayvu ra pendu vy,Guarani
13431,tu miptut ha' moxakux tu kakxop penaha' 'utut manix mutik tihi' yiy nuktettex kakxop keppah tu' kuxa te' yey hak-nay tu hapxop max popmaha' ha takat xexkah ya pipkup yanam 'ata popmaha' xix hapxop puk haxnag tu' hom xix mixux hep 'uhaxnag miha tu' hom,Maxakalí
21014,haꞌakap wuo tosa­ꞌyru suu at hat ete mekewat atipy kaipywiat sut hat ete ihay aihu aimi­ꞌauka koꞌi saꞌa­wy­ꞌiwuat iesui auka hap ete ihay yianmete iesui suu yn waku yne koho hamo yi tote iꞌewyte atipy pe e poꞌog waku iesui suu aihuria suu at hap kai katu­pono — eihu sese uhaꞌyru moherep hap eihuria toineꞌen e miꞌi ti ikuꞌuro eika­wiano e tupana ahepe,Sateré-Mawé
1615,—hamri nhum tirtum hame wa kot kam amnhi jarenh ma no am wamta ma ne am kuma no ket hkot hoja ma hamri ne kot kam amnhi ta ahwyr xa hkot amnhi katut kot kot amnhi tomnuj renh pa ne ho hkra jakama nhum mex ne hkinh ne pa ra tam hkra hamri ne hkinh ne ma htem kure kumrex a me ujarenh kot anhyr am hamri na pa me ama ja jare koja meho parijew nho xwynhta pyra ne kot amnhi to mex xwynh a amnhi kamnhix hamri ne tirtum kot amnhi katut kot kot amnhi tomnuj renh kaxyw amnhi to hwyr ket ne koja am kam amnhi to jarkrar pix ne jakama koja tirtum te kot mar ne am mar pyrak o hipex no koja meho kot kaxpore hkwy jamynh xwynhta pyra ne tee ri tanhma amnhi tomnuj to ha amnhi pumu ne hkapri ne hamri ne amnhi to tirtum wy nhum kuma ne tanhma ho mex to ane,Apinayé
11143,aꞌeramu futat ꞌa janeruwarete ꞌga uꞌagesage rerekoukari pe nupe ꞌga ꞌagesage rereko re pee mamaꞌeukwaawa ꞌwyriara pojeupeꞌema pejejemogyau ꞌga ꞌagesagea pee ereko re mamaꞌeukwaawa pe pojeupa futat,Kayabí
20349,tubabatu titu ahabo asiba niparakze uta ipe iky: — o koritio ezektsa simysapyretsa ahumo wasani maha papokzitsikinaha hy — iky kaharere wasani my ihumo tsimypokzitsikinaha ahasoho pe batu mybarapetu ikykara iwa ha ty wasani tsikykaranaha,Rikbaktsa
2187,iua teoso ininiua sapiretakari kaiaopokori auapika kotxi erekari teoso sikakiti kakitimoni oerekari iua teoso ininiua teoso sikari aparaa iaxitikiri kakitimoni iua aparaa oerekari iua teoso ininiua takari kikio auakari iua sikakiti erekari apaka oerekari kakiti iua teoso ininiua teoso sikari nipokori ikini sereti kakitimoni ikara oerekari iua teoso ininiua iua sikapoxokonitari aakixinire ikara apaka oerekari iua teoso ininiua,Apurinã
4459,nezewegatete pe no amo pepyr har aꞌe wa weruzar nikuraw hemiruzeꞌeg wazeꞌeg waiko aꞌe wa naꞌikatu kwaw wazeꞌeg aꞌe wa taꞌe uzapo kar ikatu ꞌym maꞌe kwehe arer zawenugar peme aꞌe wa xe,Guajajara
18039,jesus kania avikha'aha adani ija'ari vaipohiki va'ora vavikha'aha adani ija'ari vakavamoniki vajo'o aba'oronisiagaki vatonorohaki vakamaodorohaki vaabani a'dakharariki vihiki kavamoni ipohiki-ra vavahojaki adani ija'ari va'ora vavikha'aha jesus viaha jesus va'ora anaihotahahavimani'aha,Paumarí
21579,taꞌi uheywytꞌin uheinytꞌin uruikuap kahato ti aikota tupana eikyꞌe kahato pote eiꞌairo kahato ti towano,Sateré-Mawé
14891,dao ma o'jewede ip cexewi sorarayu- -paulo mupokupok ojuyayu  be sorarayu kukukat tak yaguybabi'um o'e yaguybabi'um o'e paulo cesar ebekit iam itaybit puye o'subogbimukirikat puye dak soat ip oibu'un paulo kaykay am,Mundurukú
1777,—ta koja wa ixkaro me awyr wry ne me akaro ma agje ka me apri ha tirtum me wa ixte amnhi nhipex a wa ixpumunh mex kure kumrex te wa ixte amnhi nhipex tipxi pyrak o ka me ha wa ixpumu ne maanen me papajaja te ra me pahtipxi ne ri me papa pyrak ka me ha amnhi pumunh mex kure kumrex,Apinayé
22064,yane pahukoa feli ne exoti koeku pohuti sendu hundaru itukinoa koyonoati ne poulu pahukoamaka iyuhii kixeokono ne poulu koane akoyea itapa siminoa inikonehiko kousokinoponoati nokone,Terena
1376,pa me korma go nhipok ri mo ne tee ri rremti ho go renh nhipex kapry nom korma ixrer ket ne ne korma inhmor o ixta  kirom pix ne hamri nhum ra jejus go krahka ha hpar o me ixkot te pa me ixpri ha amnhi wyr omunh mex ket ne ixtyx mekaro ha hkamnhix ne me inhma uma htyx kumrex,Apinayé
12952,teserukon koneka toꞌya jesus winikii siriri waranti pemonkonyamiꞌ yenupa tipo jesusya taꞌpi tinenupaꞌsan piꞌ:,Macushi
7981,oro mara a'ero ei ga sete ahe onhoiruramo ei ga igwete ojihuvypyva'ea rembirekoro igwete omanorame ahe ndata'yri ei ga,Kagwahiva
21113,miꞌi hawyi iesui tikyꞌe hawyi tuwe­ponug hawyi toꞌe — taꞌi woro­kyꞌe kahato woro­moe­haite teran uhyt e mio ta e hawyi meremo raꞌyn ipiit kahu raꞌyn tuweityk taꞌyn hepihi,Sateré-Mawé
9304,“xe katu xe tuvixave” ani peje rei ojoupe peiko-vy penhembohekomirive ae joty peiko-vy pejogwereko pora katu kiriri po-py ani peropoxy pyaꞌe aꞌe tei ojoekoha pejoporiahuvereko rei katu pejohayhu-vy ani pejoteta tei penhangareko pora pendejehe peteixa peiko hagwa onhondive nheꞌe marangatu tee vaꞌe pene mboꞌeha-rami peiko hagwa pende joja porave rave hagwa,Kaiwá
692,wekyry tomo oturutoko ritonopo a yna poko,Apalaí
12851,asakiꞌnankon paapa maimu ekaremeꞌnen moropai miriri tipo iꞌ kuꞌneꞌtitoꞌ yapisiꞌpiuya kusan yei warainon moropai taꞌpi toꞌya upiꞌ: —eꞌmiꞌsaꞌkaki moropai epiremantoꞌ yewiꞌ kuꞌneꞌtipiꞌki moropai paapa yapuri tiuyaꞌnikon pe toꞌ nipoꞌti yaponseꞌ kuꞌneꞌtiki moropai epiremantoꞌ yewiꞌ ta teepiremasanon niri kuꞌneꞌtiki,Macushi
4622,zuzue aꞌe zut amo her maꞌe aꞌe omono kar uzeꞌeg peme aꞌe no ko awa aꞌe wa naꞌiruz aꞌe wa herupi umaꞌereko maꞌe romo wanekon aꞌe wa aꞌe zutykaꞌi zutew romo wanekon wa amogwer herupi umaꞌereko maꞌe wa zutew ꞌym romo wanekon wa hepytywa tuwe waiko wa teko teteaꞌu wiko tupan remiruzeꞌeg romo aꞌe wa kury taꞌe aꞌe naꞌiruz awa hepytywa aꞌe wa xe tupan zeꞌeg purag imumeꞌu pa aꞌe wa xe,Guajajara
5980,hendy vaꞌe ete ma yvy re ou vy omoexaka ꞌra avakue haꞌe javi,Guarani
17727,hiyaiyaore xanoloka exe halitinae ali maisa xakore xoare hare iniyalahare tyomareha wenoloxa diana hana kakoa maisa xakore kirawanexahene hekoti hoka,Parecis
17720,hoka kahare halitinai xanahitaha  nali kabatixatyakaha maheta hoka nita tyotya ihiyeha: — owi xalijiniharexe hotyalinai xala irae xihiye hoka motyaite maisa iniyalahare xikaxomokakita xaokita enore kaheneharexe iniyalahare axikahenere xowaka,Parecis
26297,be nam babironij aben nhitepa axwe ten arym kajkwa 'yr itep ne nhym metindjwynh kute axweo biknor ketkumrex nam kuman o nhy ane,kayapó
16778,nxa²­ha¹­te¹­ so¹­sxa³­ wxa³­tau³­a²­ ko³­nxe³­te²­a²­ yau³­ka³­txa²­ kain²­ a³­nhe¹­kxi²­sxa³­ wen³­sa²­ sa²­ta³­kxi²­ta¹­hxai²­he¹­la²­ nxe³­ain¹­nxa²­ha¹­te¹­ je³­su²­jah³­la²­ hi²­sen³­kxai³­lu²­ ko³­nxe³­te²­a²­ yau³­ka³­txa²­ i³­kwai²­kxi¹­nxa²­ha¹­te¹­ we³­sai²­li²­ we²­txi²­ta¹­hxai²­he¹­la²­ we²­txi²­nu²­la²­ a²­wi³­na²­ u³­hu¹­xi²­ta¹­hxai²­he¹­la²­,Nambikuára
6841,jesus yalaɡate niɡijo anodiiɡaxinaɡatece lajoinaɡaneɡeco moises niɡijo noiigi owajipatalo jesus neɡeetediogi niɡijo anodiotibece,Kadiwéu
10795,tahe jesuisi rehemynyre simao pedro‑o pedro rarybere: —aokore kai wawareny surodoomyke,Karajá
7120,opombo'embo'e ko ji ikwehe igwete pe ndekoi nhiremimbo'eagwera rehe pehendu pe ji nhi'igame pe me ikwehe pehepia pe jirekoagwera no ji rupi ti peho a'ero a'e ji pe me a'ero po ti tupana'ga rekoi pe pavei nehe nhandepy'a nogatuhara'ga,Kagwahiva
9210,pejohayhu katu pejogwerovyꞌa rei-vy pende ryvy-rami pejogwereko hagwa ani pene ateꞌy penhomboete-vy,Kaiwá
20428,zopoktsa nabybykyknahaze hana ikny ja batu myhyrinymyry siakpyri zuba piwabynaha hana bo mokurunaha batu myhyrinymyry ba nabo myku zikaha atsawatu hawa deus tyryk tsimozik batu ahyrinymyry deus hyrikoso kino zopoktsa waha nabybykyk my hana ikny ja batu myhyrinymyry hana bo ja batu myhyrinymyry katsa deus hyrikoso humo ityryk tsimoziknaha iwa ahahyrinymyretsa zuba — niy,Rikbaktsa
19241,e erguendo eles os olhos nao viram mais ninguem a nao ser jesus,Portuguese
525,zae pyra amorepatoko poko ajohpako poko wekyry tomo opyno xine ase apitoryme pape merory se exiase kukurakatopopyryko poko yrome ritonopo se pyra exiketo xiaro omatome tooehse toto ritonopo omiry kura jezu kyrixtu poko tyoromako ma toto “kure kyyrypyryko poko ro kuahtao xine” ako toh ma repe ajohpe roke ma toto morara karyhtao eya xine tyyrypyryko poko toto jezu kyrixtu rumekako roropa ma toto toiro jezu kyrixtu mana kuesekomo kypynanohnekomo yrome “yna ese kara mokyro” ako ma toto ise pyra toexirykoke pake mokaro wanopyry poko tymerose ritonopo omiryme,Apalaí
8474,eg ty un kaga ag to tope mre vinh ke ajag ty nen u jagy ven ky tope mre vimni ajag my ser tin ky tope my jan ni ky ti je tomni,Kaigáng
22117,akomaka yusika itukeovo inamati kutipoti jesus mara'inamo kapayasakeapa akuteamo kixokonoku ndeapu kapayasokopovo yanekoyoke kuti'inoke kopuhikopeati ituko'oviti nonekuke kuxokonoti kaxe ipihoponokonopemo konokotimaka itukeovo teyoneti xapakuke xane akoti itukapu kutipoti jesus maka hakone vekinoaku ndeapu ikorokea vahereke kuti'inoke mani hana'iti teyapana,Terena
18782,vara va'ora ovani'aki bana adani tito ipohina khama oipohina ada tito hora kakodiabakhiavini hiki ida cristo monina-ra namonivini avakadiania hi'adani arigamina vahoariha tito-ra vavaipohiha'iki cristo kaija'ari va'ora vakarona'iki adani a'onira vanava'isohiki bana adani va'ora vakaronaki vakadivarania vakadibadania binanokiaki ida cristo jahana,Paumarí
19749,ou os que aqui se acham deveriam declarar que crime encontraram em mim quando fui levado perante o sinedrio,Portuguese
6203,niɡica jotigide inatecibece oko anonakato aneotedoɡoji odaa aneotedoɡoji ninitedibece leeɡodi niɡijo oko monakato,Kadiwéu
21386,maꞌato erenuk turan wetup ok toꞌe epe — etikuap apo tupana iaꞌakap motypot hamuat miꞌu puꞌi watuꞌu hap uhyt e pote — yt atikuap hin i miꞌi hap waku eweiꞌe iꞌatuepe miꞌi hawyi — pyno yt atuꞌu i poꞌog katu­pono yt naku i watuꞌu miꞌi ta e hat ehamo maꞌato etuꞌu pote haty kahato topy­huꞌat ewanetup hawe iꞌewyte mekewat miit itotiaria pe iꞌaparap hat wo en eropy­huꞌat ihamo etuꞌu pote yt aiwo­ꞌoewy hin i aimiꞌu u hap eko ete e maꞌato waku watuꞌu aiwa­netup hawe wen maꞌato mekewat miit — yt naku i watuꞌu e hat ehamo yt naku i watuꞌu maꞌato iraniaꞌin itotiaria iesui mohey haria — waku watuꞌu tupana miium e haria tukup­teꞌen eipy­ꞌa­setpe pote waku yne aimiꞌu wo watu­wehum kuap tupana kape pote waku etuꞌu e iesui aika­ꞌiwat ahepe pywo kahato miꞌi ta wen maꞌato yt naku i — yt naku i watuꞌu e hat ehamo katu­pono yt naku i watu­ꞌuka ahehay wo iraniaꞌin iesui mohey haria wywo — waku watuꞌu yt naku i watuꞌu e hap koꞌi etiat,Sateré-Mawé
13433,'unun putup tikmu'un kummuk hah tu' kix'ax pu tu xakix xe'egnag tu minta yog hapxa'ax hom putup tikmu'un noy pu' ta tu' kux kaxiy ha tikmu'un te' xupak tu: —‍'amhok puya topa tux hok pu' hom hok kaxiy,Maxakalí
20445,niytahi sesus kytsa bo nipamykysokozo: — kytsa abaktsa sa hawa — sesus nikara uta mysiwatawy niy,Rikbaktsa
24466,wayuyninpam lisinchic “allin lantaca manam chulanchu pasaypi mana balicunacta nitac pasaypi mana bali lantapis chulantacchu tuqui tuquicta natac lluy lantactapis lisinchic chulayninpam manam igusta chulanmanchu cashacunaca nitac ubactapis chulalunmanchu tantal cashaca chaynumi allin nunapa shun'unchu suma cuyay chaniyu chulacushancapi shiminpapis yalamun chaynutac mana allin nunapapis suma chaniyupa mana allincunallacta chulaycushancapimi shiminpapis yalamun rasunpa shimin liman imanuypis shun'un cashanpam,Urubu-Kaapor
8955,“ha ve isy a vi me ky inh kosin tog vo ja ni inh kaki ti my tog ser ti a vi ti,Kaigáng
2762,erekari hikamakasaaki kakiti inirekari imisiritinii,Apurinã
607,tuhke yna zehnotoko ma repe yrome yna onurumekara kuepeko mana jume tyyryhmase yna ahtao ro yronymyryme owonoko ropa ynanase ritonopo hnao pake totapase yna exiry,Apalaí
7754,a'ereki ore noromondotehei hahyva'ea pe me po pe ndekote'varuhui a'ero ti ore toromondo hahyva'ea pe me toko ti ga tupana'ga nhi'iga rehe a'itituheva'ea rehe javo po ti pe ndekoi tupana'ga nhi'iga rehe a'ero po ti ore pe pokogi nehe koji'i ti corintopeve'ga ndekokatui nehe javo,Kagwahiva
17665,haiyanae atyo haxahekola xema taita tyaonahitaha hoka hatyo aokitere akereta atyo tyaonahitaha hoka enore nisekohare xema tyaoniterenae atyo isekohaliti aokitere akereta exahekolaha tyaonita,Parecis
20720,sesus sudeutsa nawa zuruze sibyrykywy soho nisihyrinymyryky kyze nawa zuruze tabyrykyze sesus waratok bo niukuru zinymyrykynahatsa siarapa zumu iwatsahi tiriko inasibakanaha nisityhyktyhykyknaha iwaze nisiborokonaha,Rikbaktsa
25549,i'ama rob'ui'ere ha sena na 're saze za'ra wa'aba mono o wamha e niha te za tawamha imreme na 're izaze za'ra wa'aba mo ate imreme na 're izaze za'ra wa'aba mono o di za — ane zezusi ma to tama rowasu'u za'ra dama ipire nori ma,Xavánte
16208,te²­ya¹­nxe³­jutsu²­ txa²­wa¹­su³­na²­ u³­wha²­li¹­txa³­nxai³­ta²­ nxe³­te³­nah¹­lxi¹­: — txa²­wa¹­su³­na²­ yau³­ka³­jxah¹­la²­ i³­nxu²­kwai³­wi¹­nhe³­jah¹­la²­ wi¹­lhau³­ko³­te³­na³­li¹­ ko³­nxe³­ti³­ kai³­ki³­kxa²­yan³­txi³­su¹­ a³­lxi²­khaixne³­na³­li¹­ a²­e¹­na²­ au³­txi³­ yxo²­kwain³­ne³­na³­li¹­ nxe³­jau³­jau¹­xai²­na²­ kwa²­wan³­txi³­sxa³­wa²­ ya²­la³­lyau³­xai²­la¹­wa²­,Nambikuára
7305,igwete festo'ga ei: —‍nde ve ji ei kiro agripa pe me ji epavi no a'ereki pe avo peju ei ga ga pe pehepia pe agwa'ga paulo'ga gaha rehe judeus'ga nhaporemo uhuuhu javo ji ve jerusalem me avo na jitehe no “omano po ga hamo” e'ie'i ga ohapukapukaita ga pe ei festo'ga,Kagwahiva
14325,— ixe kabia ade ip wuywat itabut okayayu oibu'un okay eymuwenuwen je'e ip eykay itakomayu be ipiat'ajoan eywebe eykay'um cica je'e ip,Mundurukú
18097,vada vani'a o jesus bahi vaforiki hararana joirarina ija'ari hahavia vanokiki bana ada hiva'oani jesu-ra avaka'itapoamisahana'iki ava akasanakhamakia jaboni vanokiki ada ovari vabarariariaki adani arabo hahavi kaija'arini ka'oa oamani bana hida nimania ida deua binofiki,Paumarí
7983,opomombe'uahivuhu tuhe po ji hamo pe ndekote'varuhuro gwaramo emo ganhi'iga jate ko ji amombe'u yvyakotyve'ga pe nhiremienduvamo ei ga ganhi'iga ko a'itituheva'ea nhimbuhurukara'ga nhi'iga ei jesus'ga ga pe,Kagwahiva
1951,jakama ker ka me ixkaper mar tyx ne hkot ajamaxper raha ho ri apa jao ixkaper piita mar tyx ne nom kot ka me mar tyx ket ne ha ano hket pa ne axte kam ajamaxper o apa hket ne ane,Apinayé
18066,hihida sidajia kha'aha ada saulo jaboni va'ora nako'dihavini bivikhahi ida papira sasidotxi vakadika'da'di bino'avini hiki kadaija'ari-ra va'ora gathira kaimoni vidabohana va'ora osara kaimoni jerusalea — jesu-ra ni'aha ada ananias,Paumarí
10224,tahe dinodu mahaduo pedroboho ritamadyynyre ibutu kia mahadu koo tahe rityyraxinyre: —aorurudibo iny teteytedyynymahate monidibo kia tewinytenyte,Karajá
14069,— “pug ma ikugat pui bewi juy cedinheiro epejat” io'e kariwa jexeayu be  be ikugat pe juy epegum” io'e — jesus o'e,Mundurukú
2880,iuaikana iokanatari apanakini initiriakori ikemaitxitakinimoni “hitxanako: ‘nipokori iposopeka nokapekari kema auite kema auite akiri pakini paipepokori imakinika niposotapekari hisapoka kiinirimoni’ hitxanako” ininia ninoa kamari isakire iaoka,Apurinã
7395,setentava'ea oko jesus'ga nhi'iga rupi aere jesus'ga nhandepojykaharete'ga ga mo'emo'ei ojipe'ga setentave'ga ga pe ga ei: —‍penhomoiru ti tupana'ga nhi'iga mombe'gwovo ojipe'ga pe a'ea ga ei mokonha'ga mondomondovo gwenonde cidades pe nanani – perope ga oho pota – pevo nanani ga setentave'ga mondoi mokomokoi ga hoi onhomoiruamo a'ero gahoa renonde jesus'ga ei ga pe: —‍pevove'ga ko koapora ja ganemimondorogweriva'ea ja – kiroki ga tohendu tupana'ga nhi'iga ei jesus'ga ga pe he'yi hete koapora gworygworyvamo imondorove'ga ndohygi reki hehe a'ereki ga ndahe'yi a'ero ahe ei koapora jara'ga pe: “koji'i jitehe ti embuhurukara'ja imondorove'ga ga pyri imondoroguka ko pe” a'ea ahe ei koapora jara'ga pe ei jesus'ga —‍na jitehe pevove'ga koapora ja a'ereki ga he'yjuhu ranuhu ndahe'yi reki imondorove'ga'jave'ga – kiroki ga oporavyky imombe'gwovo tupana'ga nhi'iga ga pe tojiko ti ga tupana'ga rehe javo ei jesus'ga pe'ji ti tupana'ga pe a'ero koapora jara'ga'jave'ga pe: “koji'i jitehe ti embuhurukara'ja ejiheve'ga ga pyri tomombe'u ti ga nenhi'iga he'yjuhuve'ga pe tojiko ti ga nde rehe a'ero po ti ga ndekoi nde pyri upa avuirama nehe” a'ea ti pe'ji tupana'ga pe ei jesus'ga setentave'ga pe —‍kiro po ti ji pe mondoi nehe ji rendu ti jihi kiro po ti pe mondo okote'varuhuve'ga pyteri pe peko po ti pe cordeiros ja ipopoakare'yva'ea ja pejigwovo gapyteri pe nehe onharo ja'gwara'java'ea lobos cordeiros pyhyga otiruahuro jupe na jitehe po ti okote'varuhuve'ga tiruahuro pe me nehe ei jesus'ga,Kagwahiva
15681,ti mꞌ jesus bahom ta sii tabahom ba hajok ma hahꞌuum ta sii gatatꞌuuk ma ta ha,Nadëb
12463,eꞌtaꞌka manaꞌta - jerusalem pona tuuti jesus witiꞌpi eꞌma taawiri tuuti pe jesusya pemonkonyamiꞌ yenupaꞌpi cidade po moropai tiaronkon yenupaꞌpiiya toꞌ pataꞌseꞌkon kaisari toꞌ koꞌmantoꞌkon yaꞌ toꞌ yenupaꞌpiiya miriri yai warayoꞌya jesus ekaranmapoꞌpi taꞌpiiya: —uyenupanen tuꞌkankon pepin neken pemonkonyamiꞌ eꞌpiikaꞌti kupi siriri —taꞌpiiya jesus piꞌ miriri taꞌpi jesusya: —moro man kaꞌ po manaꞌta eꞌtaꞌka,Macushi
12876,jerusalem pona paulo witi miriri tipo anna esekaremekiꞌpi toꞌ piꞌ moropai anna asaraꞌtiꞌpi apoꞌyen yaꞌ anna wititoꞌpe toꞌsari cos wono ri pikiri moropai anna erepamiꞌpi tiaron wei yai rodes peyaki pona moropai miari pai anna witiꞌpi patara cidaderi pona anna erepamiꞌpi,Macushi
6640,odopitibigelogo moige jesus odaa ja dabiditedini odaa jeɡeetediogi “nigica niɡina akaamitiwaji ane diɡica meo anigetiɡida loenatagi ane beyagi jiɡiniaa leeditibige modoejegi me yokoleteloco wetiɡa naɡada iwaalo” naɡa dakagitacedini odaa ja iditacedinigi iiɡo,Kadiwéu
8600,ky nafy tog var mu ge ehe tavi ti ni nafy en ti un pir tog quilo ty hen ri ke ni kukryr ty nafy en epra tog var mu ky epra ke ag tog tope my vi konan mu ge sir nafy tag to ti jagy tavi nin ky,Kaigáng
559,moro eneryke tyya xine ynara tykase parixeu to jezu a —eneko ke oty katohmehko moxia tiriiku poko erohnoko nae popyra mana pake ritonopo omi poe ynara tymerose moeze a pape pokona “erohpyra ehtoko oserematohae” me tymerose pake tykase parixeu tomo,Apalaí
13860,tu yumug putup hu' xat pu yumug tut yumug put tu hapxe'e 'aktux ha yumug kuxa mam ka'ok nom ham'aktux kopah ha yumug xe xanaha' 'uyiy yumug yayha topak-tok xop te maxap pu hapxop noy xohix topa hak-nay tu' xop,Maxakalí
25206,wa ha izazei'o'wa nori niwi 're imori o di tane a nori ha izazei'o'wa nori niwi 're nomro mono o di dure,Xavánte
15312,dooh sahonh he judah buuj sa ha takasꞌee ba jaam he aa ha takasee aah pꞌop haga do aseew bong doo ta tꞌaah ky nꞌaa aa baherꞌoot hyb nꞌaa aa awee bong aa eeg bong jesus sii tagana wat do jawen paa ba —nang ma peed,Nadëb
14485,deus eju on kawenwen eywebeam- -wuyebayat eju — efeso ka watwat aguymubabibin cuy eguy — i on e'em cebe — esubuywan cuy ip xipan jewekuk am — i on e'em cebe — esubuywan cuy ip big ma itabut am jesus kay — i on e'em cebeimen on e'em deus pe wuykukukat jesus cristo be dak,Mundurukú
19229,mais tarde vieram tambem as outras e disseram: ‘senhor senhor abra a porta para nos ’,Portuguese
18230,oniania jesua vara bini'aha rajomi kavaranihia bini'aha: —hari jerusalem sidajia ajihi'aha ada makhira jerico sidajia okharafoni'aha hagihi vadinia vahojamaniha adani makhira vakaabini'iki avahojaki vanofiki ida ija'ari radahaki-ra vidafiavini avanahoroaja kaimoni ida ija'ari daini oniaroa kharafoni'aha ada makhira daiki vakaabiniki avahojaki vakadiania akhano'aha vikhaonani'aha makhira-ra vagathi'aha vidafiahaha avanahoroahi ida daina abinina amaakarini vanahojahaha ada makhira ai vavanihahi ida daina,Paumarí
24286,cay pachachu taytanchiccuna tantiashallanmannumi ratullapa caminaycamalanchic natac tayta dios'a rasun allinninchicpami ishpiycachimanchic quiquinnuy suma chuya caycunapa,Urubu-Kaapor
24229,chay malcachu cananea cashta walmim cay cananea cashtacunaca suma chinisham israelcunapa cala jesusta atila ayaycachashtin: “¡davidpa cashtan taytay salbacuni ¡llaquipaycallamay-ari wamlallatam satanash ganalul suma-suma nacayachillan ¡sanaycachipallamay-ari” nishtin,Urubu-Kaapor
19477,se tendo escapado das contaminacoes do mundo por meio do conhecimento de nosso senhor e salvador jesus cristo encontram-se novamente nelas enredados e por elas dominados estao em pior estado do que no principio,Portuguese
3841,aituo simao pedro eagonro pepi odano modo tamaryguela tamawyadaze aetomoem ingasedyly myara saintybyem azakala kehoem kanrague pepi xumywadyly xytyzeaji kehoem kanrague tumykugue,Bakairi
9143,oi nhande reꞌyi ojejavy vaꞌe ha ojejavy vaꞌekwe-rehe nomondo moꞌai ixupe nhandejary ojehegwi mombyry upeixagwa erehexa ramo ejerure katu hese nhandejary-pe ohexa uka hagwa ixupe hape porara oi ave nhande rapixa ojejavyve vaꞌe ha ojejavy vaꞌekwe-rehe omondo vaꞌera voi ixupe nhandejary ojehegwi mombyry ani joty erejerure hese haꞌe-ta pee-my entero hembiapo vai vaꞌe gwive ojejavy voi ojejavy ramo jepe oi joty ojejavy vaꞌekwe-rehe nhandejary remimondo eꞌy ojehegwi mombyry,Kaiwá
26311,ne metindjwynhma ar ajarenh ra'a ne kum idja'wyr kunikot ne ba ma kum ar ajare ba ar awyr item kadjy ma kum amijo a'uw ne kum —‍djunwa ba jakam kriraxbe romakam ar'yr ten ar'yr box idjumar mex ne ar'yr box ga mramri aje ar'yr ibox'a amim karo jabej ba jakam ar'yr iboxkumrex na bam a kum amijo idja'wyro ane mramri ne ba ar awyr ikra ne dja na bam ar ama ijex metindjwynh ta ne kute ar ama ijex ketkot kute imar djam kum idjapenh ket got mramri kra'a ujarenh ny ne ba kaj be mema arenho ibakumrex kam ne ba mramri ar ama arenhkumrex,kayapó
22054,enomonemaka kousexinovi uha koeti nokone uti ya ikeneke motovati koyuhoyea uti koeku ne inamati kixovokuti itukeinovi ituko'oviti yoko enepora inamati itukeinovi haina yutoeti kuteati mekuke yane ponovotike kixovokuti yutoe muise itea ainovoti xunako sasa'iti omixone ituko'oviti ova vo'oku enepone ponovoti kixovokuti yutoe muise kouhapu'iko pahunevo xane exokoati motokeyea yonopeahiko ipihoponovokutike itea enepone sasa'iti omixone ituko'oviti iko'inamakopovi koane porexovi inamapoti apeyeati akotinemo hunokoku,Terena
13267,ha tome' ya' xuxet'ax noy te 'uktonnix ya tome te: —‍'apu yumu mog yaya mutik nuy xakix numutik kaxiy,Maxakalí
10977,idi tahe itxu biowamy dehemynyde iolo benise‑wana ywisidyyna heto‑o ibutumy he iny ralore soldado wedu mahadu iny ityhymy ryira mahadu ibutumy raloralore tai tahe festu paulo didyde tahe rarybere:,Karajá
24933,manam imaypis yachachilachu mana tincuchiypa yachapacunincunactam icha lluyta japa tantialpachila,Urubu-Kaapor
3592,saguhoem deus itaumbyry egatuim  aguehobyry ara awara aidyly: “messias waga agueim tara aji ady peba atoda ise aguely adakely idase aetaymby modoram: ‘inepa ise deus ingonotyby saindyly izepa ato aiedyly imowadaunga on-hondybyem lela itaunga aguely maindatomoem pyma ton-honreim katy anaxi aewyly kiuntuduo wane katy inatary tuonse tuonkeze wara kura myara on-hondybyem lela itaunga saindyly iray idanara koendapanro modo kua iedyly tataguneim modo maentamuhomo ara; tywyguneim modo mainwyguehomo ara anwa takaineim maenkainuguehomo ara anwa tatagueim modo tywyguneim modo wara azekiba lela manhetomo ara wara ara lapyla ise inakai modo mainmolymo deus ingonotyby iray,Bakairi
5848,haꞌe rami tei amongue ndojejoko kuaai vy tomenda mbaꞌeta omendaxea oendu riae ꞌrague py haꞌeveve omenda agua,Guarani
24644,chayta fariseocunaca licalulmi jesusta nila: “¡jay wic-ari yachapacuniquicuna warda muyuncachula tiquilcushanwan jalutacuyalcan camachicuyta” nil,Urubu-Kaapor
5337,penemboꞌea pendereko ymague peja agua re mbaꞌeta nhandereko ymague rupi vy nhandereko kyꞌave javy nhanhemoaruaa py jajekorepa vy haꞌe gui penemboꞌea penhembopyau uka agua pendepyꞌa haꞌe peikuaa-a py,Guarani
3371,aise xira adydo imeom idanara xira onro anano modo iguelymo irayna,Bakairi
6957,aɡowooɡotitiwaji makaami liɡeladi aneotedoɡoji jowooɡodi mowooɡotitiwaji codaa aɡowooɡoti aneotedoɡoji liwigo me diɡeladetiwaɡaji jowooɡodi mowooɡotitiwaji nigica ane yaaɡadi aneotedoɡoji liɡeladi aneotedoɡoji aaɡaɡa yaaɡadi niɡini oko igaataɡa aneotedoɡoji iomaɡaditedice liɡeladi mepoka nebiteda odaa niɡida makaamitiwaji akaami liɡeladi aneotedoɡoji,Kadiwéu
17711,jesus aiyatolokiheta pedro nakero hatyaoseta jesus haxaotyakiraharenai kakoa hikoahenahitaha xahohisakoatyakalati hanakota hoka xaneha rotita tiago  xoaha kakoa simao pedro andre xoaha hana nali xeta,Parecis
23646,judeu masa niitirare jesu cristo yee kitire were'ke nii' mari o'akɨhɨre ni'karo me'ra eho peora nii tihara aperare ye'ero ɨa' jesu cristo marika marire ye'ekɨ niiwi toho weera o'akɨhɨre “ayu butia'mi” nii dutira mari ke'ra aperare ye'ero ɨa',Tukano
11301,aꞌerauwe jejui ꞌga ojerowaka amaꞌjau ee ree aꞌeramu ꞌga ꞌjau ee upe: —erekyje awi kari je rerowiar ape ekou raꞌe jepi aꞌeramu je ene katuꞌoka akiko— ꞌjau ꞌga ee upe ee upe aipo ꞌga ꞌerauwe ee ojekatuꞌoka,Kayabí
4973,aze pezeꞌegatu xo pemyrypar wanupe nehe peiko amogwer wazawe tupan huwa rupi nehe te tupan imuwete katu ꞌymar nezewe uzapo uzeupe aꞌe wa uzeꞌeg xo umyrypar wanupe wa,Guajajara
20834,iwatsahi parakbaha ipe niaha: — hawa skaraba tsimaha — nikaranaha,Rikbaktsa
10367,deuxu‑o rexitoenymahareu anirenymy rarybehyymy watxiwahare kia heka deuxu rieryre waworibityhy tahe jiary deuxu deodumy rare iriore rybewihiky‑di wahe jiary rexitoenyhyy watxiwahare arorarenymy arakemy deuxudeewikeki,Karajá
11425,aipo apo re je ꞌjau: “aꞌjea futat janeruwarete ꞌga jeꞌega nepeaꞌwyri pee ꞌga ꞌea aꞌjea futat” ꞌjau je tejeupe tekou,Kayabí
18060,athii forakia vara va'ora vani'a bana vara vavani'a ida varani jahaki mahija mitha vakhanina-ra vanofivini onofiki ida varani asohiki-ra avarigavini vakadina'dohi avagathanihananavini,Paumarí
23830,saulo ya'agɨ nii'kɨ kɨɨ dɨka yuu'ke nii' filipe kɨɨ bu'e sihari kurareta saulo pe'e jesure eho peorare “naare wehe pe'oka' si'rimisa'” niikɨ niiwi kɨɨ ya'aro weesere nee du'utikɨ niiwi toho weegɨ wa'a sacerdotea wiogɨre “yɨ'ɨre papera damascopɨ wa'aatehekahasere dutiri purire apo basaya tii purire judeu masa nerese wi'serikahara wiorapɨre wiagɨti wee' jesure eho peorare ɨmɨa numiare no'o yɨ'ɨ boka eharare ye'e miitigɨti a'ti maka jerusalepɨ bu'iri da'reri wi'ipɨ” nii serikɨ niiwi kɨɨ teere serika tɨ'ogɨ tii purire sacerdotea wiogɨ kɨɨre apo basakɨ niiwi,Tukano
10110,ihare ta haloohuky inyko‑ki ryire timyki kaludu kia‑o iohoreseona tule kia ludu kao iohoreseona,Karajá
26592,me ta amiprykot binhiren ban kuni kupanhta metindjwynhbe punu:re djam me'o pydji ne apenh mex arkati me'o mex ketkumrex” nam me bakukamare a amrebe: mema ane,kayapó
16107,nxe³­te³­nah¹­lxi¹­ a²­sa³­wi³­ha³­lxi³­nau³­xa²­ a²­wan³­txi³­kxai³­lu¹­ je³­su²­jah³­la²­ i³­wa³­txain¹­te³­nah¹­lxi¹­: — ha³­teh³­nxa³­nxa²­ a²­hoh³­lxi³­su²­ tu³­ka³­txa²­ e³­jau³­xa²­sa¹­: “e³­li²­ah³­lu¹­tai²­na²­ txa²­nu²­ wxa³­tu¹­wi¹­” ain¹­na³­li¹­ nxe³­ju³­ta²­ ih¹­nxe³­kxa²­yan³­ti³­ta³­ wan³­txa²­ jau³­xai²­na²­ i³­ye³­ain¹­te²­la¹­xa³­ ain¹­ta¹­hxai²­he¹­la²­,Nambikuára
25707,taha wa te zezusi ha asa tama tinha: — mare di e 'wa ha ma to ipisutu te ai'ama wada'uri da te te aima po'o da ha ni'wa te te ipisutu o di — ane te aiba ma tinha,Xavánte
17584,enore atyo waiyexehare exahe xalijinihare tehitiya kaxirikotyakehenerenae xahita atyo xalijinihareta hoka waiyexehareta atyo xihiye hekoiya enawaiyexehare xema xisaona hoka waiyeya mota mene xiso mahaiya hoka irikotya tehitiyaiya xiso,Parecis
11042,aꞌerauwe jejui ꞌga ꞌjau ojeupe etee futat: “ꞌga amu ijaruete jepaje mu” ꞌjau ꞌga ojeupe etee futat aꞌeramu ꞌga ojerowaka ꞌjau mytuna ꞌga nupe: —awyja te owyk jeraity are raꞌe— ꞌjau ꞌga ꞌga nupe —tee naje rui— ꞌjau ꞌga rewiri oo maꞌe ꞌga ꞌga upe,Kayabí
14496,iburun ma ip ibutet osodop: simao i andre i  i  i filipe i bartolomeu i  i tome i wara'at  i wara'at simao i  i wara'at  i iburun ma ip ibutet osodop iburun ma o'tae jeweju etaybitbinayum  alfeu ipot osunuy jesus simao wara'an o'subuteta pedro i wara'at ibutet osunuy xepxep putet osunuy simao butet jeipi kay jijaat i dak ibutet osunuy andre pedro kitpit osunuy   ipot osunuy xepxep putet osunuy  putet iscariotes i dak ibutet osunuy ixe  guyjom jesus o'gum cekay itakomaayu be yaoka am,Mundurukú
25012,dure ipara ha isi'uwazi waipo ne te 're si'ubuzi zahure dure imreme ha a'a'a 'raiha ruru'u ne,Xavánte
17349,— hoka xisoka xaokowitere nofihini maniya nowatoni maniya xoaha xaokowitere atyo maisa nomaniye xini enore atyo hatyoharenai memere moka isa aokowihenereharenai anere — nexa,Parecis
9069,“norombaꞌapoi nore mombaꞌaposei-gwi” heꞌi uvaty jary-pe “aipo ramo pee ave ipora peho pembaꞌapo xe uvaty-py” heꞌi ombaꞌapo vaꞌera-pe,Kaiwá
16262,yxan¹­ta¹­ je³­su²­jah³­la²­ a³­ka³­nah²­nxe³­sxa³­ yxau³­yain¹­ta¹­hxai²­he¹­la²­ nxe³­ju³­kxai³­lu²­ pi³­la²­jah³­lo²­kxai³­lu²­ kain²­ i³­wa³­ta³­kxi²­nha¹­ta¹­hxai²­he¹­la²­,Nambikuára
11936,aꞌeramu ore porogyta ore ruwamu janeruwarete ꞌga ꞌagesagea ore poaa ore muꞌakwaapa aꞌeramu ore jarejuwarete ꞌga ꞌeawer imu imonou ikwasiaa kaꞌaran are pe nupe peꞌu kasi mairaꞌme aꞌagawa upe eroopyrera kumia ne wyra rya ki pemonykyt jui wy monykyr ire etee ki miaroꞌo peeyt iꞌwau peꞌu kasi wya ne wy monykyreꞌema nane pee iꞌwaweꞌem nu kuimaꞌeramu ae ajuemireko are akoweꞌem kuja nane nu ojomen are akoweꞌem omena etee futat erekou ae nane wemirekoa etee futat erekou nu aipo renuw ire nipo aꞌjea futat pejemogy esage pejejuka esage ki pejejuee teepap ore ꞌea aipo eꞌi ete ore jeꞌega kaꞌaran are,Kayabí
6054,jesus yatemati ane diitigi niɡijo natematigigi niɡijo enanaɡanaɡa niɡijo noɡopitibeci niɡijo noiigi-nelegi odaa onaniɡiniwatece jesus ijaaɡijo dooze anodiotibece ijaaɡijoa eletidi lokaaɡetedipi anidiaaɡitice oigetece anodaa diitigi niɡijo latematigo ane yatemati,Kadiwéu
2138,xesosi apakapapiretana: —kakiti mamianatakani inirekari pinitxi siakarimoni isinina amianatakarinoka nirekari pinitxi siakarimoni isini,Apurinã
17927,jesus aiyatelikihitita kahare halitinai hatyaoseta jesus xane pedro hanako waiyehena atyo owene atyo pedro nimasero kamakoa ehokotyoita watyahiseta hoka,Parecis
17385,hiyaiya koxaka haiyahalonae wainiyaneneronae halakisaha hatyakekoneha cristo hoka ahalakoahaliti koamaniya tyaonaha,Parecis
19172,depois disso jesus apareceu novamente aos seus discipulos a margem do mar de tiberiades foi assim:,Portuguese
10763,deuxu tyytyby rarybera: —ihewoladu bededyynana txuu habu tyytybybina rybe‑o roholakre tai iny tyhydyynanareny ririkre,Karajá
23144,de'ro wakuti mɨsa apera jesu cristo bese kuu'kara kɨɨ yee kitire werera da'ratima ɨsa di'akɨ barnabe yɨ'ɨ jesu cristo yee kitire werera ba'a kati si'rira da'ra du'u masitisari,Tukano
2386,iuasaaki aakixiniree atxa: “apinapitikako” atxa ikara atoko ininia aimarotari kona ate posotiire auari aimarotari teosonoka sikataparataua kotxi iua posotari okitikiniri ipikari,Apurinã
19235,pois ele esperava a cidade que tem alicerces cujo arquiteto e edificador e deus,Portuguese
22147,itukapuni yaye yara poke'e ovo ne'e akoni itukapu sasedoti vo'oku anekohiko sasedoti exeati koeku ne omone xane iko'iparaxoke ituko'oviti kuteati pahoenoa ponovoti kixovokuti yutoe muise,Terena
14858,cug gu cexe i'o am pima: — en tak esuen'o — i'umgu juy epe'e cebeimen i'e buje waremtag ma eykitpit kug tak eyju waremtag eykitpit kug pima eyju dak ikereat kug epesop cristo xe,Mundurukú
21095,miꞌi hawyi wetup i teke towat etiat enoi hamo — heno uika­ꞌiwat meiu ti emiium ok ta e saꞌa­wyiwuat emiium ewywuat atum epe e uhesokpe ikahu rakat pe atiꞌa­pykok kahato mesuwat emiium hekat rakat e koitywy toineꞌen ne yne mesuwat sokpe pe emiium iwato hap ok ta pywo arekenꞌe epupi pote waku pe kahato atunug iheg me mekewat nu imehit kahato koꞌi e atiꞌa­pykok kahato katu­pono worokuap kahato en uhyt e atikuap wy eweꞌeg kahato hap kaipyi yt ewat i pytkai etiꞌa­tu­po­re­raꞌat ekat koꞌi e iꞌewyte yt emikoi i pytkai ehoꞌohep kuap iraniaꞌin ko koꞌi hap atikuap e taꞌi uruikuap kahato en aikota ereineꞌen iweꞌeg kahato epotpap nug hap ete ekat mowato hap ete e miꞌi pote emiium atisyp yi pe hawyi mesup atum yne i raꞌyn epe e,Sateré-Mawé
21569,miꞌi hawyi so toko tote putꞌoktoꞌe hawyi tohytpok haꞌyi wakuaria so tohytpok toko pe e miꞌi so taꞌat yi wakuat rote e maꞌato go pyꞌasetpuo muꞌap epe upi hewo hewo iraniaꞌin haꞌyi koꞌi so miꞌi koꞌi so weitaria tuꞌu yne neꞌi e,Sateré-Mawé
9472,ha nheꞌe marangatu tee vaꞌe katu pene moingo ramo tape pora-rupi ndikatuvei-ma pene moingo judeu reko-rupi penhemopoti hagwa moꞌa,Kaiwá
3893,— aseinwandybyem myani apa ezaji asewanize idalymo kuotatay myani apa ezary sodo idaondyly tawanuneim modo xuionse tientuo myani eyanmo aguely: “uraem uva ekaunadaunda koenda ise ipywadylymo” kely inepa kehoem myani akaemo aguewatobyry modo idaly apa ezaji tres horas kogoneyam lapyla wara tawanuneim modo xuionse idaondyly tasewanidyzedonro modo tientuo myani eyanmo aguely: “uraem uva ekaunadaunda koenda ise ipywadylymo” kely inepa kehoem myani akaemo aguewatobyry modo idaly apa ezaji,Bakairi
4312,aꞌe rupi nezewe aꞌe hezeupe ihe — naha kwaw wapyr ihe nehe taꞌe nahepurumuzemumikahy kar wer kwaw wanehe ihe xe nahezeꞌeg ahyahy wer kwaw wanupe ihe xe aꞌe penehe ihe,Guajajara
3245,“maka onro xyganipyry akeala auguely awyly tutuze” takezeba itaunga deusranla ara amyguelymo deus mawanka onro anaynla lapyla “maka jerusalem donro akeala auguely awyly tutuze” takezeba itaunga deusranla ara amyguelymo deus ijidadary kelygue tazekeim awylygue,Bakairi
9542,koꞌemba-ma ramo ohenoi gwemimboꞌe kwery-pe ogwahe hagwa henda-py upei oiporavo doze kwimbaꞌe-pe —pee xe remimondora kwery voi heꞌi upe doze gwembiporavo kwery-pe,Kaiwá
23624,toho wa'asere i'yara nii pe'tira ɨkɨakara niiwa naa basi a'meri a'tiro uukukara niiwa: —a'ri dutise kɨose ye'e noho niimitito kɨɨ tutuaro me'ra watiare ko'a wiro masimi kɨɨ naare ko'a wiroka naa wihaama niikara niiwa,Tukano
23390,wati nee waropɨta ya'agɨ nii mɨhati'kɨ niimi toho weera ya'aro weesetira kɨɨ yara niima jesu cristo o'akɨhɨ makɨ wati ya'aro weesere ko'agɨ a'tigɨ a'ti nukukapɨre a'tikɨ niiwi,Tukano
24668,“yachapacushayquinupis ishcay muyunllanam egiptopi libracushanchic fistapa cacuyan chaychumi rasun nunap chulincata puydicunap maquinman chulaycamaptin chacatapaman'a” nin,Urubu-Kaapor
21446,miꞌi tupono waku watunug yne kahato tupana piat ainapin hap koꞌi miwan miat kurin kat iwatoꞌin nakat are e katu­pono uwe uwe mekewat tupana mikyꞌesat miwan miat yt tutunug neran i tupana piat ainapin hap iꞌe hap yt tutunug i hawyi tohenoi henoi iraniaꞌin me — yt naku i watunug tupana piat ainapin hap miwan miat koꞌi ewy e hat ti aru yt uwe mimo­typot no i raꞌyn topyhuꞌat atipy pe e miꞌi hat wyti aru miitꞌin mimohit sese wo topyhuꞌat atipy pe e maꞌato uwe uwe mekewat tupana mikyꞌesat ewy inug iꞌe hap miwan miat ewywuat miꞌi hat tohenoi kahato iraniaꞌin me — taꞌi waku kahato watunug torania ainapin tupana piat hap koꞌi miwan miat e hat wyti aru tupana etama atipy piat pe poꞌog topyhuꞌat tupana mimo­typot no e iesui yityꞌok totiaria taꞌapy­pueri haria pe,Sateré-Mawé
18313,hari ajihi'aha ada filipe jaboni samaria sidaji onikia okha'aha jesus vaipohihava abono ada sidaji kaija'arini-ra va'ora nava'isohivini hi'ihi ida cristo varani hina ija'ari hahavia mitha vani'ajahakihi ida filipe athi vakamithahi ida athi vanokihi ida deus kabadani danoki bada bini'a'iki vahararana vahojaki adani vakabajadiki filipea bihonariavini afohanana ida bajadi ajihi'ini bajadi bodi'barahahi ajihi'ihi jaha'ihi ida ija'ari afohanana filipe va'ora najaha'aha adani vajo'o aba'oronisiagaki vatonorohaki vaipohiki-ra va'ora anaihota'aha oniani ida samaria sidaji kaija'arini-ra va'ora khai ni'aja hari filipe kaikahina viahania hoja'bo'da'aha ada simao arabani ada samaria kaija'arinia vakava'ibodivaranikarahoki ida simao kabadani badani danoki ogava abono hina-ra kahivini ada simao vakamithajahakihi ida athi vani'ahahavi'aha: —deus danona oamani hida hihada makhira bivahojaja — samaria kaija'arinia vani'abakhiavini badara ipohiki arabani kabadani danoki va'ora nava'ibodivaranikarahovini oniani ida simao athi-ra vakamithajahakivini hija hari kaikahiha ada filipe vara va'ora ni'aha adani samaria kaija'arini jesus monina jahaki kavaranihia va'ora ni'aha: —deus va'ora vaka'da'diki adani athi naabani vihiki — niha ada filipe mitha vani'ahi ni-vakajari'daki ida athi jesus kania vaabono gahinai vanihavini naothinia filipe va'ora kana'aha adani makhira gamo vihiki vajari'dariki jesus kaija'ari karajomini ida kanai,Paumarí
8003,man sor ky ti in ta ky eg tog ti se ven ti ke tu ni mu ra tog a tu ki rir ke mu ky eg tog ti tu man ty he ri kenh ke tu nigti ti tar nin ky eg ty ti se kar ky eg tog ti tu mag mu sir” he tog “ge ti nigti sy nen han mu ti tar ti ni japo ti ha ra sog hur ti se ha ky sog ti tu ag kygvan ke mu sir ag jagre koreg pan sog mu sir” he tog jesus ti,Kaigáng
3099,cristo einwantuo lela tadasemaguely judeu domodo ezewenry einwantuo inkaba amaemo galacia eynynonro modo iozepa kula angahumo oday aunagumo tazenokuoze amaemo; egueantybyem amaemo-ro waunlo ara agamo watay koenda kehoem segatula jesus cristo kruz waga iguehobyry; kieinwantuo lela kydasemaguely awyly wara maka tainwanse ani amaemo-ro wara iwera ola mainwandyseba amaemo,Bakairi
4481,uzeꞌeg wi temetarer rehe aꞌe kury uzeꞌeg wiwi zezuz wemimuꞌe wanupe — awa nupuner kwaw mokoz awa hemiruzeꞌeg romo weko haw rehe aꞌe uzamutar katu putar uzarete aꞌe nehe naꞌiakatuwawahy kwaw inugwer rehe nehe weruzar putar uzar nehe nuzekaiw kwaw inugwer rehe nehe aze neremetarer nezar romo hekon nehe tupan nuiko kwaw nezar romo nehe aze tupan nezar romo hekon nehe neremetarer nuiko kwaw nezar romo nehe,Guajajara
14539,— a'opicug cuy ece emuymuy jija ip — io'e pilatos jesus pe — apenpuye en jedem gu — io'e jesus pe,Mundurukú
15730,we puh go mꞌ pꞌop haga do berꞌoot hahyy dꞌ ma ta kyyh: —hahy tah yy y hꞌyyb dang doo be maa newe be ky dahe ta kyyh —nang mah,Nadëb
12507,—aꞌki imakuiꞌpi kupiya emapuꞌti ayenya ya miriri yaꞌtiki moropai aꞌpuya niri imakuiꞌpi kupiya emapuꞌti ya miriri yaꞌtiki moropai yenunki imakuiꞌpi kupiya namai mori pe awani maꞌtikiꞌ siꞌma enen aakoꞌmantoꞌ ton eporiya ya mori pe eꞌtoꞌ yawiri siꞌma apoꞌ yaꞌ ayenumi paapaya yentai manniꞌ apoꞌ iꞌ pensa eesiꞌnipi ton pepin yaꞌ moropai ayenuya imakuiꞌpi kupiya emapuꞌti ya miriri ayenu ratai moꞌkaki moropai miriri yenunki poro pona imakuiꞌpi kupiya namai maasa pra mori pe awani taiken ayenu tiise aakoꞌmantoꞌ ton eporiya ya saꞌniri tiise apoꞌ yaꞌ ayenumi paapaya yentai —taꞌpi jesusya,Macushi
16049,je³­su²­jah³­la²­ a²­ha³­ka³­nai²­na²­ a²­lon³­ti³­tau³­xa²­ i³­yau¹­u³­jau³­su²­ nxa²­ha¹­te¹­ je³­su²­jah³­la²­ i³­ye³­li²­ta³­lu²­nai¹­nxa³­ta³­lxa¹­ a²­ha³­ka³­nai²­na²­ a³­wxa²­ a²­lon³­ti³­tau³­xa²­ a³­wxa²­ nxain¹­ta¹­hxai²­he¹­la²­ ha³­lo²­a²­ yxau³­sxa³­ i³­ye³­kxi²­nyhu¹­si¹­nyhain¹­jau³­su²­ a³­te³­nain¹­ta¹­hxai²­he¹­la²­,Nambikuára
10902,jesuisi heka rare betynia hawa‑o habu tykybinao‑wana heka isy‑o rare simao heto‑o wahe iu iheto‑ki riroximyhyreu tahe hawyyo tamy rare aderona lynyrehekyo‑di manaurahyna‑ki tai tahe jesuisi tyre ritxiwire iratityre,Karajá
13029,ta yeyox te mo' yiyhep yon ham tu' tu ham kotinnaha' tu putoy miy tu putoy ha tik pa mo'niy tu tik pu ham'aktux hu: —‍mog nuy yay pa pix puxhep xino'e tu' ya konag kox te puxhep xetnaha' kaxiy ya xino'e te tikmu'un yiy'ax ha: “mokutnaha'” kaxiy ha ta' mog tihik tu yay pa pix tu hampenaha' tu putpu' nun tu nuktu' xupep,Maxakalí
11255,aꞌe resakawe fariseu ꞌga awau uꞌjau jui morowykyeꞌema rupi ꞌga katuꞌogamu ꞌga amaraꞌneramu jejui ꞌga ree aꞌeramu ꞌga afuewereteteramu ꞌga ree —maran te jane jejui ꞌga rerekoi jemime te raꞌu jane ꞌga jukai nu— ꞌjau ꞌga ajaupe,Kayabí
12479,jesus pokapiti toꞌya pakiꞌnan pona miari pai teepaꞌkakon pe warayoꞌ eporiꞌpi toꞌya simao iteseꞌ cirene cidaderi pon moropai miikiri piꞌ taꞌpi toꞌya pakiꞌnan yaatoꞌpeiya miriri jesus nari moropai toꞌ erepamiꞌpi pataꞌseꞌ iteseꞌ golgota miriri golgota pemonkon puꞌpai riꞌpi yepin taatoꞌ miriri,Macushi
13674,tikmu'un te yay yin mo'niy 'uyag mo'niy nuy no xex max tu mo' yag noy niy 'ohnag ha kaxiy topa te tikmu'un yin xohix miy ha' xohix max,Maxakalí
18776,ogahai abono hini-ra kahi'imarinihi ida ija'ari va'ihariki fori hi'oamanija ida,Paumarí
19296,foi dito: ‘aquele que se divorciar de sua mulher devera dar-lhe certidao de divorcio’ mas eu lhes digo que todo aquele que se divorciar de sua mulher exceto por imoralidade sexual faz que ela se torne adultera e quem se casar com a mulher divorciada estara cometendo adulterio,Portuguese
26232,gwaj ba dja gwaj bama aben jaben bakaben katatbit jaren arym kajma krituma aben kamenho te baje mar mexo kum bamexo kajma aben kamenho te ga gwaj bakraja pumu gwaj bakrakam badjumar ne kam amu banhikrao ape nar baparkam mra gwaj bakra ne amu gwaj bakukradja kuni ngrek ne gwaj bajo ba gwaj bakra kumrex umar nhym kam o'a amu gwaj bakukradja kuni ape kritudjwy ne kute gwaj bakra pyrak ne gwaj bakunio ba gwaj kukwakam apynh kum badjapenh djari kum badjapenh ar baba,kayapó
15060,ti mꞌ jesus ty kawꞌood dak ta ma mateg wob sa we ti mꞌ peed taky geam wat —jꞌeep ahom mahanh yy nesaa do yb —nang mah tahꞌyyb hapah satanas kyy go mꞌ peed berꞌood wat tawen ky geam wat —dooh mahꞌyyb dee ba pꞌop haga do karen do ha ajyy rakaren do ha ti mahꞌyyb dak —nang ma jesus kyyh,Nadëb
25935,tawamha aiba ihaiba amo ha te dure iwa'wai baba mo rewihi nhihudu ha sasedoti nori pawapto'wa ha aiba te te 'mada'a wamha te dure badadi zada're niwi mo isiti,Xavánte
12497,tiikoꞌmanse marari ipoitiriya taꞌpi tikaraiwari piꞌ: “tamiꞌnawiri taꞌpiya yawiri ikuꞌsauꞌya siriri tiise tuꞌke toꞌ pataꞌseꞌ ton moro man” taꞌpiiya,Macushi
26393,nhym be on jakam djuao ra:x nam mema arenho ban mema kum “kajkwakam benjadjwyr djwynh kute amim me utar ne ar meo ba 'yr” anhyro ba nhym kam me krapti kuman amim benjadjwyr djwynh mar pra:m me kute mramri ne me krapti kute kikre ngrirema ngjex pram ne kute 'a kute aben nhinganhja pyrak me kute ari 'a ikjeo aben renh ne 'a kute aben nhinganho kumex ja pyrak ne jakam me kute o anhyr ra'a amrebe: me me bakukamarema benjadjwyr djwynh boxma are metindjwynh kukwakam ujarenh djwynh aben kukam benjadjwyr djwynh boxma are: mojdjedjwy are: nhym kam me bakamingranyrekam djuao arym katon ajte tam jare benjadjwyr djwynh box jare,kayapó
6266,leeditibige me jemaanaɡa jesus caticedi niɡina eledi oko niɡina oko ane yemaa eliodi codaa me eliodo caticedi me idemaa niɡini oko ayakadi diɡida aneetigi codaa niɡina ane yemaa lionigi codaa me liona caticedi me idemaa niɡini ayakadi diɡica aneetigi inoka yakadi mida aneetigi niɡina baanaɡa igo me dawikode nigepaa yeleo leeɡodi me niotibici niɡina aninoka doletibige me dowediteloco epaa lewiɡa codaa epaa dinowedi adinigaanyetece lewiɡa aneotedoɡoji ane domaɡa yajigote niɡina ane daɡa yewiɡatema epaa lakataɡa pida ja igo me yeleotomi joaniɡiniaa dinigaanyetece lewiɡa aneotedoɡoji ane yajigo,Kadiwéu
8188,paꞌi ag ty jesus venh kamu fi ty jesus ve en ka fag tog cidade ty belem ta nyti ga ty judeia ta herodes vy ty paꞌi ty rei ni fi ty ti ve ja en kura ki ky kejen u ag tog jerusalem ta junjun mu kuvar ha ta ag tog kamu ja ni ra jur ja ta ajag jama ta un estudo mag han mu ag ve krig to ag tog estudar he mag han ti,Kaigáng
10292,inydoroto inyo tahe riinytyhydyynyotyhy ibinatyhy rare rubudyyna uri‑di ratxireri,Karajá
3997,axigodo awantaunga; xykyho xuduwataunga wara xuramoem amanhekylymo waga tylahureba itaunga,Bakairi
1013,jejus te kep tirtum wyr —ne ma nhyhym inhmor xata ra me ate harenh mar mex ne hwyr pryja maanen me ate harenh mar mex ane,Apinayé
11755,aꞌere paulo ꞌga ꞌjau ojeupe: “kuu ꞌga amu fariseua ꞌga amu satuseua najuꞌjajuꞌjawe rui ꞌga neaꞌaramu mamaꞌe are” ꞌjau ꞌga ojeupe aꞌeramu ꞌga wafukaita ojeꞌega ꞌga nupe: —je nane fariseua futat jeruwa ꞌga fariseua futat rakue— ꞌjau ꞌga wafukaita —arowiat futat je jaremanu re jane ꞌei tywy awi jarewywya nu ꞌea aꞌe rerowiaramu te ako ꞌga je pofari aiꞌi— ꞌjau paulo ꞌga ꞌga nupe aipo ꞌerauwe satuseu ꞌga ajamueu fariseu ꞌga nee “amanu re ae noferawuꞌjawi” eꞌi satuseu ꞌga ajaupe jepi “nitywi ae ywag ipe” ꞌjau ꞌga jepi “nitywi futari ae ꞌagera” ꞌjau ꞌga jepi aꞌere ꞌa fariseu ꞌga ꞌi: “aꞌjea futat ae ꞌagera rekoi ywag ipe ywag ipe nane futat ae jemogyi nu” ꞌjau ꞌga jepi,Kayabí
2082,ikini itixiti tiitxi vetxitakani apaka txiapatako ninoa maerekaxinireninoka itxanako sitatxi auakani xipokasaaki —kiripa amotatari atii uatxa —itxana mitxi ninoa vetxitari oro pirata kai soro pomekoriri kai soro kasarori perora inakori mitxi ivetxitarina makatxi mata arinio inakori makatxi mata seta inakori makatxi mata pokamarari makatxi mata pomamari pakini ivetxitana ivetxitarina ikini sereti aamina eremari inakari ivetxitarina ikini sereti tiitxi iko kamakori aamina pakaroneri kamakori pirosi kamakori metao kamakori kai kamakori,Apurinã
23337,jesu cristore nee waropɨ eho peo mɨhati'kɨre sɨ'ori wehe peogɨ sorooya ape tero weegɨ ni'kɨ eho peoka be'roaka soroo no'o'kɨ pe'e “yɨ'ɨ apera yɨ'rɨoro ayu yɨ'rɨ nɨ'ka'” nii boosami kɨɨ toho niigɨ wati weero noho waku boosami toho weegɨ o'akɨhɨ watire bu'iri da're'karo weero noho kɨɨre wee boosami apeye ke'rare a'tiro nii no'ogɨre beseya jesu cristore eho peotira “kɨɨta ayuro weemi” nii no'ogɨ niiato toho weetika maa apera kɨɨre ya'aro waku boosama kɨɨ ɨaro weegɨ bopoyagɨ wati ɨaro wee boosami,Tukano
964,jezu poetoryme oexirykoke osenekunohpyra ehtoko imehno pyxia poko pyra ehtoko morara kuuruatose pake “tomeseke ehtoko ritonopo awanohtoryko mana imehno nohpo to poko awahtao xine” ynanakene oya xine kymaroko toahmase ritonopo a tyyrypyhpyke pyra kuehtohkome jezu sa kure kuehtohkome,Apalaí
1605,hikaxpore rax xwynh me kep amrakati xwynh nhum jejus ari me ahkre kama me kam awjare ne me kam: —koja meho kaxpore rax xwynh e mex pix kam ri pa ne apkati me apkur mex o pa,Apinayé
20510,bykyze deus bo nipamykysozoze sibo ziksizo — o abaze sihi tsikahabyrynaha abaka ba zikumunaha abaka utakta deus zikpehata ahawata ikyzik kasukyrytsitsa bo pikoktyhyryknaha niy abahi pikbezenaha kyiktykta tupaktsa abaka imyspihibatanikita mozumuku kasukyrytsitsa kabo tynasioktyhyryk,Rikbaktsa
4991,— nezewe amo awa aꞌe oho maꞌeaꞌyz itym pa aꞌe,Guajajara
21142,uiwywuat wat haria teꞌe­ra­ꞌa­kasa hetyhot hap kape maꞌato yt taꞌa­tukuap i ihay uiwywuat hap miꞌi hawyi apoꞌare,Sateré-Mawé
15970,ti mꞌ beh-nabeh saw-ru daheeh rabahaeej dak jawen paa ba dajeer an-tijoka buuj jesus ha hꞌyy kaꞌeeh do mejuu doo rababaaj na ka an-tijoka henh sa sii ramahuum kan jowaw maah-ko had nang doo,Nadëb
8893,u ty hen ri ke ag tog jerusalem ta venh man mu ema kar ta kamu en ag un kagyga ag ge g ag tog kamu mu un jagre koreg ag ke ge ky ag tog haꞌ he kan mu sir,Kaigáng
986,aorihtya onesemakapopyra ritonopo ahtao toiparo roke oriorihnoko ynanase kokoro rokene yrome aorihtya esemakapoko ropa ritonopo mana naeroro toiparo roke pyra oriorihnoko sytatose wekyry tomo opoko xine takye ase jezu kyrixtu omipona oexiryko poko morara ako ase oya xine kokoro roke orihsasaka jehtoh enetuputyryke ya,Apalaí
16704,nxe³­jau³­xai²­na²­ a²­nu²­a²­ an³­yan³­nu²­kxain¹­tu³­ka³­txa²­ a²­ne³­nxe³­na²­ ain³­kxain¹­ka³­tu³­ ha³­lo²­a²­ a³­la³­kxai¹­nxa³­kxe³­su²­ e³­ain¹­te³­nah¹­lxi¹­: — ta²­li¹­na²­li¹­ nxe³­nxa²­ha¹­te¹­ a³­lxi³­te²­ nu³­ka³­txa²­ e³­ain¹­te³­nah¹­lxi¹­: — oh³­xan¹­jah¹­la²­ e³­kxi²­te²­sin²­ju²­li¹­ ta¹­hxai²­he¹­la²­,Nambikuára
15106,mehem do paa na-aaj he taky daheeh jesus ky nꞌaa ti sii he ranu gemuun wat ti mꞌ je padꞌyyt he tabawad dag kan pirip sii tameuunh takꞌep pirip pehuunh doo hyb nꞌaa meuj nꞌaa nang do tahapah do hyb nꞌaa,Nadëb
19458,como esta escrito: amei jaco mas rejeitei esau,Portuguese
6034,odaa jiɡidaa oyatedigi moiatetedibeci jesus odoletibige nimaweneɡegi moyeloadi leeɡodi me icilatidi niɡijo ɡoneleegiwa me saabado,Kadiwéu
22373,yoko koati vovoheixokunemaka yanekoyoke uha koeti uti vitukoti koekuti vaha vitukea uti xane pahukovoti vitukotimaka koekuti pahukovoti visoneu vaha vitukea vo'okuke ne kixovoku uti mani motokeati pahukopeokono uti ipihoponovokutike kuteati koeku uha koeti po'inuhiko xane,Terena
25463,te dure tama siwasu'u ane: — zeruzare nhiti 're imori re ma to i'ama tiwahub aha tawamha tamomo wa to apa mo danhibzari ha te ari da isire nori ma te somri da dure danhimizama ha da te isimro ha 're ihaimana u'asi mono ma te somri da ama iwata da wa to apa mo,Xavánte
19297,peguei o livrinho da mao do anjo e o comi ele me pareceu doce como mel em minha boca; mas ao come-lo senti que o meu estomago ficou amargo,Portuguese
7373,pe poranduvame ga nomondoi reki pe me a'ereki pejiveuhu pe pepota penhiporanduvame penhimimbotarimova'ea rehe pe pepo'ru potaruhu,Kagwahiva
95,morarame tuisa to apo enease epo typorohse exiketo roropa imehno apiakananome toehse toto ritonopo poe morarame jezu poetory ekepyry to zuzenu enease zehnotoko netapatya nexiase ritonopo omiry poko imehno amoreparyke eya xine jezu nekarohpyry ekaroryke roropa eya xine tosekumuru pona porohpyra exiketo mokaro onokyroimo epataka inyrihpyry epataka roropa porohpyra toh nexiase “kure mase” kahno roropa mokaro onokyroimo a onokyroimo esety onymeropopyra roropa toh nexiase typeryko pokona tomaryko pokona roropa enara naeroro tosemase ropa toto tuisame toehse roropa toto kyrixtu maro nonopoko eseme miume jeimatoh pona esematoh ropa moro osemazupupo imehno aorihtya ma esemapyra aporo miume jeimamyry taropose ahtao roke esemanoko ropa ma toto,Apalaí
2838,mosiareti xesosi makananitini xesosi apokaapota xerikoo sitatxiti takote mosiareti kimapori tiniapo iitopakanata amanaanataro txineiro,Apurinã
25528,tawamha sima pedru te tama tinha: — wanhib'apito ipara si upsoi o di za inhib'rata zama te za i'upso i'ra zama,Xavánte
26257,pedru kute jejube krituo amirit nhym kam 'okam jeju ate mekbe ten kam metindjwynhma amijarenho nhy nhym kot ba djwynhbit kuri kri nhym kam jeju kute amija ujarenh marma abej ar kukij —‍e ar ima ija me ujarenh jare ba kuma ane,kayapó
12820,innape jesus kuꞌnenan tarumaꞌti sauloya estevao wii toꞌya tipo tiaronkon innape jesus kuꞌnenan jerusalem ponkon karawaꞌpi marari pra moropai inkamoroya estevao esaꞌriꞌpi yuꞌnaꞌtiꞌpi miriri weiyu yai innape jesus kuꞌnenan manniꞌkan jerusalem ponkon eꞌtarumaꞌti piaꞌtiꞌpi innape jesus kupi toꞌya wenai moropai kureꞌnan inkamoro ataimerunpaꞌpi moropai toꞌ witipitiꞌpi judeia pata pona moropai tiaron samaria pata pona tiise jesus naipontiꞌsan neken koꞌmamiꞌpi miari jerusalem po,Macushi
11256,epy te ꞌa ꞌaga jany kasiga aꞌi kui— ꞌjau ꞌga ajaupe —aꞌeramu amunipo ꞌa ee imeꞌega kaꞌaranuu are janee tresetu kaꞌaranuua ꞌut ee aꞌeramu amunipo ꞌa ee epyfera mua janee aꞌeramu amunipo ꞌa jane imojoꞌoka ikaraemaeꞌema ꞌga nupe ꞌjau kui— ꞌjau ꞌga ajaupe kuja ee agoꞌwau,Kayabí
